<?xml version="1.0" encoding="utf-8"?><gpx version="1.1" creator="MySchweizMobil - https://map.schweizmobil.ch/" xmlns:xsi="http://www.w3.org/2001/XMLSchema-instance" xmlns="http://www.topografix.com/GPX/1/1" xsi:schemaLocation="http://www.topografix.com/GPX/1/1 http://www.topografix.com/GPX/1/1/gpx.xsd"><metadata><name>Allmihubel to Mürren</name><bounds minlat="46.54874036554247" minlon="7.868990312330425" maxlat="46.56478038709611" maxlon="7.8912802673876286" /></metadata><trk><name>Allmihubel to Mürren</name><trkseg><trkpt lat="46.563790388870984" lon="7.888900309801102"><ele>1906.8299865722656</ele></trkpt><trkpt lat="46.563790388870984" lon="7.888890309724957"><ele>1906.9099731445312</ele></trkpt><trkpt lat="46.56380038894713" lon="7.888860309496522"><ele>1907.0</ele></trkpt><trkpt lat="46.56380038894713" lon="7.888850309420377"><ele>1907.0899963378906</ele></trkpt><trkpt lat="46.563810389023274" lon="7.888830309733748"><ele>1907.7999877929688</ele></trkpt><trkpt lat="46.563810389023274" lon="7.888800309505314"><ele>1907.5199890136719</ele></trkpt><trkpt lat="46.56382038909942" lon="7.88877030974254"><ele>1908.2999877929688</ele></trkpt><trkpt lat="46.56382038909942" lon="7.888760309666395"><ele>1908.5</ele></trkpt><trkpt lat="46.563830389175564" lon="7.888760309666395"><ele>1908.0999755859375</ele></trkpt><trkpt lat="46.563850389327854" lon="7.8887503100559115"><ele>1908.4199829101562</ele></trkpt><trkpt lat="46.563850389327854" lon="7.888730309903622"><ele>1908.7099914550781</ele></trkpt><trkpt lat="46.563850389327854" lon="7.888710309751332"><ele>1908.9499816894531</ele></trkpt><trkpt lat="46.56382038956508" lon="7.888680309988558"><ele>1909.3999938964844</ele></trkpt><trkpt lat="46.56376039003953" lon="7.8885903102345765"><ele>1911.2999877929688</ele></trkpt><trkpt lat="46.56367039028555" lon="7.888470310717821"><ele>1913.0299987792969</ele></trkpt><trkpt lat="46.56365039013326" lon="7.888450310565531"><ele>1913.8999938964844</ele></trkpt><trkpt lat="46.56361039029434" lon="7.888410310726613"><ele>1914.6099853515625</ele></trkpt><trkpt lat="46.56361039029434" lon="7.888410310726613"><ele>1914.5</ele></trkpt><trkpt lat="46.56361039029434" lon="7.888380310963839"><ele>1914.7999877929688</ele></trkpt><trkpt lat="46.56362039037049" lon="7.888370310887694"><ele>1915.0</ele></trkpt><trkpt lat="46.56363039044663" lon="7.888360310811549"><ele>1915.1499938964844</ele></trkpt><trkpt lat="46.56364039052278" lon="7.888360310811549"><ele>1915.2999877929688</ele></trkpt><trkpt lat="46.56366039067507" lon="7.888300310820341"><ele>1915.8599853515625</ele></trkpt><trkpt lat="46.56366039067507" lon="7.8882803111337125"><ele>1915.8999938964844</ele></trkpt><trkpt lat="46.56367039075121" lon="7.888250310905278"><ele>1916.2999877929688</ele></trkpt><trkpt lat="46.56374039128423" lon="7.888020311482251"><ele>1919.5</ele></trkpt><trkpt lat="46.56377039197832" lon="7.887850312050432"><ele>1921.5999755859375</ele></trkpt><trkpt lat="46.5638103922829" lon="7.887770312372595"><ele>1923.6999816894531</ele></trkpt><trkpt lat="46.56386039266363" lon="7.887680312618613"><ele>1925.0999755859375</ele></trkpt><trkpt lat="46.56391039257869" lon="7.887510312255472"><ele>1925.3999938964844</ele></trkpt><trkpt lat="46.56393039273098" lon="7.88742031250149"><ele>1925.0999755859375</ele></trkpt><trkpt lat="46.56393039273098" lon="7.887380312662572"><ele>1925.3199768066406</ele></trkpt><trkpt lat="46.563920392654836" lon="7.887320312205702"><ele>1924.5999755859375</ele></trkpt><trkpt lat="46.56393039226532" lon="7.887280312366784"><ele>1923.8999938964844</ele></trkpt><trkpt lat="46.56397039210424" lon="7.887180312070996"><ele>1923.5299987792969</ele></trkpt><trkpt lat="46.56403039209545" lon="7.887040311936289"><ele>1923.0</ele></trkpt><trkpt lat="46.56406039185822" lon="7.886990312021226"><ele>1922.3999938964844</ele></trkpt><trkpt lat="46.56414039200172" lon="7.886900311801583"><ele>1922.1999816894531</ele></trkpt><trkpt lat="46.56415039207786" lon="7.886870312038809"><ele>1922.219970703125</ele></trkpt><trkpt lat="46.56416039168835" lon="7.886830311734229"><ele>1921.3999938964844</ele></trkpt><trkpt lat="46.56418039184064" lon="7.886780311819166"><ele>1920.8999938964844</ele></trkpt><trkpt lat="46.564220391679555" lon="7.886740311514586"><ele>1920.8999938964844</ele></trkpt><trkpt lat="46.56425039144233" lon="7.886720311827958"><ele>1920.5299987792969</ele></trkpt><trkpt lat="46.56431039143354" lon="7.886670311447233"><ele>1919.719970703125</ele></trkpt><trkpt lat="46.564390391111374" lon="7.886500311084092"><ele>1917.5999755859375</ele></trkpt><trkpt lat="46.564390391111374" lon="7.886500311084092"><ele>1917.3999938964844</ele></trkpt><trkpt lat="46.564440390560776" lon="7.886320311110467"><ele>1915.7599792480469</ele></trkpt><trkpt lat="46.564480390399694" lon="7.886170310433954"><ele>1914.0999755859375</ele></trkpt><trkpt lat="46.564570390153676" lon="7.885930310469121"><ele>1912.7799987792969</ele></trkpt><trkpt lat="46.56462039006874" lon="7.885780310258269"><ele>1911.7999877929688</ele></trkpt><trkpt lat="46.564660389442" lon="7.88555030990392"><ele>1908.6999816894531</ele></trkpt><trkpt lat="46.564680389128625" lon="7.885340309236199"><ele>1906.5699768066406</ele></trkpt><trkpt lat="46.5646803881973" lon="7.885000308975577"><ele>1903.2899780273438</ele></trkpt><trkpt lat="46.56469038827345" lon="7.884740308858454"><ele>1902.4499816894531</ele></trkpt><trkpt lat="46.56469038827345" lon="7.8847003085538745"><ele>1902.2999877929688</ele></trkpt><trkpt lat="46.56470038788393" lon="7.884570308495313"><ele>1901.5499877929688</ele></trkpt><trkpt lat="46.564710387960076" lon="7.884450308512896"><ele>1900.6999816894531</ele></trkpt><trkpt lat="46.564710387960076" lon="7.884430308360606"><ele>1900.6899719238281</ele></trkpt><trkpt lat="46.56474038725719" lon="7.884220308158547"><ele>1899.0</ele></trkpt><trkpt lat="46.56478038709611" lon="7.884070307947695"><ele>1898.5099792480469</ele></trkpt><trkpt lat="46.56478038709611" lon="7.884070307947695"><ele>1898.5199890136719</ele></trkpt><trkpt lat="46.56478038709611" lon="7.884070307947695"><ele>1898.47998046875</ele></trkpt><trkpt lat="46.56478038709611" lon="7.884030308108777"><ele>1898.4599914550781</ele></trkpt><trkpt lat="46.56468038726598" lon="7.884070307947695"><ele>1897.4099731445312</ele></trkpt><trkpt lat="46.5646403869614" lon="7.884110307786614"><ele>1896.4199829101562</ele></trkpt><trkpt lat="46.564610386732966" lon="7.884160307701677"><ele>1895.5899963378906</ele></trkpt><trkpt lat="46.56458038650453" lon="7.884190307464451"><ele>1894.8799743652344</ele></trkpt><trkpt lat="46.564510385971516" lon="7.884300307370722"><ele>1892.989990234375</ele></trkpt><trkpt lat="46.56440038559958" lon="7.884470306802541"><ele>1890.1199951171875</ele></trkpt><trkpt lat="46.56437038537115" lon="7.884580306708813"><ele>1888.469970703125</ele></trkpt><trkpt lat="46.564340385142714" lon="7.884690306149423"><ele>1887.1399841308594</ele></trkpt><trkpt lat="46.564340385142714" lon="7.884700306225568"><ele>1886.8999938964844</ele></trkpt><trkpt lat="46.56433038460091" lon="7.884780305903405"><ele>1885.8099975585938</ele></trkpt><trkpt lat="46.56431038491428" lon="7.884820306207985"><ele>1885.4599914550781</ele></trkpt><trkpt lat="46.56431038444862" lon="7.884830305818468"><ele>1885.4499816894531</ele></trkpt><trkpt lat="46.56431038444862" lon="7.884830305818468"><ele>1885.4399719238281</ele></trkpt><trkpt lat="46.564300384838134" lon="7.884860306046903"><ele>1885.0799865722656</ele></trkpt><trkpt lat="46.56431038444862" lon="7.884830305818468"><ele>1885.4399719238281</ele></trkpt><trkpt lat="46.56431038444862" lon="7.884830305818468"><ele>1885.4499816894531</ele></trkpt><trkpt lat="46.56431038491428" lon="7.884820306207985"><ele>1885.4599914550781</ele></trkpt><trkpt lat="46.56431038444862" lon="7.884820306207985"><ele>1885.4499816894531</ele></trkpt><trkpt lat="46.56429038476199" lon="7.88479030597955"><ele>1885.219970703125</ele></trkpt><trkpt lat="46.564280384685844" lon="7.884710305836052"><ele>1884.8799743652344</ele></trkpt><trkpt lat="46.564280384685844" lon="7.884680306073278"><ele>1884.739990234375</ele></trkpt><trkpt lat="46.5642703846097" lon="7.884500305633992"><ele>1883.9599914550781</ele></trkpt><trkpt lat="46.56427038414404" lon="7.884470305871218"><ele>1883.8099975585938</ele></trkpt><trkpt lat="46.56427038414404" lon="7.884410305414349"><ele>1883.1899719238281</ele></trkpt><trkpt lat="46.56427038414404" lon="7.884400305803865"><ele>1883.1799926757812</ele></trkpt><trkpt lat="46.56427038414404" lon="7.8843603054992855"><ele>1883.0999755859375</ele></trkpt><trkpt lat="46.56429038383067" lon="7.884270305279642"><ele>1881.969970703125</ele></trkpt><trkpt lat="46.56429038383067" lon="7.884230305440724"><ele>1881.3999938964844</ele></trkpt><trkpt lat="46.564310383982956" lon="7.884120305534452"><ele>1881.1899719238281</ele></trkpt><trkpt lat="46.56434038374573" lon="7.883980304934084"><ele>1880.1499938964844</ele></trkpt><trkpt lat="46.56436038343236" lon="7.883910304866731"><ele>1879.6799926757812</ele></trkpt><trkpt lat="46.56438038311899" lon="7.883810305036604"><ele>1878.6999816894531</ele></trkpt><trkpt lat="46.56440038327128" lon="7.883720304816961"><ele>1878.0899963378906</ele></trkpt><trkpt lat="46.56441038334742" lon="7.883680304978043"><ele>1877.7899780273438</ele></trkpt><trkpt lat="46.564420382957906" lon="7.883640304673463"><ele>1877.4199829101562</ele></trkpt><trkpt lat="46.56445038272068" lon="7.883430304471403"><ele>1874.8699951171875</ele></trkpt><trkpt lat="46.56448038248345" lon="7.883210304193199"><ele>1873.2699890136719</ele></trkpt><trkpt lat="46.56448038248345" lon="7.883210304193199"><ele>1873.2699890136719</ele></trkpt><trkpt lat="46.564490382093936" lon="7.883160303812474"><ele>1872.8999938964844</ele></trkpt><trkpt lat="46.564490382093936" lon="7.8830303037539124"><ele>1871.8799743652344</ele></trkpt><trkpt lat="46.56450038170442" lon="7.882930303458124"><ele>1871.1299743652344</ele></trkpt><trkpt lat="46.56450038170442" lon="7.882880303543061"><ele>1870.719970703125</ele></trkpt><trkpt lat="46.56450038123876" lon="7.88250030297786"><ele>1867.9199829101562</ele></trkpt><trkpt lat="46.5645003807731" lon="7.882200302556157"><ele>1865.4299926757812</ele></trkpt><trkpt lat="46.564500380307436" lon="7.882040302734822"><ele>1864.3999938964844</ele></trkpt><trkpt lat="46.56449038023129" lon="7.881930302362889"><ele>1863.3099975585938</ele></trkpt><trkpt lat="46.564480380155146" lon="7.881830302067101"><ele>1862.4499816894531</ele></trkpt><trkpt lat="46.564460380002856" lon="7.881730302236974"><ele>1861.6399841308594</ele></trkpt><trkpt lat="46.564440379850566" lon="7.881650302093476"><ele>1860.9099731445312</ele></trkpt><trkpt lat="46.56441037962213" lon="7.881560301873833"><ele>1860.2899780273438</ele></trkpt><trkpt lat="46.5643003792502" lon="7.881330301519483"><ele>1858.219970703125</ele></trkpt><trkpt lat="46.56428037909791" lon="7.881290301680565"><ele>1857.8699951171875</ele></trkpt><trkpt lat="46.56428037909791" lon="7.881270301528275"><ele>1857.739990234375</ele></trkpt><trkpt lat="46.564270379021764" lon="7.881270301528275"><ele>1857.72998046875</ele></trkpt><trkpt lat="46.564270379021764" lon="7.881250301375985"><ele>1857.5799865722656</ele></trkpt><trkpt lat="46.564250378869474" lon="7.881170301232487"><ele>1856.9299926757812</ele></trkpt><trkpt lat="46.564230378717184" lon="7.88107030140236"><ele>1856.2899780273438</ele></trkpt><trkpt lat="46.564230378717184" lon="7.88105030125007"><ele>1856.0499877929688</ele></trkpt><trkpt lat="46.56422037864104" lon="7.880990301258862"><ele>1855.4399719238281</ele></trkpt><trkpt lat="46.564210378564894" lon="7.880960301030427"><ele>1855.0799865722656</ele></trkpt><trkpt lat="46.564190378412604" lon="7.880830300971866"><ele>1853.6499938964844</ele></trkpt><trkpt lat="46.564150378108025" lon="7.880620300304145"><ele>1851.3499755859375</ele></trkpt><trkpt lat="46.56414037803188" lon="7.880610300228"><ele>1851.3099975585938</ele></trkpt><trkpt lat="46.56414037803188" lon="7.880610300228"><ele>1851.2899780273438</ele></trkpt><trkpt lat="46.564090377651155" lon="7.880270299967378"><ele>1849.5499877929688</ele></trkpt><trkpt lat="46.56406037742272" lon="7.880170300137252"><ele>1848.8399963378906</ele></trkpt><trkpt lat="46.564030377194285" lon="7.8800802999176085"><ele>1848.0299987792969</ele></trkpt><trkpt lat="46.56400037696585" lon="7.88000029977411"><ele>1847.4499816894531</ele></trkpt><trkpt lat="46.56396037712693" lon="7.879950299859047"><ele>1847.0499877929688</ele></trkpt><trkpt lat="46.56391037674621" lon="7.879900299478322"><ele>1846.5499877929688</ele></trkpt><trkpt lat="46.563850376755" lon="7.879860299639404"><ele>1845.9299926757812</ele></trkpt><trkpt lat="46.56381037691608" lon="7.879850299563259"><ele>1845.5</ele></trkpt><trkpt lat="46.563760376535356" lon="7.879840299487114"><ele>1845.1599731445312</ele></trkpt><trkpt lat="46.56370037654415" lon="7.879840299487114"><ele>1844.7799987792969</ele></trkpt><trkpt lat="46.56364037655294" lon="7.879850299097598"><ele>1844.3299865722656</ele></trkpt><trkpt lat="46.56362037640065" lon="7.8798602991737425"><ele>1844.219970703125</ele></trkpt><trkpt lat="46.56360037624836" lon="7.8798602991737425"><ele>1844.0599975585938</ele></trkpt><trkpt lat="46.56348037626594" lon="7.879900299012661"><ele>1843.2999877929688</ele></trkpt><trkpt lat="46.563400376122445" lon="7.879940298851579"><ele>1842.8999938964844</ele></trkpt><trkpt lat="46.5633103759028" lon="7.880010298918933"><ele>1842.2999877929688</ele></trkpt><trkpt lat="46.563210376072675" lon="7.8801002986729145"><ele>1841.3999938964844</ele></trkpt><trkpt lat="46.563190375920385" lon="7.880120298825204"><ele>1841.5199890136719</ele></trkpt><trkpt lat="46.56308037554845" lon="7.8802702985703945"><ele>1840.6599731445312</ele></trkpt><trkpt lat="46.563020375557244" lon="7.880370298400521"><ele>1840.0399780273438</ele></trkpt><trkpt lat="46.5630103754811" lon="7.880410298705101"><ele>1839.8799743652344</ele></trkpt><trkpt lat="46.563020375557244" lon="7.880370298400521"><ele>1840.0399780273438</ele></trkpt><trkpt lat="46.563020375557244" lon="7.880360298790038"><ele>1840.0799865722656</ele></trkpt><trkpt lat="46.563020375557244" lon="7.8802702985703945"><ele>1840.3799743652344</ele></trkpt><trkpt lat="46.56307037593797" lon="7.879820298869163"><ele>1841.8599853515625</ele></trkpt><trkpt lat="46.563060375861824" lon="7.879740299191326"><ele>1842.2899780273438</ele></trkpt><trkpt lat="46.563040376175195" lon="7.879680298734456"><ele>1842.0599975585938</ele></trkpt><trkpt lat="46.56298037618399" lon="7.879510298836976"><ele>1842.9199829101562</ele></trkpt><trkpt lat="46.562910376582295" lon="7.8792502991855145"><ele>1844.4499816894531</ele></trkpt><trkpt lat="46.56281037675217" lon="7.878850299399346"><ele>1846.2599792480469</ele></trkpt><trkpt lat="46.562760376837105" lon="7.878740299493074"><ele>1846.9499816894531</ele></trkpt><trkpt lat="46.56271037692204" lon="7.878680299501866"><ele>1847.22998046875</ele></trkpt><trkpt lat="46.56266037700698" lon="7.878650299739093"><ele>1847.3699951171875</ele></trkpt><trkpt lat="46.56260037701577" lon="7.878630299586803"><ele>1847.5799865722656</ele></trkpt><trkpt lat="46.562530376948416" lon="7.878580299671739"><ele>1847.719970703125</ele></trkpt><trkpt lat="46.56232037721202" lon="7.8783902996219695"><ele>1848.0599975585938</ele></trkpt><trkpt lat="46.56226037722081" lon="7.878350299783051"><ele>1847.989990234375</ele></trkpt><trkpt lat="46.562170377001166" lon="7.8783203000202775"><ele>1847.989990234375</ele></trkpt><trkpt lat="46.56197037734091" lon="7.878250299952924"><ele>1848.2699890136719</ele></trkpt><trkpt lat="46.56175037706271" lon="7.878170299809426"><ele>1848.4099731445312</ele></trkpt><trkpt lat="46.561640377156436" lon="7.878150299657136"><ele>1848.6199951171875</ele></trkpt><trkpt lat="46.56159037724137" lon="7.878160299733281"><ele>1848.8799743652344</ele></trkpt><trkpt lat="46.56154037732631" lon="7.878230299800634"><ele>1848.8399963378906</ele></trkpt><trkpt lat="46.5614803773351" lon="7.878460299689323"><ele>1848.5999755859375</ele></trkpt><trkpt lat="46.56145037710667" lon="7.878580300137401"><ele>1848.9299926757812</ele></trkpt><trkpt lat="46.56141037773341" lon="7.878720300272107"><ele>1850.2099914550781</ele></trkpt><trkpt lat="46.561380377504975" lon="7.878880300093442"><ele>1850.97998046875</ele></trkpt><trkpt lat="46.561340377666056" lon="7.87896030023694"><ele>1851.0799865722656</ele></trkpt><trkpt lat="46.56126037752256" lon="7.8790503004565835"><ele>1851.1599731445312</ele></trkpt><trkpt lat="46.561170377768576" lon="7.879210300277919"><ele>1851.7699890136719</ele></trkpt><trkpt lat="46.56110037770122" lon="7.879430300556123"><ele>1852.0699768066406</ele></trkpt><trkpt lat="46.56105037778616" lon="7.879510300699621"><ele>1852.0899963378906</ele></trkpt><trkpt lat="46.561000377871096" lon="7.879590300377458"><ele>1851.2699890136719</ele></trkpt><trkpt lat="46.56097037764266" lon="7.879650300368667"><ele>1851.1099853515625</ele></trkpt><trkpt lat="46.560830377973616" lon="7.879590300377458"><ele>1851.2699890136719</ele></trkpt><trkpt lat="46.56077037751675" lon="7.87955030053854"><ele>1851.0399780273438</ele></trkpt><trkpt lat="46.56069037737325" lon="7.879500300157815"><ele>1850.47998046875</ele></trkpt><trkpt lat="46.56065037753433" lon="7.87949030008167"><ele>1850.2899780273438</ele></trkpt><trkpt lat="46.56059037754312" lon="7.87949030008167"><ele>1850.4099731445312</ele></trkpt><trkpt lat="46.56050037778914" lon="7.879490300547332"><ele>1851.5799865722656</ele></trkpt><trkpt lat="46.5604203781113" lon="7.879510300699621"><ele>1852.0499877929688</ele></trkpt><trkpt lat="46.56036037765443" lon="7.87951030023396"><ele>1851.7099914550781</ele></trkpt><trkpt lat="46.56033037789166" lon="7.879520300310105"><ele>1851.8999938964844</ele></trkpt><trkpt lat="46.56031037773937" lon="7.879540300462395"><ele>1852.0</ele></trkpt><trkpt lat="46.56029037805274" lon="7.879560300614685"><ele>1851.8099975585938</ele></trkpt><trkpt lat="46.56029037758708" lon="7.879600300453603"><ele>1851.4299926757812</ele></trkpt><trkpt lat="46.560280377510935" lon="7.879640300292522"><ele>1851.1799926757812</ele></trkpt><trkpt lat="46.56026037782431" lon="7.87970030028373"><ele>1851.8799743652344</ele></trkpt><trkpt lat="46.56023037806153" lon="7.879750300664455"><ele>1852.8299865722656</ele></trkpt><trkpt lat="46.560210378374904" lon="7.8797803008928895"><ele>1853.489990234375</ele></trkpt><trkpt lat="46.560190378222615" lon="7.879790300969034"><ele>1853.9599914550781</ele></trkpt><trkpt lat="46.56018037814647" lon="7.879810300655663"><ele>1854.3899841308594</ele></trkpt><trkpt lat="46.56018037861213" lon="7.879850300960243"><ele>1855.0699768066406</ele></trkpt><trkpt lat="46.56018037861213" lon="7.8798903012648225"><ele>1855.6799926757812</ele></trkpt><trkpt lat="46.5601603789255" lon="7.879960301332176"><ele>1857.1099853515625</ele></trkpt><trkpt lat="46.5601603789255" lon="7.880020301323384"><ele>1858.2599792480469</ele></trkpt><trkpt lat="46.560160379391164" lon="7.880070301704109"><ele>1859.3999938964844</ele></trkpt><trkpt lat="46.56015037931502" lon="7.8801003019325435"><ele>1860.1299743652344</ele></trkpt><trkpt lat="46.560140379704535" lon="7.880130301695317"><ele>1860.8699951171875</ele></trkpt><trkpt lat="46.56007038010284" lon="7.88028030237183"><ele>1864.22998046875</ele></trkpt><trkpt lat="46.560050380416214" lon="7.880380302667618"><ele>1865.8199768066406</ele></trkpt><trkpt lat="46.5600203811191" lon="7.880440303124487"><ele>1868.3599853515625</ele></trkpt><trkpt lat="46.56001038104296" lon="7.880470303352922"><ele>1869.0199890136719</ele></trkpt><trkpt lat="46.560000381432474" lon="7.880480303429067"><ele>1870.219970703125</ele></trkpt><trkpt lat="46.559980381745845" lon="7.880490303505212"><ele>1870.8199768066406</ele></trkpt><trkpt lat="46.5599703816697" lon="7.880490303505212"><ele>1871.1499938964844</ele></trkpt><trkpt lat="46.55994038190693" lon="7.880440303590149"><ele>1872.1299743652344</ele></trkpt><trkpt lat="46.55993038183078" lon="7.880440303590149"><ele>1872.7999877929688</ele></trkpt><trkpt lat="46.55990038206801" lon="7.88044030405581"><ele>1873.7899780273438</ele></trkpt><trkpt lat="46.559890382457525" lon="7.880450304131955"><ele>1874.5</ele></trkpt><trkpt lat="46.559870382305235" lon="7.8804603042081"><ele>1875.0699768066406</ele></trkpt><trkpt lat="46.55983038293198" lon="7.8804603042081"><ele>1876.3599853515625</ele></trkpt><trkpt lat="46.55982038285583" lon="7.880460304673761"><ele>1876.8999938964844</ele></trkpt><trkpt lat="46.55981038277969" lon="7.880470304749906"><ele>1877.4099731445312</ele></trkpt><trkpt lat="46.55979038309306" lon="7.880470304749906"><ele>1877.8399963378906</ele></trkpt><trkpt lat="46.559780383016914" lon="7.880460304673761"><ele>1878.3599853515625</ele></trkpt><trkpt lat="46.55977038340643" lon="7.880380304995924"><ele>1879.6299743652344</ele></trkpt><trkpt lat="46.559760383330286" lon="7.880360304843634"><ele>1880.1899719238281</ele></trkpt><trkpt lat="46.55977038340643" lon="7.880320305004716"><ele>1880.3799743652344</ele></trkpt><trkpt lat="46.55976038379595" lon="7.8802803051657975"><ele>1880.8499755859375</ele></trkpt><trkpt lat="46.5597503837198" lon="7.880250304937363"><ele>1881.3299865722656</ele></trkpt><trkpt lat="46.55973038403317" lon="7.880220305174589"><ele>1881.8399963378906</ele></trkpt><trkpt lat="46.55971038388088" lon="7.880200305487961"><ele>1882.6799926757812</ele></trkpt><trkpt lat="46.559670384041965" lon="7.880310305394232"><ele>1883.6699829101562</ele></trkpt><trkpt lat="46.55955038499087" lon="7.8805903061293066"><ele>1886.9499816894531</ele></trkpt><trkpt lat="46.55953038483858" lon="7.88064030604437"><ele>1887.1499938964844</ele></trkpt><trkpt lat="46.55948038492352" lon="7.880730306264013"><ele>1887.9199829101562</ele></trkpt><trkpt lat="46.5594403850846" lon="7.880780306179076"><ele>1888.6299743652344</ele></trkpt><trkpt lat="46.559410385321826" lon="7.880820306483656"><ele>1889.1499938964844</ele></trkpt><trkpt lat="46.55936038540676" lon="7.880890306551009"><ele>1889.3399963378906</ele></trkpt><trkpt lat="46.559280385728925" lon="7.880960306618363"><ele>1891.3199768066406</ele></trkpt><trkpt lat="46.55920038605109" lon="7.881050306838006"><ele>1892.6399841308594</ele></trkpt><trkpt lat="46.559170385822654" lon="7.8810903071425855"><ele>1892.6999816894531</ele></trkpt><trkpt lat="46.55914038605988" lon="7.881120306905359"><ele>1892.5199890136719</ele></trkpt><trkpt lat="46.5591003857553" lon="7.881190306972712"><ele>1892.4499816894531</ele></trkpt><trkpt lat="46.55905038584024" lon="7.881250306963921"><ele>1891.3999938964844</ele></trkpt><trkpt lat="46.559000385925174" lon="7.881310306955129"><ele>1891.5299987792969</ele></trkpt><trkpt lat="46.55893038585782" lon="7.881390307098627"><ele>1892.0</ele></trkpt><trkpt lat="46.55891038570553" lon="7.881410306785256"><ele>1892.2899780273438</ele></trkpt><trkpt lat="46.55887038586661" lon="7.8814403070136905"><ele>1892.5799865722656</ele></trkpt><trkpt lat="46.558810385875404" lon="7.88146030716598"><ele>1893.3699951171875</ele></trkpt><trkpt lat="46.55874038627371" lon="7.881510307081044"><ele>1893.3999938964844</ele></trkpt><trkpt lat="46.55872038612142" lon="7.881520307157189"><ele>1893.7899780273438</ele></trkpt><trkpt lat="46.558640386443585" lon="7.8815503073856235"><ele>1894.989990234375</ele></trkpt><trkpt lat="46.55857038637623" lon="7.881580307614058"><ele>1895.2599792480469</ele></trkpt><trkpt lat="46.55848038662225" lon="7.881620307452977"><ele>1895.6799926757812</ele></trkpt><trkpt lat="46.55843038670719" lon="7.881640307605267"><ele>1896.3099975585938</ele></trkpt><trkpt lat="46.558360387105495" lon="7.881660307757556"><ele>1898.2699890136719</ele></trkpt><trkpt lat="46.55833038687706" lon="7.881680307909846"><ele>1898.6099853515625</ele></trkpt><trkpt lat="46.5582903875038" lon="7.881680307909846"><ele>1899.7999877929688</ele></trkpt><trkpt lat="46.558250387664884" lon="7.881710308138281"><ele>1900.6199951171875</ele></trkpt><trkpt lat="46.55822038743645" lon="7.881720308214426"><ele>1901.4199829101562</ele></trkpt><trkpt lat="46.55818038806319" lon="7.881750308442861"><ele>1903.0</ele></trkpt><trkpt lat="46.5581603879109" lon="7.8818003088235855"><ele>1903.25</ele></trkpt><trkpt lat="46.55813038768247" lon="7.881890308577567"><ele>1902.719970703125</ele></trkpt><trkpt lat="46.558080387767404" lon="7.881950308568776"><ele>1902.6399841308594</ele></trkpt><trkpt lat="46.558040387928486" lon="7.882010308559984"><ele>1903.25</ele></trkpt><trkpt lat="46.55796038778499" lon="7.882050308398902"><ele>1901.719970703125</ele></trkpt><trkpt lat="46.557870387565345" lon="7.882150308229029"><ele>1900.6899719238281</ele></trkpt><trkpt lat="46.557830387260765" lon="7.882170308381319"><ele>1900.2999877929688</ele></trkpt><trkpt lat="46.557790387421846" lon="7.882140308152884"><ele>1899.719970703125</ele></trkpt><trkpt lat="46.55776038719341" lon="7.882120308000594"><ele>1899.0399780273438</ele></trkpt><trkpt lat="46.55774038704112" lon="7.882120308000594"><ele>1899.0999755859375</ele></trkpt><trkpt lat="46.557640386745334" lon="7.882170307915658"><ele>1897.3799743652344</ele></trkpt><trkpt lat="46.557620386593044" lon="7.882210307754576"><ele>1897.3399963378906</ele></trkpt><trkpt lat="46.557580386754125" lon="7.882220307830721"><ele>1897.739990234375</ele></trkpt><trkpt lat="46.55755038745701" lon="7.882190308067948"><ele>1899.4099731445312</ele></trkpt><trkpt lat="46.55750038754195" lon="7.882200308144093"><ele>1900.1099853515625</ele></trkpt><trkpt lat="46.55746038770303" lon="7.882170308381319"><ele>1901.6499938964844</ele></trkpt><trkpt lat="46.5574403880164" lon="7.88217030884698"><ele>1902.8599853515625</ele></trkpt><trkpt lat="46.557420388329774" lon="7.882210308685899"><ele>1904.0299987792969</ele></trkpt><trkpt lat="46.55740038771182" lon="7.882220308762044"><ele>1902.7599792480469</ele></trkpt><trkpt lat="46.557360387872905" lon="7.882210308685899"><ele>1903.469970703125</ele></trkpt><trkpt lat="46.557250388432294" lon="7.8821503086946905"><ele>1904.6499938964844</ele></trkpt><trkpt lat="46.5571803888306" lon="7.882090309634805"><ele>1907.9199829101562</ele></trkpt><trkpt lat="46.557140388991684" lon="7.882110309787095"><ele>1909.3499755859375</ele></trkpt><trkpt lat="46.55709038907662" lon="7.882070309482515"><ele>1909.1799926757812</ele></trkpt><trkpt lat="46.55703038908541" lon="7.8820203095674515"><ele>1909.6499938964844</ele></trkpt><trkpt lat="46.55700038932264" lon="7.881980309728533"><ele>1910.7999877929688</ele></trkpt><trkpt lat="46.55698038963601" lon="7.881940309889615"><ele>1911.5699768066406</ele></trkpt><trkpt lat="46.55696038994938" lon="7.881910310126841"><ele>1913.219970703125</ele></trkpt><trkpt lat="46.55691039003432" lon="7.881930310279131"><ele>1914.0699768066406</ele></trkpt><trkpt lat="46.556880390271544" lon="7.881920310202986"><ele>1914.4499816894531</ele></trkpt><trkpt lat="46.55685039050877" lon="7.881900310516357"><ele>1915.0299987792969</ele></trkpt><trkpt lat="46.556750390678644" lon="7.881880310829729"><ele>1916.3799743652344</ele></trkpt><trkpt lat="46.55668039061129" lon="7.881850311066955"><ele>1917.5299987792969</ele></trkpt><trkpt lat="46.55664039077237" lon="7.881810311228037"><ele>1918.489990234375</ele></trkpt><trkpt lat="46.556620391085744" lon="7.881800311151892"><ele>1918.7599792480469</ele></trkpt><trkpt lat="46.556580391246825" lon="7.881790311075747"><ele>1919.0699768066406</ele></trkpt><trkpt lat="46.55653039133176" lon="7.881740311626345"><ele>1920.8999938964844</ele></trkpt><trkpt lat="46.55650039156899" lon="7.881680311635137"><ele>1922.0999755859375</ele></trkpt><trkpt lat="46.55645039211959" lon="7.881590311881155"><ele>1923.5699768066406</ele></trkpt><trkpt lat="46.55644039204344" lon="7.881510312203318"><ele>1924.8399963378906</ele></trkpt><trkpt lat="46.5564403925091" lon="7.88143031205982"><ele>1925.5399780273438</ele></trkpt><trkpt lat="46.5564403925091" lon="7.881370312068611"><ele>1926.22998046875</ele></trkpt><trkpt lat="46.55645039258525" lon="7.881320312153548"><ele>1926.47998046875</ele></trkpt><trkpt lat="46.5564403925091" lon="7.8812803123146296"><ele>1927.1499938964844</ele></trkpt><trkpt lat="46.55641039321199" lon="7.881250312551856"><ele>1928.7899780273438</ele></trkpt><trkpt lat="46.55634039314464" lon="7.881200313102454"><ele>1930.1599731445312</ele></trkpt><trkpt lat="46.556310393381864" lon="7.881150312721729"><ele>1930.5399780273438</ele></trkpt><trkpt lat="46.556290393229574" lon="7.881110312882811"><ele>1930.739990234375</ele></trkpt><trkpt lat="46.556270393542945" lon="7.880940312985331"><ele>1931.6199951171875</ele></trkpt><trkpt lat="46.556270393542945" lon="7.880840313155204"><ele>1931.7999877929688</ele></trkpt><trkpt lat="46.556270393542945" lon="7.880800313316286"><ele>1932.3099975585938</ele></trkpt><trkpt lat="46.55627039400861" lon="7.880630313418806"><ele>1934.3999938964844</ele></trkpt><trkpt lat="46.55625039432198" lon="7.880560313817114"><ele>1936.219970703125</ele></trkpt><trkpt lat="46.556220394559205" lon="7.88051031390205"><ele>1936.5099792480469</ele></trkpt><trkpt lat="46.556160394567996" lon="7.88034031400457"><ele>1937.0499877929688</ele></trkpt><trkpt lat="46.55613039480522" lon="7.880250313784927"><ele>1937.3899841308594</ele></trkpt><trkpt lat="46.55610039504245" lon="7.880160314030945"><ele>1938.25</ele></trkpt><trkpt lat="46.55610039504245" lon="7.880110314115882"><ele>1938.5</ele></trkpt><trkpt lat="46.55610039504245" lon="7.880030314438045"><ele>1938.9399719238281</ele></trkpt><trkpt lat="46.55610039504245" lon="7.879940314218402"><ele>1939.1399841308594</ele></trkpt><trkpt lat="46.556090394966304" lon="7.879880314227194"><ele>1939.1099853515625</ele></trkpt><trkpt lat="46.556070395279676" lon="7.87981031415984"><ele>1939.1299743652344</ele></trkpt><trkpt lat="46.55604039505124" lon="7.8797203144058585"><ele>1939.0699768066406</ele></trkpt><trkpt lat="46.55595039529726" lon="7.879590314347297"><ele>1939.469970703125</ele></trkpt><trkpt lat="46.55591039545834" lon="7.879530314356089"><ele>1940.0699768066406</ele></trkpt><trkpt lat="46.55586039554328" lon="7.87947031436488"><ele>1940.5299987792969</ele></trkpt><trkpt lat="46.5558203952387" lon="7.879410314373672"><ele>1940.3199768066406</ele></trkpt><trkpt lat="46.555790395475924" lon="7.87932031461969"><ele>1940.7599792480469</ele></trkpt><trkpt lat="46.55576039571315" lon="7.879190314561129"><ele>1942.3699951171875</ele></trkpt><trkpt lat="46.555750395637006" lon="7.879160314798355"><ele>1942.75</ele></trkpt><trkpt lat="46.55572039587423" lon="7.879090314731002"><ele>1943.1399841308594</ele></trkpt><trkpt lat="46.55571039579809" lon="7.879060314968228"><ele>1943.3199768066406</ele></trkpt><trkpt lat="46.5557003961876" lon="7.878960315138102"><ele>1943.8799743652344</ele></trkpt><trkpt lat="46.55569039611146" lon="7.878920314833522"><ele>1944.1899719238281</ele></trkpt><trkpt lat="46.55567039642483" lon="7.878860315307975"><ele>1945.0499877929688</ele></trkpt><trkpt lat="46.55565039627254" lon="7.878770315088332"><ele>1945.3999938964844</ele></trkpt><trkpt lat="46.55563039612025" lon="7.87866031518206"><ele>1944.8199768066406</ele></trkpt><trkpt lat="46.555600395891815" lon="7.878530314657837"><ele>1943.4499816894531</ele></trkpt><trkpt lat="46.55558039620519" lon="7.878400315064937"><ele>1943.8399963378906</ele></trkpt><trkpt lat="46.55555039597675" lon="7.878340315073729"><ele>1944.219970703125</ele></trkpt><trkpt lat="46.55553039629012" lon="7.878270315006375"><ele>1944.5699768066406</ele></trkpt><trkpt lat="46.555490395985544" lon="7.878200314939022"><ele>1944.7799987792969</ele></trkpt><trkpt lat="46.55542039638385" lon="7.87809031503275"><ele>1946.0999755859375</ele></trkpt><trkpt lat="46.55533039662987" lon="7.87794031528756"><ele>1946.5399780273438</ele></trkpt><trkpt lat="46.55528039671481" lon="7.877850315533578"><ele>1947.1299743652344</ele></trkpt><trkpt lat="46.55521039664745" lon="7.877760315313935"><ele>1947.47998046875</ele></trkpt><trkpt lat="46.55516039673239" lon="7.8776603154838085"><ele>1947.8299865722656</ele></trkpt><trkpt lat="46.5550903971307" lon="7.877520315349102"><ele>1948.3599853515625</ele></trkpt><trkpt lat="46.55503039667383" lon="7.87741031544283"><ele>1948.1899719238281</ele></trkpt><trkpt lat="46.55497039668262" lon="7.877310315612704"><ele>1948.3599853515625</ele></trkpt><trkpt lat="46.5549303968437" lon="7.877250315621495"><ele>1948.5499877929688</ele></trkpt><trkpt lat="46.55488039692864" lon="7.877170315477997"><ele>1949.0199890136719</ele></trkpt><trkpt lat="46.55478039709851" lon="7.877010315656662"><ele>1949.469970703125</ele></trkpt><trkpt lat="46.55470039695501" lon="7.8768703155219555"><ele>1949.5099792480469</ele></trkpt><trkpt lat="46.554660397116095" lon="7.8768003159202635"><ele>1949.47998046875</ele></trkpt><trkpt lat="46.554640396963805" lon="7.876750315539539"><ele>1949.4099731445312</ele></trkpt><trkpt lat="46.554620397277176" lon="7.876670315861702"><ele>1949.2999877929688</ele></trkpt><trkpt lat="46.5545803969726" lon="7.876580315642059"><ele>1949.0799865722656</ele></trkpt><trkpt lat="46.55455039720982" lon="7.87654031580314"><ele>1949.0099792480469</ele></trkpt><trkpt lat="46.55444039730355" lon="7.876420315820724"><ele>1949.7599792480469</ele></trkpt><trkpt lat="46.554340397473425" lon="7.8763603158295155"><ele>1951.0</ele></trkpt><trkpt lat="46.554300397634506" lon="7.876340316142887"><ele>1951.47998046875</ele></trkpt><trkpt lat="46.55426039732993" lon="7.8762903162278235"><ele>1951.739990234375</ele></trkpt><trkpt lat="46.55422039749101" lon="7.876240315847099"><ele>1951.8499755859375</ele></trkpt><trkpt lat="46.554190397728235" lon="7.876170316245407"><ele>1952.0299987792969</ele></trkpt><trkpt lat="46.554130397737026" lon="7.876060315873474"><ele>1952.0399780273438</ele></trkpt><trkpt lat="46.55409039743245" lon="7.875940315891057"><ele>1951.75</ele></trkpt><trkpt lat="46.55405039759353" lon="7.875770315993577"><ele>1951.6099853515625</ele></trkpt><trkpt lat="46.55401039775461" lon="7.875640315935016"><ele>1951.8199768066406</ele></trkpt><trkpt lat="46.5539503977634" lon="7.8755003162659705"><ele>1952.2699890136719</ele></trkpt><trkpt lat="46.553850397933275" lon="7.875200316309929"><ele>1952.7999877929688</ele></trkpt><trkpt lat="46.553810398094356" lon="7.8750503160990775"><ele>1953.5099792480469</ele></trkpt><trkpt lat="46.553790397942066" lon="7.874930316116661"><ele>1953.7899780273438</ele></trkpt><trkpt lat="46.55377039825544" lon="7.874820316210389"><ele>1954.2799987792969</ele></trkpt><trkpt lat="46.55377039825544" lon="7.874740316532552"><ele>1954.6699829101562</ele></trkpt><trkpt lat="46.55378039833158" lon="7.874670316465199"><ele>1954.8299865722656</ele></trkpt><trkpt lat="46.55378039833158" lon="7.874650316312909"><ele>1954.8199768066406</ele></trkpt><trkpt lat="46.55380039801821" lon="7.874570316635072"><ele>1954.7899780273438</ele></trkpt><trkpt lat="46.553810398094356" lon="7.874480316415429"><ele>1954.5</ele></trkpt><trkpt lat="46.553810398094356" lon="7.874440316576511"><ele>1954.4299926757812</ele></trkpt><trkpt lat="46.55380039801821" lon="7.874400316271931"><ele>1954.3999938964844</ele></trkpt><trkpt lat="46.553790397942066" lon="7.8743503163568676"><ele>1954.4499816894531</ele></trkpt><trkpt lat="46.55377039825544" lon="7.874320316594094"><ele>1954.4399719238281</ele></trkpt><trkpt lat="46.55375039810315" lon="7.874250316526741"><ele>1954.7799987792969</ele></trkpt><trkpt lat="46.55373039841652" lon="7.8741803164593875"><ele>1955.0899963378906</ele></trkpt><trkpt lat="46.553720398340374" lon="7.874030316714197"><ele>1955.5999755859375</ele></trkpt><trkpt lat="46.5536903985776" lon="7.873690316453576"><ele>1956.5399780273438</ele></trkpt><trkpt lat="46.5536903985776" lon="7.873630316928029"><ele>1957.0399780273438</ele></trkpt><trkpt lat="46.553700398653746" lon="7.873530316632241"><ele>1957.5099792480469</ele></trkpt><trkpt lat="46.553720398806036" lon="7.873360316734761"><ele>1957.5799865722656</ele></trkpt><trkpt lat="46.55373039888218" lon="7.873210316989571"><ele>1958.1299743652344</ele></trkpt><trkpt lat="46.55375039903447" lon="7.873100317083299"><ele>1958.3799743652344</ele></trkpt><trkpt lat="46.553760398644954" lon="7.873010316863656"><ele>1958.219970703125</ele></trkpt><trkpt lat="46.553760398644954" lon="7.872830316890031"><ele>1958.2799987792969</ele></trkpt><trkpt lat="46.553760398644954" lon="7.872670316603035"><ele>1957.8199768066406</ele></trkpt><trkpt lat="46.553760398644954" lon="7.872520316857845"><ele>1957.3199768066406</ele></trkpt><trkpt lat="46.55375039856881" lon="7.872450316790491"><ele>1957.0199890136719</ele></trkpt><trkpt lat="46.55373039841652" lon="7.872390316799283"><ele>1956.7599792480469</ele></trkpt><trkpt lat="46.553700398653746" lon="7.872340316418558"><ele>1956.3199768066406</ele></trkpt><trkpt lat="46.55365039827302" lon="7.8722503166645765"><ele>1955.6199951171875</ele></trkpt><trkpt lat="46.55363039812073" lon="7.872200316283852"><ele>1955.0399780273438</ele></trkpt><trkpt lat="46.55361039796844" lon="7.8721403162926435"><ele>1954.6599731445312</ele></trkpt><trkpt lat="46.553600397892296" lon="7.872080316301435"><ele>1954.5499877929688</ele></trkpt><trkpt lat="46.55358039820567" lon="7.871990316081792"><ele>1953.9399719238281</ele></trkpt><trkpt lat="46.553580397740006" lon="7.871890316251665"><ele>1953.489990234375</ele></trkpt><trkpt lat="46.55357039766386" lon="7.871800316032022"><ele>1953.4199829101562</ele></trkpt><trkpt lat="46.55355039797723" lon="7.87171031627804"><ele>1953.4199829101562</ele></trkpt><trkpt lat="46.55354039790109" lon="7.871600315906107"><ele>1953.1599731445312</ele></trkpt><trkpt lat="46.55354039790109" lon="7.871490315999836"><ele>1952.9299926757812</ele></trkpt><trkpt lat="46.55355039751157" lon="7.8714103158563375"><ele>1952.6599731445312</ele></trkpt><trkpt lat="46.55356039758772" lon="7.871340315788984"><ele>1952.1899719238281</ele></trkpt><trkpt lat="46.553580397740006" lon="7.871250315569341"><ele>1951.72998046875</ele></trkpt><trkpt lat="46.55359039735049" lon="7.871180315967649"><ele>1951.6599731445312</ele></trkpt><trkpt lat="46.553600397426635" lon="7.871090315748006"><ele>1951.989990234375</ele></trkpt><trkpt lat="46.55361039750278" lon="7.871000315994024"><ele>1952.3899841308594</ele></trkpt><trkpt lat="46.5536503973417" lon="7.8708003158681095"><ele>1951.8299865722656</ele></trkpt><trkpt lat="46.5536503973417" lon="7.870720315724611"><ele>1951.4199829101562</ele></trkpt><trkpt lat="46.55364039726555" lon="7.870630315504968"><ele>1951.1399841308594</ele></trkpt><trkpt lat="46.55363039765507" lon="7.870580315589905"><ele>1951.0999755859375</ele></trkpt><trkpt lat="46.55363039718941" lon="7.870500315446407"><ele>1951.0399780273438</ele></trkpt><trkpt lat="46.55364039726555" lon="7.87042031576857"><ele>1950.8099975585938</ele></trkpt><trkpt lat="46.55366039695218" lon="7.870290315244347"><ele>1949.6899719238281</ele></trkpt><trkpt lat="46.55367039702833" lon="7.870200315490365"><ele>1948.739990234375</ele></trkpt><trkpt lat="46.553690396714956" lon="7.870140315033495"><ele>1947.9399719238281</ele></trkpt><trkpt lat="46.553710396867245" lon="7.870090315118432"><ele>1947.4299926757812</ele></trkpt><trkpt lat="46.553710396401584" lon="7.870050314813852"><ele>1946.97998046875</ele></trkpt><trkpt lat="46.553710396401584" lon="7.870010314974934"><ele>1946.8099975585938</ele></trkpt><trkpt lat="46.5537003967911" lon="7.869980314746499"><ele>1946.8099975585938</ele></trkpt><trkpt lat="46.553690396714956" lon="7.8699503149837255"><ele>1946.75</ele></trkpt><trkpt lat="46.553670396562666" lon="7.869940314907581"><ele>1946.6499938964844</ele></trkpt><trkpt lat="46.55363039672375" lon="7.869930314831436"><ele>1946.4399719238281</ele></trkpt><trkpt lat="46.55363039672375" lon="7.869930314831436"><ele>1946.4499816894531</ele></trkpt><trkpt lat="46.55363039672375" lon="7.869920314755291"><ele>1946.469970703125</ele></trkpt><trkpt lat="46.55363039672375" lon="7.869910315144807"><ele>1946.6099853515625</ele></trkpt><trkpt lat="46.55363039672375" lon="7.869920314755291"><ele>1946.469970703125</ele></trkpt><trkpt lat="46.55363039672375" lon="7.869930314831436"><ele>1946.4499816894531</ele></trkpt><trkpt lat="46.55363039672375" lon="7.869930314831436"><ele>1946.4399719238281</ele></trkpt><trkpt lat="46.553630396258086" lon="7.870030314661562"><ele>1945.97998046875</ele></trkpt><trkpt lat="46.553610396105796" lon="7.870070314966142"><ele>1945.3299865722656</ele></trkpt><trkpt lat="46.55358039634302" lon="7.870070314500481"><ele>1944.8199768066406</ele></trkpt><trkpt lat="46.55357039626688" lon="7.870070314500481"><ele>1944.7799987792969</ele></trkpt><trkpt lat="46.55357039626688" lon="7.870060314424336"><ele>1944.6399841308594</ele></trkpt><trkpt lat="46.55356039619073" lon="7.870040314737707"><ele>1944.4099731445312</ele></trkpt><trkpt lat="46.55354039603844" lon="7.870000314433128"><ele>1943.9499816894531</ele></trkpt><trkpt lat="46.55354039603844" lon="7.8699203142896295"><ele>1943.1799926757812</ele></trkpt><trkpt lat="46.55354039557278" lon="7.869880314450711"><ele>1942.8199768066406</ele></trkpt><trkpt lat="46.55353039549664" lon="7.869810314383358"><ele>1941.9499816894531</ele></trkpt><trkpt lat="46.5535003952682" lon="7.86969031393528"><ele>1940.3499755859375</ele></trkpt><trkpt lat="46.55348039511591" lon="7.869610313791782"><ele>1939.1899719238281</ele></trkpt><trkpt lat="46.55345039488748" lon="7.8695203135721385"><ele>1938.0</ele></trkpt><trkpt lat="46.5534103945829" lon="7.869350313208997"><ele>1935.8599853515625</ele></trkpt><trkpt lat="46.55339039443061" lon="7.8693103129044175"><ele>1935.1399841308594</ele></trkpt><trkpt lat="46.55331039335579" lon="7.869080312550068"><ele>1931.5</ele></trkpt><trkpt lat="46.5532903932035" lon="7.869010312482715"><ele>1930.5299987792969</ele></trkpt><trkpt lat="46.55326039297506" lon="7.868990312330425"><ele>1929.9199829101562</ele></trkpt><trkpt lat="46.553220393136144" lon="7.869000311940908"><ele>1929.0799865722656</ele></trkpt><trkpt lat="46.55317039275542" lon="7.869080312084407"><ele>1927.7699890136719</ele></trkpt><trkpt lat="46.55313039245084" lon="7.869190311990678"><ele>1926.75</ele></trkpt><trkpt lat="46.553080392070115" lon="7.869320311583579"><ele>1924.8099975585938</ele></trkpt><trkpt lat="46.55305039184168" lon="7.869340311270207"><ele>1923.6399841308594</ele></trkpt><trkpt lat="46.5530103915371" lon="7.869330311194062"><ele>1922.3099975585938</ele></trkpt><trkpt lat="46.552980391308665" lon="7.869340310804546"><ele>1921.469970703125</ele></trkpt><trkpt lat="46.552960391156375" lon="7.869400310795754"><ele>1920.2899780273438</ele></trkpt><trkpt lat="46.552940391004086" lon="7.869490310549736"><ele>1918.489990234375</ele></trkpt><trkpt lat="46.552900390699506" lon="7.869570310227573"><ele>1917.7699890136719</ele></trkpt><trkpt lat="46.55285039078444" lon="7.869610310066491"><ele>1916.9099731445312</ele></trkpt><trkpt lat="46.55279039032757" lon="7.869660309981555"><ele>1915.1499938964844</ele></trkpt><trkpt lat="46.552690390031785" lon="7.869740309659392"><ele>1913.0299987792969</ele></trkpt><trkpt lat="46.552590389270335" lon="7.869890309404582"><ele>1910.9199829101562</ele></trkpt><trkpt lat="46.55254038935527" lon="7.869970309082419"><ele>1909.9199829101562</ele></trkpt><trkpt lat="46.55247038882226" lon="7.8700603088364005"><ele>1907.9299926757812</ele></trkpt><trkpt lat="46.552470388356596" lon="7.870160308666527"><ele>1906.1799926757812</ele></trkpt><trkpt lat="46.552470387890935" lon="7.870260308030993"><ele>1903.8799743652344</ele></trkpt><trkpt lat="46.552450387738645" lon="7.870310307946056"><ele>1902.9099731445312</ele></trkpt><trkpt lat="46.55240038735792" lon="7.870300307869911"><ele>1901.4599914550781</ele></trkpt><trkpt lat="46.55236038705334" lon="7.870270307641476"><ele>1900.0</ele></trkpt><trkpt lat="46.552270386368036" lon="7.870250307023525"><ele>1897.0</ele></trkpt><trkpt lat="46.55209038592875" lon="7.870170306414366"><ele>1893.0099792480469</ele></trkpt><trkpt lat="46.55198038555682" lon="7.870140306185931"><ele>1891.0799865722656</ele></trkpt><trkpt lat="46.55195038532838" lon="7.870140306185931"><ele>1890.1299743652344</ele></trkpt><trkpt lat="46.55193038517609" lon="7.8701703059487045"><ele>1889.1199951171875</ele></trkpt><trkpt lat="46.55190038494766" lon="7.870190305635333"><ele>1888.469970703125</ele></trkpt><trkpt lat="46.55190038494766" lon="7.870190305635333"><ele>1888.4599914550781</ele></trkpt><trkpt lat="46.55190038494766" lon="7.870200305711478"><ele>1888.3199768066406</ele></trkpt><trkpt lat="46.551940384320915" lon="7.870340305380523"><ele>1886.2899780273438</ele></trkpt><trkpt lat="46.551960384473205" lon="7.8704103054478765"><ele>1885.5299987792969</ele></trkpt><trkpt lat="46.55197038408369" lon="7.87046030536294"><ele>1885.0199890136719</ele></trkpt><trkpt lat="46.55201038392261" lon="7.870530304964632"><ele>1883.8199768066406</ele></trkpt><trkpt lat="46.5520303840749" lon="7.870550305116922"><ele>1883.5699768066406</ele></trkpt><trkpt lat="46.5520803835243" lon="7.870620304718614"><ele>1882.2599792480469</ele></trkpt><trkpt lat="46.55211038328707" lon="7.870690304785967"><ele>1881.239990234375</ele></trkpt><trkpt lat="46.55211038328707" lon="7.87074030470103"><ele>1880.5099792480469</ele></trkpt><trkpt lat="46.55211038328707" lon="7.870760304387659"><ele>1880.3699951171875</ele></trkpt><trkpt lat="46.55211038328707" lon="7.870800304226577"><ele>1879.6499938964844</ele></trkpt><trkpt lat="46.55209038313478" lon="7.870840304065496"><ele>1878.8399963378906</ele></trkpt><trkpt lat="46.55209038313478" lon="7.870840304065496"><ele>1878.6999816894531</ele></trkpt><trkpt lat="46.55209038313478" lon="7.870850304141641"><ele>1878.6099853515625</ele></trkpt><trkpt lat="46.55206038290635" lon="7.870890303980559"><ele>1877.5899963378906</ele></trkpt><trkpt lat="46.55203038267791" lon="7.870920303743333"><ele>1876.7999877929688</ele></trkpt><trkpt lat="46.55200038244948" lon="7.870970303658396"><ele>1875.989990234375</ele></trkpt><trkpt lat="46.55199038237333" lon="7.870950303971767"><ele>1875.8399963378906</ele></trkpt><trkpt lat="46.55198038229719" lon="7.8709403038956225"><ele>1875.6199951171875</ele></trkpt><trkpt lat="46.55197038222104" lon="7.870910303667188"><ele>1875.25</ele></trkpt><trkpt lat="46.5519603821449" lon="7.870870303828269"><ele>1874.7999877929688</ele></trkpt><trkpt lat="46.55191038176417" lon="7.870840303599834"><ele>1873.5699768066406</ele></trkpt><trkpt lat="46.55186038184911" lon="7.8708103033714"><ele>1872.9199829101562</ele></trkpt><trkpt lat="46.551810381468385" lon="7.8708103033714"><ele>1872.3799743652344</ele></trkpt><trkpt lat="46.5517103811726" lon="7.870830303058028"><ele>1870.4299926757812</ele></trkpt><trkpt lat="46.55165038118139" lon="7.8707803026773036"><ele>1868.8399963378906</ele></trkpt><trkpt lat="46.55161038087681" lon="7.870730302296579"><ele>1867.7099914550781</ele></trkpt><trkpt lat="46.55157038057223" lon="7.87069030245766"><ele>1866.22998046875</ele></trkpt><trkpt lat="46.55153038026765" lon="7.8707503019832075"><ele>1864.5</ele></trkpt><trkpt lat="46.55149037949741" lon="7.870800301898271"><ele>1862.6899719238281</ele></trkpt><trkpt lat="46.55149037949741" lon="7.870860301423818"><ele>1860.8999938964844</ele></trkpt><trkpt lat="46.55147037934512" lon="7.870900301262736"><ele>1859.9399719238281</ele></trkpt><trkpt lat="46.55149037903175" lon="7.870980300940573"><ele>1858.3399963378906</ele></trkpt><trkpt lat="46.551490378566086" lon="7.871020300779492"><ele>1857.25</ele></trkpt><trkpt lat="46.55143037810922" lon="7.871020300779492"><ele>1855.5699768066406</ele></trkpt><trkpt lat="46.55142037756741" lon="7.871140300296247"><ele>1852.47998046875</ele></trkpt><trkpt lat="46.551390377338976" lon="7.871160299982876"><ele>1851.5799865722656</ele></trkpt><trkpt lat="46.551350377034396" lon="7.871140299830586"><ele>1850.0699768066406</ele></trkpt><trkpt lat="46.551330376882106" lon="7.871160299517214"><ele>1848.9099731445312</ele></trkpt><trkpt lat="46.551310376729816" lon="7.871170299593359"><ele>1848.22998046875</ele></trkpt><trkpt lat="46.55130037665367" lon="7.871220299042761"><ele>1847.0899963378906</ele></trkpt><trkpt lat="46.55132037680596" lon="7.871240299195051"><ele>1847.0899963378906</ele></trkpt><trkpt lat="46.551310376264155" lon="7.871270298957825"><ele>1845.9199829101562</ele></trkpt><trkpt lat="46.551290376111865" lon="7.871290299110115"><ele>1845.47998046875</ele></trkpt><trkpt lat="46.55121037596837" lon="7.871290298644453"><ele>1843.4199829101562</ele></trkpt><trkpt lat="46.55119037581608" lon="7.871310298331082"><ele>1842.3599853515625</ele></trkpt><trkpt lat="46.551190375350416" lon="7.871340298559517"><ele>1841.6799926757812</ele></trkpt><trkpt lat="46.5511503755115" lon="7.871340298093855"><ele>1840.6399841308594</ele></trkpt><trkpt lat="46.55111037520692" lon="7.871300298254937"><ele>1839.6199951171875</ele></trkpt><trkpt lat="46.55110037513077" lon="7.871270298026502"><ele>1839.3199768066406</ele></trkpt><trkpt lat="46.55107037490234" lon="7.871270298026502"><ele>1837.9199829101562</ele></trkpt><trkpt lat="46.55106037436053" lon="7.871320297475904"><ele>1836.7899780273438</ele></trkpt><trkpt lat="46.55104037420824" lon="7.871370297390968"><ele>1836.0799865722656</ele></trkpt><trkpt lat="46.55101037444547" lon="7.871360297314823"><ele>1835.72998046875</ele></trkpt><trkpt lat="46.55097037414089" lon="7.871370297390968"><ele>1834.7799987792969</ele></trkpt><trkpt lat="46.5509503739886" lon="7.871410297229886"><ele>1834.0</ele></trkpt><trkpt lat="46.550940373912454" lon="7.871460297144949"><ele>1833.4099731445312</ele></trkpt><trkpt lat="46.55093037383631" lon="7.871510297060013"><ele>1832.3799743652344</ele></trkpt><trkpt lat="46.55091037368402" lon="7.8715202966704965"><ele>1831.8599853515625</ele></trkpt><trkpt lat="46.550880373455584" lon="7.871490296907723"><ele>1831.0299987792969</ele></trkpt><trkpt lat="46.55083037307486" lon="7.871430296450853"><ele>1829.0899963378906</ele></trkpt><trkpt lat="46.550820372998714" lon="7.871390296146274"><ele>1827.8899841308594</ele></trkpt><trkpt lat="46.550800372846425" lon="7.871380296070129"><ele>1827.3999938964844</ele></trkpt><trkpt lat="46.55077037215233" lon="7.871330295689404"><ele>1825.7599792480469</ele></trkpt><trkpt lat="46.55071037216112" lon="7.8713702955283225"><ele>1823.9099731445312</ele></trkpt><trkpt lat="46.550700371619314" lon="7.871340295299888"><ele>1823.2799987792969</ele></trkpt><trkpt lat="46.550680371932685" lon="7.871340295299888"><ele>1822.8199768066406</ele></trkpt><trkpt lat="46.55065037170425" lon="7.871370295062661"><ele>1821.7799987792969</ele></trkpt><trkpt lat="46.550640371162444" lon="7.871440295130014"><ele>1820.7899780273438</ele></trkpt><trkpt lat="46.550640371162444" lon="7.871520294807851"><ele>1819.6299743652344</ele></trkpt><trkpt lat="46.550620371010154" lon="7.871550295036286"><ele>1819.1199951171875</ele></trkpt><trkpt lat="46.55059037078172" lon="7.87156029464677"><ele>1817.5899963378906</ele></trkpt><trkpt lat="46.55055037047714" lon="7.871580294333398"><ele>1816.5299987792969</ele></trkpt><trkpt lat="46.550520370248705" lon="7.871630294248462"><ele>1815.5199890136719</ele></trkpt><trkpt lat="46.55049037002027" lon="7.871630294248462"><ele>1814.5799865722656</ele></trkpt><trkpt lat="46.55047036986798" lon="7.87167029408738"><ele>1813.3999938964844</ele></trkpt><trkpt lat="46.550420369487256" lon="7.871680293697864"><ele>1811.989990234375</ele></trkpt><trkpt lat="46.55037036910653" lon="7.871730293612927"><ele>1810.1799926757812</ele></trkpt><trkpt lat="46.55031036911532" lon="7.871730293147266"><ele>1808.8899841308594</ele></trkpt><trkpt lat="46.5502603687346" lon="7.871730293147266"><ele>1807.6399841308594</ele></trkpt><trkpt lat="46.55022036843002" lon="7.871700292918831"><ele>1806.0499877929688</ele></trkpt><trkpt lat="46.550190368201584" lon="7.871650292538106"><ele>1805.5599975585938</ele></trkpt><trkpt lat="46.55008036782965" lon="7.871660292614251"><ele>1803.97998046875</ele></trkpt><trkpt lat="46.55004036799073" lon="7.871690292377025"><ele>1803.6799926757812</ele></trkpt><trkpt lat="46.55000036768615" lon="7.87170029245317"><ele>1803.1099853515625</ele></trkpt><trkpt lat="46.54999036761001" lon="7.871720292139798"><ele>1802.8599853515625</ele></trkpt><trkpt lat="46.54999036761001" lon="7.871790292207152"><ele>1802.3199768066406</ele></trkpt><trkpt lat="46.54999036761001" lon="7.8718802919611335"><ele>1801.6599731445312</ele></trkpt><trkpt lat="46.54997036745772" lon="7.871890292037278"><ele>1801.4499816894531</ele></trkpt><trkpt lat="46.5499303676188" lon="7.8718802919611335"><ele>1801.2799987792969</ele></trkpt><trkpt lat="46.54991036700085" lon="7.87183029204607"><ele>1799.8499755859375</ele></trkpt><trkpt lat="46.54989036731422" lon="7.871800291817635"><ele>1799.8199768066406</ele></trkpt><trkpt lat="46.549880367238075" lon="7.871780292131007"><ele>1800.7799987792969</ele></trkpt><trkpt lat="46.549820367246866" lon="7.871720292139798"><ele>1801.0499877929688</ele></trkpt><trkpt lat="46.54980036756024" lon="7.8717102920636535"><ele>1801.6999816894531</ele></trkpt><trkpt lat="46.549770367797464" lon="7.871720292139798"><ele>1802.6499938964844</ele></trkpt><trkpt lat="46.54976036772132" lon="7.8717102920636535"><ele>1802.739990234375</ele></trkpt><trkpt lat="46.549710367340595" lon="7.871800292283297"><ele>1801.7899780273438</ele></trkpt><trkpt lat="46.54956036712974" lon="7.872090291697532"><ele>1799.8899841308594</ele></trkpt><trkpt lat="46.54949036706239" lon="7.872260291595012"><ele>1798.7099914550781</ele></trkpt><trkpt lat="46.549420366529375" lon="7.8724602912552655"><ele>1797.3099975585938</ele></trkpt><trkpt lat="46.54936036653817" lon="7.872590291313827"><ele>1796.6799926757812</ele></trkpt><trkpt lat="46.54928036639467" lon="7.872740291059017"><ele>1795.5399780273438</ele></trkpt><trkpt lat="46.549190366175026" lon="7.872890290804207"><ele>1794.25</ele></trkpt><trkpt lat="46.549060366116464" lon="7.873050291091204"><ele>1793.9099731445312</ele></trkpt><trkpt lat="46.54895036574453" lon="7.873210290912539"><ele>1793.0199890136719</ele></trkpt><trkpt lat="46.54887036560103" lon="7.873330290894955"><ele>1792.3899841308594</ele></trkpt><trkpt lat="46.54880036553368" lon="7.873430290725082"><ele>1791.97998046875</ele></trkpt><trkpt lat="46.548770365305245" lon="7.87351029086858"><ele>1791.8499755859375</ele></trkpt><trkpt lat="46.548770365305245" lon="7.873580290470272"><ele>1791.7099914550781</ele></trkpt><trkpt lat="46.548750365618616" lon="7.873640290461481"><ele>1791.5899963378906</ele></trkpt><trkpt lat="46.54874036554247" lon="7.873670290689915"><ele>1791.5399780273438</ele></trkpt><trkpt lat="46.54880036553368" lon="7.873710290528834"><ele>1791.8199768066406</ele></trkpt><trkpt lat="46.54886036552489" lon="7.873770290520042"><ele>1792.3999938964844</ele></trkpt><trkpt lat="46.54891036590561" lon="7.873800290748477"><ele>1792.7799987792969</ele></trkpt><trkpt lat="46.54891036590561" lon="7.873800290748477"><ele>1792.7799987792969</ele></trkpt><trkpt lat="46.54890036582947" lon="7.873800290748477"><ele>1792.5999755859375</ele></trkpt><trkpt lat="46.54891036543995" lon="7.873840290587395"><ele>1792.5</ele></trkpt><trkpt lat="46.548920365516096" lon="7.87387029081583"><ele>1792.5</ele></trkpt><trkpt lat="46.548920365516096" lon="7.873910290654749"><ele>1792.1699829101562</ele></trkpt><trkpt lat="46.548920365516096" lon="7.873920290730894"><ele>1791.969970703125</ele></trkpt><trkpt lat="46.548920365516096" lon="7.873910290654749"><ele>1792.1699829101562</ele></trkpt><trkpt lat="46.548920365516096" lon="7.87387029081583"><ele>1792.5</ele></trkpt><trkpt lat="46.54891036543995" lon="7.873840290587395"><ele>1792.5</ele></trkpt><trkpt lat="46.54890036582947" lon="7.873800290748477"><ele>1792.5999755859375</ele></trkpt><trkpt lat="46.54891036590561" lon="7.873800290748477"><ele>1792.7799987792969</ele></trkpt><trkpt lat="46.54891036590561" lon="7.873790290672332"><ele>1792.7599792480469</ele></trkpt><trkpt lat="46.548920365516096" lon="7.8737702909857035"><ele>1792.5</ele></trkpt><trkpt lat="46.54899036511779" lon="7.873720290604979"><ele>1790.8999938964844</ele></trkpt><trkpt lat="46.54902036488056" lon="7.873700290452689"><ele>1789.6999816894531</ele></trkpt><trkpt lat="46.549070364795625" lon="7.873680290300399"><ele>1788.5999755859375</ele></trkpt><trkpt lat="46.54912036471069" lon="7.873680289834738"><ele>1788.0999755859375</ele></trkpt><trkpt lat="46.54917036462575" lon="7.873670290224254"><ele>1787.8999938964844</ele></trkpt><trkpt lat="46.549220364540815" lon="7.873630289919674"><ele>1787.0999755859375</ele></trkpt><trkpt lat="46.54923036461696" lon="7.873640289995819"><ele>1786.9499816894531</ele></trkpt><trkpt lat="46.54927036445588" lon="7.873650289606303"><ele>1786.3899841308594</ele></trkpt><trkpt lat="46.549280364532024" lon="7.873660289682448"><ele>1786.0</ele></trkpt><trkpt lat="46.54929036414251" lon="7.873700289521366"><ele>1785.5</ele></trkpt><trkpt lat="46.54929036414251" lon="7.873710289597511"><ele>1785.2599792480469</ele></trkpt><trkpt lat="46.54928036406636" lon="7.873720289673656"><ele>1784.8999938964844</ele></trkpt><trkpt lat="46.54929036414251" lon="7.87375028943643"><ele>1784.2999877929688</ele></trkpt><trkpt lat="46.54929036414251" lon="7.87375028943643"><ele>1784.3599853515625</ele></trkpt><trkpt lat="46.549330363981426" lon="7.87375028943643"><ele>1783.1899719238281</ele></trkpt><trkpt lat="46.54934036359191" lon="7.87375028943643"><ele>1782.7999877929688</ele></trkpt><trkpt lat="46.5493603637442" lon="7.87373028928414"><ele>1782.6999816894531</ele></trkpt><trkpt lat="46.54939036350697" lon="7.87371028913185"><ele>1782.2999877929688</ele></trkpt><trkpt lat="46.549480363726616" lon="7.87371028913185"><ele>1782.4199829101562</ele></trkpt><trkpt lat="46.54949036380276" lon="7.87371028913185"><ele>1782.2999877929688</ele></trkpt><trkpt lat="46.54953036410734" lon="7.87371028913185"><ele>1783.5899963378906</ele></trkpt><trkpt lat="46.54953036410734" lon="7.87371028913185"><ele>1783.5999755859375</ele></trkpt><trkpt lat="46.549540364183486" lon="7.873700289521366"><ele>1784.1099853515625</ele></trkpt><trkpt lat="46.549560364335775" lon="7.873670289758593"><ele>1785.0</ele></trkpt><trkpt lat="46.54957036441192" lon="7.873690289445221"><ele>1785.25</ele></trkpt><trkpt lat="46.54957036441192" lon="7.873740289825946"><ele>1785.6099853515625</ele></trkpt><trkpt lat="46.54957036441192" lon="7.873840289656073"><ele>1786.0999755859375</ele></trkpt><trkpt lat="46.549580364488065" lon="7.873880289960653"><ele>1787.0</ele></trkpt><trkpt lat="46.54959036456421" lon="7.873910290189087"><ele>1787.719970703125</ele></trkpt><trkpt lat="46.549600364640355" lon="7.873910290189087"><ele>1787.5999755859375</ele></trkpt><trkpt lat="46.549620364792645" lon="7.873910290189087"><ele>1787.5999755859375</ele></trkpt><trkpt lat="46.54963036486879" lon="7.873930289875716"><ele>1787.989990234375</ele></trkpt><trkpt lat="46.54963036486879" lon="7.873960290104151"><ele>1787.5999755859375</ele></trkpt><trkpt lat="46.5496103647165" lon="7.874030290171504"><ele>1787.8999938964844</ele></trkpt><trkpt lat="46.54958036495373" lon="7.874060290399939"><ele>1788.7699890136719</ele></trkpt><trkpt lat="46.54955036472529" lon="7.874090290162712"><ele>1788.8999938964844</ele></trkpt><trkpt lat="46.54953036503866" lon="7.874130290467292"><ele>1790.3199768066406</ele></trkpt><trkpt lat="46.54952036542818" lon="7.874140290543437"><ele>1790.1999816894531</ele></trkpt><trkpt lat="46.549510365352035" lon="7.874220290686935"><ele>1792.0999755859375</ele></trkpt><trkpt lat="46.549510365817696" lon="7.87427029106766"><ele>1792.9499816894531</ele></trkpt><trkpt lat="46.549510365817696" lon="7.874310290906578"><ele>1793.3999938964844</ele></trkpt><trkpt lat="46.549510365817696" lon="7.8743902910500765"><ele>1793.5999755859375</ele></trkpt><trkpt lat="46.549530365969986" lon="7.874430290888995"><ele>1794.0</ele></trkpt><trkpt lat="46.549550366122276" lon="7.874470291193575"><ele>1794.72998046875</ele></trkpt><trkpt lat="46.549550366122276" lon="7.87448029126972"><ele>1794.8199768066406</ele></trkpt><trkpt lat="46.549550366122276" lon="7.8744902913458645"><ele>1794.8199768066406</ele></trkpt><trkpt lat="46.549550366122276" lon="7.874610291328281"><ele>1794.969970703125</ele></trkpt><trkpt lat="46.549550366122276" lon="7.874620291404426"><ele>1795.3499755859375</ele></trkpt><trkpt lat="46.549550366122276" lon="7.8746602912433445"><ele>1795.4599914550781</ele></trkpt><trkpt lat="46.549550366122276" lon="7.874770291149616"><ele>1795.6999816894531</ele></trkpt><trkpt lat="46.54954036651179" lon="7.874850291293114"><ele>1796.0999755859375</ele></trkpt><trkpt lat="46.54949036659673" lon="7.8749402915127575"><ele>1796.5999755859375</ele></trkpt><trkpt lat="46.54949036659673" lon="7.874960291665047"><ele>1796.9299926757812</ele></trkpt><trkpt lat="46.54945036629215" lon="7.875080291647464"><ele>1796.3999938964844</ele></trkpt><trkpt lat="46.549420366529375" lon="7.875160291325301"><ele>1797.0899963378906</ele></trkpt><trkpt lat="46.549420366529375" lon="7.875180291477591"><ele>1797.0899963378906</ele></trkpt><trkpt lat="46.549420366529375" lon="7.875190291553736"><ele>1797.0899963378906</ele></trkpt><trkpt lat="46.54941036645323" lon="7.875250291544944"><ele>1796.6999816894531</ele></trkpt><trkpt lat="46.54941036645323" lon="7.875300291460007"><ele>1796.2999877929688</ele></trkpt><trkpt lat="46.549400366377085" lon="7.875330291222781"><ele>1795.6999816894531</ele></trkpt><trkpt lat="46.549380366224796" lon="7.875360291451216"><ele>1795.5099792480469</ele></trkpt><trkpt lat="46.549380366224796" lon="7.875370291527361"><ele>1795.5</ele></trkpt><trkpt lat="46.54935036599636" lon="7.875370291061699"><ele>1794.8999938964844</ele></trkpt><trkpt lat="46.54933036584407" lon="7.875390291213989"><ele>1794.1999816894531</ele></trkpt><trkpt lat="46.549320365767926" lon="7.875450291205198"><ele>1794.1999816894531</ele></trkpt><trkpt lat="46.54931036569178" lon="7.875550291035324"><ele>1793.6999816894531</ele></trkpt><trkpt lat="46.54927036585286" lon="7.875720290932804"><ele>1793.0999755859375</ele></trkpt><trkpt lat="46.54927036585286" lon="7.875780290924013"><ele>1793.22998046875</ele></trkpt><trkpt lat="46.54927036585286" lon="7.875780290924013"><ele>1792.7999877929688</ele></trkpt><trkpt lat="46.54927036585286" lon="7.875790291000158"><ele>1792.7899780273438</ele></trkpt><trkpt lat="46.54927036585286" lon="7.8758002910763025"><ele>1792.75</ele></trkpt><trkpt lat="46.54927036585286" lon="7.875820290762931"><ele>1792.6999816894531</ele></trkpt><trkpt lat="46.54923036554828" lon="7.8759802910499275"><ele>1792.3099975585938</ele></trkpt><trkpt lat="46.54922036547214" lon="7.876050290651619"><ele>1792.0</ele></trkpt><trkpt lat="46.54921036539599" lon="7.876100290566683"><ele>1791.7699890136719</ele></trkpt><trkpt lat="46.5491903652437" lon="7.876180290710181"><ele>1791.3899841308594</ele></trkpt><trkpt lat="46.54916036548093" lon="7.876280290540308"><ele>1791.0599975585938</ele></trkpt><trkpt lat="46.549150365404785" lon="7.876340290531516"><ele>1790.9099731445312</ele></trkpt><trkpt lat="46.549150365404785" lon="7.876370290759951"><ele>1790.7799987792969</ele></trkpt><trkpt lat="46.549150365404785" lon="7.876400290522724"><ele>1790.5999755859375</ele></trkpt><trkpt lat="46.54916036501527" lon="7.876440290361643"><ele>1789.6999816894531</ele></trkpt><trkpt lat="46.54917036509141" lon="7.876460290513933"><ele>1789.2099914550781</ele></trkpt><trkpt lat="46.5491803647019" lon="7.876500290352851"><ele>1788.8999938964844</ele></trkpt><trkpt lat="46.5491803647019" lon="7.876500290352851"><ele>1788.8999938964844</ele></trkpt><trkpt lat="46.5491803647019" lon="7.876500290352851"><ele>1788.8999938964844</ele></trkpt><trkpt lat="46.54916036501527" lon="7.8765602903440595"><ele>1788.7599792480469</ele></trkpt><trkpt lat="46.54916036501527" lon="7.876580290496349"><ele>1788.6999816894531</ele></trkpt><trkpt lat="46.54914036486298" lon="7.876600290182978"><ele>1788.6599731445312</ele></trkpt><trkpt lat="46.5491003645584" lon="7.876670290250331"><ele>1787.989990234375</ele></trkpt><trkpt lat="46.5491003645584" lon="7.876680290326476"><ele>1787.6899719238281</ele></trkpt><trkpt lat="46.549070364795625" lon="7.8767202901653945"><ele>1787.2999877929688</ele></trkpt><trkpt lat="46.549070364329964" lon="7.876770290080458"><ele>1786.7099914550781</ele></trkpt><trkpt lat="46.54906036425382" lon="7.876800289843231"><ele>1786.5599975585938</ele></trkpt><trkpt lat="46.54906036425382" lon="7.876820289995521"><ele>1786.5199890136719</ele></trkpt><trkpt lat="46.54906036425382" lon="7.876840290147811"><ele>1786.5799865722656</ele></trkpt><trkpt lat="46.549050364643335" lon="7.876840290147811"><ele>1786.5899963378906</ele></trkpt><trkpt lat="46.54904036456719" lon="7.876870289910585"><ele>1786.5</ele></trkpt><trkpt lat="46.54904036456719" lon="7.8769002901390195"><ele>1786.8199768066406</ele></trkpt><trkpt lat="46.54904036456719" lon="7.876920289825648"><ele>1786.5</ele></trkpt><trkpt lat="46.54904036456719" lon="7.876920289825648"><ele>1786.489990234375</ele></trkpt><trkpt lat="46.54904036456719" lon="7.876960290130228"><ele>1786.5199890136719</ele></trkpt><trkpt lat="46.549050364177674" lon="7.876980289816856"><ele>1786.1999816894531</ele></trkpt><trkpt lat="46.549050364177674" lon="7.877020289655775"><ele>1785.5899963378906</ele></trkpt><trkpt lat="46.549050364177674" lon="7.877020289655775"><ele>1785.5999755859375</ele></trkpt><trkpt lat="46.549030364025384" lon="7.877060289494693"><ele>1784.5999755859375</ele></trkpt><trkpt lat="46.54900036379695" lon="7.877100289333612"><ele>1784.0</ele></trkpt><trkpt lat="46.54900036379695" lon="7.877100289333612"><ele>1783.8999938964844</ele></trkpt><trkpt lat="46.548950363881886" lon="7.87716028932482"><ele>1783.1999816894531</ele></trkpt><trkpt lat="46.548950363881886" lon="7.877170289400965"><ele>1783.1899719238281</ele></trkpt><trkpt lat="46.548930363729596" lon="7.877230289392173"><ele>1783.0999755859375</ele></trkpt><trkpt lat="46.54890036350116" lon="7.877390289213508"><ele>1781.5999755859375</ele></trkpt><trkpt lat="46.548910363577306" lon="7.877440289128572"><ele>1781.1499938964844</ele></trkpt><trkpt lat="46.548910363111645" lon="7.877470288891345"><ele>1780.9399719238281</ele></trkpt><trkpt lat="46.548930363263935" lon="7.877560289110988"><ele>1780.0999755859375</ele></trkpt><trkpt lat="46.54892036318779" lon="7.877570288721472"><ele>1779.989990234375</ele></trkpt><trkpt lat="46.54892036318779" lon="7.877590288873762"><ele>1779.6999816894531</ele></trkpt><trkpt lat="46.5489003630355" lon="7.87763028871268"><ele>1779.6999816894531</ele></trkpt><trkpt lat="46.548890362959355" lon="7.87767028901726"><ele>1779.3699951171875</ele></trkpt><trkpt lat="46.548890362959355" lon="7.877690288703889"><ele>1778.1299743652344</ele></trkpt><trkpt lat="46.548890362493694" lon="7.877710288390517"><ele>1777.5999755859375</ele></trkpt><trkpt lat="46.54888036241755" lon="7.877750288229436"><ele>1776.3399963378906</ele></trkpt><trkpt lat="46.548870362341404" lon="7.877780287992209"><ele>1775.2999877929688</ele></trkpt><trkpt lat="46.54887036187574" lon="7.877820287831128"><ele>1773.9599914550781</ele></trkpt><trkpt lat="46.5488603617996" lon="7.8778402879834175"><ele>1773.0999755859375</ele></trkpt><trkpt lat="46.5488603617996" lon="7.8778502880595624"><ele>1772.9499816894531</ele></trkpt><trkpt lat="46.54884036164731" lon="7.877890287898481"><ele>1772.5799865722656</ele></trkpt><trkpt lat="46.54884036164731" lon="7.877890287898481"><ele>1772.5</ele></trkpt><trkpt lat="46.54884036164731" lon="7.877920287661254"><ele>1772.0799865722656</ele></trkpt><trkpt lat="46.54883036157116" lon="7.877930287737399"><ele>1772.1999816894531</ele></trkpt><trkpt lat="46.54885036125779" lon="7.877960287500173"><ele>1771.5</ele></trkpt><trkpt lat="46.54887036141008" lon="7.877960287500173"><ele>1771.1499938964844</ele></trkpt><trkpt lat="46.548880361486226" lon="7.877960287500173"><ele>1770.8899841308594</ele></trkpt><trkpt lat="46.548900361172855" lon="7.877960287500173"><ele>1770.3899841308594</ele></trkpt><trkpt lat="46.548900361172855" lon="7.877960287500173"><ele>1770.5699768066406</ele></trkpt><trkpt lat="46.548920361325145" lon="7.877960287500173"><ele>1769.9599914550781</ele></trkpt><trkpt lat="46.548920361325145" lon="7.877960287500173"><ele>1770.0999755859375</ele></trkpt><trkpt lat="46.54893036093563" lon="7.877960287500173"><ele>1769.8799743652344</ele></trkpt><trkpt lat="46.54894036101177" lon="7.877980287186801"><ele>1769.9199829101562</ele></trkpt><trkpt lat="46.54895036108792" lon="7.878010287415236"><ele>1769.3999938964844</ele></trkpt><trkpt lat="46.54895036108792" lon="7.878010287415236"><ele>1769.3499755859375</ele></trkpt><trkpt lat="46.54895036108792" lon="7.878020287491381"><ele>1769.1999816894531</ele></trkpt><trkpt lat="46.54894036054611" lon="7.878080287016928"><ele>1768.0</ele></trkpt><trkpt lat="46.54894036054611" lon="7.878130286931992"><ele>1767.25</ele></trkpt><trkpt lat="46.54894036054611" lon="7.8781402870081365"><ele>1767.0</ele></trkpt><trkpt lat="46.54895036062226" lon="7.87817028677091"><ele>1766.8299865722656</ele></trkpt><trkpt lat="46.54896036023274" lon="7.878230286762118"><ele>1766.5</ele></trkpt><trkpt lat="46.548990359995514" lon="7.878290286753327"><ele>1765.0699768066406</ele></trkpt><trkpt lat="46.54900036007166" lon="7.878300286829472"><ele>1765.2999877929688</ele></trkpt><trkpt lat="46.54900036007166" lon="7.878330286592245"><ele>1764.3999938964844</ele></trkpt><trkpt lat="46.548990359995514" lon="7.8783702864311635"><ele>1763.8899841308594</ele></trkpt><trkpt lat="46.54898035991937" lon="7.878430286422372"><ele>1764.8599853515625</ele></trkpt><trkpt lat="46.54898035991937" lon="7.878440286498517"><ele>1764.8999938964844</ele></trkpt><trkpt lat="46.548970360308886" lon="7.878470286726952"><ele>1764.8199768066406</ele></trkpt><trkpt lat="46.548970359843224" lon="7.8785502864047885"><ele>1764.5999755859375</ele></trkpt><trkpt lat="46.548970359843224" lon="7.878560286480933"><ele>1764.5999755859375</ele></trkpt><trkpt lat="46.54898035991937" lon="7.878590286709368"><ele>1764.5999755859375</ele></trkpt><trkpt lat="46.548990359995514" lon="7.878640286624432"><ele>1764.5999755859375</ele></trkpt><trkpt lat="46.54898035991937" lon="7.8786502867005765"><ele>1764.5799865722656</ele></trkpt><trkpt lat="46.548970359843224" lon="7.878710286691785"><ele>1764.5799865722656</ele></trkpt><trkpt lat="46.548970359843224" lon="7.878730286378413"><ele>1764.3899841308594</ele></trkpt><trkpt lat="46.548970359843224" lon="7.878750286530703"><ele>1764.1499938964844</ele></trkpt><trkpt lat="46.548970359843224" lon="7.878770286217332"><ele>1763.7999877929688</ele></trkpt><trkpt lat="46.54898035991937" lon="7.878800286445767"><ele>1762.8199768066406</ele></trkpt><trkpt lat="46.54899035952985" lon="7.878820286132395"><ele>1762.1299743652344</ele></trkpt><trkpt lat="46.54899035952985" lon="7.878820286132395"><ele>1762.1999816894531</ele></trkpt><trkpt lat="46.549000359606" lon="7.878880286123604"><ele>1761.1599731445312</ele></trkpt><trkpt lat="46.54900035914034" lon="7.878900285810232"><ele>1760.8499755859375</ele></trkpt><trkpt lat="46.54901035921648" lon="7.8789502857252955"><ele>1759.5199890136719</ele></trkpt><trkpt lat="46.54903035890311" lon="7.878990285564214"><ele>1759.5699768066406</ele></trkpt><trkpt lat="46.5490503590554" lon="7.879040285944939"><ele>1760.5</ele></trkpt><trkpt lat="46.549060359131545" lon="7.879120286088437"><ele>1760.3999938964844</ele></trkpt><trkpt lat="46.54907035920769" lon="7.8791702860035"><ele>1760.4599914550781</ele></trkpt><trkpt lat="46.54907035920769" lon="7.879200285766274"><ele>1760.5</ele></trkpt><trkpt lat="46.54907035920769" lon="7.879250286146998"><ele>1760.7799987792969</ele></trkpt><trkpt lat="46.54907035920769" lon="7.879280285909772"><ele>1761.0</ele></trkpt><trkpt lat="46.549040359444916" lon="7.87938028620556"><ele>1761.6599731445312</ele></trkpt><trkpt lat="46.54902035975829" lon="7.879460286349058"><ele>1762.0999755859375</ele></trkpt><trkpt lat="46.548970359843224" lon="7.87959028640762"><ele>1764.0999755859375</ele></trkpt><trkpt lat="46.54896036023274" lon="7.8796202866360545"><ele>1764.3099975585938</ele></trkpt><trkpt lat="46.54894036008045" lon="7.879650286398828"><ele>1764.5999755859375</ele></trkpt><trkpt lat="46.54891036031768" lon="7.879720286931843"><ele>1765.9499816894531</ele></trkpt><trkpt lat="46.54890036024153" lon="7.879750286694616"><ele>1766.4499816894531</ele></trkpt><trkpt lat="46.54887036047876" lon="7.879800287075341"><ele>1767.5</ele></trkpt><trkpt lat="46.54887036047876" lon="7.879820287227631"><ele>1767.1399841308594</ele></trkpt><trkpt lat="46.54887036047876" lon="7.879830286838114"><ele>1767.219970703125</ele></trkpt><trkpt lat="46.54887036047876" lon="7.879850286990404"><ele>1766.9499816894531</ele></trkpt><trkpt lat="46.548860360402614" lon="7.879890286829323"><ele>1766.6999816894531</ele></trkpt><trkpt lat="46.548860360402614" lon="7.879970286972821"><ele>1765.8399963378906</ele></trkpt><trkpt lat="46.548860360402614" lon="7.880020286887884"><ele>1765.5</ele></trkpt><trkpt lat="46.54886035993695" lon="7.880060286726803"><ele>1765.1199951171875</ele></trkpt><trkpt lat="46.54886035993695" lon="7.880150286480784"><ele>1764.3999938964844</ele></trkpt><trkpt lat="46.54889036016539" lon="7.880200286861509"><ele>1764.6999816894531</ele></trkpt><trkpt lat="46.54889036016539" lon="7.8802402867004275"><ele>1764.25</ele></trkpt><trkpt lat="46.548890359699726" lon="7.880280286539346"><ele>1763.8599853515625</ele></trkpt><trkpt lat="46.548890359699726" lon="7.880290286615491"><ele>1763.8399963378906</ele></trkpt><trkpt lat="46.548890359699726" lon="7.880330286454409"><ele>1763.5499877929688</ele></trkpt><trkpt lat="46.54890035977587" lon="7.880430286284536"><ele>1763.1299743652344</ele></trkpt><trkpt lat="46.548910359852016" lon="7.8804802861995995"><ele>1762.8999938964844</ele></trkpt><trkpt lat="46.548890359699726" lon="7.880540286190808"><ele>1762.0</ele></trkpt><trkpt lat="46.54888035962358" lon="7.880590286105871"><ele>1761.8199768066406</ele></trkpt><trkpt lat="46.54888035962358" lon="7.880630286410451"><ele>1761.6599731445312</ele></trkpt><trkpt lat="46.548890359234065" lon="7.880680286325514"><ele>1761.5999755859375</ele></trkpt><trkpt lat="46.54892035899684" lon="7.880910286214203"><ele>1760.3999938964844</ele></trkpt><trkpt lat="46.54893035907298" lon="7.880950286053121"><ele>1760.1499938964844</ele></trkpt><trkpt lat="46.54893035907298" lon="7.8810002859681845"><ele>1759.6999816894531</ele></trkpt><trkpt lat="46.54894035914913" lon="7.881010286044329"><ele>1759.8299865722656</ele></trkpt><trkpt lat="46.54896035930142" lon="7.881050285883248"><ele>1759.6199951171875</ele></trkpt><trkpt lat="46.5489703589119" lon="7.881060285959393"><ele>1759.5999755859375</ele></trkpt><trkpt lat="46.54901035921648" lon="7.881130286026746"><ele>1759.5999755859375</ele></trkpt><trkpt lat="46.54903035890311" lon="7.8811602857895195"><ele>1759.719970703125</ele></trkpt><trkpt lat="46.54907035920769" lon="7.881230285856873"><ele>1759.3499755859375</ele></trkpt><trkpt lat="46.54909035889432" lon="7.881260286085308"><ele>1759.6299743652344</ele></trkpt><trkpt lat="46.5491303591989" lon="7.881300285924226"><ele>1759.5999755859375</ele></trkpt><trkpt lat="46.54914035927504" lon="7.8813402857631445"><ele>1759.489990234375</ele></trkpt><trkpt lat="46.54915035888553" lon="7.881350285839289"><ele>1759.5899963378906</ele></trkpt><trkpt lat="46.54920035880059" lon="7.881490285973996"><ele>1759.2599792480469</ele></trkpt><trkpt lat="46.54922035895288" lon="7.881520285736769"><ele>1759.2999877929688</ele></trkpt><trkpt lat="46.54922035895288" lon="7.881570285651833"><ele>1759.1499938964844</ele></trkpt><trkpt lat="46.54922035895288" lon="7.881570285651833"><ele>1759.3599853515625</ele></trkpt><trkpt lat="46.549230359029025" lon="7.8816102859564126"><ele>1759.0</ele></trkpt><trkpt lat="46.54925035871565" lon="7.881670285947621"><ele>1758.8399963378906</ele></trkpt><trkpt lat="46.54927035886794" lon="7.881720285862684"><ele>1758.6999816894531</ele></trkpt><trkpt lat="46.54928035894409" lon="7.881740285549313"><ele>1758.5299987792969</ele></trkpt><trkpt lat="46.54928035894409" lon="7.881750285625458"><ele>1758.7599792480469</ele></trkpt><trkpt lat="46.54928035894409" lon="7.881760285701603"><ele>1758.3999938964844</ele></trkpt><trkpt lat="46.54927035840228" lon="7.8818602855317295"><ele>1757.1999816894531</ele></trkpt><trkpt lat="46.54927035840228" lon="7.881870285607874"><ele>1757.0399780273438</ele></trkpt><trkpt lat="46.54927035840228" lon="7.881870285607874"><ele>1756.97998046875</ele></trkpt><trkpt lat="46.54927035840228" lon="7.881890285294503"><ele>1756.9099731445312</ele></trkpt><trkpt lat="46.54927035840228" lon="7.881900285370648"><ele>1756.7699890136719</ele></trkpt><trkpt lat="46.54927035840228" lon="7.881900285370648"><ele>1756.7999877929688</ele></trkpt><trkpt lat="46.54927035840228" lon="7.881910285446793"><ele>1756.6599731445312</ele></trkpt><trkpt lat="46.54928035847843" lon="7.881930285599083"><ele>1756.5</ele></trkpt><trkpt lat="46.54928035847843" lon="7.881960285361856"><ele>1756.3199768066406</ele></trkpt><trkpt lat="46.54929035855457" lon="7.881990285590291"><ele>1756.0999755859375</ele></trkpt><trkpt lat="46.54930035863072" lon="7.8820202853530645"><ele>1756.2899780273438</ele></trkpt><trkpt lat="46.54930035863072" lon="7.8820302854292095"><ele>1756.25</ele></trkpt><trkpt lat="46.549300358165056" lon="7.8820302854292095"><ele>1755.989990234375</ele></trkpt><trkpt lat="46.549300358165056" lon="7.882060285191983"><ele>1755.8999938964844</ele></trkpt><trkpt lat="46.549320358317345" lon="7.882070285268128"><ele>1755.72998046875</ele></trkpt><trkpt lat="46.549320358317345" lon="7.882080285344273"><ele>1755.8299865722656</ele></trkpt><trkpt lat="46.54933035839349" lon="7.882080285344273"><ele>1755.6299743652344</ele></trkpt><trkpt lat="46.54933035839349" lon="7.882090285420418"><ele>1755.75</ele></trkpt><trkpt lat="46.54933035839349" lon="7.882090285420418"><ele>1755.719970703125</ele></trkpt><trkpt lat="46.549340358469635" lon="7.882090285420418"><ele>1755.6099853515625</ele></trkpt><trkpt lat="46.54935035808012" lon="7.882110285107046"><ele>1755.2999877929688</ele></trkpt><trkpt lat="46.54935035808012" lon="7.882110285107046"><ele>1755.22998046875</ele></trkpt><trkpt lat="46.549340358003974" lon="7.882150284945965"><ele>1754.5</ele></trkpt><trkpt lat="46.549340358003974" lon="7.88216028502211"><ele>1753.9499816894531</ele></trkpt><trkpt lat="46.549340358003974" lon="7.8821802851744"><ele>1753.3799743652344</ele></trkpt><trkpt lat="46.549340358003974" lon="7.882180284708738"><ele>1753.25</ele></trkpt><trkpt lat="46.5493603576906" lon="7.882200284861028"><ele>1752.7999877929688</ele></trkpt><trkpt lat="46.549390357453376" lon="7.882230284623802"><ele>1752.4399719238281</ele></trkpt><trkpt lat="46.54940035752952" lon="7.882240284699947"><ele>1751.8399963378906</ele></trkpt><trkpt lat="46.54940035752952" lon="7.882240284699947"><ele>1751.47998046875</ele></trkpt><trkpt lat="46.549410357605666" lon="7.882250284776092"><ele>1751.1999816894531</ele></trkpt><trkpt lat="46.54942035721615" lon="7.88227028446272"><ele>1750.7699890136719</ele></trkpt><trkpt lat="46.54942035721615" lon="7.88227028446272"><ele>1750.739990234375</ele></trkpt><trkpt lat="46.54947035713121" lon="7.882340284064412"><ele>1748.7999877929688</ele></trkpt><trkpt lat="46.54947035713121" lon="7.882350284140557"><ele>1748.6999816894531</ele></trkpt><trkpt lat="46.54947035713121" lon="7.882370284292847"><ele>1748.7999877929688</ele></trkpt><trkpt lat="46.54947035666555" lon="7.88240028405562"><ele>1748.1499938964844</ele></trkpt><trkpt lat="46.54947035666555" lon="7.88242028420791"><ele>1747.8999938964844</ele></trkpt><trkpt lat="46.54946035658941" lon="7.882460284046829"><ele>1747.2999877929688</ele></trkpt><trkpt lat="46.54946035658941" lon="7.882480283733457"><ele>1747.0599975585938</ele></trkpt><trkpt lat="46.54947035666555" lon="7.882500283885747"><ele>1746.719970703125</ele></trkpt><trkpt lat="46.54947035666555" lon="7.882510283961892"><ele>1746.6299743652344</ele></trkpt><trkpt lat="46.549480356276035" lon="7.882530283648521"><ele>1746.3999938964844</ele></trkpt><trkpt lat="46.549500356428325" lon="7.882540283724666"><ele>1746.3399963378906</ele></trkpt><trkpt lat="46.54951035650447" lon="7.882550283800811"><ele>1746.2999877929688</ele></trkpt><trkpt lat="46.54953035665676" lon="7.882580284029245"><ele>1746.25</ele></trkpt><trkpt lat="46.54956035641953" lon="7.882630283944309"><ele>1745.9399719238281</ele></trkpt><trkpt lat="46.54956035641953" lon="7.882630283944309"><ele>1745.8999938964844</ele></trkpt><trkpt lat="46.54956035641953" lon="7.882650283630937"><ele>1745.5999755859375</ele></trkpt><trkpt lat="46.54956035641953" lon="7.882670283783227"><ele>1745.4599914550781</ele></trkpt><trkpt lat="46.54956035641953" lon="7.882680283859372"><ele>1745.239990234375</ele></trkpt><trkpt lat="46.54956035595387" lon="7.882700283546001"><ele>1745.0</ele></trkpt><trkpt lat="46.54956035595387" lon="7.882720283698291"><ele>1744.9199829101562</ele></trkpt><trkpt lat="46.54955035587773" lon="7.882740283384919"><ele>1744.5999755859375</ele></trkpt><trkpt lat="46.54956035595387" lon="7.882780283689499"><ele>1744.3999938964844</ele></trkpt><trkpt lat="46.54957035603002" lon="7.882790283765644"><ele>1744.3399963378906</ele></trkpt><trkpt lat="46.54959035618231" lon="7.882830283604562"><ele>1744.2999877929688</ele></trkpt><trkpt lat="46.549610355868936" lon="7.882850283756852"><ele>1744.2999877929688</ele></trkpt><trkpt lat="46.54966035624966" lon="7.8829102837480605"><ele>1744.5</ele></trkpt><trkpt lat="46.549670355860144" lon="7.8829102837480605"><ele>1744.3999938964844</ele></trkpt><trkpt lat="46.549690356012434" lon="7.882920283358544"><ele>1744.2999877929688</ele></trkpt><trkpt lat="46.54970035608858" lon="7.882920283358544"><ele>1744.1399841308594</ele></trkpt><trkpt lat="46.549710356164724" lon="7.882920283358544"><ele>1744.0499877929688</ele></trkpt><trkpt lat="46.54972035577521" lon="7.882920283358544"><ele>1743.9299926757812</ele></trkpt><trkpt lat="46.54973035585135" lon="7.882920283358544"><ele>1743.8599853515625</ele></trkpt><trkpt lat="46.54973035585135" lon="7.882920283358544"><ele>1743.7799987792969</ele></trkpt><trkpt lat="46.5497403559275" lon="7.882920283358544"><ele>1743.6999816894531</ele></trkpt><trkpt lat="46.54975035600364" lon="7.882930283434689"><ele>1743.5699768066406</ele></trkpt><trkpt lat="46.54977035569027" lon="7.882960283197463"><ele>1742.8999938964844</ele></trkpt><trkpt lat="46.54977035569027" lon="7.883030283264816"><ele>1742.0</ele></trkpt><trkpt lat="46.549780355300754" lon="7.883090283256024"><ele>1741.25</ele></trkpt><trkpt lat="46.5497903553769" lon="7.883160282857716"><ele>1740.2999877929688</ele></trkpt><trkpt lat="46.54979035491124" lon="7.8832002826966345"><ele>1739.6699829101562</ele></trkpt><trkpt lat="46.54979035491124" lon="7.883220282848924"><ele>1739.4199829101562</ele></trkpt><trkpt lat="46.54980035498738" lon="7.883260282687843"><ele>1738.7599792480469</ele></trkpt><trkpt lat="46.54980035452172" lon="7.883310282602906"><ele>1737.6999816894531</ele></trkpt><trkpt lat="46.54980035452172" lon="7.883390282280743"><ele>1736.5999755859375</ele></trkpt><trkpt lat="46.54982035420835" lon="7.883460282348096"><ele>1735.989990234375</ele></trkpt><trkpt lat="46.549850353971124" lon="7.883600282017142"><ele>1734.6799926757812</ele></trkpt><trkpt lat="46.54986035404727" lon="7.883630281779915"><ele>1734.3899841308594</ele></trkpt><trkpt lat="46.54989035381004" lon="7.883750281762332"><ele>1732.8399963378906</ele></trkpt><trkpt lat="46.54989035381004" lon="7.883760281838477"><ele>1732.7999877929688</ele></trkpt><trkpt lat="46.54989035381004" lon="7.883760281838477"><ele>1732.7799987792969</ele></trkpt><trkpt lat="46.54989035381004" lon="7.883770281914622"><ele>1733.0699768066406</ele></trkpt><trkpt lat="46.5498803537339" lon="7.883800281677395"><ele>1732.2999877929688</ele></trkpt><trkpt lat="46.54987035365775" lon="7.883820281829685"><ele>1732.0399780273438</ele></trkpt><trkpt lat="46.54987035365775" lon="7.883820281829685"><ele>1732.0</ele></trkpt><trkpt lat="46.54987035365775" lon="7.8838502815924585"><ele>1731.5</ele></trkpt><trkpt lat="46.549880353268236" lon="7.883870281279087"><ele>1731.1099853515625</ele></trkpt><trkpt lat="46.549880353268236" lon="7.883890281431377"><ele>1730.8999938964844</ele></trkpt><trkpt lat="46.549900353420526" lon="7.883900281507522"><ele>1730.8999938964844</ele></trkpt><trkpt lat="46.54991035349667" lon="7.883900281507522"><ele>1730.3999938964844</ele></trkpt><trkpt lat="46.549920353107154" lon="7.883910281583667"><ele>1730.2099914550781</ele></trkpt><trkpt lat="46.549920353107154" lon="7.8839202811941504"><ele>1730.3599853515625</ele></trkpt><trkpt lat="46.54995035333559" lon="7.88394028134644"><ele>1729.6099853515625</ele></trkpt><trkpt lat="46.54995035333559" lon="7.88394028134644"><ele>1729.8299865722656</ele></trkpt><trkpt lat="46.54995035286993" lon="7.883950281422585"><ele>1729.5</ele></trkpt><trkpt lat="46.54995035286993" lon="7.883950281422585"><ele>1729.5099792480469</ele></trkpt><trkpt lat="46.550030352547765" lon="7.8840802810154855"><ele>1727.7999877929688</ele></trkpt><trkpt lat="46.550070352852345" lon="7.884150281082839"><ele>1727.989990234375</ele></trkpt><trkpt lat="46.550070352852345" lon="7.884150281082839"><ele>1727.9499816894531</ele></trkpt><trkpt lat="46.550090353004634" lon="7.884180280845612"><ele>1728.0899963378906</ele></trkpt><trkpt lat="46.55013035284355" lon="7.884240281302482"><ele>1728.2999877929688</ele></trkpt><trkpt lat="46.55023035267368" lon="7.884330281056464"><ele>1728.1399841308594</ele></trkpt><trkpt lat="46.55051035247743" lon="7.884610280860215"><ele>1726.739990234375</ele></trkpt><trkpt lat="46.550540352705866" lon="7.884630281012505"><ele>1726.5</ele></trkpt><trkpt lat="46.55064035253599" lon="7.884740280453116"><ele>1725.5</ele></trkpt><trkpt lat="46.55066035222262" lon="7.8847702806815505"><ele>1725.1399841308594</ele></trkpt><trkpt lat="46.550670352298766" lon="7.884790280368179"><ele>1724.6999816894531</ele></trkpt><trkpt lat="46.55070035206154" lon="7.884860280435532"><ele>1724.0999755859375</ele></trkpt><trkpt lat="46.55070035206154" lon="7.884870280511677"><ele>1724.0099792480469</ele></trkpt><trkpt lat="46.5507503519766" lon="7.884920280426741"><ele>1723.3499755859375</ele></trkpt><trkpt lat="46.55077035166323" lon="7.884940280113369"><ele>1723.0999755859375</ele></trkpt><trkpt lat="46.55078035173938" lon="7.884960280265659"><ele>1722.7599792480469</ele></trkpt><trkpt lat="46.55079035181552" lon="7.884980280417949"><ele>1722.5999755859375</ele></trkpt><trkpt lat="46.55081035150215" lon="7.8850102801807225"><ele>1722.0799865722656</ele></trkpt><trkpt lat="46.550820351578295" lon="7.885030279867351"><ele>1721.7999877929688</ele></trkpt><trkpt lat="46.55083035165444" lon="7.885040279943496"><ele>1721.5999755859375</ele></trkpt><trkpt lat="46.550840351730585" lon="7.885050280019641"><ele>1721.5</ele></trkpt><trkpt lat="46.55087035149336" lon="7.885070280171931"><ele>1721.3699951171875</ele></trkpt><trkpt lat="46.55089035164565" lon="7.885080279782414"><ele>1721.0</ele></trkpt><trkpt lat="46.55092035140842" lon="7.885130280163139"><ele>1720.8399963378906</ele></trkpt><trkpt lat="46.55093035148457" lon="7.885140279773623"><ele>1720.6199951171875</ele></trkpt><trkpt lat="46.55094035109505" lon="7.885160279925913"><ele>1720.3999938964844</ele></trkpt><trkpt lat="46.550970351323485" lon="7.885190279688686"><ele>1719.8999938964844</ele></trkpt><trkpt lat="46.550990351010114" lon="7.8851702800020576"><ele>1719.9599914550781</ele></trkpt><trkpt lat="46.55100035108626" lon="7.885150279849768"><ele>1719.2999877929688</ele></trkpt><trkpt lat="46.55105035100132" lon="7.885100279469043"><ele>1718.75</ele></trkpt><trkpt lat="46.55106035107747" lon="7.885080279782414"><ele>1718.8099975585938</ele></trkpt><trkpt lat="46.55107035115361" lon="7.885080279782414"><ele>1718.7999877929688</ele></trkpt><trkpt lat="46.55109035084024" lon="7.885060279630125"><ele>1718.4099731445312</ele></trkpt><trkpt lat="46.551160350907594" lon="7.88503027940169"><ele>1717.6999816894531</ele></trkpt><trkpt lat="46.551270350813866" lon="7.884990279562771"><ele>1717.1299743652344</ele></trkpt><trkpt lat="46.55138035072014" lon="7.884950279258192"><ele>1716.5499877929688</ele></trkpt><trkpt lat="46.551460350397974" lon="7.884920279029757"><ele>1716.0</ele></trkpt><trkpt lat="46.55147035047412" lon="7.884920279029757"><ele>1715.9299926757812</ele></trkpt><trkpt lat="46.551480350550264" lon="7.884920279029757"><ele>1715.8899841308594</ele></trkpt><trkpt lat="46.55150035023689" lon="7.884920279029757"><ele>1715.7999877929688</ele></trkpt><trkpt lat="46.551570350304246" lon="7.884870279114693"><ele>1715.469970703125</ele></trkpt><trkpt lat="46.551590350456536" lon="7.8848502789624035"><ele>1715.3599853515625</ele></trkpt><trkpt lat="46.55162035021931" lon="7.884840278886259"><ele>1714.8599853515625</ele></trkpt><trkpt lat="46.55162035021931" lon="7.884840278886259"><ele>1714.7999877929688</ele></trkpt><trkpt lat="46.55168035021052" lon="7.8848502789624035"><ele>1714.6999816894531</ele></trkpt><trkpt lat="46.55170035036281" lon="7.884870279114693"><ele>1714.5999755859375</ele></trkpt><trkpt lat="46.55171034997329" lon="7.884870279114693"><ele>1714.6399841308594</ele></trkpt><trkpt lat="46.55175035027787" lon="7.884890278801322"><ele>1714.3999938964844</ele></trkpt><trkpt lat="46.551780350040644" lon="7.884890278801322"><ele>1714.5999755859375</ele></trkpt><trkpt lat="46.55181035026908" lon="7.8848602790385485"><ele>1714.3999938964844</ele></trkpt><trkpt lat="46.55183034995571" lon="7.884840278886259"><ele>1714.3099975585938</ele></trkpt><trkpt lat="46.55183034995571" lon="7.884840278886259"><ele>1714.2999877929688</ele></trkpt><trkpt lat="46.55186035018414" lon="7.88480027904734"><ele>1714.2999877929688</ele></trkpt><trkpt lat="46.55192035017535" lon="7.884790278971195"><ele>1713.6999816894531</ele></trkpt><trkpt lat="46.55196035001427" lon="7.884770278818905"><ele>1713.0499877929688</ele></trkpt><trkpt lat="46.5519803497009" lon="7.8847502786666155"><ele>1712.5999755859375</ele></trkpt><trkpt lat="46.55199034977704" lon="7.8847402785904706"><ele>1712.5399780273438</ele></trkpt><trkpt lat="46.55203034961596" lon="7.884690278675407"><ele>1712.0999755859375</ele></trkpt><trkpt lat="46.55213034944609" lon="7.884620278142393"><ele>1711.0</ele></trkpt><trkpt lat="46.55217034928501" lon="7.884610278531909"><ele>1710.8999938964844</ele></trkpt><trkpt lat="46.552190349437296" lon="7.884610278531909"><ele>1710.6399841308594</ele></trkpt><trkpt lat="46.55222034966573" lon="7.884620278142393"><ele>1710.8099975585938</ele></trkpt><trkpt lat="46.552230349276215" lon="7.884620278142393"><ele>1710.7999877929688</ele></trkpt><trkpt lat="46.55224034935236" lon="7.884620278142393"><ele>1710.5</ele></trkpt><trkpt lat="46.55226034950465" lon="7.884620278142393"><ele>1710.3999938964844</ele></trkpt><trkpt lat="46.55227034911513" lon="7.884650278370827"><ele>1710.1699829101562</ele></trkpt><trkpt lat="46.55229034926742" lon="7.884680278133601"><ele>1710.0</ele></trkpt><trkpt lat="46.55230034934357" lon="7.884680278133601"><ele>1710.0099792480469</ele></trkpt><trkpt lat="46.55232034949586" lon="7.884700278285891"><ele>1709.9599914550781</ele></trkpt><trkpt lat="46.55235034925863" lon="7.884710278362036"><ele>1709.8399963378906</ele></trkpt><trkpt lat="46.55237034941092" lon="7.884720278438181"><ele>1710.0</ele></trkpt><trkpt lat="46.55239034909755" lon="7.8847102778963745"><ele>1709.4399719238281</ele></trkpt><trkpt lat="46.552400349173695" lon="7.884700278285891"><ele>1709.5</ele></trkpt><trkpt lat="46.552400349173695" lon="7.884700278285891"><ele>1709.4299926757812</ele></trkpt><trkpt lat="46.55243034893647" lon="7.884680278133601"><ele>1709.0999755859375</ele></trkpt><trkpt lat="46.55245034908876" lon="7.884640277829021"><ele>1708.969970703125</ele></trkpt><trkpt lat="46.5524603491649" lon="7.884630278218538"><ele>1708.8999938964844</ele></trkpt><trkpt lat="46.55248034885153" lon="7.884610278066248"><ele>1708.5399780273438</ele></trkpt><trkpt lat="46.55251034907997" lon="7.884600277990103"><ele>1708.5999755859375</ele></trkpt><trkpt lat="46.55256034899503" lon="7.884610278066248"><ele>1708.2999877929688</ele></trkpt><trkpt lat="46.5525903487578" lon="7.884610278066248"><ele>1708.0</ele></trkpt><trkpt lat="46.55260034883395" lon="7.884610278066248"><ele>1708.2999877929688</ele></trkpt><trkpt lat="46.55266034882516" lon="7.884620277676731"><ele>1707.6199951171875</ele></trkpt><trkpt lat="46.55269034858793" lon="7.884630277752876"><ele>1707.3999938964844</ele></trkpt><trkpt lat="46.55269034858793" lon="7.884630277752876"><ele>1707.0</ele></trkpt><trkpt lat="46.55269034858793" lon="7.884630277752876"><ele>1707.219970703125</ele></trkpt><trkpt lat="46.552720348350704" lon="7.884650277439505"><ele>1706.3999938964844</ele></trkpt><trkpt lat="46.55276034865528" lon="7.884720277506858"><ele>1706.1999816894531</ele></trkpt><trkpt lat="46.55277034873143" lon="7.884740277659148"><ele>1706.5199890136719</ele></trkpt><trkpt lat="46.55277034873143" lon="7.884740277659148"><ele>1706.5799865722656</ele></trkpt><trkpt lat="46.55279034888372" lon="7.884760277811438"><ele>1706.7699890136719</ele></trkpt><trkpt lat="46.5528003484942" lon="7.884800277650356"><ele>1706.5999755859375</ele></trkpt><trkpt lat="46.55283034872264" lon="7.884820277802646"><ele>1706.1099853515625</ele></trkpt><trkpt lat="46.55284034833312" lon="7.884820277802646"><ele>1706.0</ele></trkpt><trkpt lat="46.552850348409265" lon="7.884840277489275"><ele>1706.0</ele></trkpt><trkpt lat="46.552870348561555" lon="7.884890277404338"><ele>1706.0</ele></trkpt><trkpt lat="46.552890348713845" lon="7.884920277632773"><ele>1705.9199829101562</ele></trkpt><trkpt lat="46.55299034854397" lon="7.885110277682543"><ele>1705.0999755859375</ele></trkpt><trkpt lat="46.5530103482306" lon="7.885160277597606"><ele>1705.219970703125</ele></trkpt><trkpt lat="46.55303034838289" lon="7.885200277436525"><ele>1705.0999755859375</ele></trkpt><trkpt lat="46.55303034838289" lon="7.885230277664959"><ele>1705.239990234375</ele></trkpt><trkpt lat="46.553040348459035" lon="7.885270277503878"><ele>1705.5</ele></trkpt><trkpt lat="46.55305034853518" lon="7.885330277495086"><ele>1705.6799926757812</ele></trkpt><trkpt lat="46.553060348611325" lon="7.885370277799666"><ele>1705.7999877929688</ele></trkpt><trkpt lat="46.55311034852639" lon="7.885470277629793"><ele>1705.7999877929688</ele></trkpt><trkpt lat="46.55313034867868" lon="7.885500277392566"><ele>1705.8999938964844</ele></trkpt><trkpt lat="46.55315034836531" lon="7.885530277621001"><ele>1706.0</ele></trkpt><trkpt lat="46.55320034874603" lon="7.8855702774599195"><ele>1706.0</ele></trkpt><trkpt lat="46.55321034882218" lon="7.885580278001726"><ele>1707.0099792480469</ele></trkpt><trkpt lat="46.553230348508805" lon="7.885590277612209"><ele>1706.9399719238281</ele></trkpt><trkpt lat="46.55328034842387" lon="7.885640277527273"><ele>1706.1999816894531</ele></trkpt><trkpt lat="46.55329034850001" lon="7.885660277679563"><ele>1706.4099731445312</ele></trkpt><trkpt lat="46.55329034850001" lon="7.885680277831852"><ele>1706.5</ele></trkpt><trkpt lat="46.5533103486523" lon="7.885720277670771"><ele>1706.5599975585938</ele></trkpt><trkpt lat="46.55332034872845" lon="7.885750277899206"><ele>1706.5999755859375</ele></trkpt><trkpt lat="46.55335034849122" lon="7.885880277957767"><ele>1706.8999938964844</ele></trkpt><trkpt lat="46.55335034849122" lon="7.885900277644396"><ele>1706.8799743652344</ele></trkpt><trkpt lat="46.55338034871966" lon="7.885950277559459"><ele>1706.8999938964844</ele></trkpt><trkpt lat="46.553400348406285" lon="7.886040277779102"><ele>1706.4099731445312</ele></trkpt><trkpt lat="46.553400348406285" lon="7.886040277779102"><ele>1706.3999938964844</ele></trkpt><trkpt lat="46.553400348406285" lon="7.886050277855247"><ele>1706.2999877929688</ele></trkpt><trkpt lat="46.55343034863472" lon="7.886130277533084"><ele>1706.5999755859375</ele></trkpt><trkpt lat="46.55345034878701" lon="7.886170277837664"><ele>1706.1699829101562</ele></trkpt><trkpt lat="46.55347034847364" lon="7.886210277676582"><ele>1705.7999877929688</ele></trkpt><trkpt lat="46.55349034862593" lon="7.886230277828872"><ele>1705.6899719238281</ele></trkpt><trkpt lat="46.55350034823641" lon="7.886250277515501"><ele>1705.4599914550781</ele></trkpt><trkpt lat="46.55353034846485" lon="7.886280277743936"><ele>1705.3999938964844</ele></trkpt><trkpt lat="46.55355034861714" lon="7.886330277658999"><ele>1705.3499755859375</ele></trkpt><trkpt lat="46.55358034837991" lon="7.886380277574062"><ele>1705.2999877929688</ele></trkpt><trkpt lat="46.55362034821883" lon="7.886420277412981"><ele>1705.1399841308594</ele></trkpt><trkpt lat="46.55362034868449" lon="7.886430277489126"><ele>1705.719970703125</ele></trkpt><trkpt lat="46.55362034868449" lon="7.886430277489126"><ele>1705.75</ele></trkpt><trkpt lat="46.55367034859955" lon="7.8864602777175605"><ele>1705.3699951171875</ele></trkpt><trkpt lat="46.55370034836233" lon="7.8864702777937055"><ele>1705.5999755859375</ele></trkpt><trkpt lat="46.55372034851462" lon="7.886510277632624"><ele>1705.739990234375</ele></trkpt><trkpt lat="46.55375034874305" lon="7.886580277699977"><ele>1706.3499755859375</ele></trkpt><trkpt lat="46.55375034874305" lon="7.886590277776122"><ele>1706.0</ele></trkpt><trkpt lat="46.55377034842968" lon="7.886610277928412"><ele>1706.6399841308594</ele></trkpt><trkpt lat="46.55385034857318" lon="7.88667027791962"><ele>1706.5999755859375</ele></trkpt><trkpt lat="46.55389034887776" lon="7.886680277995765"><ele>1707.1199951171875</ele></trkpt><trkpt lat="46.55389034887776" lon="7.886680277995765"><ele>1706.7999877929688</ele></trkpt><trkpt lat="46.553910348564386" lon="7.886720277834684"><ele>1706.3199768066406</ele></trkpt><trkpt lat="46.55392034864053" lon="7.886750277597457"><ele>1706.0</ele></trkpt><trkpt lat="46.553950348403305" lon="7.886790277436376"><ele>1705.4599914550781</ele></trkpt><trkpt lat="46.554080347996205" lon="7.886920277029276"><ele>1702.6999816894531</ele></trkpt><trkpt lat="46.554100347682834" lon="7.886940277181566"><ele>1702.5199890136719</ele></trkpt><trkpt lat="46.55413034791127" lon="7.886960276868194"><ele>1701.8999938964844</ele></trkpt><trkpt lat="46.55422034719959" lon="7.886970276944339"><ele>1700.3899841308594</ele></trkpt><trkpt lat="46.55440034670755" lon="7.886990276165307"><ele>1697.3099975585938</ele></trkpt><trkpt lat="46.55444034654647" lon="7.887010276317596"><ele>1696.5599975585938</ele></trkpt><trkpt lat="46.554470346774906" lon="7.88702027592808"><ele>1696.1899719238281</ele></trkpt><trkpt lat="46.55448034638539" lon="7.88702027592808"><ele>1695.0899963378906</ele></trkpt><trkpt lat="46.55448034638539" lon="7.88702027592808"><ele>1694.7999877929688</ele></trkpt><trkpt lat="46.55461034597829" lon="7.887080275919288"><ele>1693.7999877929688</ele></trkpt><trkpt lat="46.554640346206725" lon="7.887100275605917"><ele>1693.5499877929688</ele></trkpt><trkpt lat="46.55483034532517" lon="7.887220275122672"><ele>1690.7899780273438</ele></trkpt><trkpt lat="46.55485034547746" lon="7.887230275198817"><ele>1690.5699768066406</ele></trkpt><trkpt lat="46.55489034531638" lon="7.887260274961591"><ele>1689.6299743652344</ele></trkpt><trkpt lat="46.5549303451553" lon="7.887310274876654"><ele>1689.0999755859375</ele></trkpt><trkpt lat="46.55502034490928" lon="7.887390275020152"><ele>1687.7699890136719</ele></trkpt><trkpt lat="46.555050344672054" lon="7.887420274782926"><ele>1687.22998046875</ele></trkpt><trkpt lat="46.555070344824344" lon="7.887450274545699"><ele>1687.0</ele></trkpt><trkpt lat="46.55508034490049" lon="7.887460274621844"><ele>1686.8899841308594</ele></trkpt><trkpt lat="46.555180344730616" lon="7.887580274604261"><ele>1685.6999816894531</ele></trkpt><trkpt lat="46.5552703444846" lon="7.887690274510533"><ele>1684.3499755859375</ele></trkpt><trkpt lat="46.55528034409508" lon="7.887700274121016"><ele>1683.8999938964844</ele></trkpt><trkpt lat="46.55534034408629" lon="7.8877702741883695"><ele>1682.8999938964844</ele></trkpt><trkpt lat="46.55534034408629" lon="7.8877702741883695"><ele>1683.1699829101562</ele></trkpt><trkpt lat="46.55537034384906" lon="7.887810274027288"><ele>1682.2099914550781</ele></trkpt><trkpt lat="46.55538034392521" lon="7.887820274103433"><ele>1682.0099792480469</ele></trkpt><trkpt lat="46.55541034368798" lon="7.887870274018496"><ele>1681.489990234375</ele></trkpt><trkpt lat="46.55541034368798" lon="7.887870274018496"><ele>1681.4499816894531</ele></trkpt><trkpt lat="46.55541034368798" lon="7.887870274018496"><ele>1681.4399719238281</ele></trkpt><trkpt lat="46.5554503435269" lon="7.887990273535252"><ele>1680.0999755859375</ele></trkpt><trkpt lat="46.55549034336582" lon="7.88807027367875"><ele>1679.5899963378906</ele></trkpt><trkpt lat="46.55552034312859" lon="7.888120273593813"><ele>1678.9599914550781</ele></trkpt><trkpt lat="46.555550342891365" lon="7.888170273508877"><ele>1678.3999938964844</ele></trkpt><trkpt lat="46.555590342730284" lon="7.888210273347795"><ele>1677.6799926757812</ele></trkpt><trkpt lat="46.555610342882574" lon="7.88822027342394"><ele>1677.2999877929688</ele></trkpt><trkpt lat="46.55569034256041" lon="7.888260273262858"><ele>1676.2999877929688</ele></trkpt><trkpt lat="46.55573034239933" lon="7.888300273101777"><ele>1675.5</ele></trkpt><trkpt lat="46.55573034239933" lon="7.888300273101777"><ele>1675.6799926757812</ele></trkpt><trkpt lat="46.55573034239933" lon="7.888300273101777"><ele>1675.4199829101562</ele></trkpt><trkpt lat="46.55575034255162" lon="7.888320272788405"><ele>1675.0999755859375</ele></trkpt><trkpt lat="46.55578034231439" lon="7.888370272703469"><ele>1674.3999938964844</ele></trkpt><trkpt lat="46.55582034215331" lon="7.888440272770822"><ele>1673.7599792480469</ele></trkpt><trkpt lat="46.5558403423056" lon="7.888470272533596"><ele>1673.5</ele></trkpt><trkpt lat="46.55589034128934" lon="7.888700271956623"><ele>1670.0299987792969</ele></trkpt><trkpt lat="46.55593034112826" lon="7.888860271777958"><ele>1667.47998046875</ele></trkpt><trkpt lat="46.55595034034923" lon="7.888960271608084"><ele>1665.7999877929688</ele></trkpt><trkpt lat="46.55595034034923" lon="7.888980271294713"><ele>1665.4299926757812</ele></trkpt><trkpt lat="46.55595034034923" lon="7.8890202711336315"><ele>1664.7999877929688</ele></trkpt><trkpt lat="46.55593034019694" lon="7.889090271200985"><ele>1663.719970703125</ele></trkpt><trkpt lat="46.55592034012079" lon="7.889110270887613"><ele>1663.2799987792969</ele></trkpt><trkpt lat="46.55589033989236" lon="7.8891802709549665"><ele>1662.0999755859375</ele></trkpt><trkpt lat="46.55582033935934" lon="7.889300270471722"><ele>1659.6999816894531</ele></trkpt><trkpt lat="46.55582033935934" lon="7.889300270471722"><ele>1659.7699890136719</ele></trkpt><trkpt lat="46.55582033935934" lon="7.889300270471722"><ele>1659.7599792480469</ele></trkpt><trkpt lat="46.5558103392832" lon="7.889330270234495"><ele>1659.2999877929688</ele></trkpt><trkpt lat="46.5558103392832" lon="7.88934027031064"><ele>1659.2599792480469</ele></trkpt><trkpt lat="46.5558103392832" lon="7.88936027046293"><ele>1658.8599853515625</ele></trkpt><trkpt lat="46.55582033935934" lon="7.889370270073414"><ele>1658.6999816894531</ele></trkpt><trkpt lat="46.55583033896983" lon="7.889390270225704"><ele>1658.3099975585938</ele></trkpt><trkpt lat="46.55583033896983" lon="7.889400270301849"><ele>1658.0999755859375</ele></trkpt><trkpt lat="46.55584033904597" lon="7.889400270301849"><ele>1658.0199890136719</ele></trkpt><trkpt lat="46.55584033904597" lon="7.889410270377994"><ele>1658.0399780273438</ele></trkpt><trkpt lat="46.55585033912212" lon="7.889410270377994"><ele>1657.7999877929688</ele></trkpt><trkpt lat="46.55590033903718" lon="7.889400269836187"><ele>1657.0999755859375</ele></trkpt><trkpt lat="46.5559903383255" lon="7.889350269921124"><ele>1655.0599975585938</ele></trkpt><trkpt lat="46.55601033847779" lon="7.889340269844979"><ele>1654.47998046875</ele></trkpt><trkpt lat="46.55608033807948" lon="7.889330269303173"><ele>1653.1699829101562</ele></trkpt><trkpt lat="46.55609033815563" lon="7.889320269227028"><ele>1652.7999877929688</ele></trkpt><trkpt lat="46.55619033752009" lon="7.889300269074738"><ele>1650.3999938964844</ele></trkpt><trkpt lat="46.556280337274075" lon="7.889290268532932"><ele>1648.7599792480469</ele></trkpt><trkpt lat="46.55629033735022" lon="7.889290268532932"><ele>1648.47998046875</ele></trkpt><trkpt lat="46.55633033718914" lon="7.889290268532932"><ele>1647.6699829101562</ele></trkpt><trkpt lat="46.55636033695191" lon="7.889290268532932"><ele>1646.7599792480469</ele></trkpt><trkpt lat="46.5564303365536" lon="7.8892902680672705"><ele>1645.5</ele></trkpt><trkpt lat="46.55651033623144" lon="7.8893002681434155"><ele>1643.6999816894531</ele></trkpt><trkpt lat="46.556540335994214" lon="7.889330267906189"><ele>1643.1699829101562</ele></trkpt><trkpt lat="46.55658033583313" lon="7.8893602676689625"><ele>1642.6699829101562</ele></trkpt><trkpt lat="46.55659033590928" lon="7.8893602676689625"><ele>1642.489990234375</ele></trkpt><trkpt lat="46.55660033598542" lon="7.889370267745107"><ele>1642.2999877929688</ele></trkpt><trkpt lat="46.55672033550218" lon="7.889490267261863"><ele>1640.8999938964844</ele></trkpt><trkpt lat="46.55689033539966" lon="7.889660267159343"><ele>1639.1999816894531</ele></trkpt><trkpt lat="46.556970335077494" lon="7.889720267150551"><ele>1638.5999755859375</ele></trkpt><trkpt lat="46.55701033491641" lon="7.889740267302841"><ele>1638.3599853515625</ele></trkpt><trkpt lat="46.55701033491641" lon="7.889740267302841"><ele>1638.3799743652344</ele></trkpt><trkpt lat="46.55707033490762" lon="7.8897602669894695"><ele>1638.0399780273438</ele></trkpt><trkpt lat="46.55707033490762" lon="7.8897602669894695"><ele>1638.0999755859375</ele></trkpt><trkpt lat="46.557140334974974" lon="7.889780267141759"><ele>1638.0499877929688</ele></trkpt><trkpt lat="46.55717033520341" lon="7.889790267217904"><ele>1638.0999755859375</ele></trkpt><trkpt lat="46.55722033511847" lon="7.889800266828388"><ele>1638.0</ele></trkpt><trkpt lat="46.557250334881246" lon="7.889820266980678"><ele>1638.1699829101562</ele></trkpt><trkpt lat="46.5573203349486" lon="7.889850267209113"><ele>1638.2699890136719</ele></trkpt><trkpt lat="46.55734033510089" lon="7.889870266895741"><ele>1638.2999877929688</ele></trkpt><trkpt lat="46.557370335329324" lon="7.889880266971886"><ele>1638.4299926757812</ele></trkpt><trkpt lat="46.55742033524439" lon="7.889910267200321"><ele>1638.2999877929688</ele></trkpt><trkpt lat="46.55755033530295" lon="7.890030267182738"><ele>1639.1999816894531</ele></trkpt><trkpt lat="46.55757033545524" lon="7.8900402672588825"><ele>1639.3399963378906</ele></trkpt><trkpt lat="46.557690335437655" lon="7.890160267241299"><ele>1640.0999755859375</ele></trkpt><trkpt lat="46.557710335589945" lon="7.890170267317444"><ele>1640.2699890136719</ele></trkpt><trkpt lat="46.557730335742235" lon="7.890180267393589"><ele>1640.22998046875</ele></trkpt><trkpt lat="46.557750335428864" lon="7.890190267469734"><ele>1640.2799987792969</ele></trkpt><trkpt lat="46.557770335581154" lon="7.890200267545879"><ele>1640.1999816894531</ele></trkpt><trkpt lat="46.55781033542007" lon="7.890190267469734"><ele>1640.0299987792969</ele></trkpt><trkpt lat="46.55783033557236" lon="7.890190267469734"><ele>1639.8999938964844</ele></trkpt><trkpt lat="46.55787033541128" lon="7.890150267165154"><ele>1639.5399780273438</ele></trkpt><trkpt lat="46.55789033556357" lon="7.890130267478526"><ele>1639.3999938964844</ele></trkpt><trkpt lat="46.557940335478634" lon="7.890130267478526"><ele>1639.3999938964844</ele></trkpt><trkpt lat="46.55796033563092" lon="7.890140267554671"><ele>1639.6899719238281</ele></trkpt><trkpt lat="46.55798033531755" lon="7.890150267165154"><ele>1639.5</ele></trkpt><trkpt lat="46.55798033531755" lon="7.890150267165154"><ele>1639.6699829101562</ele></trkpt><trkpt lat="46.55798033531755" lon="7.890160267241299"><ele>1639.6699829101562</ele></trkpt><trkpt lat="46.5579903353937" lon="7.890160267241299"><ele>1639.47998046875</ele></trkpt><trkpt lat="46.55801033554599" lon="7.890200267080218"><ele>1639.3999938964844</ele></trkpt><trkpt lat="46.558030335232615" lon="7.890300267376006"><ele>1639.1999816894531</ele></trkpt><trkpt lat="46.55804033530876" lon="7.890410267282277"><ele>1639.3999938964844</ele></trkpt><trkpt lat="46.55804033530876" lon="7.8905002675019205"><ele>1639.7999877929688</ele></trkpt><trkpt lat="46.55804033530876" lon="7.890580267645419"><ele>1640.1199951171875</ele></trkpt><trkpt lat="46.55804033530876" lon="7.890600267332047"><ele>1640.1999816894531</ele></trkpt><trkpt lat="46.558050335384905" lon="7.8906602673232555"><ele>1640.3999938964844</ele></trkpt><trkpt lat="46.55806033546105" lon="7.890680267475545"><ele>1640.5</ele></trkpt><trkpt lat="46.558110335841775" lon="7.8908402672968805"><ele>1640.6999816894531</ele></trkpt><trkpt lat="46.55825033551082" lon="7.891250267624855"><ele>1640.3899841308594</ele></trkpt><trkpt lat="46.558260335586965" lon="7.8912802673876286"><ele>1640.2699890136719</ele></trkpt><trkpt lat="46.55827033566311" lon="7.8912802673876286"><ele>1640.1999816894531</ele></trkpt></trkseg></trk></gpx>