<?xml version="1.0" encoding="utf-8"?><gpx version="1.1" creator="MySchweizMobil - https://map.schweizmobil.ch/" xmlns:xsi="http://www.w3.org/2001/XMLSchema-instance" xmlns="http://www.topografix.com/GPX/1/1" xsi:schemaLocation="http://www.topografix.com/GPX/1/1 http://www.topografix.com/GPX/1/1/gpx.xsd"><metadata><name>Axalp Statue Loop</name><bounds minlat="46.71674034232274" minlon="8.03743025707081" maxlat="46.7209403347224" maxlon="8.065540255978703" /></metadata><trk><name>Axalp Statue Loop</name><trkseg><trkpt lat="46.71891031879932" lon="8.038000256754458"><ele>1534.0499877929688</ele></trkpt><trkpt lat="46.71891031926498" lon="8.038070257287472"><ele>1535.6999816894531</ele></trkpt><trkpt lat="46.71890031918883" lon="8.038100257050246"><ele>1535.9199829101562</ele></trkpt><trkpt lat="46.71889031911269" lon="8.038110257126391"><ele>1535.5299987792969</ele></trkpt><trkpt lat="46.71888031903654" lon="8.03815025696531"><ele>1535.72998046875</ele></trkpt><trkpt lat="46.7188703189604" lon="8.038180257193744"><ele>1536.0999755859375</ele></trkpt><trkpt lat="46.718860319349915" lon="8.038280257023871"><ele>1536.1999816894531</ele></trkpt><trkpt lat="46.71886031888425" lon="8.038280257023871"><ele>1535.9399719238281</ele></trkpt><trkpt lat="46.71885031927377" lon="8.03830025717616"><ele>1536.1999816894531</ele></trkpt><trkpt lat="46.71885031927377" lon="8.03832025732845"><ele>1536.2099914550781</ele></trkpt><trkpt lat="46.7188703189604" lon="8.03847025707364"><ele>1536.2999877929688</ele></trkpt><trkpt lat="46.71888031903654" lon="8.03851025737822"><ele>1535.9399719238281</ele></trkpt><trkpt lat="46.71888031903654" lon="8.03851025737822"><ele>1536.2999877929688</ele></trkpt><trkpt lat="46.71889031911269" lon="8.038550257217139"><ele>1536.2999877929688</ele></trkpt><trkpt lat="46.71889031911269" lon="8.038590257056057"><ele>1536.2999877929688</ele></trkpt><trkpt lat="46.71889031911269" lon="8.038720257114619"><ele>1536.2999877929688</ele></trkpt><trkpt lat="46.71892031934112" lon="8.038900257088244"><ele>1536.4599914550781</ele></trkpt><trkpt lat="46.7189503191039" lon="8.039050257299095"><ele>1536.22998046875</ele></trkpt><trkpt lat="46.7189503191039" lon="8.039050257299095"><ele>1536.22998046875</ele></trkpt><trkpt lat="46.7189503191039" lon="8.039050257299095"><ele>1535.7899780273438</ele></trkpt><trkpt lat="46.71896031918004" lon="8.039140257053077"><ele>1536.0</ele></trkpt><trkpt lat="46.718990318942815" lon="8.03923025727272"><ele>1535.0</ele></trkpt><trkpt lat="46.71900031901896" lon="8.039270257111639"><ele>1534.489990234375</ele></trkpt><trkpt lat="46.71900031901896" lon="8.039270257111639"><ele>1534.719970703125</ele></trkpt><trkpt lat="46.71900031901896" lon="8.039300256874412"><ele>1534.5</ele></trkpt><trkpt lat="46.7190003185533" lon="8.039330257102847"><ele>1534.2699890136719</ele></trkpt><trkpt lat="46.7190003185533" lon="8.039330257102847"><ele>1533.9599914550781</ele></trkpt><trkpt lat="46.7190003185533" lon="8.039330257102847"><ele>1534.25</ele></trkpt><trkpt lat="46.718990318477154" lon="8.039390257094055"><ele>1533.8999938964844</ele></trkpt><trkpt lat="46.718990318477154" lon="8.039490256924182"><ele>1533.3099975585938</ele></trkpt><trkpt lat="46.718990318477154" lon="8.039490256924182"><ele>1533.3099975585938</ele></trkpt><trkpt lat="46.718990318477154" lon="8.03951025661081"><ele>1533.1999816894531</ele></trkpt><trkpt lat="46.718990318477154" lon="8.039520256686956"><ele>1533.0799865722656</ele></trkpt><trkpt lat="46.718990318477154" lon="8.039520256686956"><ele>1533.1599731445312</ele></trkpt><trkpt lat="46.71902031870559" lon="8.039660256821662"><ele>1532.8999938964844</ele></trkpt><trkpt lat="46.71903031831607" lon="8.039660256821662"><ele>1532.8999938964844</ele></trkpt><trkpt lat="46.71902031870559" lon="8.039760256651789"><ele>1533.1199951171875</ele></trkpt><trkpt lat="46.71902031870559" lon="8.039770256727934"><ele>1534.1899719238281</ele></trkpt><trkpt lat="46.71903031878173" lon="8.039780256804079"><ele>1534.25</ele></trkpt><trkpt lat="46.71903031878173" lon="8.039790256880224"><ele>1534.3499755859375</ele></trkpt><trkpt lat="46.71903031878173" lon="8.039790256880224"><ele>1533.4299926757812</ele></trkpt><trkpt lat="46.71906031854451" lon="8.039830257184803"><ele>1534.2999877929688</ele></trkpt><trkpt lat="46.71907031908631" lon="8.039860256947577"><ele>1534.8099975585938</ele></trkpt><trkpt lat="46.71907031908631" lon="8.039860256947577"><ele>1534.8999938964844</ele></trkpt><trkpt lat="46.71907031908631" lon="8.039870257023722"><ele>1535.0099792480469</ele></trkpt><trkpt lat="46.71906031901017" lon="8.039910257328302"><ele>1535.5599975585938</ele></trkpt><trkpt lat="46.71906031901017" lon="8.039910257328302"><ele>1535.5199890136719</ele></trkpt><trkpt lat="46.71906031901017" lon="8.039960257243365"><ele>1536.1999816894531</ele></trkpt><trkpt lat="46.71905031893402" lon="8.040010257158428"><ele>1536.1299743652344</ele></trkpt><trkpt lat="46.71905031893402" lon="8.040010257158428"><ele>1536.2799987792969</ele></trkpt><trkpt lat="46.71905031893402" lon="8.040020257234573"><ele>1536.2799987792969</ele></trkpt><trkpt lat="46.719050319399685" lon="8.040030257310718"><ele>1536.2999877929688</ele></trkpt><trkpt lat="46.71905031893402" lon="8.040060257073492"><ele>1536.2699890136719</ele></trkpt><trkpt lat="46.71905031893402" lon="8.040070257149637"><ele>1536.2599792480469</ele></trkpt><trkpt lat="46.71905031893402" lon="8.040070257149637"><ele>1536.2599792480469</ele></trkpt><trkpt lat="46.71905031893402" lon="8.040070257149637"><ele>1536.1299743652344</ele></trkpt><trkpt lat="46.71905031893402" lon="8.040250257123262"><ele>1535.5</ele></trkpt><trkpt lat="46.71904031885788" lon="8.04029025696218"><ele>1535.4199829101562</ele></trkpt><trkpt lat="46.71904031885788" lon="8.04029025696218"><ele>1534.9599914550781</ele></trkpt><trkpt lat="46.71904031885788" lon="8.04029025696218"><ele>1535.4199829101562</ele></trkpt><trkpt lat="46.71903031878173" lon="8.040360257029533"><ele>1535.0</ele></trkpt><trkpt lat="46.71903031878173" lon="8.040380257181823"><ele>1535.0099792480469</ele></trkpt><trkpt lat="46.71906031901017" lon="8.040540257003158"><ele>1535.0999755859375</ele></trkpt><trkpt lat="46.71909031877294" lon="8.04067025706172"><ele>1535.1399841308594</ele></trkpt><trkpt lat="46.71909031877294" lon="8.04067025706172"><ele>1535.1399841308594</ele></trkpt><trkpt lat="46.71909031877294" lon="8.04067025706172"><ele>1534.739990234375</ele></trkpt><trkpt lat="46.71914031915367" lon="8.04088025726378"><ele>1535.1999816894531</ele></trkpt><trkpt lat="46.71914031915367" lon="8.040890257339925"><ele>1535.3899841308594</ele></trkpt><trkpt lat="46.719160319305956" lon="8.040930257178843"><ele>1536.0</ele></trkpt><trkpt lat="46.7191703193821" lon="8.040970257483423"><ele>1536.5599975585938</ele></trkpt><trkpt lat="46.7191703193821" lon="8.040970257483423"><ele>1536.6899719238281</ele></trkpt><trkpt lat="46.7191703193821" lon="8.040970257483423"><ele>1536.5699768066406</ele></trkpt><trkpt lat="46.719180319458246" lon="8.040990257635713"><ele>1536.7999877929688</ele></trkpt><trkpt lat="46.719200319144875" lon="8.041030257474631"><ele>1536.9199829101562</ele></trkpt><trkpt lat="46.71923031937331" lon="8.041100257541984"><ele>1537.0999755859375</ele></trkpt><trkpt lat="46.7192503195256" lon="8.041210257448256"><ele>1538.1999816894531</ele></trkpt><trkpt lat="46.71927031967789" lon="8.041270257905126"><ele>1538.5699768066406</ele></trkpt><trkpt lat="46.719280319754034" lon="8.041310257744044"><ele>1538.8799743652344</ele></trkpt><trkpt lat="46.719280319754034" lon="8.041310257744044"><ele>1538.739990234375</ele></trkpt><trkpt lat="46.719280319754034" lon="8.041310257744044"><ele>1538.8799743652344</ele></trkpt><trkpt lat="46.71929031983018" lon="8.041330257896334"><ele>1539.0299987792969</ele></trkpt><trkpt lat="46.719300319906324" lon="8.041380257811397"><ele>1539.3999938964844</ele></trkpt><trkpt lat="46.7193303196691" lon="8.041410258039832"><ele>1539.3999938964844</ele></trkpt><trkpt lat="46.7193303196691" lon="8.041410258039832"><ele>1539.1699829101562</ele></trkpt><trkpt lat="46.7193303196691" lon="8.041410258039832"><ele>1539.3999938964844</ele></trkpt><trkpt lat="46.71936031989753" lon="8.04145025787875"><ele>1539.3999938964844</ele></trkpt><trkpt lat="46.71937031997368" lon="8.041460257954895"><ele>1539.5899963378906</ele></trkpt><trkpt lat="46.71937031997368" lon="8.041460257954895"><ele>1539.5399780273438</ele></trkpt><trkpt lat="46.71937031997368" lon="8.041460257954895"><ele>1539.5899963378906</ele></trkpt><trkpt lat="46.71938032004982" lon="8.041480258107185"><ele>1539.7999877929688</ele></trkpt><trkpt lat="46.71938032004982" lon="8.041550258174539"><ele>1540.5</ele></trkpt><trkpt lat="46.71938032004982" lon="8.041550258174539"><ele>1540.5</ele></trkpt><trkpt lat="46.71938032004982" lon="8.041550258174539"><ele>1540.3899841308594</ele></trkpt><trkpt lat="46.7194203203544" lon="8.04172025853768"><ele>1542.0999755859375</ele></trkpt><trkpt lat="46.7194203203544" lon="8.041730258148164"><ele>1541.5299987792969</ele></trkpt><trkpt lat="46.7194203203544" lon="8.041730258148164"><ele>1541.97998046875</ele></trkpt><trkpt lat="46.71941032027826" lon="8.041750258300453"><ele>1541.6999816894531</ele></trkpt><trkpt lat="46.7194203203544" lon="8.041810258291662"><ele>1542.0</ele></trkpt><trkpt lat="46.71943032043055" lon="8.04185025813058"><ele>1542.1999816894531</ele></trkpt><trkpt lat="46.71944032004103" lon="8.041880258359015"><ele>1541.3999938964844</ele></trkpt><trkpt lat="46.71946032019332" lon="8.041940258350223"><ele>1541.6999816894531</ele></trkpt><trkpt lat="46.719490320421755" lon="8.041970258112997"><ele>1541.6999816894531</ele></trkpt><trkpt lat="46.7195003204979" lon="8.041980258189142"><ele>1541.6999816894531</ele></trkpt><trkpt lat="46.7195003204979" lon="8.041980258189142"><ele>1541.8999938964844</ele></trkpt><trkpt lat="46.7195003204979" lon="8.041980258189142"><ele>1541.6999816894531</ele></trkpt><trkpt lat="46.719510320108384" lon="8.042000258341432"><ele>1541.6999816894531</ele></trkpt><trkpt lat="46.71954032033682" lon="8.042090258561075"><ele>1542.5799865722656</ele></trkpt><trkpt lat="46.719550320412964" lon="8.042090258561075"><ele>1542.6399841308594</ele></trkpt><trkpt lat="46.719550320412964" lon="8.04210025863722"><ele>1542.8099975585938</ele></trkpt><trkpt lat="46.719550320412964" lon="8.04210025863722"><ele>1542.6699829101562</ele></trkpt><trkpt lat="46.71963032102212" lon="8.04231025883928"><ele>1544.6999816894531</ele></trkpt><trkpt lat="46.71964032109827" lon="8.042340259067714"><ele>1545.22998046875</ele></trkpt><trkpt lat="46.71964032109827" lon="8.042340259067714"><ele>1545.219970703125</ele></trkpt><trkpt lat="46.71964032109827" lon="8.042340259067714"><ele>1545.25</ele></trkpt><trkpt lat="46.71964032109827" lon="8.042360258754343"><ele>1545.5499877929688</ele></trkpt><trkpt lat="46.71965032117441" lon="8.042420259211212"><ele>1546.6999816894531</ele></trkpt><trkpt lat="46.71964032156393" lon="8.04248025920242"><ele>1547.3699951171875</ele></trkpt><trkpt lat="46.71964032156393" lon="8.04248025920242"><ele>1547.4099731445312</ele></trkpt><trkpt lat="46.71964032156393" lon="8.04248025920242"><ele>1547.239990234375</ele></trkpt><trkpt lat="46.71964032156393" lon="8.042490259278566"><ele>1547.4199829101562</ele></trkpt><trkpt lat="46.71964032156393" lon="8.042560259345919"><ele>1548.1999816894531</ele></trkpt><trkpt lat="46.719630321487784" lon="8.042590259574354"><ele>1548.719970703125</ele></trkpt><trkpt lat="46.719610321801156" lon="8.042620259337127"><ele>1549.2599792480469</ele></trkpt><trkpt lat="46.71960032172501" lon="8.042630259413272"><ele>1549.47998046875</ele></trkpt><trkpt lat="46.71960032172501" lon="8.042630259413272"><ele>1549.47998046875</ele></trkpt><trkpt lat="46.71960032172501" lon="8.042630259413272"><ele>1549.469970703125</ele></trkpt><trkpt lat="46.71957032196224" lon="8.042650259565562"><ele>1550.2999877929688</ele></trkpt><trkpt lat="46.71955032227561" lon="8.042660259641707"><ele>1550.8899841308594</ele></trkpt><trkpt lat="46.719540322199464" lon="8.042660259641707"><ele>1551.0499877929688</ele></trkpt><trkpt lat="46.719540322199464" lon="8.042660259641707"><ele>1550.6199951171875</ele></trkpt><trkpt lat="46.71953032212332" lon="8.042660259641707"><ele>1551.2999877929688</ele></trkpt><trkpt lat="46.71945032197982" lon="8.042860259767622"><ele>1551.2999877929688</ele></trkpt><trkpt lat="46.71944032236934" lon="8.042890259996057"><ele>1551.4299926757812</ele></trkpt><trkpt lat="46.71944032236934" lon="8.042890259996057"><ele>1551.3799743652344</ele></trkpt><trkpt lat="46.71944032236934" lon="8.042890259996057"><ele>1551.4299926757812</ele></trkpt><trkpt lat="46.71943032229319" lon="8.04294025991112"><ele>1551.5999755859375</ele></trkpt><trkpt lat="46.71943032229319" lon="8.042990259826183"><ele>1551.8999938964844</ele></trkpt><trkpt lat="46.71943032229319" lon="8.043020260054618"><ele>1552.2099914550781</ele></trkpt><trkpt lat="46.71944032236934" lon="8.043090260121971"><ele>1552.7699890136719</ele></trkpt><trkpt lat="46.71944032236934" lon="8.043090260121971"><ele>1552.4499816894531</ele></trkpt><trkpt lat="46.71944032236934" lon="8.043090260121971"><ele>1552.7799987792969</ele></trkpt><trkpt lat="46.71945032244548" lon="8.04313025996089"><ele>1553.0999755859375</ele></trkpt><trkpt lat="46.71944032236934" lon="8.04317026026547"><ele>1553.1299743652344</ele></trkpt><trkpt lat="46.71943032275885" lon="8.043240260332823"><ele>1553.1999816894531</ele></trkpt><trkpt lat="46.719370322767645" lon="8.043330260086805"><ele>1553.0999755859375</ele></trkpt><trkpt lat="46.71932032238692" lon="8.043390260078013"><ele>1552.8499755859375</ele></trkpt><trkpt lat="46.71932032285258" lon="8.043390260078013"><ele>1553.5799865722656</ele></trkpt><trkpt lat="46.71931032277644" lon="8.043400260154158"><ele>1553.6399841308594</ele></trkpt><trkpt lat="46.71929032262415" lon="8.043420260306448"><ele>1553.1899719238281</ele></trkpt><trkpt lat="46.71923032263294" lon="8.043460260145366"><ele>1554.22998046875</ele></trkpt><trkpt lat="46.71923032263294" lon="8.043460260145366"><ele>1554.0999755859375</ele></trkpt><trkpt lat="46.71923032263294" lon="8.043460260145366"><ele>1554.239990234375</ele></trkpt><trkpt lat="46.71921032294631" lon="8.043470260221511"><ele>1554.3999938964844</ele></trkpt><trkpt lat="46.71921032294631" lon="8.043490260373801"><ele>1554.3299865722656</ele></trkpt><trkpt lat="46.71921032294631" lon="8.043490260373801"><ele>1554.1999816894531</ele></trkpt><trkpt lat="46.71921032294631" lon="8.043490260373801"><ele>1554.3299865722656</ele></trkpt><trkpt lat="46.719200322870165" lon="8.043500260449946"><ele>1554.2899780273438</ele></trkpt><trkpt lat="46.719200322870165" lon="8.04355026036501"><ele>1554.1399841308594</ele></trkpt><trkpt lat="46.719200322870165" lon="8.04355026036501"><ele>1553.8099975585938</ele></trkpt><trkpt lat="46.719200322870165" lon="8.04355026036501"><ele>1554.1399841308594</ele></trkpt><trkpt lat="46.71919032279402" lon="8.043560260441154"><ele>1554.0999755859375</ele></trkpt><trkpt lat="46.719200322404504" lon="8.043750260025263"><ele>1551.6999816894531</ele></trkpt><trkpt lat="46.71921032201499" lon="8.043770259711891"><ele>1551.3499755859375</ele></trkpt><trkpt lat="46.71921032201499" lon="8.043770259711891"><ele>1551.3499755859375</ele></trkpt><trkpt lat="46.71921032201499" lon="8.043770259711891"><ele>1551.3399963378906</ele></trkpt><trkpt lat="46.71923032216728" lon="8.043800259940326"><ele>1550.7999877929688</ele></trkpt><trkpt lat="46.71926032193005" lon="8.043880259618163"><ele>1549.4199829101562</ele></trkpt><trkpt lat="46.71926032193005" lon="8.043890259694308"><ele>1549.2999877929688</ele></trkpt><trkpt lat="46.71928032161668" lon="8.043950259685516"><ele>1548.7599792480469</ele></trkpt><trkpt lat="46.71928032161668" lon="8.043950259685516"><ele>1548.97998046875</ele></trkpt><trkpt lat="46.71928032161668" lon="8.043950259685516"><ele>1548.75</ele></trkpt><trkpt lat="46.71928032161668" lon="8.04398025944829"><ele>1548.5</ele></trkpt><trkpt lat="46.719270321540534" lon="8.044070259202272"><ele>1548.0099792480469</ele></trkpt><trkpt lat="46.71926032146439" lon="8.044230259023607"><ele>1547.0999755859375</ele></trkpt><trkpt lat="46.71926032146439" lon="8.04430025909096"><ele>1546.6999816894531</ele></trkpt><trkpt lat="46.71927032107487" lon="8.044330259319395"><ele>1546.47998046875</ele></trkpt><trkpt lat="46.71927032107487" lon="8.044330259319395"><ele>1546.4399719238281</ele></trkpt><trkpt lat="46.71927032107487" lon="8.044330259319395"><ele>1546.47998046875</ele></trkpt><trkpt lat="46.71928032115102" lon="8.044360259082168"><ele>1546.2999877929688</ele></trkpt><trkpt lat="46.71928032115102" lon="8.044400258921087"><ele>1546.2999877929688</ele></trkpt><trkpt lat="46.71928032115102" lon="8.044410258997232"><ele>1546.2999877929688</ele></trkpt><trkpt lat="46.71928032115102" lon="8.044450259301811"><ele>1546.3299865722656</ele></trkpt><trkpt lat="46.71928032115102" lon="8.044450259301811"><ele>1546.1299743652344</ele></trkpt><trkpt lat="46.71928032115102" lon="8.044450259301811"><ele>1546.3299865722656</ele></trkpt><trkpt lat="46.71930032130331" lon="8.044530258979648"><ele>1546.3999938964844</ele></trkpt><trkpt lat="46.71930032130331" lon="8.044560259208083"><ele>1546.5699768066406</ele></trkpt><trkpt lat="46.71930032130331" lon="8.044560259208083"><ele>1546.4299926757812</ele></trkpt><trkpt lat="46.71930032130331" lon="8.044560259208083"><ele>1546.5699768066406</ele></trkpt><trkpt lat="46.71930032130331" lon="8.044590258970857"><ele>1546.7099914550781</ele></trkpt><trkpt lat="46.71930032130331" lon="8.04466025903821"><ele>1547.0999755859375</ele></trkpt><trkpt lat="46.71930032130331" lon="8.044710259418935"><ele>1547.0999755859375</ele></trkpt><trkpt lat="46.71931032137945" lon="8.044750259257853"><ele>1547.0199890136719</ele></trkpt><trkpt lat="46.7193203214556" lon="8.044760259333998"><ele>1546.969970703125</ele></trkpt><trkpt lat="46.7193203214556" lon="8.044770259410143"><ele>1546.72998046875</ele></trkpt><trkpt lat="46.7193203214556" lon="8.044770259410143"><ele>1546.969970703125</ele></trkpt><trkpt lat="46.71933032153174" lon="8.044790259096771"><ele>1546.8999938964844</ele></trkpt><trkpt lat="46.71935032121837" lon="8.04483025893569"><ele>1546.5399780273438</ele></trkpt><trkpt lat="46.71935032121837" lon="8.04483025893569"><ele>1546.3199768066406</ele></trkpt><trkpt lat="46.71935032121837" lon="8.04483025893569"><ele>1546.5399780273438</ele></trkpt><trkpt lat="46.719360321294516" lon="8.044840259011835"><ele>1546.3799743652344</ele></trkpt><trkpt lat="46.719380320981145" lon="8.044860259164125"><ele>1546.1999816894531</ele></trkpt><trkpt lat="46.719380320981145" lon="8.044880259316415"><ele>1546.1299743652344</ele></trkpt><trkpt lat="46.719380320981145" lon="8.044890258926898"><ele>1546.0999755859375</ele></trkpt><trkpt lat="46.719380320981145" lon="8.044890258926898"><ele>1546.0399780273438</ele></trkpt><trkpt lat="46.719380320981145" lon="8.044890258926898"><ele>1546.0899963378906</ele></trkpt><trkpt lat="46.719380320981145" lon="8.044910259079188"><ele>1546.0</ele></trkpt><trkpt lat="46.719380320981145" lon="8.044920259155333"><ele>1545.8799743652344</ele></trkpt><trkpt lat="46.719370320905" lon="8.044950258918107"><ele>1545.3999938964844</ele></trkpt><trkpt lat="46.71932032098994" lon="8.04498025868088"><ele>1545.0</ele></trkpt><trkpt lat="46.71932032098994" lon="8.04498025868088"><ele>1544.9099731445312</ele></trkpt><trkpt lat="46.71930032083765" lon="8.04500025883317"><ele>1544.5999755859375</ele></trkpt><trkpt lat="46.7192903207615" lon="8.045030258595943"><ele>1544.2899780273438</ele></trkpt><trkpt lat="46.71928032068536" lon="8.045030258595943"><ele>1544.219970703125</ele></trkpt><trkpt lat="46.71928032068536" lon="8.045030258595943"><ele>1544.2699890136719</ele></trkpt><trkpt lat="46.71928032068536" lon="8.045040258672088"><ele>1544.0999755859375</ele></trkpt><trkpt lat="46.71926032053307" lon="8.045050258748233"><ele>1543.9499816894531</ele></trkpt><trkpt lat="46.71925032092258" lon="8.045050258748233"><ele>1543.8999938964844</ele></trkpt><trkpt lat="46.71922032069415" lon="8.045050258748233"><ele>1543.489990234375</ele></trkpt><trkpt lat="46.71922032069415" lon="8.045050258748233"><ele>1543.3299865722656</ele></trkpt><trkpt lat="46.719210320618004" lon="8.045050258748233"><ele>1543.2999877929688</ele></trkpt><trkpt lat="46.719190320465714" lon="8.045050258748233"><ele>1543.1399841308594</ele></trkpt><trkpt lat="46.71918032038957" lon="8.045040258672088"><ele>1543.0</ele></trkpt><trkpt lat="46.71916032023728" lon="8.045040258672088"><ele>1542.3699951171875</ele></trkpt><trkpt lat="46.71916032023728" lon="8.045040258672088"><ele>1542.5399780273438</ele></trkpt><trkpt lat="46.719150320161134" lon="8.045040258672088"><ele>1542.0999755859375</ele></trkpt><trkpt lat="46.719150320161134" lon="8.045050258282572"><ele>1541.989990234375</ele></trkpt><trkpt lat="46.719150320161134" lon="8.045050258282572"><ele>1541.97998046875</ele></trkpt><trkpt lat="46.7191203199327" lon="8.04509025812149"><ele>1541.0299987792969</ele></trkpt><trkpt lat="46.7191203199327" lon="8.04509025812149"><ele>1541.0</ele></trkpt><trkpt lat="46.7191203199327" lon="8.045100258197635"><ele>1540.9399719238281</ele></trkpt><trkpt lat="46.719130320008844" lon="8.045100258197635"><ele>1540.9599914550781</ele></trkpt><trkpt lat="46.719130320008844" lon="8.045100258197635"><ele>1540.9399719238281</ele></trkpt><trkpt lat="46.71918031992391" lon="8.045180257875472"><ele>1539.5999755859375</ele></trkpt><trkpt lat="46.719200319610536" lon="8.045250257942826"><ele>1538.469970703125</ele></trkpt><trkpt lat="46.719200319610536" lon="8.045250257942826"><ele>1538.5099792480469</ele></trkpt><trkpt lat="46.719200319610536" lon="8.045250257942826"><ele>1538.469970703125</ele></trkpt><trkpt lat="46.719200319610536" lon="8.045290257781744"><ele>1537.6999816894531</ele></trkpt><trkpt lat="46.71921031922102" lon="8.045310257468373"><ele>1537.4599914550781</ele></trkpt><trkpt lat="46.71921031922102" lon="8.045310257934034"><ele>1537.5999755859375</ele></trkpt><trkpt lat="46.71921031922102" lon="8.045310257468373"><ele>1537.4599914550781</ele></trkpt><trkpt lat="46.71923031937331" lon="8.045340257696807"><ele>1537.0</ele></trkpt><trkpt lat="46.71923031937331" lon="8.045360257383436"><ele>1536.8199768066406</ele></trkpt><trkpt lat="46.71923031890765" lon="8.04543025745079"><ele>1536.0999755859375</ele></trkpt><trkpt lat="46.719200319144875" lon="8.045490257441998"><ele>1535.3999938964844</ele></trkpt><trkpt lat="46.71919031906873" lon="8.045500257518142"><ele>1535.0399780273438</ele></trkpt><trkpt lat="46.71919031906873" lon="8.045500257518142"><ele>1535.1999816894531</ele></trkpt><trkpt lat="46.71917031891644" lon="8.045510257128626"><ele>1534.8999938964844</ele></trkpt><trkpt lat="46.71915031876415" lon="8.045540257357061"><ele>1534.5899963378906</ele></trkpt><trkpt lat="46.71915031876415" lon="8.045540257357061"><ele>1534.4299926757812</ele></trkpt><trkpt lat="46.71915031876415" lon="8.045540257357061"><ele>1534.3999938964844</ele></trkpt><trkpt lat="46.71915031876415" lon="8.045540257357061"><ele>1534.5499877929688</ele></trkpt><trkpt lat="46.71915031876415" lon="8.045550257433206"><ele>1534.5</ele></trkpt><trkpt lat="46.719140318688005" lon="8.045620257034898"><ele>1534.0</ele></trkpt><trkpt lat="46.719140318688005" lon="8.045650257263333"><ele>1533.739990234375</ele></trkpt><trkpt lat="46.719140318688005" lon="8.045660256873816"><ele>1533.6599731445312</ele></trkpt><trkpt lat="46.719140318688005" lon="8.045660256873816"><ele>1533.6499938964844</ele></trkpt><trkpt lat="46.719140318688005" lon="8.045710257254541"><ele>1533.2999877929688</ele></trkpt><trkpt lat="46.719120318535715" lon="8.045760257169604"><ele>1533.25</ele></trkpt><trkpt lat="46.719100318383425" lon="8.045800257008523"><ele>1533.2099914550781</ele></trkpt><trkpt lat="46.719100318383425" lon="8.045800257008523"><ele>1532.9599914550781</ele></trkpt><trkpt lat="46.719100318383425" lon="8.045810257084668"><ele>1532.9299926757812</ele></trkpt><trkpt lat="46.719100318383425" lon="8.045820257160813"><ele>1532.8099975585938</ele></trkpt><trkpt lat="46.719100318383425" lon="8.045820257160813"><ele>1533.0999755859375</ele></trkpt><trkpt lat="46.71905031846836" lon="8.04590025683865"><ele>1531.8999938964844</ele></trkpt><trkpt lat="46.719040317926556" lon="8.045940256677568"><ele>1531.3399963378906</ele></trkpt><trkpt lat="46.71903031785041" lon="8.046000256668776"><ele>1530.3099975585938</ele></trkpt><trkpt lat="46.71903031785041" lon="8.046000256668776"><ele>1530.0799865722656</ele></trkpt><trkpt lat="46.71903031785041" lon="8.046000256668776"><ele>1530.2999877929688</ele></trkpt><trkpt lat="46.71903031785041" lon="8.046020256355405"><ele>1529.7999877929688</ele></trkpt><trkpt lat="46.719020317774266" lon="8.046090256422758"><ele>1528.8499755859375</ele></trkpt><trkpt lat="46.719020317774266" lon="8.046090256422758"><ele>1528.8199768066406</ele></trkpt><trkpt lat="46.719020317774266" lon="8.046090256422758"><ele>1528.8499755859375</ele></trkpt><trkpt lat="46.719020317774266" lon="8.046120256185532"><ele>1528.5999755859375</ele></trkpt><trkpt lat="46.71903031738475" lon="8.046210255939513"><ele>1527.5199890136719</ele></trkpt><trkpt lat="46.719040317460895" lon="8.046220256015658"><ele>1527.3999938964844</ele></trkpt><trkpt lat="46.71904031699523" lon="8.046280256006867"><ele>1526.3999938964844</ele></trkpt><trkpt lat="46.71905031707138" lon="8.046300255693495"><ele>1525.97998046875</ele></trkpt><trkpt lat="46.71905031707138" lon="8.046300255693495"><ele>1525.9199829101562</ele></trkpt><trkpt lat="46.71905031707138" lon="8.046300255693495"><ele>1526.0199890136719</ele></trkpt><trkpt lat="46.71906031714752" lon="8.04633025592193"><ele>1525.5999755859375</ele></trkpt><trkpt lat="46.71905031707138" lon="8.04633025592193"><ele>1525.469970703125</ele></trkpt><trkpt lat="46.71903031691909" lon="8.04633025592193"><ele>1525.2899780273438</ele></trkpt><trkpt lat="46.71902031684294" lon="8.046350255608559"><ele>1524.969970703125</ele></trkpt><trkpt lat="46.7190103167668" lon="8.046350255608559"><ele>1524.8999938964844</ele></trkpt><trkpt lat="46.7190103167668" lon="8.046390255447477"><ele>1524.5999755859375</ele></trkpt><trkpt lat="46.7190103167668" lon="8.046420255675912"><ele>1524.4499816894531</ele></trkpt><trkpt lat="46.7190103167668" lon="8.046450255438685"><ele>1524.2999877929688</ele></trkpt><trkpt lat="46.71902031684294" lon="8.046500255353749"><ele>1524.0</ele></trkpt><trkpt lat="46.7190103167668" lon="8.046530255582184"><ele>1523.8899841308594</ele></trkpt><trkpt lat="46.7190103167668" lon="8.046530255582184"><ele>1523.8899841308594</ele></trkpt><trkpt lat="46.7190103167668" lon="8.046530255582184"><ele>1523.8699951171875</ele></trkpt><trkpt lat="46.7190103167668" lon="8.046570255421102"><ele>1523.6999816894531</ele></trkpt><trkpt lat="46.71902031637728" lon="8.04661025526002"><ele>1523.3599853515625</ele></trkpt><trkpt lat="46.71902031637728" lon="8.0466502555646"><ele>1523.0999755859375</ele></trkpt><trkpt lat="46.71902031637728" lon="8.046750255394727"><ele>1523.0</ele></trkpt><trkpt lat="46.7190103167668" lon="8.046880255453289"><ele>1523.6999816894531</ele></trkpt><trkpt lat="46.71903031645343" lon="8.047090255189687"><ele>1522.2999877929688</ele></trkpt><trkpt lat="46.71904031606391" lon="8.047130255028605"><ele>1521.8699951171875</ele></trkpt><trkpt lat="46.71904031606391" lon="8.047130255028605"><ele>1521.7699890136719</ele></trkpt><trkpt lat="46.719050316140056" lon="8.04714025510475"><ele>1521.8099975585938</ele></trkpt><trkpt lat="46.7190603162162" lon="8.047190255019814"><ele>1521.6499938964844</ele></trkpt><trkpt lat="46.719070316292346" lon="8.047220255248249"><ele>1521.5999755859375</ele></trkpt><trkpt lat="46.719070316292346" lon="8.047240255400538"><ele>1521.5099792480469</ele></trkpt><trkpt lat="46.719090315978974" lon="8.047290255315602"><ele>1521.1999816894531</ele></trkpt><trkpt lat="46.71912031620741" lon="8.047420254908502"><ele>1520.9499816894531</ele></trkpt><trkpt lat="46.71912031620741" lon="8.047420254908502"><ele>1521.0399780273438</ele></trkpt><trkpt lat="46.719130316283554" lon="8.047460255213082"><ele>1521.0</ele></trkpt><trkpt lat="46.719130316283554" lon="8.047500255052"><ele>1521.0</ele></trkpt><trkpt lat="46.71913031581789" lon="8.047500255052"><ele>1520.8399963378906</ele></trkpt><trkpt lat="46.719130316283554" lon="8.047510255128145"><ele>1521.0</ele></trkpt><trkpt lat="46.71914031589404" lon="8.047560255043209"><ele>1521.0</ele></trkpt><trkpt lat="46.71915031597018" lon="8.047660255338997"><ele>1521.6999816894531</ele></trkpt><trkpt lat="46.71916031651199" lon="8.047700255177915"><ele>1522.22998046875</ele></trkpt><trkpt lat="46.71916031651199" lon="8.047720255330205"><ele>1522.1299743652344</ele></trkpt><trkpt lat="46.71916031651199" lon="8.047720255330205"><ele>1522.5899963378906</ele></trkpt><trkpt lat="46.719170316588134" lon="8.047830255702138"><ele>1524.0</ele></trkpt><trkpt lat="46.71918031666428" lon="8.047850255854428"><ele>1524.1399841308594</ele></trkpt><trkpt lat="46.71918031666428" lon="8.047850255388767"><ele>1523.7699890136719</ele></trkpt><trkpt lat="46.71918031666428" lon="8.047850255854428"><ele>1524.1499938964844</ele></trkpt><trkpt lat="46.71919031674042" lon="8.047890255693346"><ele>1524.3999938964844</ele></trkpt><trkpt lat="46.71919031674042" lon="8.04794025560841"><ele>1525.0</ele></trkpt><trkpt lat="46.71920031681657" lon="8.047970255836844"><ele>1525.3999938964844</ele></trkpt><trkpt lat="46.71920031728223" lon="8.048010256141424"><ele>1525.9399719238281</ele></trkpt><trkpt lat="46.71920031728223" lon="8.048010256141424"><ele>1526.0699768066406</ele></trkpt><trkpt lat="46.719230317510664" lon="8.04817025642842"><ele>1528.4399719238281</ele></trkpt><trkpt lat="46.719230317510664" lon="8.04819025658071"><ele>1528.5899963378906</ele></trkpt><trkpt lat="46.719230317510664" lon="8.04819025611505"><ele>1528.2799987792969</ele></trkpt><trkpt lat="46.71924031758681" lon="8.048230256419629"><ele>1529.0999755859375</ele></trkpt><trkpt lat="46.719350318424404" lon="8.048700257204473"><ele>1533.2999877929688</ele></trkpt><trkpt lat="46.71937031857669" lon="8.048760257195681"><ele>1533.8999938964844</ele></trkpt><trkpt lat="46.71937031857669" lon="8.048760257195681"><ele>1534.1999816894531</ele></trkpt><trkpt lat="46.719410319346935" lon="8.048940257634968"><ele>1536.8999938964844</ele></trkpt><trkpt lat="46.71944031957537" lon="8.049060258083045"><ele>1538.2899780273438</ele></trkpt><trkpt lat="46.71946031972766" lon="8.049110257998109"><ele>1538.8999938964844</ele></trkpt><trkpt lat="46.71954032033682" lon="8.049310258589685"><ele>1541.5999755859375</ele></trkpt><trkpt lat="46.71958032017574" lon="8.049370258580893"><ele>1542.1499938964844</ele></trkpt><trkpt lat="46.71958032017574" lon="8.049370258580893"><ele>1541.6999816894531</ele></trkpt><trkpt lat="46.71961032040417" lon="8.049430258572102"><ele>1542.6999816894531</ele></trkpt><trkpt lat="46.71963032055646" lon="8.049480258487165"><ele>1542.6099853515625</ele></trkpt><trkpt lat="46.71963032055646" lon="8.04949025856331"><ele>1542.6599731445312</ele></trkpt><trkpt lat="46.71964032063261" lon="8.049520258791745"><ele>1543.0299987792969</ele></trkpt><trkpt lat="46.71964032063261" lon="8.049520258791745"><ele>1542.969970703125</ele></trkpt><trkpt lat="46.71969032054767" lon="8.049660258926451"><ele>1544.1499938964844</ele></trkpt><trkpt lat="46.719700320623815" lon="8.049670259002596"><ele>1544.22998046875</ele></trkpt><trkpt lat="46.719700320623815" lon="8.049670259002596"><ele>1544.1999816894531</ele></trkpt><trkpt lat="46.71973032085225" lon="8.04976025922224"><ele>1545.0</ele></trkpt><trkpt lat="46.71979032130912" lon="8.049920259509236"><ele>1546.9099731445312</ele></trkpt><trkpt lat="46.71981032146141" lon="8.04995025927201"><ele>1547.2999877929688</ele></trkpt><trkpt lat="46.71981032146141" lon="8.049960259348154"><ele>1547.469970703125</ele></trkpt><trkpt lat="46.71989032207057" lon="8.050090259872377"><ele>1549.6899719238281</ele></trkpt><trkpt lat="46.71989032207057" lon="8.050090259872377"><ele>1549.5899963378906</ele></trkpt><trkpt lat="46.71994032198563" lon="8.05016025993973"><ele>1550.8999938964844</ele></trkpt><trkpt lat="46.71998032229021" lon="8.0502202603966"><ele>1551.5499877929688</ele></trkpt><trkpt lat="46.720050322357565" lon="8.050310260150582"><ele>1551.8299865722656</ele></trkpt><trkpt lat="46.72031032294035" lon="8.050510260742158"><ele>1555.6999816894531</ele></trkpt><trkpt lat="46.72037032339722" lon="8.050570261199027"><ele>1556.5599975585938</ele></trkpt><trkpt lat="46.72045032354072" lon="8.05066026095301"><ele>1557.0699768066406</ele></trkpt><trkpt lat="46.72047032369301" lon="8.050680261105299"><ele>1557.5199890136719</ele></trkpt><trkpt lat="46.72047032369301" lon="8.050680261105299"><ele>1557.5</ele></trkpt><trkpt lat="46.72052032407373" lon="8.050780261401087"><ele>1559.5699768066406</ele></trkpt><trkpt lat="46.72052032360807" lon="8.050780261401087"><ele>1558.9299926757812</ele></trkpt><trkpt lat="46.72058032406494" lon="8.05089026177302"><ele>1561.1599731445312</ele></trkpt><trkpt lat="46.72062032436952" lon="8.050960261840373"><ele>1562.0999755859375</ele></trkpt><trkpt lat="46.7206603246741" lon="8.051020262297243"><ele>1563.0999755859375</ele></trkpt><trkpt lat="46.72075032489374" lon="8.051170262508094"><ele>1565.0999755859375</ele></trkpt><trkpt lat="46.72075032489374" lon="8.051190262660384"><ele>1565.3299865722656</ele></trkpt><trkpt lat="46.72078032512218" lon="8.051270262803882"><ele>1566.3499755859375</ele></trkpt><trkpt lat="46.72078032512218" lon="8.051270262803882"><ele>1566.3799743652344</ele></trkpt><trkpt lat="46.72080032527447" lon="8.0513102626428"><ele>1567.0199890136719</ele></trkpt><trkpt lat="46.72082032542676" lon="8.05135026294738"><ele>1567.5</ele></trkpt><trkpt lat="46.7208303255029" lon="8.05137026263401"><ele>1567.6699829101562</ele></trkpt><trkpt lat="46.72085032565519" lon="8.051410262938589"><ele>1568.1499938964844</ele></trkpt><trkpt lat="46.72085032565519" lon="8.051420263014734"><ele>1568.0999755859375</ele></trkpt><trkpt lat="46.72085032565519" lon="8.051420263014734"><ele>1568.1999816894531</ele></trkpt><trkpt lat="46.72085032565519" lon="8.051420263014734"><ele>1568.3099975585938</ele></trkpt><trkpt lat="46.72087032627314" lon="8.051530263386667"><ele>1570.4399719238281</ele></trkpt><trkpt lat="46.72092032758519" lon="8.051910264417529"><ele>1578.0</ele></trkpt><trkpt lat="46.720930327661335" lon="8.051950264722109"><ele>1578.47998046875</ele></trkpt><trkpt lat="46.720930327661335" lon="8.051990264561027"><ele>1579.0999755859375</ele></trkpt><trkpt lat="46.72092032805085" lon="8.052000264637172"><ele>1579.4199829101562</ele></trkpt><trkpt lat="46.72092032805085" lon="8.052010264713317"><ele>1579.5099792480469</ele></trkpt><trkpt lat="46.72092032805085" lon="8.052010264713317"><ele>1579.5199890136719</ele></trkpt><trkpt lat="46.72092032805085" lon="8.052010264713317"><ele>1579.5999755859375</ele></trkpt><trkpt lat="46.72092032805085" lon="8.052020264789462"><ele>1579.8999938964844</ele></trkpt><trkpt lat="46.72090032836422" lon="8.052070265170187"><ele>1581.5999755859375</ele></trkpt><trkpt lat="46.72089032828808" lon="8.052150265313685"><ele>1582.1699829101562</ele></trkpt><trkpt lat="46.72089032875374" lon="8.05218026554212"><ele>1583.5</ele></trkpt><trkpt lat="46.72089032875374" lon="8.052200265228748"><ele>1583.0699768066406</ele></trkpt><trkpt lat="46.72087032906711" lon="8.052270265761763"><ele>1585.0999755859375</ele></trkpt><trkpt lat="46.72087032906711" lon="8.052310265600681"><ele>1585.0799865722656</ele></trkpt><trkpt lat="46.72087032953277" lon="8.052400265820324"><ele>1587.0</ele></trkpt><trkpt lat="46.720850329846144" lon="8.052550266496837"><ele>1589.4099731445312</ele></trkpt><trkpt lat="46.720850330311805" lon="8.052570266649127"><ele>1590.1999816894531</ele></trkpt><trkpt lat="46.720850330777466" lon="8.052670266944915"><ele>1592.5</ele></trkpt><trkpt lat="46.720850330777466" lon="8.052790267392993"><ele>1593.9599914550781</ele></trkpt><trkpt lat="46.7208703327924" lon="8.05322026880458"><ele>1603.3999938964844</ele></trkpt><trkpt lat="46.72086033318192" lon="8.053320269100368"><ele>1604.3799743652344</ele></trkpt><trkpt lat="46.72086033318192" lon="8.053350269328803"><ele>1606.3999938964844</ele></trkpt><trkpt lat="46.72084033396095" lon="8.053500269539654"><ele>1608.8999938964844</ele></trkpt><trkpt lat="46.72082033427432" lon="8.053580270148814"><ele>1610.6799926757812</ele></trkpt><trkpt lat="46.72082033427432" lon="8.053580269683152"><ele>1609.7699890136719</ele></trkpt><trkpt lat="46.72082033427432" lon="8.053590269759297"><ele>1609.7599792480469</ele></trkpt><trkpt lat="46.72082033427432" lon="8.053590269759297"><ele>1609.8399963378906</ele></trkpt><trkpt lat="46.72084033442661" lon="8.053720269817859"><ele>1610.7999877929688</ele></trkpt><trkpt lat="46.720850334037095" lon="8.053760270122439"><ele>1610.7999877929688</ele></trkpt><trkpt lat="46.720870334189385" lon="8.053930270019919"><ele>1611.5</ele></trkpt><trkpt lat="46.72086033411324" lon="8.054050270002335"><ele>1610.8499755859375</ele></trkpt><trkpt lat="46.7208603345789" lon="8.054050270002335"><ele>1611.2999877929688</ele></trkpt><trkpt lat="46.72086033411324" lon="8.054110269993544"><ele>1611.1999816894531</ele></trkpt><trkpt lat="46.7208603345789" lon="8.054140270221978"><ele>1611.2899780273438</ele></trkpt><trkpt lat="46.72086033411324" lon="8.054140270221978"><ele>1611.0399780273438</ele></trkpt><trkpt lat="46.72085033450276" lon="8.054220269899815"><ele>1611.5999755859375</ele></trkpt><trkpt lat="46.720870334189385" lon="8.054330270271748"><ele>1611.5799865722656</ele></trkpt><trkpt lat="46.72087033465505" lon="8.054330270271748"><ele>1611.9399719238281</ele></trkpt><trkpt lat="46.72087033465505" lon="8.054350269958377"><ele>1612.0</ele></trkpt><trkpt lat="46.720910334493965" lon="8.05444027017802"><ele>1611.2999877929688</ele></trkpt><trkpt lat="46.720910334493965" lon="8.054460269864649"><ele>1611.2699890136719</ele></trkpt><trkpt lat="46.720910334493965" lon="8.054460269864649"><ele>1610.9499816894531</ele></trkpt><trkpt lat="46.72092033410445" lon="8.054520269855857"><ele>1611.1999816894531</ele></trkpt><trkpt lat="46.72093033418059" lon="8.054710269905627"><ele>1611.3099975585938</ele></trkpt><trkpt lat="46.720930334646255" lon="8.054710270371288"><ele>1611.7699890136719</ele></trkpt><trkpt lat="46.7209403347224" lon="8.05482027027756"><ele>1612.0699768066406</ele></trkpt><trkpt lat="46.7209403347224" lon="8.054830270353705"><ele>1612.0999755859375</ele></trkpt><trkpt lat="46.7209403347224" lon="8.054860270116478"><ele>1612.1599731445312</ele></trkpt><trkpt lat="46.7209403347224" lon="8.054960270412266"><ele>1612.3999938964844</ele></trkpt><trkpt lat="46.7209403347224" lon="8.05499027017504"><ele>1612.5099792480469</ele></trkpt><trkpt lat="46.72092033457011" lon="8.055080270394683"><ele>1612.8999938964844</ele></trkpt><trkpt lat="46.72090033488348" lon="8.055170270614326"><ele>1613.6899719238281</ele></trkpt><trkpt lat="46.72090033488348" lon="8.0552002703771"><ele>1614.0799865722656</ele></trkpt><trkpt lat="46.72090033488348" lon="8.0552002703771"><ele>1613.8499755859375</ele></trkpt><trkpt lat="46.720890334807336" lon="8.05522027052939"><ele>1614.2999877929688</ele></trkpt><trkpt lat="46.72090033534914" lon="8.05543027073145"><ele>1615.5</ele></trkpt><trkpt lat="46.72090033534914" lon="8.055470271036029"><ele>1615.8499755859375</ele></trkpt><trkpt lat="46.72090033534914" lon="8.055470271036029"><ele>1615.9499816894531</ele></trkpt><trkpt lat="46.72090033534914" lon="8.055530271027237"><ele>1616.6999816894531</ele></trkpt><trkpt lat="46.72090033534914" lon="8.0555802709423"><ele>1617.2999877929688</ele></trkpt><trkpt lat="46.720880335662514" lon="8.05564027139917"><ele>1618.6999816894531</ele></trkpt><trkpt lat="46.720880335662514" lon="8.05564027139917"><ele>1618.5899963378906</ele></trkpt><trkpt lat="46.720860335975885" lon="8.055690271314234"><ele>1619.7999877929688</ele></trkpt><trkpt lat="46.720860335975885" lon="8.055720271542668"><ele>1619.719970703125</ele></trkpt><trkpt lat="46.720860335975885" lon="8.055760271381587"><ele>1619.5999755859375</ele></trkpt><trkpt lat="46.72087033605203" lon="8.055870271287858"><ele>1619.6999816894531</ele></trkpt><trkpt lat="46.72087033605203" lon="8.05587027175352"><ele>1620.0099792480469</ele></trkpt><trkpt lat="46.72087033605203" lon="8.055920271668583"><ele>1620.1999816894531</ele></trkpt><trkpt lat="46.72088033659384" lon="8.056160271633416"><ele>1621.8999938964844</ele></trkpt><trkpt lat="46.72088033659384" lon="8.05625027185306"><ele>1622.8199768066406</ele></trkpt><trkpt lat="46.72088033659384" lon="8.05625027185306"><ele>1622.719970703125</ele></trkpt><trkpt lat="46.72087033698335" lon="8.056350272148848"><ele>1623.8999938964844</ele></trkpt><trkpt lat="46.72086033690721" lon="8.056450272444636"><ele>1624.3199768066406</ele></trkpt><trkpt lat="46.72086033690721" lon="8.05646027205512"><ele>1624.219970703125</ele></trkpt><trkpt lat="46.72086033690721" lon="8.05646027205512"><ele>1624.3599853515625</ele></trkpt><trkpt lat="46.72085033683106" lon="8.056520272511989"><ele>1624.5999755859375</ele></trkpt><trkpt lat="46.72085033683106" lon="8.056540272198617"><ele>1624.5799865722656</ele></trkpt><trkpt lat="46.720830337144434" lon="8.05663027241826"><ele>1625.5999755859375</ele></trkpt><trkpt lat="46.72082033706829" lon="8.056660272181034"><ele>1624.7699890136719</ele></trkpt><trkpt lat="46.720760338008404" lon="8.05690027307719"><ele>1629.2899780273438</ele></trkpt><trkpt lat="46.720740338321775" lon="8.056950272992253"><ele>1630.0499877929688</ele></trkpt><trkpt lat="46.720710338559" lon="8.057050273288041"><ele>1631.3999938964844</ele></trkpt><trkpt lat="46.72070033848286" lon="8.057100273668766"><ele>1631.739990234375</ele></trkpt><trkpt lat="46.72069033840671" lon="8.05713027343154"><ele>1631.9499816894531</ele></trkpt><trkpt lat="46.72065033856779" lon="8.057220273651183"><ele>1632.0499877929688</ele></trkpt><trkpt lat="46.720610338263214" lon="8.057330273557454"><ele>1631.3999938964844</ele></trkpt><trkpt lat="46.72054033866152" lon="8.057440273463726"><ele>1632.3899841308594</ele></trkpt><trkpt lat="46.72054033866152" lon="8.057440273463726"><ele>1632.8299865722656</ele></trkpt><trkpt lat="46.72052033850923" lon="8.057480273768306"><ele>1633.0099792480469</ele></trkpt><trkpt lat="46.72052033897489" lon="8.057480273768306"><ele>1633.2999877929688</ele></trkpt><trkpt lat="46.72051033889875" lon="8.057550273835659"><ele>1633.7599792480469</ele></trkpt><trkpt lat="46.7205003388226" lon="8.057640274055302"><ele>1634.2999877929688</ele></trkpt><trkpt lat="46.72049033921212" lon="8.057670273818076"><ele>1634.6099853515625</ele></trkpt><trkpt lat="46.72049033921212" lon="8.057670273818076"><ele>1634.5999755859375</ele></trkpt><trkpt lat="46.72049033921212" lon="8.05770027404651"><ele>1634.8999938964844</ele></trkpt><trkpt lat="46.720460339449346" lon="8.057760274037719"><ele>1635.5999755859375</ele></trkpt><trkpt lat="46.7204503393732" lon="8.057780274190009"><ele>1635.5399780273438</ele></trkpt><trkpt lat="46.7204503393732" lon="8.057780274190009"><ele>1635.989990234375</ele></trkpt><trkpt lat="46.72043033922091" lon="8.057830274105072"><ele>1635.3999938964844</ele></trkpt><trkpt lat="46.72036033915356" lon="8.057990273926407"><ele>1635.0999755859375</ele></trkpt><trkpt lat="46.72028033901006" lon="8.058190274052322"><ele>1634.5999755859375</ele></trkpt><trkpt lat="46.72017033956945" lon="8.058530274312943"><ele>1636.239990234375</ele></trkpt><trkpt lat="46.72017033910379" lon="8.058530273847282"><ele>1633.8499755859375</ele></trkpt><trkpt lat="46.72014033887535" lon="8.058640273753554"><ele>1633.5999755859375</ele></trkpt><trkpt lat="46.720120339188725" lon="8.058660273905843"><ele>1634.9599914550781</ele></trkpt><trkpt lat="46.720100338570774" lon="8.058710273820907"><ele>1633.4499816894531</ele></trkpt><trkpt lat="46.720070338808" lon="8.058750274125487"><ele>1634.0299987792969</ele></trkpt><trkpt lat="46.720020338427275" lon="8.058830273803324"><ele>1632.7699890136719</ele></trkpt><trkpt lat="46.72001033881679" lon="8.058830273803324"><ele>1633.0799865722656</ele></trkpt><trkpt lat="46.71997033851221" lon="8.058890273794532"><ele>1632.1999816894531</ele></trkpt><trkpt lat="46.71995033835992" lon="8.058920273557305"><ele>1631.5999755859375</ele></trkpt><trkpt lat="46.71993033820763" lon="8.058960273396224"><ele>1631.0399780273438</ele></trkpt><trkpt lat="46.71993033820763" lon="8.058970273472369"><ele>1630.8999938964844</ele></trkpt><trkpt lat="46.71995033835992" lon="8.058960273396224"><ele>1630.9599914550781</ele></trkpt><trkpt lat="46.71995033835992" lon="8.058950273320079"><ele>1630.5399780273438</ele></trkpt><trkpt lat="46.71997033804655" lon="8.058940273243934"><ele>1630.1999816894531</ele></trkpt><trkpt lat="46.720000338274986" lon="8.058930273167789"><ele>1629.9399719238281</ele></trkpt><trkpt lat="46.72005033772439" lon="8.05889027332887"><ele>1629.2999877929688</ele></trkpt><trkpt lat="46.72007033787668" lon="8.05889027332887"><ele>1628.97998046875</ele></trkpt><trkpt lat="46.72009033802897" lon="8.058880273252726"><ele>1628.5399780273438</ele></trkpt><trkpt lat="46.720130337867886" lon="8.058880272787064"><ele>1627.8999938964844</ele></trkpt><trkpt lat="46.720130337867886" lon="8.058880272787064"><ele>1627.739990234375</ele></trkpt><trkpt lat="46.720130337867886" lon="8.058880272787064"><ele>1627.8399963378906</ele></trkpt><trkpt lat="46.72012033779174" lon="8.058900272939354"><ele>1627.5</ele></trkpt><trkpt lat="46.72012033732608" lon="8.058940272778273"><ele>1626.5999755859375</ele></trkpt><trkpt lat="46.720090337097645" lon="8.059010272379965"><ele>1625.5999755859375</ele></trkpt><trkpt lat="46.720050336793065" lon="8.059060272295028"><ele>1624.6099853515625</ele></trkpt><trkpt lat="46.72004033671692" lon="8.059080272447318"><ele>1624.1999816894531</ele></trkpt><trkpt lat="46.72001033695415" lon="8.059110272210091"><ele>1624.1499938964844</ele></trkpt><trkpt lat="46.720000336878" lon="8.059120272286236"><ele>1624.1199951171875</ele></trkpt><trkpt lat="46.71991033665836" lon="8.059230272192508"><ele>1623.8999938964844</ele></trkpt><trkpt lat="46.71985033666715" lon="8.059310272336006"><ele>1623.1399841308594</ele></trkpt><trkpt lat="46.719840336591005" lon="8.059330272022635"><ele>1623.0</ele></trkpt><trkpt lat="46.71980033675209" lon="8.059390272013843"><ele>1622.25</ele></trkpt><trkpt lat="46.71976033644751" lon="8.059460272081196"><ele>1621.3999938964844</ele></trkpt><trkpt lat="46.71972033614293" lon="8.059550271835178"><ele>1620.4099731445312</ele></trkpt><trkpt lat="46.71971033606678" lon="8.059580271597952"><ele>1620.0699768066406</ele></trkpt><trkpt lat="46.71971033606678" lon="8.059580271597952"><ele>1619.4099731445312</ele></trkpt><trkpt lat="46.71970033599064" lon="8.059590271674097"><ele>1619.8999938964844</ele></trkpt><trkpt lat="46.7196703357622" lon="8.059750271495432"><ele>1618.1599731445312</ele></trkpt><trkpt lat="46.7196703357622" lon="8.059900271240622"><ele>1618.0</ele></trkpt><trkpt lat="46.7196703357622" lon="8.059930271469057"><ele>1617.8499755859375</ele></trkpt><trkpt lat="46.7196703357622" lon="8.059930271469057"><ele>1617.75</ele></trkpt><trkpt lat="46.71965033560991" lon="8.060060271061957"><ele>1617.0999755859375</ele></trkpt><trkpt lat="46.71963033545762" lon="8.060240271035582"><ele>1616.0499877929688</ele></trkpt><trkpt lat="46.71963033545762" lon="8.060240271035582"><ele>1616.0399780273438</ele></trkpt><trkpt lat="46.71961033530533" lon="8.0602802708745"><ele>1615.8199768066406</ele></trkpt><trkpt lat="46.71961033530533" lon="8.0602802708745"><ele>1615.8699951171875</ele></trkpt><trkpt lat="46.71957033500075" lon="8.060390270780772"><ele>1615.2999877929688</ele></trkpt><trkpt lat="46.71956033492461" lon="8.060420271009207"><ele>1615.2999877929688</ele></trkpt><trkpt lat="46.71956033492461" lon="8.060420271009207"><ele>1614.97998046875</ele></trkpt><trkpt lat="46.71954033523798" lon="8.06047027092427"><ele>1615.2999877929688</ele></trkpt><trkpt lat="46.71954033477232" lon="8.060560270678252"><ele>1613.8999938964844</ele></trkpt><trkpt lat="46.71955033484846" lon="8.060650270432234"><ele>1613.3999938964844</ele></trkpt><trkpt lat="46.71959033468738" lon="8.060780270490795"><ele>1612.3699951171875</ele></trkpt><trkpt lat="46.71959033468738" lon="8.060780270490795"><ele>1612.4399719238281</ele></trkpt><trkpt lat="46.719620334450155" lon="8.060870270244777"><ele>1611.7999877929688</ele></trkpt><trkpt lat="46.7196303345263" lon="8.060930270235986"><ele>1611.3199768066406</ele></trkpt><trkpt lat="46.71963033406064" lon="8.060980270151049"><ele>1610.9299926757812</ele></trkpt><trkpt lat="46.71963033406064" lon="8.060980270151049"><ele>1610.7799987792969</ele></trkpt><trkpt lat="46.71963033406064" lon="8.061000270303339"><ele>1610.6999816894531</ele></trkpt><trkpt lat="46.719620333984494" lon="8.061150270048529"><ele>1609.1199951171875</ele></trkpt><trkpt lat="46.719620333984494" lon="8.061170269735157"><ele>1609.0</ele></trkpt><trkpt lat="46.7195903332904" lon="8.06128026964143"><ele>1607.3999938964844</ele></trkpt><trkpt lat="46.71957033313811" lon="8.061370269395411"><ele>1606.0</ele></trkpt><trkpt lat="46.71953033329919" lon="8.061400269623846"><ele>1605.9599914550781</ele></trkpt><trkpt lat="46.719500333070755" lon="8.061440269462764"><ele>1605.8999938964844</ele></trkpt><trkpt lat="46.719500333070755" lon="8.061440269462764"><ele>1605.6799926757812</ele></trkpt><trkpt lat="46.71949033299461" lon="8.06145026953891"><ele>1605.8999938964844</ele></trkpt><trkpt lat="46.71949033299461" lon="8.061460269615054"><ele>1605.5499877929688</ele></trkpt><trkpt lat="46.71949033299461" lon="8.061460269615054"><ele>1605.7999877929688</ele></trkpt><trkpt lat="46.71949033299461" lon="8.061470269225538"><ele>1605.6899719238281</ele></trkpt><trkpt lat="46.71947033330798" lon="8.061500269453973"><ele>1605.3999938964844</ele></trkpt><trkpt lat="46.71947033284232" lon="8.061560269445181"><ele>1605.0</ele></trkpt><trkpt lat="46.71947033284232" lon="8.06162026943639"><ele>1604.5999755859375</ele></trkpt><trkpt lat="46.71949033299461" lon="8.061710269190371"><ele>1603.7999877929688</ele></trkpt><trkpt lat="46.71953033283353" lon="8.061760269105434"><ele>1603.0</ele></trkpt><trkpt lat="46.71960033243522" lon="8.061850268859416"><ele>1601.0</ele></trkpt><trkpt lat="46.719610332045704" lon="8.061890268698335"><ele>1600.0699768066406</ele></trkpt><trkpt lat="46.719610332045704" lon="8.061890268232673"><ele>1599.3899841308594</ele></trkpt><trkpt lat="46.71962033212185" lon="8.061910268384963"><ele>1599.719970703125</ele></trkpt><trkpt lat="46.71963033173233" lon="8.061940268147737"><ele>1598.7999877929688</ele></trkpt><trkpt lat="46.71965033141896" lon="8.062020268291235"><ele>1597.3899841308594</ele></trkpt><trkpt lat="46.71965033141896" lon="8.062020268291235"><ele>1597.8799743652344</ele></trkpt><trkpt lat="46.71967033157125" lon="8.062080268282443"><ele>1597.1999816894531</ele></trkpt><trkpt lat="46.71970033086836" lon="8.062260267790407"><ele>1594.9499816894531</ele></trkpt><trkpt lat="46.71970033086836" lon="8.06229026755318"><ele>1594.6999816894531</ele></trkpt><trkpt lat="46.71971033094451" lon="8.062340267468244"><ele>1594.1099853515625</ele></trkpt><trkpt lat="46.71971033047885" lon="8.062480267137289"><ele>1592.5</ele></trkpt><trkpt lat="46.71971033047885" lon="8.062530267052352"><ele>1591.8899841308594</ele></trkpt><trkpt lat="46.71971033047885" lon="8.062530267052352"><ele>1591.8299865722656</ele></trkpt><trkpt lat="46.71971033047885" lon="8.062560267280787"><ele>1591.5199890136719</ele></trkpt><trkpt lat="46.71970032993704" lon="8.062650267034769"><ele>1590.3999938964844</ele></trkpt><trkpt lat="46.71970032993704" lon="8.062700266949832"><ele>1590.0399780273438</ele></trkpt><trkpt lat="46.71968032978475" lon="8.062830266542733"><ele>1589.0999755859375</ele></trkpt><trkpt lat="46.719670329708606" lon="8.062880266923457"><ele>1588.6499938964844</ele></trkpt><trkpt lat="46.719670329708606" lon="8.062880266923457"><ele>1588.72998046875</ele></trkpt><trkpt lat="46.719670329708606" lon="8.062910266686231"><ele>1588.5</ele></trkpt><trkpt lat="46.719650329556316" lon="8.062960266601294"><ele>1588.1299743652344</ele></trkpt><trkpt lat="46.71962032932788" lon="8.063070266507566"><ele>1587.2999877929688</ele></trkpt><trkpt lat="46.719610329251736" lon="8.06310026627034"><ele>1586.7899780273438</ele></trkpt><trkpt lat="46.71959032909945" lon="8.06312026642263"><ele>1586.2999877929688</ele></trkpt><trkpt lat="46.71957032894716" lon="8.063220266252756"><ele>1584.739990234375</ele></trkpt><trkpt lat="46.71957032894716" lon="8.063230266328901"><ele>1584.8999938964844</ele></trkpt><trkpt lat="46.71962032886222" lon="8.063190266024321"><ele>1583.8399963378906</ele></trkpt><trkpt lat="46.719630328472704" lon="8.063190266024321"><ele>1583.5999755859375</ele></trkpt><trkpt lat="46.71964032854885" lon="8.063180265948176"><ele>1583.3699951171875</ele></trkpt><trkpt lat="46.719760328065604" lon="8.063030265271664"><ele>1580.0899963378906</ele></trkpt><trkpt lat="46.71979032782838" lon="8.063000265043229"><ele>1578.5099792480469</ele></trkpt><trkpt lat="46.719790327362716" lon="8.063050264958292"><ele>1577.4299926757812</ele></trkpt><trkpt lat="46.71978032728657" lon="8.063080264721066"><ele>1576.7999877929688</ele></trkpt><trkpt lat="46.71976032713428" lon="8.063150264788419"><ele>1576.5299987792969</ele></trkpt><trkpt lat="46.71975032705814" lon="8.063180264551193"><ele>1576.3999938964844</ele></trkpt><trkpt lat="46.71975032705814" lon="8.063230264466256"><ele>1575.8799743652344</ele></trkpt><trkpt lat="46.71975032705814" lon="8.063310264609754"><ele>1575.0999755859375</ele></trkpt><trkpt lat="46.71975032705814" lon="8.063350264448673"><ele>1574.719970703125</ele></trkpt><trkpt lat="46.71975032705814" lon="8.063380264211446"><ele>1574.4599914550781</ele></trkpt><trkpt lat="46.71975032705814" lon="8.063380264211446"><ele>1574.489990234375</ele></trkpt><trkpt lat="46.71974032698199" lon="8.063420264516026"><ele>1574.0999755859375</ele></trkpt><trkpt lat="46.719730326440185" lon="8.06347026443109"><ele>1573.5499877929688</ele></trkpt><trkpt lat="46.71972032636404" lon="8.063500264193863"><ele>1573.0999755859375</ele></trkpt><trkpt lat="46.719690326135606" lon="8.063620263710618"><ele>1571.1899719238281</ele></trkpt><trkpt lat="46.719730325974524" lon="8.063620263710618"><ele>1570.1999816894531</ele></trkpt><trkpt lat="46.71974032605067" lon="8.063630263786763"><ele>1569.9099731445312</ele></trkpt><trkpt lat="46.71974032605067" lon="8.063640263862908"><ele>1569.7999877929688</ele></trkpt><trkpt lat="46.71975032566115" lon="8.063650263473392"><ele>1569.5999755859375</ele></trkpt><trkpt lat="46.71974032558501" lon="8.063700263388455"><ele>1569.0</ele></trkpt><trkpt lat="46.7196803255938" lon="8.063800263218582"><ele>1567.2999877929688</ele></trkpt><trkpt lat="46.71968032512814" lon="8.063830262981355"><ele>1566.6599731445312</ele></trkpt><trkpt lat="46.71969032520428" lon="8.06386026320979"><ele>1566.0999755859375</ele></trkpt><trkpt lat="46.71969032520428" lon="8.063890262972564"><ele>1565.3999938964844</ele></trkpt><trkpt lat="46.71968032512814" lon="8.063900263048708"><ele>1565.7599792480469</ele></trkpt><trkpt lat="46.71968032512814" lon="8.063910263124853"><ele>1565.1299743652344</ele></trkpt><trkpt lat="46.71967032505199" lon="8.063920262735337"><ele>1564.8999938964844</ele></trkpt><trkpt lat="46.71961032459512" lon="8.063950262963772"><ele>1564.1999816894531</ele></trkpt><trkpt lat="46.71960032451898" lon="8.063960262574255"><ele>1564.0999755859375</ele></trkpt><trkpt lat="46.719570324756205" lon="8.063980262726545"><ele>1563.4599914550781</ele></trkpt><trkpt lat="46.719550324603915" lon="8.064000262413174"><ele>1563.0</ele></trkpt><trkpt lat="46.719530324451625" lon="8.064020262565464"><ele>1562.5</ele></trkpt><trkpt lat="46.7194803240709" lon="8.064090262167156"><ele>1561.0</ele></trkpt><trkpt lat="46.719430323690176" lon="8.064160262234509"><ele>1559.6499938964844</ele></trkpt><trkpt lat="46.71934032347053" lon="8.064300261437893"><ele>1557.1899719238281</ele></trkpt><trkpt lat="46.71928032301366" lon="8.06440026126802"><ele>1555.5</ele></trkpt><trkpt lat="46.71928032301366" lon="8.06442026142031"><ele>1555.3799743652344</ele></trkpt><trkpt lat="46.71930032270029" lon="8.064530261326581"><ele>1554.5</ele></trkpt><trkpt lat="46.71931032277644" lon="8.064600261393934"><ele>1554.25</ele></trkpt><trkpt lat="46.71932032285258" lon="8.064660260919482"><ele>1553.9199829101562</ele></trkpt><trkpt lat="46.71932032238692" lon="8.064770260825753"><ele>1553.0999755859375</ele></trkpt><trkpt lat="46.71932032238692" lon="8.064790260978043"><ele>1552.75</ele></trkpt><trkpt lat="46.719310322310776" lon="8.064820260740817"><ele>1552.2599792480469</ele></trkpt><trkpt lat="46.719310322310776" lon="8.064820260740817"><ele>1552.3899841308594</ele></trkpt><trkpt lat="46.719290322158486" lon="8.064860260579735"><ele>1551.5999755859375</ele></trkpt><trkpt lat="46.719290322158486" lon="8.06487026065588"><ele>1551.7599792480469</ele></trkpt><trkpt lat="46.71928032208234" lon="8.064880260732025"><ele>1551.0999755859375</ele></trkpt><trkpt lat="46.71924032177776" lon="8.06487026065588"><ele>1550.5899963378906</ele></trkpt><trkpt lat="46.71922032209113" lon="8.06487026065588"><ele>1550.3699951171875</ele></trkpt><trkpt lat="46.71916032163426" lon="8.064860260579735"><ele>1549.5999755859375</ele></trkpt><trkpt lat="46.719080321490765" lon="8.064840259961784"><ele>1548.0699768066406</ele></trkpt><trkpt lat="46.719060321338475" lon="8.064840259961784"><ele>1547.7999877929688</ele></trkpt><trkpt lat="46.71901032142341" lon="8.064830259885639"><ele>1546.8199768066406</ele></trkpt><trkpt lat="46.71901032142341" lon="8.064830259885639"><ele>1546.8999938964844</ele></trkpt><trkpt lat="46.71895032096654" lon="8.064830259885639"><ele>1545.6999816894531</ele></trkpt><trkpt lat="46.71892032073811" lon="8.064820259809494"><ele>1545.1599731445312</ele></trkpt><trkpt lat="46.718830320518464" lon="8.064800259657204"><ele>1543.6999816894531</ele></trkpt><trkpt lat="46.718810320366174" lon="8.06479025958106"><ele>1543.5499877929688</ele></trkpt><trkpt lat="46.718790320679545" lon="8.06479025958106"><ele>1543.2999877929688</ele></trkpt><trkpt lat="46.718770320527256" lon="8.064790259115398"><ele>1543.0199890136719</ele></trkpt><trkpt lat="46.718770320527256" lon="8.064790259115398"><ele>1542.8699951171875</ele></trkpt><trkpt lat="46.718750320374966" lon="8.064800259191543"><ele>1542.6999816894531</ele></trkpt><trkpt lat="46.71874032029882" lon="8.064810259267688"><ele>1542.5799865722656</ele></trkpt><trkpt lat="46.71874032029882" lon="8.064830259419978"><ele>1542.3999938964844</ele></trkpt><trkpt lat="46.71874032029882" lon="8.064830259419978"><ele>1542.4099731445312</ele></trkpt><trkpt lat="46.71874032029882" lon="8.064860259182751"><ele>1542.0499877929688</ele></trkpt><trkpt lat="46.71874032029882" lon="8.064860259182751"><ele>1542.0999755859375</ele></trkpt><trkpt lat="46.71865032007918" lon="8.064980259165168"><ele>1540.9399719238281</ele></trkpt><trkpt lat="46.71862031985074" lon="8.065030259080231"><ele>1540.6999816894531</ele></trkpt><trkpt lat="46.71862031985074" lon="8.065040259156376"><ele>1540.7099914550781</ele></trkpt><trkpt lat="46.71859031962231" lon="8.065150258596987"><ele>1539.6999816894531</ele></trkpt><trkpt lat="46.718560319859535" lon="8.065160258673131"><ele>1539.0999755859375</ele></trkpt><trkpt lat="46.71855031978339" lon="8.065170258749276"><ele>1538.8299865722656</ele></trkpt><trkpt lat="46.718540319707245" lon="8.065180258825421"><ele>1538.6999816894531</ele></trkpt><trkpt lat="46.718540319707245" lon="8.065180258825421"><ele>1538.6799926757812</ele></trkpt><trkpt lat="46.7185303196311" lon="8.06520025851205"><ele>1538.2999877929688</ele></trkpt><trkpt lat="46.718520319554955" lon="8.06522025866434"><ele>1538.0</ele></trkpt><trkpt lat="46.718520319554955" lon="8.065250258427113"><ele>1537.5</ele></trkpt><trkpt lat="46.71847031917423" lon="8.06531025795266"><ele>1535.75</ele></trkpt><trkpt lat="46.71845031902194" lon="8.06533025810495"><ele>1535.3999938964844</ele></trkpt><trkpt lat="46.718440318945795" lon="8.065340258181095"><ele>1535.1899719238281</ele></trkpt><trkpt lat="46.71843031886965" lon="8.065340258181095"><ele>1535.0</ele></trkpt><trkpt lat="46.71843031886965" lon="8.065370257943869"><ele>1534.3699951171875</ele></trkpt><trkpt lat="46.71843031840399" lon="8.065400257706642"><ele>1534.0</ele></trkpt><trkpt lat="46.718380318488926" lon="8.065450257621706"><ele>1532.7599792480469</ele></trkpt><trkpt lat="46.718340318184346" lon="8.065490257460624"><ele>1531.6199951171875</ele></trkpt><trkpt lat="46.718300317879766" lon="8.065530257299542"><ele>1530.5</ele></trkpt><trkpt lat="46.71819031750783" lon="8.065520257223397"><ele>1528.8999938964844</ele></trkpt><trkpt lat="46.71819031750783" lon="8.065510257147253"><ele>1528.8999938964844</ele></trkpt><trkpt lat="46.7181603172794" lon="8.065510256681591"><ele>1527.2999877929688</ele></trkpt><trkpt lat="46.718070316594094" lon="8.06551025621593"><ele>1524.5</ele></trkpt><trkpt lat="46.717970316298306" lon="8.065530255902559"><ele>1521.7799987792969</ele></trkpt><trkpt lat="46.71796031622216" lon="8.065540255978703"><ele>1521.5899963378906</ele></trkpt><trkpt lat="46.71796031622216" lon="8.065540255978703"><ele>1521.5999755859375</ele></trkpt><trkpt lat="46.717950316146016" lon="8.065520255826414"><ele>1521.7599792480469</ele></trkpt><trkpt lat="46.71794031606987" lon="8.065500255674124"><ele>1521.7999877929688</ele></trkpt><trkpt lat="46.71793031645939" lon="8.06547025591135"><ele>1522.4199829101562</ele></trkpt><trkpt lat="46.71792031638324" lon="8.065440256148577"><ele>1522.1999816894531</ele></trkpt><trkpt lat="46.7179103163071" lon="8.065390256233513"><ele>1523.3799743652344</ele></trkpt><trkpt lat="46.7179103163071" lon="8.065380256157368"><ele>1523.1999816894531</ele></trkpt><trkpt lat="46.717900316696614" lon="8.065310256090015"><ele>1524.0</ele></trkpt><trkpt lat="46.71789031662047" lon="8.065300256479532"><ele>1524.5</ele></trkpt><trkpt lat="46.71789031708613" lon="8.065230256412178"><ele>1525.3999938964844</ele></trkpt><trkpt lat="46.71783031756058" lon="8.06508025713265"><ele>1528.2999877929688</ele></trkpt><trkpt lat="46.71778031811118" lon="8.064970257226378"><ele>1530.5</ele></trkpt><trkpt lat="46.71774031827226" lon="8.06491025770083"><ele>1532.0999755859375</ele></trkpt><trkpt lat="46.71771031850949" lon="8.064860257785767"><ele>1533.1299743652344</ele></trkpt><trkpt lat="46.717680318746716" lon="8.064790257718414"><ele>1534.1899719238281</ele></trkpt><trkpt lat="46.71766031906009" lon="8.064750257879496"><ele>1535.1999816894531</ele></trkpt><trkpt lat="46.717610319610685" lon="8.06463025836274"><ele>1538.1599731445312</ele></trkpt><trkpt lat="46.71757031977177" lon="8.06454025907442"><ele>1540.1999816894531</ele></trkpt><trkpt lat="46.71755032008514" lon="8.06452025892213"><ele>1540.9099731445312</ele></trkpt><trkpt lat="46.71751032024622" lon="8.064470259007066"><ele>1541.5</ele></trkpt><trkpt lat="46.717500320170075" lon="8.064460258930922"><ele>1541.6399841308594</ele></trkpt><trkpt lat="46.71749032009393" lon="8.064430259168148"><ele>1541.7999877929688</ele></trkpt><trkpt lat="46.71749032009393" lon="8.064430259168148"><ele>1541.8299865722656</ele></trkpt><trkpt lat="46.717500320170075" lon="8.064420259092003"><ele>1542.0</ele></trkpt><trkpt lat="46.717520320322365" lon="8.06441025948152"><ele>1542.9199829101562</ele></trkpt><trkpt lat="46.717540320474654" lon="8.06441025948152"><ele>1543.3999938964844</ele></trkpt><trkpt lat="46.71768032107502" lon="8.06439025979489"><ele>1547.1199951171875</ele></trkpt><trkpt lat="46.71771032130346" lon="8.064390260260552"><ele>1548.2999877929688</ele></trkpt><trkpt lat="46.71771032130346" lon="8.064380260184407"><ele>1548.3999938964844</ele></trkpt><trkpt lat="46.71769032161683" lon="8.064330260269344"><ele>1549.9599914550781</ele></trkpt><trkpt lat="46.71769032161683" lon="8.064330260269344"><ele>1549.989990234375</ele></trkpt><trkpt lat="46.717680322006345" lon="8.06430026050657"><ele>1550.5299987792969</ele></trkpt><trkpt lat="46.717680322006345" lon="8.064260260667652"><ele>1551.3999938964844</ele></trkpt><trkpt lat="46.71767032239586" lon="8.064230260904878"><ele>1552.0999755859375</ele></trkpt><trkpt lat="46.717660322319716" lon="8.064180260989815"><ele>1552.8999938964844</ele></trkpt><trkpt lat="46.71764032263309" lon="8.064120260998607"><ele>1554.3099975585938</ele></trkpt><trkpt lat="46.71760032325983" lon="8.063970261253417"><ele>1556.3999938964844</ele></trkpt><trkpt lat="46.71755032334477" lon="8.063880261499435"><ele>1557.8999938964844</ele></trkpt><trkpt lat="46.71754032373428" lon="8.063870261888951"><ele>1558.3699951171875</ele></trkpt><trkpt lat="46.71754032373428" lon="8.063850261736661"><ele>1558.8199768066406</ele></trkpt><trkpt lat="46.71754032373428" lon="8.063840262126178"><ele>1558.97998046875</ele></trkpt><trkpt lat="46.71758032403886" lon="8.063840262126178"><ele>1560.0699768066406</ele></trkpt><trkpt lat="46.71764032403007" lon="8.063840262126178"><ele>1561.4099731445312</ele></trkpt><trkpt lat="46.71764032403007" lon="8.063840262126178"><ele>1561.5099792480469</ele></trkpt><trkpt lat="46.71764032449573" lon="8.063830262515694"><ele>1562.0</ele></trkpt><trkpt lat="46.71750032529235" lon="8.063610263168812"><ele>1567.8999938964844</ele></trkpt><trkpt lat="46.71750032529235" lon="8.063590263482183"><ele>1568.1999816894531</ele></trkpt><trkpt lat="46.717510325368494" lon="8.063580263406038"><ele>1568.5</ele></trkpt><trkpt lat="46.71754032559693" lon="8.063570263795555"><ele>1569.2699890136719</ele></trkpt><trkpt lat="46.71758032590151" lon="8.06354026356712"><ele>1570.3999938964844</ele></trkpt><trkpt lat="46.7176003260538" lon="8.063530263956636"><ele>1570.9399719238281</ele></trkpt><trkpt lat="46.71764032635838" lon="8.063500264193863"><ele>1571.7999877929688</ele></trkpt><trkpt lat="46.7176903267391" lon="8.063460264354944"><ele>1573.72998046875</ele></trkpt><trkpt lat="46.71770032681525" lon="8.0634502642788"><ele>1574.1999816894531</ele></trkpt><trkpt lat="46.71773032704368" lon="8.06345026474446"><ele>1575.6799926757812</ele></trkpt><trkpt lat="46.71775032719597" lon="8.063440264668316"><ele>1576.0</ele></trkpt><trkpt lat="46.71775032719597" lon="8.063440264668316"><ele>1576.1899719238281</ele></trkpt><trkpt lat="46.71774032711983" lon="8.063410264905542"><ele>1577.1399841308594</ele></trkpt><trkpt lat="46.717730327509344" lon="8.063370265066624"><ele>1577.5999755859375</ele></trkpt><trkpt lat="46.717690327670425" lon="8.063350264914334"><ele>1578.3099975585938</ele></trkpt><trkpt lat="46.71766032790765" lon="8.06332026515156"><ele>1578.8999938964844</ele></trkpt><trkpt lat="46.71754032885656" lon="8.063200266100466"><ele>1583.5899963378906</ele></trkpt><trkpt lat="46.71750032901764" lon="8.063160266261548"><ele>1584.5999755859375</ele></trkpt><trkpt lat="46.71748032933101" lon="8.063110266346484"><ele>1586.1999816894531</ele></trkpt><trkpt lat="46.71746032917872" lon="8.063090266659856"><ele>1587.0199890136719</ele></trkpt><trkpt lat="46.71742032980546" lon="8.063020266592503"><ele>1589.0</ele></trkpt><trkpt lat="46.71742032980546" lon="8.063020266592503"><ele>1588.9199829101562</ele></trkpt><trkpt lat="46.71741032972932" lon="8.063020266592503"><ele>1589.2999877929688</ele></trkpt><trkpt lat="46.717400329653174" lon="8.063010266982019"><ele>1589.1899719238281</ele></trkpt><trkpt lat="46.71739033004269" lon="8.063000266905874"><ele>1589.5999755859375</ele></trkpt><trkpt lat="46.71733033005148" lon="8.063020267058164"><ele>1590.2999877929688</ele></trkpt><trkpt lat="46.71732032997534" lon="8.063020267058164"><ele>1590.6999816894531</ele></trkpt><trkpt lat="46.71730033028871" lon="8.063010266982019"><ele>1591.4099731445312</ele></trkpt><trkpt lat="46.71727033006027" lon="8.06299026729539"><ele>1591.7999877929688</ele></trkpt><trkpt lat="46.717250330373645" lon="8.062960267532617"><ele>1592.7699890136719</ele></trkpt><trkpt lat="46.717250330373645" lon="8.062950267456472"><ele>1593.1999816894531</ele></trkpt><trkpt lat="46.717290330678225" lon="8.062920267693698"><ele>1594.2999877929688</ele></trkpt><trkpt lat="46.717310330830514" lon="8.062900267541409"><ele>1594.9499816894531</ele></trkpt><trkpt lat="46.717350331135094" lon="8.062840268015862"><ele>1595.9399719238281</ele></trkpt><trkpt lat="46.717350331135094" lon="8.062830267939717"><ele>1596.0999755859375</ele></trkpt><trkpt lat="46.71734033105895" lon="8.062820267863572"><ele>1596.1999816894531</ele></trkpt><trkpt lat="46.717310331296176" lon="8.062810268253088"><ele>1597.5999755859375</ele></trkpt><trkpt lat="46.71727033145726" lon="8.062780268490314"><ele>1598.5299987792969</ele></trkpt><trkpt lat="46.717240331694484" lon="8.06275026826188"><ele>1599.0999755859375</ele></trkpt><trkpt lat="46.71723033161834" lon="8.06275026826188"><ele>1599.3399963378906</ele></trkpt><trkpt lat="46.71723033161834" lon="8.062740268651396"><ele>1599.4199829101562</ele></trkpt><trkpt lat="46.717240331694484" lon="8.062740268185735"><ele>1599.0999755859375</ele></trkpt><trkpt lat="46.71728033199906" lon="8.062690268736333"><ele>1600.5199890136719</ele></trkpt><trkpt lat="46.7173103322275" lon="8.06266026897356"><ele>1601.2999877929688</ele></trkpt><trkpt lat="46.71732033230364" lon="8.062650268897414"><ele>1601.6999816894531</ele></trkpt><trkpt lat="46.71732033230364" lon="8.06264026882127"><ele>1602.2999877929688</ele></trkpt><trkpt lat="46.717300332617015" lon="8.062630268745124"><ele>1602.4299926757812</ele></trkpt><trkpt lat="46.71725033270195" lon="8.06260026898235"><ele>1603.6999816894531</ele></trkpt><trkpt lat="46.71723033254966" lon="8.062590269371867"><ele>1604.0599975585938</ele></trkpt><trkpt lat="46.71723033254966" lon="8.062580269295722"><ele>1604.1199951171875</ele></trkpt><trkpt lat="46.71724033309147" lon="8.062560269143432"><ele>1604.7999877929688</ele></trkpt><trkpt lat="46.71724033309147" lon="8.062550269532949"><ele>1604.8399963378906</ele></trkpt><trkpt lat="46.71724033309147" lon="8.062540269456804"><ele>1605.0</ele></trkpt><trkpt lat="46.71727033285424" lon="8.062530269380659"><ele>1605.1799926757812</ele></trkpt><trkpt lat="46.717280332930386" lon="8.062520269304514"><ele>1605.47998046875</ele></trkpt><trkpt lat="46.717280332930386" lon="8.062520269304514"><ele>1605.5599975585938</ele></trkpt><trkpt lat="46.717230333480984" lon="8.062470269855112"><ele>1606.989990234375</ele></trkpt><trkpt lat="46.717230333480984" lon="8.062470269855112"><ele>1607.0099792480469</ele></trkpt><trkpt lat="46.71722033340484" lon="8.062460269778967"><ele>1607.1199951171875</ele></trkpt><trkpt lat="46.717190333642066" lon="8.062450269702822"><ele>1607.8999938964844</ele></trkpt><trkpt lat="46.717190333642066" lon="8.062440269626677"><ele>1608.0</ele></trkpt><trkpt lat="46.71718033356592" lon="8.062440269626677"><ele>1608.1999816894531</ele></trkpt><trkpt lat="46.71718033356592" lon="8.062400269787759"><ele>1608.6499938964844</ele></trkpt><trkpt lat="46.71718033356592" lon="8.062370270024985"><ele>1609.0999755859375</ele></trkpt><trkpt lat="46.71716033387929" lon="8.062320270109922"><ele>1609.8999938964844</ele></trkpt><trkpt lat="46.71715033380315" lon="8.062310270033777"><ele>1610.3299865722656</ele></trkpt><trkpt lat="46.71711033442989" lon="8.062260270584375"><ele>1611.5999755859375</ele></trkpt><trkpt lat="46.717100334353745" lon="8.062200270593166"><ele>1612.4499816894531</ele></trkpt><trkpt lat="46.71709033474326" lon="8.062180270440876"><ele>1612.7999877929688</ele></trkpt><trkpt lat="46.71705033490434" lon="8.06210027076304"><ele>1614.3299865722656</ele></trkpt><trkpt lat="46.7170403348282" lon="8.06210027076304"><ele>1614.5999755859375</ele></trkpt><trkpt lat="46.71705033490434" lon="8.062090271152556"><ele>1614.8999938964844</ele></trkpt><trkpt lat="46.71710033528507" lon="8.0621002712287"><ele>1615.6199951171875</ele></trkpt><trkpt lat="46.71711033536121" lon="8.0621002712287"><ele>1615.8599853515625</ele></trkpt><trkpt lat="46.71711033536121" lon="8.062090271152556"><ele>1616.5999755859375</ele></trkpt><trkpt lat="46.717050335835665" lon="8.06199027132243"><ele>1618.5999755859375</ele></trkpt><trkpt lat="46.717050335835665" lon="8.061980271711946"><ele>1618.6999816894531</ele></trkpt><trkpt lat="46.71698033623397" lon="8.061900272034109"><ele>1620.2899780273438</ele></trkpt><trkpt lat="46.71695033600554" lon="8.061860271729529"><ele>1621.1999816894531</ele></trkpt><trkpt lat="46.71695033600554" lon="8.061860271729529"><ele>1621.2099914550781</ele></trkpt><trkpt lat="46.717040337156504" lon="8.061820272356272"><ele>1624.7999877929688</ele></trkpt><trkpt lat="46.717000337317586" lon="8.061700272839516"><ele>1627.3799743652344</ele></trkpt><trkpt lat="46.7169903377071" lon="8.061690272763371"><ele>1627.6499938964844</ele></trkpt><trkpt lat="46.71696033794433" lon="8.06164027331397"><ele>1628.8999938964844</ele></trkpt><trkpt lat="46.716950338333845" lon="8.061550273559988"><ele>1631.5999755859375</ele></trkpt><trkpt lat="46.71693033864722" lon="8.061480273958296"><ele>1633.2999877929688</ele></trkpt><trkpt lat="46.71690033841878" lon="8.061460273806006"><ele>1632.9199829101562</ele></trkpt><trkpt lat="46.7168903388083" lon="8.061460273806006"><ele>1633.3999938964844</ele></trkpt><trkpt lat="46.716820339206606" lon="8.061420273967087"><ele>1635.0999755859375</ele></trkpt><trkpt lat="46.71683033928275" lon="8.061380274128169"><ele>1635.6699829101562</ele></trkpt><trkpt lat="46.71683033928275" lon="8.061380274128169"><ele>1636.0999755859375</ele></trkpt><trkpt lat="46.71681033913046" lon="8.06138027459383"><ele>1636.3399963378906</ele></trkpt><trkpt lat="46.71680033951998" lon="8.06136027444154"><ele>1636.7899780273438</ele></trkpt><trkpt lat="46.71680033951998" lon="8.061350274365395"><ele>1637.2999877929688</ele></trkpt><trkpt lat="46.71681033959612" lon="8.061330274678767"><ele>1637.6399841308594</ele></trkpt><trkpt lat="46.71681033959612" lon="8.061310274526477"><ele>1638.1999816894531</ele></trkpt><trkpt lat="46.71683033974841" lon="8.061270274687558"><ele>1638.6499938964844</ele></trkpt><trkpt lat="46.716920339968055" lon="8.061230275314301"><ele>1640.8999938964844</ele></trkpt><trkpt lat="46.71692034043372" lon="8.061210275162011"><ele>1642.2099914550781</ele></trkpt><trkpt lat="46.71691034082323" lon="8.061170275323093"><ele>1643.3999938964844</ele></trkpt><trkpt lat="46.716850341297686" lon="8.061000275891274"><ele>1646.8999938964844</ele></trkpt><trkpt lat="46.716820342000574" lon="8.060880276374519"><ele>1649.1799926757812</ele></trkpt><trkpt lat="46.716820342000574" lon="8.060880276374519"><ele>1649.0999755859375</ele></trkpt><trkpt lat="46.716800341848284" lon="8.060870276298374"><ele>1649.5</ele></trkpt><trkpt lat="46.716780342161655" lon="8.060870276764035"><ele>1650.0999755859375</ele></trkpt><trkpt lat="46.716780342161655" lon="8.060850276611745"><ele>1650.1599731445312</ele></trkpt><trkpt lat="46.716800342313945" lon="8.0608402765356"><ele>1650.5299987792969</ele></trkpt><trkpt lat="46.71681034239009" lon="8.0608402765356"><ele>1650.6699829101562</ele></trkpt><trkpt lat="46.71681034239009" lon="8.0608402765356"><ele>1650.7799987792969</ele></trkpt><trkpt lat="46.71681034239009" lon="8.060830276925117"><ele>1650.8299865722656</ele></trkpt><trkpt lat="46.716820342000574" lon="8.060830276925117"><ele>1650.6999816894531</ele></trkpt><trkpt lat="46.71676034247503" lon="8.060800277162343"><ele>1652.0999755859375</ele></trkpt><trkpt lat="46.71675034239888" lon="8.060780277010053"><ele>1652.5399780273438</ele></trkpt><trkpt lat="46.71674034232274" lon="8.060770276933908"><ele>1652.3999938964844</ele></trkpt><trkpt lat="46.71681034285575" lon="8.060770276933908"><ele>1653.219970703125</ele></trkpt><trkpt lat="46.71681034285575" lon="8.060770276933908"><ele>1653.3699951171875</ele></trkpt><trkpt lat="46.71681034285575" lon="8.060760277323425"><ele>1653.5799865722656</ele></trkpt><trkpt lat="46.7168203429319" lon="8.06075027724728"><ele>1653.6999816894531</ele></trkpt><trkpt lat="46.71685034316033" lon="8.060740277171135"><ele>1654.719970703125</ele></trkpt><trkpt lat="46.716900343075395" lon="8.060720277484506"><ele>1655.7999877929688</ele></trkpt><trkpt lat="46.716940343379974" lon="8.060710277874023"><ele>1657.0999755859375</ele></trkpt><trkpt lat="46.71695034345612" lon="8.060710277874023"><ele>1657.5999755859375</ele></trkpt><trkpt lat="46.71695034345612" lon="8.060710277874023"><ele>1657.4199829101562</ele></trkpt><trkpt lat="46.716960343532264" lon="8.060690277721733"><ele>1657.969970703125</ele></trkpt><trkpt lat="46.71697034360841" lon="8.060670278035104"><ele>1658.7599792480469</ele></trkpt><trkpt lat="46.71697034360841" lon="8.060670278035104"><ele>1658.8099975585938</ele></trkpt><trkpt lat="46.716980343684554" lon="8.060670278035104"><ele>1659.0199890136719</ele></trkpt><trkpt lat="46.717020343989134" lon="8.060690278187394"><ele>1660.1999816894531</ele></trkpt><trkpt lat="46.717040344141424" lon="8.060690278187394"><ele>1660.5299987792969</ele></trkpt><trkpt lat="46.71705034421757" lon="8.060700278263539"><ele>1660.6999816894531</ele></trkpt><trkpt lat="46.717080344446" lon="8.060700278263539"><ele>1661.0499877929688</ele></trkpt><trkpt lat="46.71713034436107" lon="8.0607002787292"><ele>1662.0499877929688</ele></trkpt><trkpt lat="46.71714034443721" lon="8.0607002787292"><ele>1662.1999816894531</ele></trkpt><trkpt lat="46.71714034443721" lon="8.060690278653055"><ele>1662.5</ele></trkpt><trkpt lat="46.71714034443721" lon="8.060670278500766"><ele>1662.5799865722656</ele></trkpt><trkpt lat="46.71712034475058" lon="8.060630278661847"><ele>1663.2999877929688</ele></trkpt><trkpt lat="46.7171103451401" lon="8.060560279060155"><ele>1664.5999755859375</ele></trkpt><trkpt lat="46.7171103451401" lon="8.060540278907865"><ele>1664.8999938964844</ele></trkpt><trkpt lat="46.7171103451401" lon="8.060540278907865"><ele>1664.7599792480469</ele></trkpt><trkpt lat="46.71716034505516" lon="8.060500279068947"><ele>1665.5999755859375</ele></trkpt><trkpt lat="46.7171903452836" lon="8.060480279382318"><ele>1666.5999755859375</ele></trkpt><trkpt lat="46.71722034551203" lon="8.060450279619545"><ele>1667.6999816894531</ele></trkpt><trkpt lat="46.71723034558818" lon="8.0604402795434"><ele>1667.7999877929688</ele></trkpt><trkpt lat="46.71723034558818" lon="8.0604402795434"><ele>1667.989990234375</ele></trkpt><trkpt lat="46.71723034558818" lon="8.060430279467255"><ele>1668.1799926757812</ele></trkpt><trkpt lat="46.71723034558818" lon="8.060430279467255"><ele>1668.1899719238281</ele></trkpt><trkpt lat="46.717200345825404" lon="8.060390279628336"><ele>1669.2999877929688</ele></trkpt><trkpt lat="46.71717034606263" lon="8.060360279865563"><ele>1669.6899719238281</ele></trkpt><trkpt lat="46.71712034614757" lon="8.0603102799505"><ele>1670.6999816894531</ele></trkpt><trkpt lat="46.71712034614757" lon="8.06029027979821"><ele>1671.0999755859375</ele></trkpt><trkpt lat="46.717300347052515" lon="8.060150280594826"><ele>1674.0</ele></trkpt><trkpt lat="46.717300347052515" lon="8.06014028051868"><ele>1674.3999938964844</ele></trkpt><trkpt lat="46.71729034697637" lon="8.060130280442536"><ele>1674.7999877929688</ele></trkpt><trkpt lat="46.717260347213596" lon="8.060100280679762"><ele>1674.8999938964844</ele></trkpt><trkpt lat="46.71722034737468" lon="8.060050280764699"><ele>1676.2999877929688</ele></trkpt><trkpt lat="46.71718034753576" lon="8.060020281001925"><ele>1677.0</ele></trkpt><trkpt lat="46.71718034753576" lon="8.06001028092578"><ele>1677.4499816894531</ele></trkpt><trkpt lat="46.71718034753576" lon="8.060000280849636"><ele>1677.5999755859375</ele></trkpt><trkpt lat="46.717190347611904" lon="8.060000281315297"><ele>1677.7699890136719</ele></trkpt><trkpt lat="46.71726034814492" lon="8.059940281324089"><ele>1679.3999938964844</ele></trkpt><trkpt lat="46.717270348221064" lon="8.059930281247944"><ele>1679.6999816894531</ele></trkpt><trkpt lat="46.717270348221064" lon="8.05992028163746"><ele>1679.7699890136719</ele></trkpt><trkpt lat="46.717270348221064" lon="8.05992028163746"><ele>1679.7999877929688</ele></trkpt><trkpt lat="46.717230348382145" lon="8.05990028148517"><ele>1680.489990234375</ele></trkpt><trkpt lat="46.71719034854323" lon="8.059880281798542"><ele>1681.0999755859375</ele></trkpt><trkpt lat="46.71718034846708" lon="8.059860281646252"><ele>1681.2999877929688</ele></trkpt><trkpt lat="46.71719034854323" lon="8.059860281646252"><ele>1681.5099792480469</ele></trkpt><trkpt lat="46.71724034845829" lon="8.05979028204456"><ele>1682.7999877929688</ele></trkpt><trkpt lat="46.717250348534435" lon="8.05977028189227"><ele>1682.8999938964844</ele></trkpt><trkpt lat="46.717250348534435" lon="8.05977028189227"><ele>1683.219970703125</ele></trkpt><trkpt lat="46.717250349000096" lon="8.05977028189227"><ele>1683.239990234375</ele></trkpt><trkpt lat="46.717250348534435" lon="8.059760281816125"><ele>1683.0999755859375</ele></trkpt><trkpt lat="46.71721034916118" lon="8.059750282205641"><ele>1684.0999755859375</ele></trkpt><trkpt lat="46.71718034893274" lon="8.059750282205641"><ele>1684.3999938964844</ele></trkpt><trkpt lat="46.71718034893274" lon="8.059740282129496"><ele>1684.6899719238281</ele></trkpt><trkpt lat="46.71717034932226" lon="8.059730282053351"><ele>1684.8999938964844</ele></trkpt><trkpt lat="46.71717034932226" lon="8.059720282442868"><ele>1685.2599792480469</ele></trkpt><trkpt lat="46.71717034932226" lon="8.059710282366723"><ele>1685.3699951171875</ele></trkpt><trkpt lat="46.71719034947455" lon="8.059680282138288"><ele>1685.5999755859375</ele></trkpt><trkpt lat="46.71721034916118" lon="8.05966028245166"><ele>1686.1099853515625</ele></trkpt><trkpt lat="46.71723034931347" lon="8.05964028229937"><ele>1686.3999938964844</ele></trkpt><trkpt lat="46.71724034938961" lon="8.059620282612741"><ele>1686.8699951171875</ele></trkpt><trkpt lat="46.71724034938961" lon="8.059600282460451"><ele>1687.0</ele></trkpt><trkpt lat="46.71723034977913" lon="8.059600282460451"><ele>1687.3299865722656</ele></trkpt><trkpt lat="46.71721034962684" lon="8.059590282849967"><ele>1687.6999816894531</ele></trkpt><trkpt lat="46.717160349711776" lon="8.059590282849967"><ele>1688.6399841308594</ele></trkpt><trkpt lat="46.717130349949" lon="8.059590282849967"><ele>1689.0999755859375</ele></trkpt><trkpt lat="46.717130349949" lon="8.059580282773823"><ele>1689.2099914550781</ele></trkpt><trkpt lat="46.717130349949" lon="8.059560283087194"><ele>1689.5999755859375</ele></trkpt><trkpt lat="46.71722035063431" lon="8.059440283104777"><ele>1691.6199951171875</ele></trkpt><trkpt lat="46.71723035071045" lon="8.059420283418149"><ele>1691.8899841308594</ele></trkpt><trkpt lat="46.71723035071045" lon="8.059420283418149"><ele>1692.0999755859375</ele></trkpt><trkpt lat="46.71723035071045" lon="8.059410283342004"><ele>1692.0999755859375</ele></trkpt><trkpt lat="46.71717035071924" lon="8.059410283807665"><ele>1693.1999816894531</ele></trkpt><trkpt lat="46.717150351032615" lon="8.059410283807665"><ele>1693.719970703125</ele></trkpt><trkpt lat="46.71712035080418" lon="8.05942028388381"><ele>1694.1999816894531</ele></trkpt><trkpt lat="46.717110351193696" lon="8.05940028373152"><ele>1694.2999877929688</ele></trkpt><trkpt lat="46.71712035080418" lon="8.05940028373152"><ele>1694.3699951171875</ele></trkpt><trkpt lat="46.71714035095647" lon="8.059380284044892"><ele>1695.0999755859375</ele></trkpt><trkpt lat="46.717210351489484" lon="8.05929028429091"><ele>1696.6999816894531</ele></trkpt><trkpt lat="46.717210351489484" lon="8.059280284214765"><ele>1696.6299743652344</ele></trkpt><trkpt lat="46.717210351489484" lon="8.05927028413862"><ele>1696.8999938964844</ele></trkpt><trkpt lat="46.71720035141334" lon="8.05927028413862"><ele>1697.0399780273438</ele></trkpt><trkpt lat="46.71720035141334" lon="8.059260284062475"><ele>1697.1999816894531</ele></trkpt><trkpt lat="46.71716035157442" lon="8.059260284528136"><ele>1697.6999816894531</ele></trkpt><trkpt lat="46.717100352048874" lon="8.059280284680426"><ele>1698.8699951171875</ele></trkpt><trkpt lat="46.717080351896584" lon="8.059290284756571"><ele>1699.2999877929688</ele></trkpt><trkpt lat="46.71705035213381" lon="8.059290284756571"><ele>1699.5</ele></trkpt><trkpt lat="46.71705035213381" lon="8.059270284604281"><ele>1699.7999877929688</ele></trkpt><trkpt lat="46.71705035213381" lon="8.059270284604281"><ele>1699.9199829101562</ele></trkpt><trkpt lat="46.717100352514535" lon="8.05920028500259"><ele>1701.0599975585938</ele></trkpt><trkpt lat="46.71716035250574" lon="8.059120284859091"><ele>1702.0999755859375</ele></trkpt><trkpt lat="46.71716035250574" lon="8.059100285172462"><ele>1702.5</ele></trkpt><trkpt lat="46.71715035289526" lon="8.059100285172462"><ele>1702.6299743652344</ele></trkpt><trkpt lat="46.7171503524296" lon="8.059090285096318"><ele>1702.5</ele></trkpt><trkpt lat="46.71713035274297" lon="8.059100285172462"><ele>1703.0599975585938</ele></trkpt><trkpt lat="46.7171003529802" lon="8.059100285172462"><ele>1703.3999938964844</ele></trkpt><trkpt lat="46.71707035275176" lon="8.059100285172462"><ele>1704.0</ele></trkpt><trkpt lat="46.71705035306513" lon="8.059090285561979"><ele>1704.2999877929688</ele></trkpt><trkpt lat="46.71702035330236" lon="8.059090285561979"><ele>1705.3499755859375</ele></trkpt><trkpt lat="46.71702035330236" lon="8.059090285561979"><ele>1705.3899841308594</ele></trkpt><trkpt lat="46.717010353226215" lon="8.059080285485834"><ele>1705.47998046875</ele></trkpt><trkpt lat="46.717010353226215" lon="8.059080285485834"><ele>1705.6999816894531</ele></trkpt><trkpt lat="46.71702035330236" lon="8.059060285799205"><ele>1705.9199829101562</ele></trkpt><trkpt lat="46.717030353378505" lon="8.059040285646915"><ele>1706.3999938964844</ele></trkpt><trkpt lat="46.717110353522" lon="8.058930285740644"><ele>1707.8999938964844</ele></trkpt><trkpt lat="46.71715035382658" lon="8.05890028597787"><ele>1708.8499755859375</ele></trkpt><trkpt lat="46.71716035390273" lon="8.058880286291242"><ele>1709.1499938964844</ele></trkpt><trkpt lat="46.71715035382658" lon="8.058880286291242"><ele>1709.1899719238281</ele></trkpt><trkpt lat="46.717070354148746" lon="8.058880286291242"><ele>1710.5</ele></trkpt><trkpt lat="46.71702035469934" lon="8.058870286680758"><ele>1711.5999755859375</ele></trkpt><trkpt lat="46.71702035469934" lon="8.058860286604613"><ele>1711.5999755859375</ele></trkpt><trkpt lat="46.71702035469934" lon="8.058850286528468"><ele>1711.8799743652344</ele></trkpt><trkpt lat="46.71702035469934" lon="8.058840286452323"><ele>1712.0</ele></trkpt><trkpt lat="46.71705035446212" lon="8.058820286765695"><ele>1712.5299987792969</ele></trkpt><trkpt lat="46.71707035461441" lon="8.058800286613405"><ele>1712.5</ele></trkpt><trkpt lat="46.7170903547667" lon="8.058770286850631"><ele>1713.3399963378906</ele></trkpt><trkpt lat="46.71710035484284" lon="8.058760286774486"><ele>1713.5199890136719</ele></trkpt><trkpt lat="46.717150355223566" lon="8.058720286935568"><ele>1714.5999755859375</ele></trkpt><trkpt lat="46.71716035529971" lon="8.058710286859423"><ele>1714.6999816894531</ele></trkpt><trkpt lat="46.717150355223566" lon="8.05870028724894"><ele>1714.7999877929688</ele></trkpt><trkpt lat="46.71712035546079" lon="8.05870028724894"><ele>1715.5</ele></trkpt><trkpt lat="46.717020355630666" lon="8.058670287486166"><ele>1716.9499816894531</ele></trkpt><trkpt lat="46.7170503558591" lon="8.058650287333876"><ele>1717.2699890136719</ele></trkpt><trkpt lat="46.7170503558591" lon="8.058650287333876"><ele>1717.3999938964844</ele></trkpt><trkpt lat="46.71707035554573" lon="8.058630287647247"><ele>1717.6199951171875</ele></trkpt><trkpt lat="46.717120355926454" lon="8.058570287656039"><ele>1718.8199768066406</ele></trkpt><trkpt lat="46.71703035617247" lon="8.058580287732184"><ele>1719.5199890136719</ele></trkpt><trkpt lat="46.716970356181264" lon="8.058620287571102"><ele>1719.3599853515625</ele></trkpt><trkpt lat="46.71696035610512" lon="8.058630287647247"><ele>1719.2999877929688</ele></trkpt><trkpt lat="46.716970356181264" lon="8.058620287571102"><ele>1719.3599853515625</ele></trkpt><trkpt lat="46.71703035617247" lon="8.058580287732184"><ele>1719.5199890136719</ele></trkpt><trkpt lat="46.717120355926454" lon="8.058570287656039"><ele>1718.8199768066406</ele></trkpt><trkpt lat="46.717120355926454" lon="8.058570287656039"><ele>1718.6999816894531</ele></trkpt><trkpt lat="46.717140356078744" lon="8.058560287579894"><ele>1718.7699890136719</ele></trkpt><trkpt lat="46.71718035591766" lon="8.058560287579894"><ele>1718.7999877929688</ele></trkpt><trkpt lat="46.71720035606995" lon="8.058540287893265"><ele>1719.0899963378906</ele></trkpt><trkpt lat="46.71722035622224" lon="8.058520287740976"><ele>1719.3999938964844</ele></trkpt><trkpt lat="46.717250355985016" lon="8.058490287978202"><ele>1719.8499755859375</ele></trkpt><trkpt lat="46.71728035621345" lon="8.058480287902057"><ele>1719.7999877929688</ele></trkpt><trkpt lat="46.717500356025994" lon="8.05838028807193"><ele>1720.0999755859375</ele></trkpt><trkpt lat="46.71762035647407" lon="8.058300288394094"><ele>1722.0</ele></trkpt><trkpt lat="46.71768035693094" lon="8.05825028847903"><ele>1722.4599914550781</ele></trkpt><trkpt lat="46.71772035676986" lon="8.058220288250595"><ele>1722.2699890136719</ele></trkpt><trkpt lat="46.71772035676986" lon="8.05821028817445"><ele>1722.1599731445312</ele></trkpt><trkpt lat="46.71777035668492" lon="8.058170288335532"><ele>1722.1999816894531</ele></trkpt><trkpt lat="46.71781035652384" lon="8.058090288192034"><ele>1721.2899780273438</ele></trkpt><trkpt lat="46.71785035636276" lon="8.057980288285762"><ele>1721.5699768066406</ele></trkpt><trkpt lat="46.717880356591195" lon="8.057910288218409"><ele>1722.0999755859375</ele></trkpt><trkpt lat="46.71793035650626" lon="8.05783028807491"><ele>1721.5999755859375</ele></trkpt><trkpt lat="46.71796035673469" lon="8.057770288083702"><ele>1721.7999877929688</ele></trkpt><trkpt lat="46.71797035634518" lon="8.057710288092494"><ele>1721.5999755859375</ele></trkpt><trkpt lat="46.71798035642132" lon="8.057630287948996"><ele>1721.5199890136719</ele></trkpt><trkpt lat="46.71800035657361" lon="8.05749028781429"><ele>1721.0</ele></trkpt><trkpt lat="46.71800035610795" lon="8.057400288060308"><ele>1720.2999877929688</ele></trkpt><trkpt lat="46.718010356184095" lon="8.057340287603438"><ele>1719.5699768066406</ele></trkpt><trkpt lat="46.71802035626024" lon="8.05730028776452"><ele>1719.0999755859375</ele></trkpt><trkpt lat="46.718050356023014" lon="8.057070287875831"><ele>1719.5</ele></trkpt><trkpt lat="46.71809035586193" lon="8.05690028751269"><ele>1718.5</ele></trkpt><trkpt lat="46.718180356081575" lon="8.05654028756544"><ele>1718.5999755859375</ele></trkpt><trkpt lat="46.71821035584435" lon="8.056430287659168"><ele>1718.7699890136719</ele></trkpt><trkpt lat="46.71823035599664" lon="8.056360287591815"><ele>1718.8999938964844</ele></trkpt><trkpt lat="46.71825035614893" lon="8.056280287913978"><ele>1719.1999816894531</ele></trkpt><trkpt lat="46.71825035614893" lon="8.056260287761688"><ele>1719.1099853515625</ele></trkpt><trkpt lat="46.71824035607278" lon="8.056150287855417"><ele>1719.1999816894531</ele></trkpt><trkpt lat="46.71825035614893" lon="8.056100287474692"><ele>1718.9599914550781</ele></trkpt><trkpt lat="46.71826035622507" lon="8.056030287407339"><ele>1718.8999938964844</ele></trkpt><trkpt lat="46.71825035614893" lon="8.05597028741613"><ele>1718.7799987792969</ele></trkpt><trkpt lat="46.71825035614893" lon="8.055950287729502"><ele>1719.0</ele></trkpt><trkpt lat="46.71817035600543" lon="8.055740287527442"><ele>1718.7999877929688</ele></trkpt><trkpt lat="46.71815035585314" lon="8.055660287383944"><ele>1718.5599975585938</ele></trkpt><trkpt lat="46.71813035616651" lon="8.055580287706107"><ele>1718.5</ele></trkpt><trkpt lat="46.71813035616651" lon="8.055570287629962"><ele>1718.6099853515625</ele></trkpt><trkpt lat="46.71812035609037" lon="8.055560287553817"><ele>1718.7999877929688</ele></trkpt><trkpt lat="46.71812035609037" lon="8.055470287799835"><ele>1719.0</ele></trkpt><trkpt lat="46.71812035609037" lon="8.055360287427902"><ele>1718.7899780273438</ele></trkpt><trkpt lat="46.71811035601422" lon="8.055340287741274"><ele>1718.8999938964844</ele></trkpt><trkpt lat="46.71811035601422" lon="8.055220287758857"><ele>1718.7999877929688</ele></trkpt><trkpt lat="46.71810035593808" lon="8.055090287700295"><ele>1718.6999816894531</ele></trkpt><trkpt lat="46.71808035578579" lon="8.055030287709087"><ele>1718.5999755859375</ele></trkpt><trkpt lat="46.71802035626024" lon="8.054930287413299"><ele>1719.0</ele></trkpt><trkpt lat="46.71798035595566" lon="8.054840287659317"><ele>1718.2999877929688</ele></trkpt><trkpt lat="46.71792035596445" lon="8.054730287753046"><ele>1718.739990234375</ele></trkpt><trkpt lat="46.7178503558971" lon="8.054610287770629"><ele>1719.2999877929688</ele></trkpt><trkpt lat="46.71781035605818" lon="8.054560287855566"><ele>1719.5</ele></trkpt><trkpt lat="46.71781035605818" lon="8.054540287703276"><ele>1719.75</ele></trkpt><trkpt lat="46.717800355982035" lon="8.05453028762713"><ele>1719.6999816894531</ele></trkpt><trkpt lat="46.717800355982035" lon="8.054500287864357"><ele>1719.7899780273438</ele></trkpt><trkpt lat="46.7178003564477" lon="8.054420287720859"><ele>1720.1999816894531</ele></trkpt><trkpt lat="46.71779035637155" lon="8.054260287899524"><ele>1719.7999877929688</ele></trkpt><trkpt lat="46.717780355829746" lon="8.054130287375301"><ele>1718.989990234375</ele></trkpt><trkpt lat="46.7177703557536" lon="8.05404028762132"><ele>1718.0999755859375</ele></trkpt><trkpt lat="46.717760355677456" lon="8.054010287392884"><ele>1718.1299743652344</ele></trkpt><trkpt lat="46.71775035560131" lon="8.05400028731674"><ele>1717.5999755859375</ele></trkpt><trkpt lat="46.717740355525166" lon="8.053930287249386"><ele>1717.0</ele></trkpt><trkpt lat="46.717740355525166" lon="8.053880287334323"><ele>1716.2699890136719</ele></trkpt><trkpt lat="46.717740355525166" lon="8.053850287105888"><ele>1716.0</ele></trkpt><trkpt lat="46.717740355525166" lon="8.053840287029743"><ele>1715.9299926757812</ele></trkpt><trkpt lat="46.71773035544902" lon="8.053820286877453"><ele>1715.8099975585938</ele></trkpt><trkpt lat="46.717720355372876" lon="8.053760286886245"><ele>1715.3999938964844</ele></trkpt><trkpt lat="46.71769035514444" lon="8.053690286818892"><ele>1714.9599914550781</ele></trkpt><trkpt lat="46.717680355068296" lon="8.053650286979973"><ele>1714.6999816894531</ele></trkpt><trkpt lat="46.717660354916006" lon="8.05358028691262"><ele>1714.0999755859375</ele></trkpt><trkpt lat="46.71763035515323" lon="8.053520286921412"><ele>1713.8999938964844</ele></trkpt><trkpt lat="46.71762035507709" lon="8.053500286769122"><ele>1713.5999755859375</ele></trkpt><trkpt lat="46.71762035461143" lon="8.053450286388397"><ele>1712.9499816894531</ele></trkpt><trkpt lat="46.71762035461143" lon="8.053390286397189"><ele>1712.25</ele></trkpt><trkpt lat="46.71762035461143" lon="8.05333028640598"><ele>1711.7999877929688</ele></trkpt><trkpt lat="46.71763035422191" lon="8.053240286186337"><ele>1710.2999877929688</ele></trkpt><trkpt lat="46.717640353832394" lon="8.05312028573826"><ele>1707.97998046875</ele></trkpt><trkpt lat="46.71765035344288" lon="8.052960285451263"><ele>1707.2999877929688</ele></trkpt><trkpt lat="46.71768035367131" lon="8.052900285460055"><ele>1706.6999816894531</ele></trkpt><trkpt lat="46.717750353273004" lon="8.052810285240412"><ele>1705.5599975585938</ele></trkpt><trkpt lat="46.717770353425294" lon="8.052780285477638"><ele>1705.1999816894531</ele></trkpt><trkpt lat="46.71780035318807" lon="8.05270028533414"><ele>1704.5999755859375</ele></trkpt><trkpt lat="46.71777035295963" lon="8.05266028502956"><ele>1704.219970703125</ele></trkpt><trkpt lat="46.71776035288349" lon="8.05264028487727"><ele>1704.1999816894531</ele></trkpt><trkpt lat="46.717750353273004" lon="8.052600285038352"><ele>1704.6999816894531</ele></trkpt><trkpt lat="46.71774035319686" lon="8.052570285275578"><ele>1704.1699829101562</ele></trkpt><trkpt lat="46.717730353120714" lon="8.052560285199434"><ele>1704.1699829101562</ele></trkpt><trkpt lat="46.717730353120714" lon="8.052560285199434"><ele>1704.1599731445312</ele></trkpt><trkpt lat="46.717750353273004" lon="8.052540285047144"><ele>1704.5399780273438</ele></trkpt><trkpt lat="46.71785035263747" lon="8.052440284751356"><ele>1702.0699768066406</ele></trkpt><trkpt lat="46.71787035278976" lon="8.052420285064727"><ele>1703.0999755859375</ele></trkpt><trkpt lat="46.71792035270482" lon="8.052400284912437"><ele>1702.0</ele></trkpt><trkpt lat="46.71794035239145" lon="8.05241028452292"><ele>1700.5699768066406</ele></trkpt><trkpt lat="46.717970352619886" lon="8.052420284599066"><ele>1701.5</ele></trkpt><trkpt lat="46.718030352611095" lon="8.052460284437984"><ele>1700.8999938964844</ele></trkpt><trkpt lat="46.71811035182327" lon="8.052440284285694"><ele>1699.1999816894531</ele></trkpt><trkpt lat="46.71818035142496" lon="8.05241028405726"><ele>1696.6699829101562</ele></trkpt><trkpt lat="46.718230351340026" lon="8.05239028390497"><ele>1696.6999816894531</ele></trkpt><trkpt lat="46.718270351178944" lon="8.052360283676535"><ele>1694.6299743652344</ele></trkpt><trkpt lat="46.718360350467265" lon="8.052300283219665"><ele>1692.5</ele></trkpt><trkpt lat="46.71845035022125" lon="8.05227028299123"><ele>1690.0</ele></trkpt><trkpt lat="46.71848034998402" lon="8.052260282449424"><ele>1688.6499938964844</ele></trkpt><trkpt lat="46.718570349738" lon="8.052240282297134"><ele>1686.6999816894531</ele></trkpt><trkpt lat="46.718600349035114" lon="8.052220282144845"><ele>1684.9399719238281</ele></trkpt><trkpt lat="46.71877034846693" lon="8.052120281383395"><ele>1680.5</ele></trkpt><trkpt lat="46.71881034784019" lon="8.052120280917734"><ele>1679.0199890136719</ele></trkpt><trkpt lat="46.71901034703478" lon="8.052100280299783"><ele>1673.5</ele></trkpt><trkpt lat="46.71912034647539" lon="8.05212027952075"><ele>1670.3999938964844</ele></trkpt><trkpt lat="46.71925034560263" lon="8.052150278817862"><ele>1666.3999938964844</ele></trkpt><trkpt lat="46.719260345213115" lon="8.052160278894007"><ele>1665.8999938964844</ele></trkpt><trkpt lat="46.719280345365405" lon="8.052170278970152"><ele>1665.7099914550781</ele></trkpt><trkpt lat="46.7195803434588" lon="8.052370277233422"><ele>1656.1999816894531</ele></trkpt><trkpt lat="46.71965034306049" lon="8.05243027722463"><ele>1654.9099731445312</ele></trkpt><trkpt lat="46.71966034267098" lon="8.052440276835114"><ele>1653.3999938964844</ele></trkpt><trkpt lat="46.71968034282327" lon="8.052470277063549"><ele>1653.6899719238281</ele></trkpt><trkpt lat="46.719740342348814" lon="8.052550276275724"><ele>1651.1999816894531</ele></trkpt><trkpt lat="46.71978034218773" lon="8.052650276105851"><ele>1649.6999816894531</ele></trkpt><trkpt lat="46.71980034187436" lon="8.05269027594477"><ele>1648.989990234375</ele></trkpt><trkpt lat="46.719830341637135" lon="8.052750275935978"><ele>1648.0999755859375</ele></trkpt><trkpt lat="46.7198803415522" lon="8.05284027568996"><ele>1646.3999938964844</ele></trkpt><trkpt lat="46.71995034115389" lon="8.052940275520086"><ele>1644.0</ele></trkpt><trkpt lat="46.72008034028113" lon="8.053120274562389"><ele>1640.2999877929688</ele></trkpt><trkpt lat="46.72019033972174" lon="8.053270274307579"><ele>1636.8999938964844</ele></trkpt><trkpt lat="46.720250339247286" lon="8.053330273833126"><ele>1635.0999755859375</ele></trkpt><trkpt lat="46.72030033869669" lon="8.0533602735959"><ele>1633.0499877929688</ele></trkpt><trkpt lat="46.7203603386879" lon="8.053390273358673"><ele>1631.8899841308594</ele></trkpt><trkpt lat="46.7204103381373" lon="8.053430273197591"><ele>1630.5</ele></trkpt><trkpt lat="46.72052033757791" lon="8.053510272875428"><ele>1627.8999938964844</ele></trkpt><trkpt lat="46.72056033741683" lon="8.05356027232483"><ele>1626.2999877929688</ele></trkpt><trkpt lat="46.72063033701852" lon="8.053680271841586"><ele>1623.7999877929688</ele></trkpt><trkpt lat="46.72068033646792" lon="8.053790271747857"><ele>1621.8899841308594</ele></trkpt><trkpt lat="46.720710336230695" lon="8.053850271739066"><ele>1621.0999755859375</ele></trkpt><trkpt lat="46.72074033599347" lon="8.053930271416903"><ele>1619.1099853515625</ele></trkpt><trkpt lat="46.7207603356801" lon="8.053980271331966"><ele>1618.0999755859375</ele></trkpt><trkpt lat="46.720780335366726" lon="8.053930270951241"><ele>1616.6699829101562</ele></trkpt><trkpt lat="46.72079033544287" lon="8.053900270722806"><ele>1616.0499877929688</ele></trkpt><trkpt lat="46.720800335053355" lon="8.053810270503163"><ele>1615.0999755859375</ele></trkpt><trkpt lat="46.72081033466384" lon="8.05370027013123"><ele>1612.6999816894531</ele></trkpt><trkpt lat="46.72081033419818" lon="8.053630270063877"><ele>1610.4299926757812</ele></trkpt><trkpt lat="46.72082033427432" lon="8.053590269759297"><ele>1610.7999877929688</ele></trkpt><trkpt lat="46.72082033427432" lon="8.053580269683152"><ele>1609.7699890136719</ele></trkpt><trkpt lat="46.72082033427432" lon="8.053580270148814"><ele>1610.6799926757812</ele></trkpt><trkpt lat="46.72084033396095" lon="8.053500269539654"><ele>1608.8999938964844</ele></trkpt><trkpt lat="46.72086033318192" lon="8.053350269328803"><ele>1606.3999938964844</ele></trkpt><trkpt lat="46.72086033318192" lon="8.053320269100368"><ele>1604.3799743652344</ele></trkpt><trkpt lat="46.7208703327924" lon="8.05322026880458"><ele>1603.3999938964844</ele></trkpt><trkpt lat="46.720850330777466" lon="8.052790267392993"><ele>1593.9599914550781</ele></trkpt><trkpt lat="46.720850330777466" lon="8.052670266944915"><ele>1592.5</ele></trkpt><trkpt lat="46.720850330311805" lon="8.052570266649127"><ele>1590.1999816894531</ele></trkpt><trkpt lat="46.720850329846144" lon="8.052550266496837"><ele>1589.4099731445312</ele></trkpt><trkpt lat="46.72087032953277" lon="8.052400265820324"><ele>1587.0</ele></trkpt><trkpt lat="46.72087032906711" lon="8.052310265600681"><ele>1585.0799865722656</ele></trkpt><trkpt lat="46.72087032906711" lon="8.052270265761763"><ele>1585.0999755859375</ele></trkpt><trkpt lat="46.72089032875374" lon="8.052200265228748"><ele>1583.0699768066406</ele></trkpt><trkpt lat="46.72089032875374" lon="8.05218026554212"><ele>1583.5</ele></trkpt><trkpt lat="46.72089032828808" lon="8.052150265313685"><ele>1582.1699829101562</ele></trkpt><trkpt lat="46.72090032836422" lon="8.052070265170187"><ele>1581.5999755859375</ele></trkpt><trkpt lat="46.72092032805085" lon="8.052020264789462"><ele>1579.8999938964844</ele></trkpt><trkpt lat="46.72092032805085" lon="8.052010264713317"><ele>1579.5999755859375</ele></trkpt><trkpt lat="46.72092032805085" lon="8.052010264713317"><ele>1579.5199890136719</ele></trkpt><trkpt lat="46.72092032805085" lon="8.052010264713317"><ele>1579.5099792480469</ele></trkpt><trkpt lat="46.72092032805085" lon="8.052000264637172"><ele>1579.4199829101562</ele></trkpt><trkpt lat="46.720930327661335" lon="8.051990264561027"><ele>1579.0999755859375</ele></trkpt><trkpt lat="46.720930327661335" lon="8.051950264722109"><ele>1578.47998046875</ele></trkpt><trkpt lat="46.72092032758519" lon="8.051910264417529"><ele>1578.0</ele></trkpt><trkpt lat="46.72087032627314" lon="8.051530263386667"><ele>1570.4399719238281</ele></trkpt><trkpt lat="46.72085032565519" lon="8.051420263014734"><ele>1568.3099975585938</ele></trkpt><trkpt lat="46.72085032565519" lon="8.051420263014734"><ele>1568.1999816894531</ele></trkpt><trkpt lat="46.72085032565519" lon="8.051420263014734"><ele>1568.0999755859375</ele></trkpt><trkpt lat="46.72085032565519" lon="8.051410262938589"><ele>1568.1499938964844</ele></trkpt><trkpt lat="46.7208303255029" lon="8.05137026263401"><ele>1567.6699829101562</ele></trkpt><trkpt lat="46.72082032542676" lon="8.05135026294738"><ele>1567.5</ele></trkpt><trkpt lat="46.72080032527447" lon="8.0513102626428"><ele>1567.0199890136719</ele></trkpt><trkpt lat="46.72078032512218" lon="8.051270262803882"><ele>1566.3799743652344</ele></trkpt><trkpt lat="46.72078032512218" lon="8.051270262803882"><ele>1566.3499755859375</ele></trkpt><trkpt lat="46.72075032489374" lon="8.051190262660384"><ele>1565.3299865722656</ele></trkpt><trkpt lat="46.72075032489374" lon="8.051170262508094"><ele>1565.0999755859375</ele></trkpt><trkpt lat="46.7206603246741" lon="8.051020262297243"><ele>1563.0999755859375</ele></trkpt><trkpt lat="46.72062032436952" lon="8.050960261840373"><ele>1562.0999755859375</ele></trkpt><trkpt lat="46.72058032406494" lon="8.05089026177302"><ele>1561.1599731445312</ele></trkpt><trkpt lat="46.72052032360807" lon="8.050780261401087"><ele>1558.9299926757812</ele></trkpt><trkpt lat="46.72052032407373" lon="8.050780261401087"><ele>1559.5699768066406</ele></trkpt><trkpt lat="46.72047032369301" lon="8.050680261105299"><ele>1557.5</ele></trkpt><trkpt lat="46.72047032369301" lon="8.050680261105299"><ele>1557.5199890136719</ele></trkpt><trkpt lat="46.72045032354072" lon="8.05066026095301"><ele>1557.0699768066406</ele></trkpt><trkpt lat="46.72037032339722" lon="8.050570261199027"><ele>1556.5599975585938</ele></trkpt><trkpt lat="46.72031032294035" lon="8.050510260742158"><ele>1555.6999816894531</ele></trkpt><trkpt lat="46.720050322357565" lon="8.050310260150582"><ele>1551.8299865722656</ele></trkpt><trkpt lat="46.71998032229021" lon="8.0502202603966"><ele>1551.5499877929688</ele></trkpt><trkpt lat="46.71994032198563" lon="8.05016025993973"><ele>1550.8999938964844</ele></trkpt><trkpt lat="46.71989032207057" lon="8.050090259872377"><ele>1549.5899963378906</ele></trkpt><trkpt lat="46.71989032207057" lon="8.050090259872377"><ele>1549.6899719238281</ele></trkpt><trkpt lat="46.71981032146141" lon="8.049960259348154"><ele>1547.469970703125</ele></trkpt><trkpt lat="46.71981032146141" lon="8.04995025927201"><ele>1547.2999877929688</ele></trkpt><trkpt lat="46.71979032130912" lon="8.049920259509236"><ele>1546.9099731445312</ele></trkpt><trkpt lat="46.71973032085225" lon="8.04976025922224"><ele>1545.0</ele></trkpt><trkpt lat="46.719700320623815" lon="8.049670259002596"><ele>1544.1999816894531</ele></trkpt><trkpt lat="46.719700320623815" lon="8.049670259002596"><ele>1544.22998046875</ele></trkpt><trkpt lat="46.71969032054767" lon="8.049660258926451"><ele>1544.1499938964844</ele></trkpt><trkpt lat="46.71964032063261" lon="8.049520258791745"><ele>1542.969970703125</ele></trkpt><trkpt lat="46.71964032063261" lon="8.049520258791745"><ele>1543.0299987792969</ele></trkpt><trkpt lat="46.71963032055646" lon="8.04949025856331"><ele>1542.6599731445312</ele></trkpt><trkpt lat="46.71963032055646" lon="8.049480258487165"><ele>1542.6099853515625</ele></trkpt><trkpt lat="46.71961032040417" lon="8.049430258572102"><ele>1542.6999816894531</ele></trkpt><trkpt lat="46.71958032017574" lon="8.049370258580893"><ele>1541.6999816894531</ele></trkpt><trkpt lat="46.71958032017574" lon="8.049370258580893"><ele>1542.1499938964844</ele></trkpt><trkpt lat="46.71954032033682" lon="8.049310258589685"><ele>1541.5999755859375</ele></trkpt><trkpt lat="46.71946031972766" lon="8.049110257998109"><ele>1538.8999938964844</ele></trkpt><trkpt lat="46.71944031957537" lon="8.049060258083045"><ele>1538.2899780273438</ele></trkpt><trkpt lat="46.719410319346935" lon="8.048940257634968"><ele>1536.8999938964844</ele></trkpt><trkpt lat="46.71937031857669" lon="8.048760257195681"><ele>1534.1999816894531</ele></trkpt><trkpt lat="46.71937031857669" lon="8.048760257195681"><ele>1533.8999938964844</ele></trkpt><trkpt lat="46.719350318424404" lon="8.048700257204473"><ele>1533.2999877929688</ele></trkpt><trkpt lat="46.71924031758681" lon="8.048230256419629"><ele>1529.0999755859375</ele></trkpt><trkpt lat="46.719230317510664" lon="8.04819025611505"><ele>1528.2799987792969</ele></trkpt><trkpt lat="46.719230317510664" lon="8.04819025658071"><ele>1528.5899963378906</ele></trkpt><trkpt lat="46.719230317510664" lon="8.04817025642842"><ele>1528.4399719238281</ele></trkpt><trkpt lat="46.71920031728223" lon="8.048010256141424"><ele>1526.0699768066406</ele></trkpt><trkpt lat="46.71920031728223" lon="8.048010256141424"><ele>1525.9399719238281</ele></trkpt><trkpt lat="46.71920031681657" lon="8.047970255836844"><ele>1525.3999938964844</ele></trkpt><trkpt lat="46.71919031674042" lon="8.04794025560841"><ele>1525.0</ele></trkpt><trkpt lat="46.71919031674042" lon="8.047890255693346"><ele>1524.3999938964844</ele></trkpt><trkpt lat="46.71918031666428" lon="8.047850255854428"><ele>1524.1499938964844</ele></trkpt><trkpt lat="46.71918031666428" lon="8.047850255388767"><ele>1523.7699890136719</ele></trkpt><trkpt lat="46.71918031666428" lon="8.047850255854428"><ele>1524.1399841308594</ele></trkpt><trkpt lat="46.719170316588134" lon="8.047830255702138"><ele>1524.0</ele></trkpt><trkpt lat="46.71916031651199" lon="8.047720255330205"><ele>1522.5899963378906</ele></trkpt><trkpt lat="46.71916031651199" lon="8.047720255330205"><ele>1522.1299743652344</ele></trkpt><trkpt lat="46.71916031651199" lon="8.047700255177915"><ele>1522.22998046875</ele></trkpt><trkpt lat="46.71915031597018" lon="8.047660255338997"><ele>1521.6999816894531</ele></trkpt><trkpt lat="46.71914031589404" lon="8.047560255043209"><ele>1521.0</ele></trkpt><trkpt lat="46.719130316283554" lon="8.047510255128145"><ele>1521.0</ele></trkpt><trkpt lat="46.71913031581789" lon="8.047500255052"><ele>1520.8399963378906</ele></trkpt><trkpt lat="46.719130316283554" lon="8.047500255052"><ele>1521.0</ele></trkpt><trkpt lat="46.719130316283554" lon="8.047460255213082"><ele>1521.0</ele></trkpt><trkpt lat="46.71912031620741" lon="8.047420254908502"><ele>1521.0399780273438</ele></trkpt><trkpt lat="46.71912031620741" lon="8.047420254908502"><ele>1520.9499816894531</ele></trkpt><trkpt lat="46.719090315978974" lon="8.047290255315602"><ele>1521.1999816894531</ele></trkpt><trkpt lat="46.719070316292346" lon="8.047240255400538"><ele>1521.5099792480469</ele></trkpt><trkpt lat="46.719070316292346" lon="8.047220255248249"><ele>1521.5999755859375</ele></trkpt><trkpt lat="46.7190603162162" lon="8.047190255019814"><ele>1521.6499938964844</ele></trkpt><trkpt lat="46.719050316140056" lon="8.04714025510475"><ele>1521.8099975585938</ele></trkpt><trkpt lat="46.71904031606391" lon="8.047130255028605"><ele>1521.7699890136719</ele></trkpt><trkpt lat="46.71904031606391" lon="8.047130255028605"><ele>1521.8699951171875</ele></trkpt><trkpt lat="46.71903031645343" lon="8.047090255189687"><ele>1522.2999877929688</ele></trkpt><trkpt lat="46.7190103167668" lon="8.046880255453289"><ele>1523.6999816894531</ele></trkpt><trkpt lat="46.71902031637728" lon="8.046750255394727"><ele>1523.0</ele></trkpt><trkpt lat="46.71902031637728" lon="8.0466502555646"><ele>1523.0999755859375</ele></trkpt><trkpt lat="46.71902031637728" lon="8.04661025526002"><ele>1523.3599853515625</ele></trkpt><trkpt lat="46.7190103167668" lon="8.046570255421102"><ele>1523.6999816894531</ele></trkpt><trkpt lat="46.7190103167668" lon="8.046530255582184"><ele>1523.8699951171875</ele></trkpt><trkpt lat="46.7190103167668" lon="8.046530255582184"><ele>1523.8899841308594</ele></trkpt><trkpt lat="46.7190103167668" lon="8.046530255582184"><ele>1523.8899841308594</ele></trkpt><trkpt lat="46.71902031684294" lon="8.046500255353749"><ele>1524.0</ele></trkpt><trkpt lat="46.7190103167668" lon="8.046450255438685"><ele>1524.2999877929688</ele></trkpt><trkpt lat="46.7190103167668" lon="8.046420255675912"><ele>1524.4499816894531</ele></trkpt><trkpt lat="46.7190103167668" lon="8.046390255447477"><ele>1524.5999755859375</ele></trkpt><trkpt lat="46.7190103167668" lon="8.046350255608559"><ele>1524.8999938964844</ele></trkpt><trkpt lat="46.71902031684294" lon="8.046350255608559"><ele>1524.969970703125</ele></trkpt><trkpt lat="46.71903031691909" lon="8.04633025592193"><ele>1525.2899780273438</ele></trkpt><trkpt lat="46.71905031707138" lon="8.04633025592193"><ele>1525.469970703125</ele></trkpt><trkpt lat="46.71906031714752" lon="8.04633025592193"><ele>1525.5999755859375</ele></trkpt><trkpt lat="46.71905031707138" lon="8.046300255693495"><ele>1526.0199890136719</ele></trkpt><trkpt lat="46.71905031707138" lon="8.046300255693495"><ele>1525.9199829101562</ele></trkpt><trkpt lat="46.71905031707138" lon="8.046300255693495"><ele>1525.97998046875</ele></trkpt><trkpt lat="46.71904031699523" lon="8.046280256006867"><ele>1526.3999938964844</ele></trkpt><trkpt lat="46.719040317460895" lon="8.046220256015658"><ele>1527.3999938964844</ele></trkpt><trkpt lat="46.71903031738475" lon="8.046210255939513"><ele>1527.5199890136719</ele></trkpt><trkpt lat="46.719020317774266" lon="8.046120256185532"><ele>1528.5999755859375</ele></trkpt><trkpt lat="46.719020317774266" lon="8.046090256422758"><ele>1528.8499755859375</ele></trkpt><trkpt lat="46.719020317774266" lon="8.046090256422758"><ele>1528.8199768066406</ele></trkpt><trkpt lat="46.719020317774266" lon="8.046090256422758"><ele>1528.8499755859375</ele></trkpt><trkpt lat="46.71903031785041" lon="8.046020256355405"><ele>1529.7999877929688</ele></trkpt><trkpt lat="46.71903031785041" lon="8.046000256668776"><ele>1530.2999877929688</ele></trkpt><trkpt lat="46.71903031785041" lon="8.046000256668776"><ele>1530.0799865722656</ele></trkpt><trkpt lat="46.71903031785041" lon="8.046000256668776"><ele>1530.3099975585938</ele></trkpt><trkpt lat="46.719040317926556" lon="8.045940256677568"><ele>1531.3399963378906</ele></trkpt><trkpt lat="46.71905031846836" lon="8.04590025683865"><ele>1531.8999938964844</ele></trkpt><trkpt lat="46.719100318383425" lon="8.045820257160813"><ele>1533.0999755859375</ele></trkpt><trkpt lat="46.719100318383425" lon="8.045820257160813"><ele>1532.8099975585938</ele></trkpt><trkpt lat="46.719100318383425" lon="8.045810257084668"><ele>1532.9299926757812</ele></trkpt><trkpt lat="46.719100318383425" lon="8.045800257008523"><ele>1532.9599914550781</ele></trkpt><trkpt lat="46.719100318383425" lon="8.045800257008523"><ele>1533.2099914550781</ele></trkpt><trkpt lat="46.719120318535715" lon="8.045760257169604"><ele>1533.25</ele></trkpt><trkpt lat="46.719140318688005" lon="8.045710257254541"><ele>1533.2999877929688</ele></trkpt><trkpt lat="46.719140318688005" lon="8.045660256873816"><ele>1533.6499938964844</ele></trkpt><trkpt lat="46.719140318688005" lon="8.045660256873816"><ele>1533.6599731445312</ele></trkpt><trkpt lat="46.719140318688005" lon="8.045650257263333"><ele>1533.739990234375</ele></trkpt><trkpt lat="46.719140318688005" lon="8.045620257034898"><ele>1534.0</ele></trkpt><trkpt lat="46.71915031876415" lon="8.045550257433206"><ele>1534.5</ele></trkpt><trkpt lat="46.71915031876415" lon="8.045540257357061"><ele>1534.5499877929688</ele></trkpt><trkpt lat="46.71915031876415" lon="8.045540257357061"><ele>1534.3999938964844</ele></trkpt><trkpt lat="46.71915031876415" lon="8.045540257357061"><ele>1534.4299926757812</ele></trkpt><trkpt lat="46.71915031876415" lon="8.045540257357061"><ele>1534.5899963378906</ele></trkpt><trkpt lat="46.71917031891644" lon="8.045510257128626"><ele>1534.8999938964844</ele></trkpt><trkpt lat="46.71919031906873" lon="8.045500257518142"><ele>1535.1999816894531</ele></trkpt><trkpt lat="46.71919031906873" lon="8.045500257518142"><ele>1535.0399780273438</ele></trkpt><trkpt lat="46.719200319144875" lon="8.045490257441998"><ele>1535.3999938964844</ele></trkpt><trkpt lat="46.71923031890765" lon="8.04543025745079"><ele>1536.0999755859375</ele></trkpt><trkpt lat="46.71923031937331" lon="8.045360257383436"><ele>1536.8199768066406</ele></trkpt><trkpt lat="46.71923031937331" lon="8.045340257696807"><ele>1537.0</ele></trkpt><trkpt lat="46.71921031922102" lon="8.045310257468373"><ele>1537.4599914550781</ele></trkpt><trkpt lat="46.71921031922102" lon="8.045310257934034"><ele>1537.5999755859375</ele></trkpt><trkpt lat="46.71921031922102" lon="8.045310257468373"><ele>1537.4599914550781</ele></trkpt><trkpt lat="46.719200319610536" lon="8.045290257781744"><ele>1537.6999816894531</ele></trkpt><trkpt lat="46.719200319610536" lon="8.045250257942826"><ele>1538.469970703125</ele></trkpt><trkpt lat="46.719200319610536" lon="8.045250257942826"><ele>1538.5099792480469</ele></trkpt><trkpt lat="46.719200319610536" lon="8.045250257942826"><ele>1538.469970703125</ele></trkpt><trkpt lat="46.71918031992391" lon="8.045180257875472"><ele>1539.5999755859375</ele></trkpt><trkpt lat="46.719130320008844" lon="8.045100258197635"><ele>1540.9399719238281</ele></trkpt><trkpt lat="46.719130320008844" lon="8.045100258197635"><ele>1540.9599914550781</ele></trkpt><trkpt lat="46.7191203199327" lon="8.045100258197635"><ele>1540.9399719238281</ele></trkpt><trkpt lat="46.7191203199327" lon="8.04509025812149"><ele>1541.0</ele></trkpt><trkpt lat="46.7191203199327" lon="8.04509025812149"><ele>1541.0299987792969</ele></trkpt><trkpt lat="46.719150320161134" lon="8.045050258282572"><ele>1541.97998046875</ele></trkpt><trkpt lat="46.719150320161134" lon="8.045050258282572"><ele>1541.989990234375</ele></trkpt><trkpt lat="46.719150320161134" lon="8.045040258672088"><ele>1542.0999755859375</ele></trkpt><trkpt lat="46.71916032023728" lon="8.045040258672088"><ele>1542.5399780273438</ele></trkpt><trkpt lat="46.71916032023728" lon="8.045040258672088"><ele>1542.3699951171875</ele></trkpt><trkpt lat="46.71918032038957" lon="8.045040258672088"><ele>1543.0</ele></trkpt><trkpt lat="46.719190320465714" lon="8.045050258748233"><ele>1543.1399841308594</ele></trkpt><trkpt lat="46.719210320618004" lon="8.045050258748233"><ele>1543.2999877929688</ele></trkpt><trkpt lat="46.71922032069415" lon="8.045050258748233"><ele>1543.3299865722656</ele></trkpt><trkpt lat="46.71922032069415" lon="8.045050258748233"><ele>1543.489990234375</ele></trkpt><trkpt lat="46.71925032092258" lon="8.045050258748233"><ele>1543.8999938964844</ele></trkpt><trkpt lat="46.71926032053307" lon="8.045050258748233"><ele>1543.9499816894531</ele></trkpt><trkpt lat="46.71928032068536" lon="8.045040258672088"><ele>1544.0999755859375</ele></trkpt><trkpt lat="46.71928032068536" lon="8.045030258595943"><ele>1544.2699890136719</ele></trkpt><trkpt lat="46.71928032068536" lon="8.045030258595943"><ele>1544.219970703125</ele></trkpt><trkpt lat="46.7192903207615" lon="8.045030258595943"><ele>1544.2899780273438</ele></trkpt><trkpt lat="46.71930032083765" lon="8.04500025883317"><ele>1544.5999755859375</ele></trkpt><trkpt lat="46.71932032098994" lon="8.04498025868088"><ele>1544.9099731445312</ele></trkpt><trkpt lat="46.71932032098994" lon="8.04498025868088"><ele>1545.0</ele></trkpt><trkpt lat="46.719370320905" lon="8.044950258918107"><ele>1545.3999938964844</ele></trkpt><trkpt lat="46.719380320981145" lon="8.044920259155333"><ele>1545.8799743652344</ele></trkpt><trkpt lat="46.719380320981145" lon="8.044910259079188"><ele>1546.0</ele></trkpt><trkpt lat="46.719380320981145" lon="8.044890258926898"><ele>1546.0899963378906</ele></trkpt><trkpt lat="46.719380320981145" lon="8.044890258926898"><ele>1546.0399780273438</ele></trkpt><trkpt lat="46.719380320981145" lon="8.044890258926898"><ele>1546.0999755859375</ele></trkpt><trkpt lat="46.719380320981145" lon="8.044880259316415"><ele>1546.1299743652344</ele></trkpt><trkpt lat="46.719380320981145" lon="8.044860259164125"><ele>1546.1999816894531</ele></trkpt><trkpt lat="46.719360321294516" lon="8.044840259011835"><ele>1546.3799743652344</ele></trkpt><trkpt lat="46.71935032121837" lon="8.04483025893569"><ele>1546.5399780273438</ele></trkpt><trkpt lat="46.71935032121837" lon="8.04483025893569"><ele>1546.3199768066406</ele></trkpt><trkpt lat="46.71935032121837" lon="8.04483025893569"><ele>1546.5399780273438</ele></trkpt><trkpt lat="46.71933032153174" lon="8.044790259096771"><ele>1546.8999938964844</ele></trkpt><trkpt lat="46.7193203214556" lon="8.044770259410143"><ele>1546.969970703125</ele></trkpt><trkpt lat="46.7193203214556" lon="8.044770259410143"><ele>1546.72998046875</ele></trkpt><trkpt lat="46.7193203214556" lon="8.044760259333998"><ele>1546.969970703125</ele></trkpt><trkpt lat="46.71931032137945" lon="8.044750259257853"><ele>1547.0199890136719</ele></trkpt><trkpt lat="46.71930032130331" lon="8.044710259418935"><ele>1547.0999755859375</ele></trkpt><trkpt lat="46.71930032130331" lon="8.04466025903821"><ele>1547.0999755859375</ele></trkpt><trkpt lat="46.71930032130331" lon="8.044590258970857"><ele>1546.7099914550781</ele></trkpt><trkpt lat="46.71930032130331" lon="8.044560259208083"><ele>1546.5699768066406</ele></trkpt><trkpt lat="46.71930032130331" lon="8.044560259208083"><ele>1546.4299926757812</ele></trkpt><trkpt lat="46.71930032130331" lon="8.044560259208083"><ele>1546.5699768066406</ele></trkpt><trkpt lat="46.71930032130331" lon="8.044530258979648"><ele>1546.3999938964844</ele></trkpt><trkpt lat="46.71928032115102" lon="8.044450259301811"><ele>1546.3299865722656</ele></trkpt><trkpt lat="46.71928032115102" lon="8.044450259301811"><ele>1546.1299743652344</ele></trkpt><trkpt lat="46.71928032115102" lon="8.044450259301811"><ele>1546.3299865722656</ele></trkpt><trkpt lat="46.71928032115102" lon="8.044410258997232"><ele>1546.2999877929688</ele></trkpt><trkpt lat="46.71928032115102" lon="8.044400258921087"><ele>1546.2999877929688</ele></trkpt><trkpt lat="46.71928032115102" lon="8.044360259082168"><ele>1546.2999877929688</ele></trkpt><trkpt lat="46.71927032107487" lon="8.044330259319395"><ele>1546.47998046875</ele></trkpt><trkpt lat="46.71927032107487" lon="8.044330259319395"><ele>1546.4399719238281</ele></trkpt><trkpt lat="46.71927032107487" lon="8.044330259319395"><ele>1546.47998046875</ele></trkpt><trkpt lat="46.71926032146439" lon="8.04430025909096"><ele>1546.6999816894531</ele></trkpt><trkpt lat="46.71926032146439" lon="8.044230259023607"><ele>1547.0999755859375</ele></trkpt><trkpt lat="46.719270321540534" lon="8.044070259202272"><ele>1548.0099792480469</ele></trkpt><trkpt lat="46.71928032161668" lon="8.04398025944829"><ele>1548.5</ele></trkpt><trkpt lat="46.71928032161668" lon="8.043950259685516"><ele>1548.75</ele></trkpt><trkpt lat="46.71928032161668" lon="8.043950259685516"><ele>1548.97998046875</ele></trkpt><trkpt lat="46.71928032161668" lon="8.043950259685516"><ele>1548.7599792480469</ele></trkpt><trkpt lat="46.71926032193005" lon="8.043890259694308"><ele>1549.2999877929688</ele></trkpt><trkpt lat="46.71926032193005" lon="8.043880259618163"><ele>1549.4199829101562</ele></trkpt><trkpt lat="46.71923032216728" lon="8.043800259940326"><ele>1550.7999877929688</ele></trkpt><trkpt lat="46.71921032201499" lon="8.043770259711891"><ele>1551.3399963378906</ele></trkpt><trkpt lat="46.71921032201499" lon="8.043770259711891"><ele>1551.3499755859375</ele></trkpt><trkpt lat="46.71921032201499" lon="8.043770259711891"><ele>1551.3499755859375</ele></trkpt><trkpt lat="46.719200322404504" lon="8.043750260025263"><ele>1551.6999816894531</ele></trkpt><trkpt lat="46.71919032279402" lon="8.043560260441154"><ele>1554.0999755859375</ele></trkpt><trkpt lat="46.719200322870165" lon="8.04355026036501"><ele>1554.1399841308594</ele></trkpt><trkpt lat="46.719200322870165" lon="8.04355026036501"><ele>1553.8099975585938</ele></trkpt><trkpt lat="46.719200322870165" lon="8.04355026036501"><ele>1554.1399841308594</ele></trkpt><trkpt lat="46.719200322870165" lon="8.043500260449946"><ele>1554.2899780273438</ele></trkpt><trkpt lat="46.71921032294631" lon="8.043490260373801"><ele>1554.3299865722656</ele></trkpt><trkpt lat="46.71921032294631" lon="8.043490260373801"><ele>1554.1999816894531</ele></trkpt><trkpt lat="46.71921032294631" lon="8.043490260373801"><ele>1554.3299865722656</ele></trkpt><trkpt lat="46.71921032294631" lon="8.043470260221511"><ele>1554.3999938964844</ele></trkpt><trkpt lat="46.71923032263294" lon="8.043460260145366"><ele>1554.239990234375</ele></trkpt><trkpt lat="46.71923032263294" lon="8.043460260145366"><ele>1554.0999755859375</ele></trkpt><trkpt lat="46.71923032263294" lon="8.043460260145366"><ele>1554.22998046875</ele></trkpt><trkpt lat="46.71929032262415" lon="8.043420260306448"><ele>1553.1899719238281</ele></trkpt><trkpt lat="46.71931032277644" lon="8.043400260154158"><ele>1553.6399841308594</ele></trkpt><trkpt lat="46.71932032285258" lon="8.043390260078013"><ele>1553.5799865722656</ele></trkpt><trkpt lat="46.71932032238692" lon="8.043390260078013"><ele>1552.8499755859375</ele></trkpt><trkpt lat="46.719370322767645" lon="8.043330260086805"><ele>1553.0999755859375</ele></trkpt><trkpt lat="46.71943032275885" lon="8.043240260332823"><ele>1553.1999816894531</ele></trkpt><trkpt lat="46.71944032236934" lon="8.04317026026547"><ele>1553.1299743652344</ele></trkpt><trkpt lat="46.71945032244548" lon="8.04313025996089"><ele>1553.0999755859375</ele></trkpt><trkpt lat="46.71944032236934" lon="8.043090260121971"><ele>1552.7799987792969</ele></trkpt><trkpt lat="46.71944032236934" lon="8.043090260121971"><ele>1552.4499816894531</ele></trkpt><trkpt lat="46.71944032236934" lon="8.043090260121971"><ele>1552.7699890136719</ele></trkpt><trkpt lat="46.71943032229319" lon="8.043020260054618"><ele>1552.2099914550781</ele></trkpt><trkpt lat="46.71943032229319" lon="8.042990259826183"><ele>1551.8999938964844</ele></trkpt><trkpt lat="46.71943032229319" lon="8.04294025991112"><ele>1551.5999755859375</ele></trkpt><trkpt lat="46.71944032236934" lon="8.042890259996057"><ele>1551.4299926757812</ele></trkpt><trkpt lat="46.71944032236934" lon="8.042890259996057"><ele>1551.3799743652344</ele></trkpt><trkpt lat="46.71944032236934" lon="8.042890259996057"><ele>1551.4299926757812</ele></trkpt><trkpt lat="46.71945032197982" lon="8.042860259767622"><ele>1551.2999877929688</ele></trkpt><trkpt lat="46.71953032212332" lon="8.042660259641707"><ele>1551.2999877929688</ele></trkpt><trkpt lat="46.719540322199464" lon="8.042660259641707"><ele>1550.6199951171875</ele></trkpt><trkpt lat="46.719540322199464" lon="8.042660259641707"><ele>1551.0499877929688</ele></trkpt><trkpt lat="46.71955032227561" lon="8.042660259641707"><ele>1550.8899841308594</ele></trkpt><trkpt lat="46.71957032196224" lon="8.042650259565562"><ele>1550.2999877929688</ele></trkpt><trkpt lat="46.71960032172501" lon="8.042630259413272"><ele>1549.469970703125</ele></trkpt><trkpt lat="46.71960032172501" lon="8.042630259413272"><ele>1549.47998046875</ele></trkpt><trkpt lat="46.71960032172501" lon="8.042630259413272"><ele>1549.47998046875</ele></trkpt><trkpt lat="46.719610321801156" lon="8.042620259337127"><ele>1549.2599792480469</ele></trkpt><trkpt lat="46.719630321487784" lon="8.042590259574354"><ele>1548.719970703125</ele></trkpt><trkpt lat="46.71964032156393" lon="8.042560259345919"><ele>1548.1999816894531</ele></trkpt><trkpt lat="46.71964032156393" lon="8.042490259278566"><ele>1547.4199829101562</ele></trkpt><trkpt lat="46.71964032156393" lon="8.04248025920242"><ele>1547.239990234375</ele></trkpt><trkpt lat="46.71964032156393" lon="8.04248025920242"><ele>1547.4099731445312</ele></trkpt><trkpt lat="46.71964032156393" lon="8.04248025920242"><ele>1547.3699951171875</ele></trkpt><trkpt lat="46.71965032117441" lon="8.042420259211212"><ele>1546.6999816894531</ele></trkpt><trkpt lat="46.71964032109827" lon="8.042360258754343"><ele>1545.5499877929688</ele></trkpt><trkpt lat="46.71964032109827" lon="8.042340259067714"><ele>1545.25</ele></trkpt><trkpt lat="46.71964032109827" lon="8.042340259067714"><ele>1545.219970703125</ele></trkpt><trkpt lat="46.71964032109827" lon="8.042340259067714"><ele>1545.22998046875</ele></trkpt><trkpt lat="46.71963032102212" lon="8.04231025883928"><ele>1544.6999816894531</ele></trkpt><trkpt lat="46.719550320412964" lon="8.04210025863722"><ele>1542.6699829101562</ele></trkpt><trkpt lat="46.719550320412964" lon="8.04210025863722"><ele>1542.8099975585938</ele></trkpt><trkpt lat="46.719550320412964" lon="8.042090258561075"><ele>1542.6399841308594</ele></trkpt><trkpt lat="46.71954032033682" lon="8.042090258561075"><ele>1542.5799865722656</ele></trkpt><trkpt lat="46.719510320108384" lon="8.042000258341432"><ele>1541.6999816894531</ele></trkpt><trkpt lat="46.7195003204979" lon="8.041980258189142"><ele>1541.6999816894531</ele></trkpt><trkpt lat="46.7195003204979" lon="8.041980258189142"><ele>1541.8999938964844</ele></trkpt><trkpt lat="46.7195003204979" lon="8.041980258189142"><ele>1541.6999816894531</ele></trkpt><trkpt lat="46.719490320421755" lon="8.041970258112997"><ele>1541.6999816894531</ele></trkpt><trkpt lat="46.71946032019332" lon="8.041940258350223"><ele>1541.6999816894531</ele></trkpt><trkpt lat="46.71944032004103" lon="8.041880258359015"><ele>1541.3999938964844</ele></trkpt><trkpt lat="46.71943032043055" lon="8.04185025813058"><ele>1542.1999816894531</ele></trkpt><trkpt lat="46.7194203203544" lon="8.041810258291662"><ele>1542.0</ele></trkpt><trkpt lat="46.71941032027826" lon="8.041750258300453"><ele>1541.6999816894531</ele></trkpt><trkpt lat="46.7194203203544" lon="8.041730258148164"><ele>1541.97998046875</ele></trkpt><trkpt lat="46.7194203203544" lon="8.041730258148164"><ele>1541.5299987792969</ele></trkpt><trkpt lat="46.7194203203544" lon="8.04172025853768"><ele>1542.0999755859375</ele></trkpt><trkpt lat="46.71938032004982" lon="8.041550258174539"><ele>1540.3899841308594</ele></trkpt><trkpt lat="46.71938032004982" lon="8.041550258174539"><ele>1540.5</ele></trkpt><trkpt lat="46.71938032004982" lon="8.041550258174539"><ele>1540.5</ele></trkpt><trkpt lat="46.71938032004982" lon="8.041480258107185"><ele>1539.7999877929688</ele></trkpt><trkpt lat="46.71937031997368" lon="8.041460257954895"><ele>1539.5899963378906</ele></trkpt><trkpt lat="46.71937031997368" lon="8.041460257954895"><ele>1539.5399780273438</ele></trkpt><trkpt lat="46.71937031997368" lon="8.041460257954895"><ele>1539.5899963378906</ele></trkpt><trkpt lat="46.71936031989753" lon="8.04145025787875"><ele>1539.3999938964844</ele></trkpt><trkpt lat="46.7193303196691" lon="8.041410258039832"><ele>1539.3999938964844</ele></trkpt><trkpt lat="46.7193303196691" lon="8.041410258039832"><ele>1539.1699829101562</ele></trkpt><trkpt lat="46.7193303196691" lon="8.041410258039832"><ele>1539.3999938964844</ele></trkpt><trkpt lat="46.719300319906324" lon="8.041380257811397"><ele>1539.3999938964844</ele></trkpt><trkpt lat="46.71929031983018" lon="8.041330257896334"><ele>1539.0299987792969</ele></trkpt><trkpt lat="46.719280319754034" lon="8.041310257744044"><ele>1538.8799743652344</ele></trkpt><trkpt lat="46.719280319754034" lon="8.041310257744044"><ele>1538.739990234375</ele></trkpt><trkpt lat="46.719280319754034" lon="8.041310257744044"><ele>1538.8799743652344</ele></trkpt><trkpt lat="46.71927031967789" lon="8.041270257905126"><ele>1538.5699768066406</ele></trkpt><trkpt lat="46.7192503195256" lon="8.041210257448256"><ele>1538.1999816894531</ele></trkpt><trkpt lat="46.71923031937331" lon="8.041100257541984"><ele>1537.0999755859375</ele></trkpt><trkpt lat="46.719200319144875" lon="8.041030257474631"><ele>1536.9199829101562</ele></trkpt><trkpt lat="46.719180319458246" lon="8.040990257635713"><ele>1536.7999877929688</ele></trkpt><trkpt lat="46.7191703193821" lon="8.040970257483423"><ele>1536.5699768066406</ele></trkpt><trkpt lat="46.7191703193821" lon="8.040970257483423"><ele>1536.6899719238281</ele></trkpt><trkpt lat="46.7191703193821" lon="8.040970257483423"><ele>1536.5599975585938</ele></trkpt><trkpt lat="46.719160319305956" lon="8.040930257178843"><ele>1536.0</ele></trkpt><trkpt lat="46.71914031915367" lon="8.040890257339925"><ele>1535.3899841308594</ele></trkpt><trkpt lat="46.71914031915367" lon="8.04088025726378"><ele>1535.1999816894531</ele></trkpt><trkpt lat="46.71909031877294" lon="8.04067025706172"><ele>1534.739990234375</ele></trkpt><trkpt lat="46.71909031877294" lon="8.04067025706172"><ele>1535.1399841308594</ele></trkpt><trkpt lat="46.71909031877294" lon="8.04067025706172"><ele>1535.1399841308594</ele></trkpt><trkpt lat="46.71906031901017" lon="8.040540257003158"><ele>1535.0999755859375</ele></trkpt><trkpt lat="46.71903031878173" lon="8.040380257181823"><ele>1535.0099792480469</ele></trkpt><trkpt lat="46.71903031878173" lon="8.040360257029533"><ele>1535.0</ele></trkpt><trkpt lat="46.71904031885788" lon="8.04029025696218"><ele>1535.4199829101562</ele></trkpt><trkpt lat="46.71904031885788" lon="8.04029025696218"><ele>1534.9599914550781</ele></trkpt><trkpt lat="46.71904031885788" lon="8.04029025696218"><ele>1535.4199829101562</ele></trkpt><trkpt lat="46.71905031893402" lon="8.040250257123262"><ele>1535.5</ele></trkpt><trkpt lat="46.71905031893402" lon="8.040070257149637"><ele>1536.1299743652344</ele></trkpt><trkpt lat="46.71905031893402" lon="8.040070257149637"><ele>1536.2599792480469</ele></trkpt><trkpt lat="46.71905031893402" lon="8.040070257149637"><ele>1536.2599792480469</ele></trkpt><trkpt lat="46.71905031893402" lon="8.040060257073492"><ele>1536.2699890136719</ele></trkpt><trkpt lat="46.719050319399685" lon="8.040030257310718"><ele>1536.2999877929688</ele></trkpt><trkpt lat="46.71905031893402" lon="8.040020257234573"><ele>1536.2799987792969</ele></trkpt><trkpt lat="46.71905031893402" lon="8.040010257158428"><ele>1536.2799987792969</ele></trkpt><trkpt lat="46.71905031893402" lon="8.040010257158428"><ele>1536.1299743652344</ele></trkpt><trkpt lat="46.71906031901017" lon="8.039960257243365"><ele>1536.1999816894531</ele></trkpt><trkpt lat="46.71906031901017" lon="8.039910257328302"><ele>1535.5199890136719</ele></trkpt><trkpt lat="46.71906031901017" lon="8.039910257328302"><ele>1535.5599975585938</ele></trkpt><trkpt lat="46.71907031908631" lon="8.039870257023722"><ele>1535.0099792480469</ele></trkpt><trkpt lat="46.71907031908631" lon="8.039860256947577"><ele>1534.8999938964844</ele></trkpt><trkpt lat="46.71907031908631" lon="8.039860256947577"><ele>1534.8099975585938</ele></trkpt><trkpt lat="46.71906031854451" lon="8.039830257184803"><ele>1534.2999877929688</ele></trkpt><trkpt lat="46.71903031878173" lon="8.039790256880224"><ele>1533.4299926757812</ele></trkpt><trkpt lat="46.71903031878173" lon="8.039790256880224"><ele>1534.3499755859375</ele></trkpt><trkpt lat="46.71903031878173" lon="8.039780256804079"><ele>1534.25</ele></trkpt><trkpt lat="46.71902031870559" lon="8.039770256727934"><ele>1534.1899719238281</ele></trkpt><trkpt lat="46.71902031870559" lon="8.039760256651789"><ele>1533.1199951171875</ele></trkpt><trkpt lat="46.71903031831607" lon="8.039660256821662"><ele>1532.8999938964844</ele></trkpt><trkpt lat="46.71902031870559" lon="8.039660256821662"><ele>1532.8999938964844</ele></trkpt><trkpt lat="46.718990318477154" lon="8.039520256686956"><ele>1533.1599731445312</ele></trkpt><trkpt lat="46.718990318477154" lon="8.039520256686956"><ele>1533.0799865722656</ele></trkpt><trkpt lat="46.718990318477154" lon="8.03951025661081"><ele>1533.1999816894531</ele></trkpt><trkpt lat="46.718990318477154" lon="8.039490256924182"><ele>1533.3099975585938</ele></trkpt><trkpt lat="46.718990318477154" lon="8.039490256924182"><ele>1533.3099975585938</ele></trkpt><trkpt lat="46.718990318477154" lon="8.039390257094055"><ele>1533.8999938964844</ele></trkpt><trkpt lat="46.7190003185533" lon="8.039330257102847"><ele>1534.25</ele></trkpt><trkpt lat="46.7190003185533" lon="8.039330257102847"><ele>1533.9599914550781</ele></trkpt><trkpt lat="46.7190003185533" lon="8.039330257102847"><ele>1534.2699890136719</ele></trkpt><trkpt lat="46.71900031901896" lon="8.039300256874412"><ele>1534.5</ele></trkpt><trkpt lat="46.71900031901896" lon="8.039270257111639"><ele>1534.719970703125</ele></trkpt><trkpt lat="46.71900031901896" lon="8.039270257111639"><ele>1534.489990234375</ele></trkpt><trkpt lat="46.718990318942815" lon="8.03923025727272"><ele>1535.0</ele></trkpt><trkpt lat="46.71896031918004" lon="8.039140257053077"><ele>1536.0</ele></trkpt><trkpt lat="46.7189503191039" lon="8.039050257299095"><ele>1535.7899780273438</ele></trkpt><trkpt lat="46.7189503191039" lon="8.039050257299095"><ele>1536.22998046875</ele></trkpt><trkpt lat="46.7189503191039" lon="8.039050257299095"><ele>1536.22998046875</ele></trkpt><trkpt lat="46.71892031934112" lon="8.038900257088244"><ele>1536.4599914550781</ele></trkpt><trkpt lat="46.71889031911269" lon="8.038720257114619"><ele>1536.2999877929688</ele></trkpt><trkpt lat="46.71889031911269" lon="8.038590257056057"><ele>1536.2999877929688</ele></trkpt><trkpt lat="46.71889031911269" lon="8.038550257217139"><ele>1536.2999877929688</ele></trkpt><trkpt lat="46.71888031903654" lon="8.03851025737822"><ele>1536.2999877929688</ele></trkpt><trkpt lat="46.71888031903654" lon="8.03851025737822"><ele>1535.9399719238281</ele></trkpt><trkpt lat="46.7188703189604" lon="8.03847025707364"><ele>1536.2999877929688</ele></trkpt><trkpt lat="46.71885031927377" lon="8.03832025732845"><ele>1536.2099914550781</ele></trkpt><trkpt lat="46.71885031927377" lon="8.03830025717616"><ele>1536.1999816894531</ele></trkpt><trkpt lat="46.71886031888425" lon="8.038280257023871"><ele>1535.9399719238281</ele></trkpt><trkpt lat="46.718860319349915" lon="8.038280257023871"><ele>1536.1999816894531</ele></trkpt><trkpt lat="46.7188703189604" lon="8.038180257193744"><ele>1536.0999755859375</ele></trkpt><trkpt lat="46.71888031903654" lon="8.03815025696531"><ele>1535.72998046875</ele></trkpt><trkpt lat="46.71889031911269" lon="8.038110257126391"><ele>1535.5299987792969</ele></trkpt><trkpt lat="46.71890031872317" lon="8.038070256821811"><ele>1535.1399841308594</ele></trkpt><trkpt lat="46.71891031879932" lon="8.037970256991684"><ele>1533.969970703125</ele></trkpt><trkpt lat="46.7189203184098" lon="8.03773025656119"><ele>1532.0399780273438</ele></trkpt><trkpt lat="46.7187903188169" lon="8.037720256950706"><ele>1533.5399780273438</ele></trkpt><trkpt lat="46.71875031851232" lon="8.037700256798416"><ele>1533.9099731445312</ele></trkpt><trkpt lat="46.71874031890184" lon="8.037680256646127"><ele>1534.1099853515625</ele></trkpt><trkpt lat="46.71872031874955" lon="8.037630256731063"><ele>1534.3599853515625</ele></trkpt><trkpt lat="46.7187103186734" lon="8.03760025696829"><ele>1534.47998046875</ele></trkpt><trkpt lat="46.7187103186734" lon="8.037540256977081"><ele>1534.8399963378906</ele></trkpt><trkpt lat="46.71872031921521" lon="8.0374502572231"><ele>1535.5699768066406</ele></trkpt><trkpt lat="46.71872031921521" lon="8.03743025707081"><ele>1536.7699890136719</ele></trkpt></trkseg></trk></gpx>