<?xml version="1.0" encoding="utf-8"?><gpx version="1.1" creator="MySchweizMobil - https://map.schweizmobil.ch/" xmlns:xsi="http://www.w3.org/2001/XMLSchema-instance" xmlns="http://www.topografix.com/GPX/1/1" xsi:schemaLocation="http://www.topografix.com/GPX/1/1 http://www.topografix.com/GPX/1/1/gpx.xsd"><metadata><name>Hängst Loop</name><bounds minlat="46.82818031217903" minlon="7.955900338012725" maxlat="46.83963039377704" maxlon="7.983040254563093" /></metadata><trk><name>Hängst Loop</name><trkseg><trkpt lat="46.82820031233132" lon="7.981830247677863"><ele>1487.0999755859375</ele></trkpt><trkpt lat="46.82818031217903" lon="7.981820247601718"><ele>1486.1899719238281</ele></trkpt><trkpt lat="46.828190312255174" lon="7.981800247449428"><ele>1486.2999877929688</ele></trkpt><trkpt lat="46.82820031233132" lon="7.981780247297138"><ele>1486.2999877929688</ele></trkpt><trkpt lat="46.828210312407464" lon="7.9817402474582195"><ele>1487.0299987792969</ele></trkpt><trkpt lat="46.828210312407464" lon="7.981730247847736"><ele>1487.6599731445312</ele></trkpt><trkpt lat="46.82822031248361" lon="7.981720247771591"><ele>1488.3199768066406</ele></trkpt><trkpt lat="46.828230313025415" lon="7.981710247695446"><ele>1488.7999877929688</ele></trkpt><trkpt lat="46.828230313025415" lon="7.981670247856528"><ele>1489.8299865722656</ele></trkpt><trkpt lat="46.82824031310156" lon="7.981660248246044"><ele>1490.1499938964844</ele></trkpt><trkpt lat="46.828250313177705" lon="7.981640248093754"><ele>1490.6699829101562</ele></trkpt><trkpt lat="46.82826031371951" lon="7.981570248492062"><ele>1492.9299926757812</ele></trkpt><trkpt lat="46.8282803138718" lon="7.981520248576999"><ele>1494.2999877929688</ele></trkpt><trkpt lat="46.8282803138718" lon="7.981470249127597"><ele>1494.9199829101562</ele></trkpt><trkpt lat="46.82830031448975" lon="7.981410249136388"><ele>1496.6899719238281</ele></trkpt><trkpt lat="46.82830031448975" lon="7.981410249136388"><ele>1496.7899780273438</ele></trkpt><trkpt lat="46.82832031464204" lon="7.981410249136388"><ele>1497.0999755859375</ele></trkpt><trkpt lat="46.82832031464204" lon="7.981410249136388"><ele>1497.4099731445312</ele></trkpt><trkpt lat="46.82833031471819" lon="7.981400249525905"><ele>1497.719970703125</ele></trkpt><trkpt lat="46.82833031471819" lon="7.981340249534696"><ele>1498.6599731445312</ele></trkpt><trkpt lat="46.82836031494662" lon="7.981280249543488"><ele>1500.219970703125</ele></trkpt><trkpt lat="46.82839031517506" lon="7.9812602498568594"><ele>1501.25</ele></trkpt><trkpt lat="46.828450315631926" lon="7.981160250492394"><ele>1503.5399780273438</ele></trkpt><trkpt lat="46.82845031609759" lon="7.981150250416249"><ele>1503.8499755859375</ele></trkpt><trkpt lat="46.82846031570807" lon="7.981150250416249"><ele>1504.0499877929688</ele></trkpt><trkpt lat="46.82848031586036" lon="7.981160250492394"><ele>1504.7799987792969</ele></trkpt><trkpt lat="46.828510316088796" lon="7.981180250644684"><ele>1505.4099731445312</ele></trkpt><trkpt lat="46.828550316393375" lon="7.981190250720829"><ele>1506.4399719238281</ele></trkpt><trkpt lat="46.828570316545665" lon="7.981180251110345"><ele>1507.2699890136719</ele></trkpt><trkpt lat="46.828590316697955" lon="7.981160250958055"><ele>1508.3299865722656</ele></trkpt><trkpt lat="46.828650317620486" lon="7.981090251356363"><ele>1511.22998046875</ele></trkpt><trkpt lat="46.82874031830579" lon="7.981020252220333"><ele>1514.8399963378906</ele></trkpt><trkpt lat="46.828790318686515" lon="7.980990252457559"><ele>1517.0999755859375</ele></trkpt><trkpt lat="46.82884031860158" lon="7.9809702527709305"><ele>1517.9299926757812</ele></trkpt><trkpt lat="46.82887031883001" lon="7.980950252618641"><ele>1518.1499938964844</ele></trkpt><trkpt lat="46.82890031905845" lon="7.980920252855867"><ele>1518.25</ele></trkpt><trkpt lat="46.82892031874508" lon="7.980900252703577"><ele>1518.5199890136719</ele></trkpt><trkpt lat="46.828980319201946" lon="7.980890253093094"><ele>1520.8099975585938</ele></trkpt><trkpt lat="46.829060319811106" lon="7.9808402536436915"><ele>1523.2099914550781</ele></trkpt><trkpt lat="46.829100320115685" lon="7.980800253804773"><ele>1524.5</ele></trkpt><trkpt lat="46.82913032034412" lon="7.980760253965855"><ele>1525.0999755859375</ele></trkpt><trkpt lat="46.8291703206487" lon="7.9806702537462115"><ele>1526.3999938964844</ele></trkpt><trkpt lat="46.829180320724845" lon="7.980640253983438"><ele>1526.6599731445312</ele></trkpt><trkpt lat="46.82919032080099" lon="7.980590254068375"><ele>1527.7699890136719</ele></trkpt><trkpt lat="46.829200320877135" lon="7.980550254229456"><ele>1528.2699890136719</ele></trkpt><trkpt lat="46.829200320877135" lon="7.980510254390538"><ele>1529.0299987792969</ele></trkpt><trkpt lat="46.829200321342796" lon="7.980480254627764"><ele>1529.5399780273438</ele></trkpt><trkpt lat="46.82919032126665" lon="7.980430254712701"><ele>1530.5899963378906</ele></trkpt><trkpt lat="46.82919032126665" lon="7.980410254560411"><ele>1530.989990234375</ele></trkpt><trkpt lat="46.829200321342796" lon="7.980390254873782"><ele>1531.469970703125</ele></trkpt><trkpt lat="46.82921032141894" lon="7.9803702547214925"><ele>1531.9099731445312</ele></trkpt><trkpt lat="46.8292103218846" lon="7.980300255119801"><ele>1533.72998046875</ele></trkpt><trkpt lat="46.82923032250255" lon="7.9801702555269"><ele>1536.9499816894531</ele></trkpt><trkpt lat="46.829230322968215" lon="7.980150255840272"><ele>1537.6899719238281</ele></trkpt><trkpt lat="46.829230322968215" lon="7.980120256077498"><ele>1538.3999938964844</ele></trkpt><trkpt lat="46.829250323120505" lon="7.980070256162435"><ele>1539.8199768066406</ele></trkpt><trkpt lat="46.82924032351002" lon="7.980050256010145"><ele>1540.4399719238281</ele></trkpt><trkpt lat="46.82921032374725" lon="7.980020256247371"><ele>1541.7099914550781</ele></trkpt><trkpt lat="46.82919032406062" lon="7.979990256484598"><ele>1542.6399841308594</ele></trkpt><trkpt lat="46.829180323984474" lon="7.979970256797969"><ele>1543.4199829101562</ele></trkpt><trkpt lat="46.829180323984474" lon="7.9799502566456795"><ele>1544.0399780273438</ele></trkpt><trkpt lat="46.829180324450135" lon="7.979920256882906"><ele>1544.7099914550781</ele></trkpt><trkpt lat="46.829200324602425" lon="7.979870256967843"><ele>1545.989990234375</ele></trkpt><trkpt lat="46.82921032467857" lon="7.979840257205069"><ele>1546.8099975585938</ele></trkpt><trkpt lat="46.82921032467857" lon="7.979820257052779"><ele>1547.1899719238281</ele></trkpt><trkpt lat="46.829220324754715" lon="7.979790257290006"><ele>1548.1099853515625</ele></trkpt><trkpt lat="46.829220325220376" lon="7.979760257527232"><ele>1549.0999755859375</ele></trkpt><trkpt lat="46.829220325220376" lon="7.979720257688314"><ele>1549.9399719238281</ele></trkpt><trkpt lat="46.82923032529652" lon="7.97969025792554"><ele>1550.8299865722656</ele></trkpt><trkpt lat="46.82923032576218" lon="7.97967025777325"><ele>1551.5999755859375</ele></trkpt><trkpt lat="46.82923032576218" lon="7.979660258162767"><ele>1551.9099731445312</ele></trkpt><trkpt lat="46.82922032568604" lon="7.979640258010477"><ele>1552.2099914550781</ele></trkpt><trkpt lat="46.8292203261517" lon="7.979620258323848"><ele>1553.22998046875</ele></trkpt><trkpt lat="46.829230326227844" lon="7.979540258646011"><ele>1554.8899841308594</ele></trkpt><trkpt lat="46.82924032676965" lon="7.979470258578658"><ele>1556.7699890136719</ele></trkpt><trkpt lat="46.82928032707423" lon="7.97943025873974"><ele>1557.8599853515625</ele></trkpt><trkpt lat="46.829290327150375" lon="7.979410259053111"><ele>1558.5699768066406</ele></trkpt><trkpt lat="46.829290327150375" lon="7.9793902593664825"><ele>1559.3499755859375</ele></trkpt><trkpt lat="46.82928032753989" lon="7.979350259527564"><ele>1560.5199890136719</ele></trkpt><trkpt lat="46.82928032753989" lon="7.979330259375274"><ele>1561.3499755859375</ele></trkpt><trkpt lat="46.829290327616036" lon="7.979310259688646"><ele>1562.0999755859375</ele></trkpt><trkpt lat="46.829310327768326" lon="7.979310259688646"><ele>1562.3199768066406</ele></trkpt><trkpt lat="46.82934032799676" lon="7.979290260002017"><ele>1562.8999938964844</ele></trkpt><trkpt lat="46.829350328072906" lon="7.979280259925872"><ele>1563.1399841308594</ele></trkpt><trkpt lat="46.82936032814905" lon="7.979250260163099"><ele>1563.989990234375</ele></trkpt><trkpt lat="46.82935032853857" lon="7.97919026017189"><ele>1565.4399719238281</ele></trkpt><trkpt lat="46.82935032853857" lon="7.979150260332972"><ele>1566.5399780273438</ele></trkpt><trkpt lat="46.82935032900423" lon="7.979120260570198"><ele>1567.3899841308594</ele></trkpt><trkpt lat="46.82936032908037" lon="7.979070260655135"><ele>1568.8699951171875</ele></trkpt><trkpt lat="46.82939032930881" lon="7.978990260977298"><ele>1570.489990234375</ele></trkpt><trkpt lat="46.829400329850614" lon="7.9789602612145245"><ele>1571.6099853515625</ele></trkpt><trkpt lat="46.829420330002904" lon="7.978930261451751"><ele>1572.0099792480469</ele></trkpt><trkpt lat="46.829440330155194" lon="7.978910261299461"><ele>1572.5199890136719</ele></trkpt><trkpt lat="46.829440330155194" lon="7.9788902616128325"><ele>1573.0699768066406</ele></trkpt><trkpt lat="46.829440330155194" lon="7.978850261308253"><ele>1573.8799743652344</ele></trkpt><trkpt lat="46.82943033007905" lon="7.978830261621624"><ele>1574.2099914550781</ele></trkpt><trkpt lat="46.829440330620855" lon="7.978770261630416"><ele>1575.3799743652344</ele></trkpt><trkpt lat="46.829450330697" lon="7.9787202617153525"><ele>1576.1799926757812</ele></trkpt><trkpt lat="46.829450330697" lon="7.978680261876434"><ele>1576.75</ele></trkpt><trkpt lat="46.829440331086516" lon="7.9786602621898055"><ele>1577.0499877929688</ele></trkpt><trkpt lat="46.82942033093423" lon="7.978620262350887"><ele>1577.7699890136719</ele></trkpt><trkpt lat="46.82941033132374" lon="7.978570262435824"><ele>1578.3099975585938</ele></trkpt><trkpt lat="46.82941033085808" lon="7.978510261978954"><ele>1578.0499877929688</ele></trkpt><trkpt lat="46.82942033093423" lon="7.978470262140036"><ele>1577.8299865722656</ele></trkpt><trkpt lat="46.82943033101037" lon="7.978400262072682"><ele>1577.719970703125</ele></trkpt><trkpt lat="46.82943033101037" lon="7.978350262157619"><ele>1577.8299865722656</ele></trkpt><trkpt lat="46.82941033132374" lon="7.9783102623187006"><ele>1578.5399780273438</ele></trkpt><trkpt lat="46.82941033132374" lon="7.978250262327492"><ele>1578.8399963378906</ele></trkpt><trkpt lat="46.82942033139989" lon="7.978130262345076"><ele>1580.0299987792969</ele></trkpt><trkpt lat="46.82948033232242" lon="7.97788026323542"><ele>1584.6299743652344</ele></trkpt><trkpt lat="46.82951033255085" lon="7.977810263633728"><ele>1586.0099792480469</ele></trkpt><trkpt lat="46.829530333168805" lon="7.977720263879746"><ele>1588.1399841308594</ele></trkpt><trkpt lat="46.82954033371061" lon="7.977610264439136"><ele>1591.2599792480469</ele></trkpt><trkpt lat="46.82954033371061" lon="7.977580264210701"><ele>1591.6699829101562</ele></trkpt><trkpt lat="46.82953033410013" lon="7.9775402643717825"><ele>1592.8499755859375</ele></trkpt><trkpt lat="46.82955033425242" lon="7.977500264532864"><ele>1593.4299926757812</ele></trkpt><trkpt lat="46.82953033456579" lon="7.977450264617801"><ele>1594.7799987792969</ele></trkpt><trkpt lat="46.82953033456579" lon="7.977430264931172"><ele>1595.2599792480469</ele></trkpt><trkpt lat="46.82954033464193" lon="7.977390265092254"><ele>1595.22998046875</ele></trkpt><trkpt lat="46.82954033464193" lon="7.977330265101045"><ele>1595.989990234375</ele></trkpt><trkpt lat="46.829560335259885" lon="7.9772502654232085"><ele>1597.4099731445312</ele></trkpt><trkpt lat="46.829560335259885" lon="7.977210265118629"><ele>1597.6099853515625</ele></trkpt><trkpt lat="46.82957033533603" lon="7.977160265203565"><ele>1598.0899963378906</ele></trkpt><trkpt lat="46.82957033533603" lon="7.977150265593082"><ele>1598.1599731445312</ele></trkpt><trkpt lat="46.82955033518374" lon="7.977110265288502"><ele>1598.8899841308594</ele></trkpt><trkpt lat="46.829560335725546" lon="7.977090265601873"><ele>1599.6599731445312</ele></trkpt><trkpt lat="46.82959033595398" lon="7.977040266152471"><ele>1601.9299926757812</ele></trkpt><trkpt lat="46.829600336030126" lon="7.977000266313553"><ele>1602.8499755859375</ele></trkpt><trkpt lat="46.82960033649579" lon="7.9769302662462"><ele>1603.7999877929688</ele></trkpt><trkpt lat="46.829620336182415" lon="7.976880266331136"><ele>1603.8699951171875</ele></trkpt><trkpt lat="46.82963033625856" lon="7.976850266568363"><ele>1604.2099914550781</ele></trkpt><trkpt lat="46.829640336334705" lon="7.976820266339928"><ele>1604.2099914550781</ele></trkpt><trkpt lat="46.82965033641085" lon="7.976790266577154"><ele>1604.3299865722656</ele></trkpt><trkpt lat="46.829680336639285" lon="7.976750266738236"><ele>1605.2599792480469</ele></trkpt><trkpt lat="46.829700336791575" lon="7.976680266670883"><ele>1605.1299743652344</ele></trkpt><trkpt lat="46.829700336791575" lon="7.9766002665273845"><ele>1606.1099853515625</ele></trkpt><trkpt lat="46.829720336943865" lon="7.976520266849548"><ele>1606.7699890136719</ele></trkpt><trkpt lat="46.8297503371723" lon="7.976460266858339"><ele>1607.1099853515625</ele></trkpt><trkpt lat="46.82978033646941" lon="7.9764302666299045"><ele>1605.4299926757812</ele></trkpt><trkpt lat="46.82978033646941" lon="7.976410266477615"><ele>1604.8599853515625</ele></trkpt><trkpt lat="46.82977033639327" lon="7.97636026609689"><ele>1603.3799743652344</ele></trkpt><trkpt lat="46.82976033631712" lon="7.976310266181827"><ele>1602.6899719238281</ele></trkpt><trkpt lat="46.82976033585146" lon="7.976280265953392"><ele>1602.3499755859375</ele></trkpt><trkpt lat="46.82975033624098" lon="7.97619026619941"><ele>1602.4599914550781</ele></trkpt><trkpt lat="46.82976033585146" lon="7.97617026604712"><ele>1602.4599914550781</ele></trkpt><trkpt lat="46.82975033624098" lon="7.976140266284347"><ele>1602.7999877929688</ele></trkpt><trkpt lat="46.82976033631712" lon="7.976110266055912"><ele>1602.9199829101562</ele></trkpt><trkpt lat="46.82976033631712" lon="7.976090265903622"><ele>1603.0299987792969</ele></trkpt><trkpt lat="46.82975033624098" lon="7.976070266216993"><ele>1603.2599792480469</ele></trkpt><trkpt lat="46.82975033624098" lon="7.9760402659885585"><ele>1603.3799743652344</ele></trkpt><trkpt lat="46.82974033616483" lon="7.976030266378075"><ele>1603.719970703125</ele></trkpt><trkpt lat="46.8297203364782" lon="7.97602026630193"><ele>1604.1799926757812</ele></trkpt><trkpt lat="46.82971033640206" lon="7.975990266539156"><ele>1604.9099731445312</ele></trkpt><trkpt lat="46.8296703370288" lon="7.975920266471803"><ele>1606.1599731445312</ele></trkpt><trkpt lat="46.82965033687651" lon="7.975850266870111"><ele>1607.4499816894531</ele></trkpt><trkpt lat="46.82967033749446" lon="7.9757402669638395"><ele>1609.3399963378906</ele></trkpt><trkpt lat="46.82968033757061" lon="7.975710267201066"><ele>1609.8299865722656</ele></trkpt><trkpt lat="46.82969033764675" lon="7.9756802674382925"><ele>1610.3599853515625</ele></trkpt><trkpt lat="46.8297003377229" lon="7.975620267447084"><ele>1611.239990234375</ele></trkpt><trkpt lat="46.82972033787519" lon="7.975570267532021"><ele>1612.3499755859375</ele></trkpt><trkpt lat="46.82974033849314" lon="7.975530267693102"><ele>1613.2899780273438</ele></trkpt><trkpt lat="46.82978033833206" lon="7.975500267930329"><ele>1614.239990234375</ele></trkpt><trkpt lat="46.8297903384082" lon="7.975480267778039"><ele>1614.7699890136719</ele></trkpt><trkpt lat="46.82980033895001" lon="7.9754502680152655"><ele>1616.0799865722656</ele></trkpt><trkpt lat="46.82983033917844" lon="7.975440268404782"><ele>1616.969970703125</ele></trkpt><trkpt lat="46.82986033940688" lon="7.975460268557072"><ele>1617.8999938964844</ele></trkpt><trkpt lat="46.829880339093506" lon="7.975460268557072"><ele>1618.2599792480469</ele></trkpt><trkpt lat="46.829900339245796" lon="7.975440268870443"><ele>1618.7999877929688</ele></trkpt><trkpt lat="46.829920339398086" lon="7.975420268718153"><ele>1619.6099853515625</ele></trkpt><trkpt lat="46.829940339550376" lon="7.97541026910767"><ele>1620.5099792480469</ele></trkpt><trkpt lat="46.82996034016833" lon="7.975400269031525"><ele>1621.4499816894531</ele></trkpt><trkpt lat="46.82997034024447" lon="7.975400269031525"><ele>1622.1199951171875</ele></trkpt><trkpt lat="46.83000034047291" lon="7.975360269192606"><ele>1623.1499938964844</ele></trkpt><trkpt lat="46.83000034047291" lon="7.975290269590914"><ele>1623.7699890136719</ele></trkpt><trkpt lat="46.83000034047291" lon="7.9752602693624794"><ele>1624.1599731445312</ele></trkpt><trkpt lat="46.83003034070134" lon="7.975240269675851"><ele>1624.6699829101562</ele></trkpt><trkpt lat="46.83005034085363" lon="7.975230269599706"><ele>1625.2899780273438</ele></trkpt><trkpt lat="46.83005034085363" lon="7.975220269523561"><ele>1625.739990234375</ele></trkpt><trkpt lat="46.83004034077749" lon="7.975210269913077"><ele>1625.8599853515625</ele></trkpt><trkpt lat="46.83002034109086" lon="7.975200269836932"><ele>1626.3699951171875</ele></trkpt><trkpt lat="46.83002034109086" lon="7.975180270150304"><ele>1627.0799865722656</ele></trkpt><trkpt lat="46.829970341641456" lon="7.975140270311385"><ele>1629.3899841308594</ele></trkpt><trkpt lat="46.82995034195483" lon="7.975100270472467"><ele>1630.75</ele></trkpt><trkpt lat="46.82991034211591" lon="7.975040270481259"><ele>1631.6399841308594</ele></trkpt><trkpt lat="46.82989034196362" lon="7.974990270566195"><ele>1632.0799865722656</ele></trkpt><trkpt lat="46.829880342353135" lon="7.974940270651132"><ele>1632.5199890136719</ele></trkpt><trkpt lat="46.829900342505425" lon="7.974940271116793"><ele>1633.1899719238281</ele></trkpt><trkpt lat="46.829940342810005" lon="7.974950271192938"><ele>1634.2899780273438</ele></trkpt><trkpt lat="46.82998034264892" lon="7.974980270955712"><ele>1634.5199890136719</ele></trkpt><trkpt lat="46.83002034248784" lon="7.974960271269083"><ele>1634.739990234375</ele></trkpt><trkpt lat="46.83006034325808" lon="7.974940271582454"><ele>1636.72998046875</ele></trkpt><trkpt lat="46.83007034333423" lon="7.974940271582454"><ele>1636.9299926757812</ele></trkpt><trkpt lat="46.830110343173146" lon="7.974950271658599"><ele>1638.0499877929688</ele></trkpt><trkpt lat="46.830130343325436" lon="7.974970271810889"><ele>1637.3899841308594</ele></trkpt><trkpt lat="46.830190343316644" lon="7.975010271649808"><ele>1638.0599975585938</ele></trkpt><trkpt lat="46.830230343621224" lon="7.9750402718782425"><ele>1638.2799987792969</ele></trkpt><trkpt lat="46.830260343384" lon="7.975050271954387"><ele>1638.9399719238281</ele></trkpt><trkpt lat="46.830300343222916" lon="7.975120271556079"><ele>1637.9499816894531</ele></trkpt><trkpt lat="46.830320343375206" lon="7.975130271632224"><ele>1638.6099853515625</ele></trkpt><trkpt lat="46.830340343527496" lon="7.975150271784514"><ele>1639.2799987792969</ele></trkpt><trkpt lat="46.83037034375593" lon="7.975160271860659"><ele>1640.2699890136719</ele></trkpt><trkpt lat="46.83041034406051" lon="7.975190272089094"><ele>1640.5999755859375</ele></trkpt><trkpt lat="46.830420344136655" lon="7.975180272012949"><ele>1640.9399719238281</ele></trkpt><trkpt lat="46.830420344136655" lon="7.975170272402465"><ele>1640.9399719238281</ele></trkpt><trkpt lat="46.83037034422159" lon="7.975130272097886"><ele>1641.2699890136719</ele></trkpt><trkpt lat="46.83033034391701" lon="7.975050272420049"><ele>1641.5999755859375</ele></trkpt><trkpt lat="46.83028034400195" lon="7.974960272200406"><ele>1641.9299926757812</ele></trkpt><trkpt lat="46.83026034431532" lon="7.974920272361487"><ele>1642.5999755859375</ele></trkpt><trkpt lat="46.83024034416303" lon="7.974890272598714"><ele>1642.9299926757812</ele></trkpt><trkpt lat="46.83023034455255" lon="7.97486027283594"><ele>1643.5899963378906</ele></trkpt><trkpt lat="46.83024034462869" lon="7.974810272920877"><ele>1644.5899963378906</ele></trkpt><trkpt lat="46.83024034462869" lon="7.974770273081958"><ele>1645.25</ele></trkpt><trkpt lat="46.8302503451705" lon="7.97471027309075"><ele>1646.25</ele></trkpt><trkpt lat="46.83024034509435" lon="7.974680272862315"><ele>1646.5799865722656</ele></trkpt><trkpt lat="46.83024034509435" lon="7.9746702732518315"><ele>1646.5799865722656</ele></trkpt><trkpt lat="46.83024034509435" lon="7.974650273099542"><ele>1647.25</ele></trkpt><trkpt lat="46.83027034532279" lon="7.974620273336768"><ele>1648.239990234375</ele></trkpt><trkpt lat="46.83029034547508" lon="7.974570273421705"><ele>1649.239990234375</ele></trkpt><trkpt lat="46.830300346016884" lon="7.974560273811221"><ele>1649.8999938964844</ele></trkpt><trkpt lat="46.83031034609303" lon="7.974540273658931"><ele>1650.239990234375</ele></trkpt><trkpt lat="46.830300346016884" lon="7.974520273506641"><ele>1650.239990234375</ele></trkpt><trkpt lat="46.83031034609303" lon="7.974500273820013"><ele>1650.8999938964844</ele></trkpt><trkpt lat="46.83036034600809" lon="7.974510273896158"><ele>1651.5599975585938</ele></trkpt><trkpt lat="46.83040034631267" lon="7.974520273972303"><ele>1652.8899841308594</ele></trkpt><trkpt lat="46.83043034700677" lon="7.974490274209529"><ele>1654.8899841308594</ele></trkpt><trkpt lat="46.83044034708291" lon="7.974430274683982"><ele>1656.2099914550781</ele></trkpt><trkpt lat="46.8304603472352" lon="7.97434027493"><ele>1657.8699951171875</ele></trkpt><trkpt lat="46.830460347700864" lon="7.974270275328308"><ele>1659.1999816894531</ele></trkpt><trkpt lat="46.830460348166525" lon="7.974170275498182"><ele>1660.72998046875</ele></trkpt><trkpt lat="46.830480348318815" lon="7.97406027559191"><ele>1662.0399780273438</ele></trkpt><trkpt lat="46.8305303491652" lon="7.973840276245028"><ele>1665.5</ele></trkpt><trkpt lat="46.83055034885183" lon="7.973830276168883"><ele>1665.5699768066406</ele></trkpt><trkpt lat="46.830540349241346" lon="7.973790276329964"><ele>1666.25</ele></trkpt><trkpt lat="46.830540349241346" lon="7.97376027610153"><ele>1666.4299926757812</ele></trkpt><trkpt lat="46.830520349089056" lon="7.973730276338756"><ele>1666.7699890136719</ele></trkpt><trkpt lat="46.83053034963086" lon="7.973670276347548"><ele>1667.7999877929688</ele></trkpt><trkpt lat="46.83054034970701" lon="7.973640276584774"><ele>1668.47998046875</ele></trkpt><trkpt lat="46.83055034978315" lon="7.973630276508629"><ele>1669.3099975585938</ele></trkpt><trkpt lat="46.830570350866765" lon="7.973510277457535"><ele>1673.7999877929688</ele></trkpt><trkpt lat="46.830570350866765" lon="7.973490277305245"><ele>1674.22998046875</ele></trkpt><trkpt lat="46.830570350866765" lon="7.973470277618617"><ele>1674.9099731445312</ele></trkpt><trkpt lat="46.83056035079062" lon="7.973460277542472"><ele>1675.25</ele></trkpt><trkpt lat="46.830570350866765" lon="7.973440277855843"><ele>1675.47998046875</ele></trkpt><trkpt lat="46.83058035094291" lon="7.973440277855843"><ele>1675.7099914550781</ele></trkpt><trkpt lat="46.8306003510952" lon="7.973440277855843"><ele>1676.0499877929688</ele></trkpt><trkpt lat="46.830610351171345" lon="7.973420277703553"><ele>1676.739990234375</ele></trkpt><trkpt lat="46.83062035124749" lon="7.97341027809307"><ele>1677.0799865722656</ele></trkpt><trkpt lat="46.83064035139978" lon="7.97343027824536"><ele>1677.6499938964844</ele></trkpt><trkpt lat="46.830650351475924" lon="7.97343027824536"><ele>1678.1099853515625</ele></trkpt><trkpt lat="46.83066035155207" lon="7.97341027809307"><ele>1678.3399963378906</ele></trkpt><trkpt lat="46.830650351941586" lon="7.973380278330296"><ele>1678.7999877929688</ele></trkpt><trkpt lat="46.83064035186544" lon="7.973350278567523"><ele>1679.9399719238281</ele></trkpt><trkpt lat="46.83063035225496" lon="7.973330278415233"><ele>1680.6199951171875</ele></trkpt><trkpt lat="46.83062035217881" lon="7.973320278804749"><ele>1681.1899719238281</ele></trkpt><trkpt lat="46.83061035210267" lon="7.973310278728604"><ele>1681.7699890136719</ele></trkpt><trkpt lat="46.83060035249218" lon="7.973290279041976"><ele>1682.7899780273438</ele></trkpt><trkpt lat="46.83059035241604" lon="7.973280278965831"><ele>1682.9099731445312</ele></trkpt><trkpt lat="46.83059035241604" lon="7.973270278889686"><ele>1683.25</ele></trkpt><trkpt lat="46.8305903528817" lon="7.973230279050767"><ele>1684.5099792480469</ele></trkpt><trkpt lat="46.830600352957845" lon="7.973220279440284"><ele>1685.3099975585938</ele></trkpt><trkpt lat="46.83059035334736" lon="7.973200279287994"><ele>1686.219970703125</ele></trkpt><trkpt lat="46.83059035334736" lon="7.97317027952522"><ele>1686.5599975585938</ele></trkpt><trkpt lat="46.830580353271216" lon="7.9731602794490755"><ele>1687.1299743652344</ele></trkpt><trkpt lat="46.83058035373688" lon="7.973150279838592"><ele>1688.2699890136719</ele></trkpt><trkpt lat="46.83058035373688" lon="7.973120280075818"><ele>1689.25</ele></trkpt><trkpt lat="46.83060035435483" lon="7.9730802802369"><ele>1691.4299926757812</ele></trkpt><trkpt lat="46.83060035435483" lon="7.97306028008461"><ele>1691.7099914550781</ele></trkpt><trkpt lat="46.830590354278684" lon="7.973050280474126"><ele>1692.0499877929688</ele></trkpt><trkpt lat="46.83056035451591" lon="7.973010280635208"><ele>1692.5099792480469</ele></trkpt><trkpt lat="46.830550354439765" lon="7.972990280482918"><ele>1692.969970703125</ele></trkpt><trkpt lat="46.83053035475314" lon="7.97293028049171"><ele>1693.6499938964844</ele></trkpt><trkpt lat="46.83053035475314" lon="7.972910280805081"><ele>1694.0</ele></trkpt><trkpt lat="46.83054035482928" lon="7.972900280728936"><ele>1694.4499816894531</ele></trkpt><trkpt lat="46.83054035529494" lon="7.972860280890018"><ele>1695.5599975585938</ele></trkpt><trkpt lat="46.8305303552188" lon="7.972810280974954"><ele>1696.3199768066406</ele></trkpt><trkpt lat="46.830520355608314" lon="7.972770281136036"><ele>1696.8099975585938</ele></trkpt><trkpt lat="46.83051035553217" lon="7.9727202812209725"><ele>1697.4199829101562</ele></trkpt><trkpt lat="46.830520355608314" lon="7.972680281382054"><ele>1698.4399719238281</ele></trkpt><trkpt lat="46.83053035568446" lon="7.972650281619281"><ele>1698.97998046875</ele></trkpt><trkpt lat="46.830520356073976" lon="7.972580281551927"><ele>1700.7099914550781</ele></trkpt><trkpt lat="46.83052035653964" lon="7.972560281865299"><ele>1701.5699768066406</ele></trkpt><trkpt lat="46.83051035646349" lon="7.972530282102525"><ele>1702.1299743652344</ele></trkpt><trkpt lat="46.83050035638735" lon="7.9724902817979455"><ele>1702.5299987792969</ele></trkpt><trkpt lat="46.83049035677686" lon="7.972470282111317"><ele>1702.8899841308594</ele></trkpt><trkpt lat="46.83049035677686" lon="7.972440281882882"><ele>1703.0699768066406</ele></trkpt><trkpt lat="46.83050035685301" lon="7.9724202821962535"><ele>1703.5799865722656</ele></trkpt><trkpt lat="46.83051035692915" lon="7.972380282357335"><ele>1704.6699829101562</ele></trkpt><trkpt lat="46.8305203570053" lon="7.9723602826707065"><ele>1705.3799743652344</ele></trkpt><trkpt lat="46.83052035747096" lon="7.972330282442272"><ele>1705.9399719238281</ele></trkpt><trkpt lat="46.83052035747096" lon="7.972300282679498"><ele>1706.5399780273438</ele></trkpt><trkpt lat="46.83052035747096" lon="7.972280282527208"><ele>1706.9399719238281</ele></trkpt><trkpt lat="46.830510357860476" lon="7.972230282612145"><ele>1707.75</ele></trkpt><trkpt lat="46.83050035778433" lon="7.972210282925516"><ele>1707.9399719238281</ele></trkpt><trkpt lat="46.83050035778433" lon="7.9721902827732265"><ele>1708.5099792480469</ele></trkpt><trkpt lat="46.83050035778433" lon="7.972160283010453"><ele>1708.9099731445312</ele></trkpt><trkpt lat="46.83050035778433" lon="7.972150282934308"><ele>1709.2899780273438</ele></trkpt><trkpt lat="46.83050035824999" lon="7.9721202831715345"><ele>1709.8099975585938</ele></trkpt><trkpt lat="46.83049035817385" lon="7.972090283408761"><ele>1710.1699829101562</ele></trkpt><trkpt lat="46.8304803580977" lon="7.972080283332616"><ele>1710.4199829101562</ele></trkpt><trkpt lat="46.830460358411074" lon="7.972060283180326"><ele>1710.5799865722656</ele></trkpt><trkpt lat="46.830460358411074" lon="7.972040283493698"><ele>1711.0199890136719</ele></trkpt><trkpt lat="46.830460358411074" lon="7.972000283654779"><ele>1711.8599853515625</ele></trkpt><trkpt lat="46.83047035848722" lon="7.971980283502489"><ele>1712.469970703125</ele></trkpt><trkpt lat="46.83047035848722" lon="7.971950283739716"><ele>1713.0399780273438</ele></trkpt><trkpt lat="46.830460358876735" lon="7.971930283587426"><ele>1713.47998046875</ele></trkpt><trkpt lat="46.83045035880059" lon="7.971900283824652"><ele>1714.0</ele></trkpt><trkpt lat="46.83043035911396" lon="7.9718302842229605"><ele>1715.1099853515625</ele></trkpt><trkpt lat="46.83042035950348" lon="7.971790284384042"><ele>1716.0499877929688</ele></trkpt><trkpt lat="46.83043035957962" lon="7.971750284079462"><ele>1716.719970703125</ele></trkpt><trkpt lat="46.83043035957962" lon="7.971730284392834"><ele>1717.3799743652344</ele></trkpt><trkpt lat="46.83043035957962" lon="7.97170028463006"><ele>1717.9599914550781</ele></trkpt><trkpt lat="46.830430360045284" lon="7.971660284791142"><ele>1718.8599853515625</ele></trkpt><trkpt lat="46.83044036012143" lon="7.971640284638852"><ele>1719.6399841308594</ele></trkpt><trkpt lat="46.83046036027372" lon="7.971630285028368"><ele>1720.1799926757812</ele></trkpt><trkpt lat="46.83046036027372" lon="7.971620284952223"><ele>1720.4399719238281</ele></trkpt><trkpt lat="46.830450360663235" lon="7.971580285113305"><ele>1721.719970703125</ele></trkpt><trkpt lat="46.830450360663235" lon="7.971550285350531"><ele>1722.2699890136719</ele></trkpt><trkpt lat="46.830450360663235" lon="7.971540285274386"><ele>1722.8599853515625</ele></trkpt><trkpt lat="46.830470360815525" lon="7.9715302851982415"><ele>1723.3899841308594</ele></trkpt><trkpt lat="46.830510361120105" lon="7.971510285511613"><ele>1724.8299865722656</ele></trkpt><trkpt lat="46.83052036119625" lon="7.971480285748839"><ele>1725.4599914550781</ele></trkpt><trkpt lat="46.830510361585766" lon="7.971430285833776"><ele>1726.8699951171875</ele></trkpt><trkpt lat="46.83048036182299" lon="7.971370285842568"><ele>1727.9599914550781</ele></trkpt><trkpt lat="46.83047036221251" lon="7.9713302864693105"><ele>1729.1299743652344</ele></trkpt><trkpt lat="46.830500362440944" lon="7.971260286401957"><ele>1731.489990234375</ele></trkpt><trkpt lat="46.830500362906605" lon="7.97120028687641"><ele>1732.4499816894531</ele></trkpt><trkpt lat="46.83047036314383" lon="7.971140286885202"><ele>1733.97998046875</ele></trkpt><trkpt lat="46.83047036314383" lon="7.9710902874358"><ele>1735.1399841308594</ele></trkpt><trkpt lat="46.830450363922864" lon="7.970950287766755"><ele>1738.1899719238281</ele></trkpt><trkpt lat="46.83039036439732" lon="7.970690288115293"><ele>1741.469970703125</ele></trkpt><trkpt lat="46.83038036478683" lon="7.970640288200229"><ele>1741.8899841308594</ele></trkpt><trkpt lat="46.83038036478683" lon="7.970620288513601"><ele>1742.1599731445312</ele></trkpt><trkpt lat="46.83037036471069" lon="7.970590288285166"><ele>1742.7599792480469</ele></trkpt><trkpt lat="46.83038036478683" lon="7.9705602885223925"><ele>1743.5599975585938</ele></trkpt><trkpt lat="46.830380365252495" lon="7.970480288844556"><ele>1745.2599792480469</ele></trkpt><trkpt lat="46.83037036564201" lon="7.970380289014429"><ele>1747.7699890136719</ele></trkpt><trkpt lat="46.83036036603153" lon="7.970310289412737"><ele>1749.9099731445312</ele></trkpt><trkpt lat="46.8303403663449" lon="7.97021028958261"><ele>1751.2699890136719</ele></trkpt><trkpt lat="46.830330366734415" lon="7.970170289743692"><ele>1751.3099975585938</ele></trkpt><trkpt lat="46.830310366582125" lon="7.970130289904773"><ele>1751.5999755859375</ele></trkpt><trkpt lat="46.83030036650598" lon="7.970110289752483"><ele>1751.8499755859375</ele></trkpt><trkpt lat="46.83030036697164" lon="7.970050290226936"><ele>1752.7799987792969</ele></trkpt><trkpt lat="46.83034036681056" lon="7.970010289922357"><ele>1753.4599914550781</ele></trkpt><trkpt lat="46.83036036696285" lon="7.969970290083438"><ele>1753.1099853515625</ele></trkpt><trkpt lat="46.83038036664948" lon="7.969950289931148"><ele>1752.7599792480469</ele></trkpt><trkpt lat="46.83040036680177" lon="7.969950289931148"><ele>1752.5099792480469</ele></trkpt><trkpt lat="46.83041036687791" lon="7.969950289931148"><ele>1752.1299743652344</ele></trkpt><trkpt lat="46.83043036656454" lon="7.969930289778858"><ele>1751.5199890136719</ele></trkpt><trkpt lat="46.83045036671683" lon="7.969930289778858"><ele>1752.1199951171875</ele></trkpt><trkpt lat="46.83046036679298" lon="7.96991029009223"><ele>1753.4399719238281</ele></trkpt><trkpt lat="46.8305403678678" lon="7.969880290795118"><ele>1756.989990234375</ele></trkpt><trkpt lat="46.8305403678678" lon="7.969840290956199"><ele>1758.5899963378906</ele></trkpt><trkpt lat="46.83056036848575" lon="7.969800291117281"><ele>1760.4199829101562</ele></trkpt><trkpt lat="46.830570368561894" lon="7.969770291354507"><ele>1761.5599975585938</ele></trkpt><trkpt lat="46.830590368714184" lon="7.969730291515589"><ele>1762.719970703125</ele></trkpt><trkpt lat="46.83060036925599" lon="7.969700291752815"><ele>1764.6299743652344</ele></trkpt><trkpt lat="46.83062036940828" lon="7.969680292066187"><ele>1765.8399963378906</ele></trkpt><trkpt lat="46.830650369636714" lon="7.969650292303413"><ele>1767.5599975585938</ele></trkpt><trkpt lat="46.83068037033081" lon="7.969610292464495"><ele>1769.6399841308594</ele></trkpt><trkpt lat="46.8307003704831" lon="7.969600292854011"><ele>1770.1799926757812</ele></trkpt><trkpt lat="46.830730370711535" lon="7.969600292854011"><ele>1770.989990234375</ele></trkpt><trkpt lat="46.83074037078768" lon="7.9695802931673825"><ele>1771.219970703125</ele></trkpt><trkpt lat="46.83076037047431" lon="7.969560293015093"><ele>1771.5399780273438</ele></trkpt><trkpt lat="46.830770371016115" lon="7.969540293328464"><ele>1772.3899841308594</ele></trkpt><trkpt lat="46.83080037124455" lon="7.969510293100029"><ele>1773.469970703125</ele></trkpt><trkpt lat="46.830830371472985" lon="7.9695102935656905"><ele>1774.5599975585938</ele></trkpt><trkpt lat="46.83084037154913" lon="7.969470293726772"><ele>1776.1099853515625</ele></trkpt><trkpt lat="46.83086037170142" lon="7.969460294116288"><ele>1777.5</ele></trkpt><trkpt lat="46.83088037185371" lon="7.969460294116288"><ele>1778.1399841308594</ele></trkpt><trkpt lat="46.83088037231937" lon="7.969400294590741"><ele>1780.4199829101562</ele></trkpt><trkpt lat="46.83088037278503" lon="7.969360294751823"><ele>1781.969970703125</ele></trkpt><trkpt lat="46.83087037317455" lon="7.969330294989049"><ele>1782.989990234375</ele></trkpt><trkpt lat="46.83087037317455" lon="7.969290295150131"><ele>1784.7599792480469</ele></trkpt><trkpt lat="46.8308903737925" lon="7.969230295624584"><ele>1787.8299865722656</ele></trkpt><trkpt lat="46.83089037472382" lon="7.969160296022892"><ele>1790.3299865722656</ele></trkpt><trkpt lat="46.83090037479997" lon="7.9691202961839736"><ele>1792.1199951171875</ele></trkpt><trkpt lat="46.83092037495226" lon="7.9690902964212"><ele>1793.4199829101562</ele></trkpt><trkpt lat="46.83094037557021" lon="7.969080296810716"><ele>1794.2799987792969</ele></trkpt><trkpt lat="46.8309603757225" lon="7.969050296582282"><ele>1795.2999877929688</ele></trkpt><trkpt lat="46.83095037564635" lon="7.969030296895653"><ele>1796.3299865722656</ele></trkpt><trkpt lat="46.830950376112014" lon="7.968990297056735"><ele>1797.8999938964844</ele></trkpt><trkpt lat="46.830950376112014" lon="7.968960297293961"><ele>1798.9599914550781</ele></trkpt><trkpt lat="46.83096037665382" lon="7.9689302975311875"><ele>1799.8199768066406</ele></trkpt><trkpt lat="46.830970376729965" lon="7.968880297616124"><ele>1800.9599914550781</ele></trkpt><trkpt lat="46.83096037711948" lon="7.968830297701061"><ele>1802.0799865722656</ele></trkpt><trkpt lat="46.83095037704334" lon="7.968780297785997"><ele>1802.8299865722656</ele></trkpt><trkpt lat="46.83092037728056" lon="7.968730297870934"><ele>1803.3599853515625</ele></trkpt><trkpt lat="46.83090037712827" lon="7.968690298032016"><ele>1803.5799865722656</ele></trkpt><trkpt lat="46.830880377441645" lon="7.968660298269242"><ele>1804.0899963378906</ele></trkpt><trkpt lat="46.8308703773655" lon="7.968640298116952"><ele>1804.5399780273438</ele></trkpt><trkpt lat="46.83085037767887" lon="7.968580298591405"><ele>1805.6299743652344</ele></trkpt><trkpt lat="46.83084037806839" lon="7.968560298439115"><ele>1806.5099792480469</ele></trkpt><trkpt lat="46.83083037799224" lon="7.968520298600197"><ele>1806.7999877929688</ele></trkpt><trkpt lat="46.83081037783995" lon="7.9684602986089885"><ele>1807.3199768066406</ele></trkpt><trkpt lat="46.83081037783995" lon="7.96842029877007"><ele>1807.3499755859375</ele></trkpt><trkpt lat="46.830790378153324" lon="7.968390298541635"><ele>1807.3099975585938</ele></trkpt><trkpt lat="46.830770378001034" lon="7.968390298541635"><ele>1806.8899841308594</ele></trkpt><trkpt lat="46.8307403777726" lon="7.968370298855007"><ele>1807.0</ele></trkpt><trkpt lat="46.830710378009826" lon="7.968360298778862"><ele>1807.739990234375</ele></trkpt><trkpt lat="46.83070037839934" lon="7.968350299168378"><ele>1808.7599792480469</ele></trkpt><trkpt lat="46.830700378865004" lon="7.968300299253315"><ele>1810.7899780273438</ele></trkpt><trkpt lat="46.830680379178375" lon="7.968260299414396"><ele>1813.0899963378906</ele></trkpt><trkpt lat="46.83067037956789" lon="7.968230299651623"><ele>1813.8799743652344</ele></trkpt><trkpt lat="46.830680379178375" lon="7.968210299964994"><ele>1814.1199951171875</ele></trkpt><trkpt lat="46.83067037956789" lon="7.9681702996604145"><ele>1814.5199890136719</ele></trkpt><trkpt lat="46.830680379644036" lon="7.968140299897641"><ele>1814.47998046875</ele></trkpt><trkpt lat="46.83071037940681" lon="7.968110300134867"><ele>1814.9399719238281</ele></trkpt><trkpt lat="46.830720379482955" lon="7.968090299982578"><ele>1815.2899780273438</ele></trkpt><trkpt lat="46.830720379948616" lon="7.968070300295949"><ele>1815.8399963378906</ele></trkpt><trkpt lat="46.83071037987247" lon="7.968040300067514"><ele>1816.7799987792969</ele></trkpt><trkpt lat="46.830700379796326" lon="7.968020300380886"><ele>1816.9499816894531</ele></trkpt><trkpt lat="46.83069038018584" lon="7.967990300152451"><ele>1817.4499816894531</ele></trkpt><trkpt lat="46.83070038026199" lon="7.967940300237387"><ele>1818.25</ele></trkpt><trkpt lat="46.83069038018584" lon="7.967920300550759"><ele>1818.5799865722656</ele></trkpt><trkpt lat="46.83068038057536" lon="7.96788030071184"><ele>1819.4299926757812</ele></trkpt><trkpt lat="46.83068038057536" lon="7.967850300949067"><ele>1820.0199890136719</ele></trkpt><trkpt lat="46.830690380651504" lon="7.967830300796777"><ele>1820.7799987792969</ele></trkpt><trkpt lat="46.83070038072765" lon="7.967820300720632"><ele>1821.3899841308594</ele></trkpt><trkpt lat="46.830710381269455" lon="7.967780301347375"><ele>1822.9099731445312</ele></trkpt><trkpt lat="46.8307203813456" lon="7.967760301195085"><ele>1823.47998046875</ele></trkpt><trkpt lat="46.830710381269455" lon="7.967750301584601"><ele>1824.1099853515625</ele></trkpt><trkpt lat="46.83068038150668" lon="7.967710301280022"><ele>1824.47998046875</ele></trkpt><trkpt lat="46.83066038135439" lon="7.967690301593393"><ele>1824.739990234375</ele></trkpt><trkpt lat="46.83064038166776" lon="7.967650301754475"><ele>1825.7899780273438</ele></trkpt><trkpt lat="46.83061038190499" lon="7.967630301602185"><ele>1825.6699829101562</ele></trkpt><trkpt lat="46.8305903817527" lon="7.96762030152604"><ele>1825.5</ele></trkpt><trkpt lat="46.830560381524265" lon="7.96762030152604"><ele>1825.5</ele></trkpt><trkpt lat="46.830540381837636" lon="7.96762030152604"><ele>1825.8399963378906</ele></trkpt><trkpt lat="46.830520381685346" lon="7.96762030152604"><ele>1826.1899719238281</ele></trkpt><trkpt lat="46.83051038207486" lon="7.967630301602185"><ele>1826.2799987792969</ele></trkpt><trkpt lat="46.83049038192257" lon="7.967610301915556"><ele>1827.4299926757812</ele></trkpt><trkpt lat="46.83048038231209" lon="7.967610301915556"><ele>1828.0</ele></trkpt><trkpt lat="46.8304603821598" lon="7.967600301839411"><ele>1828.3399963378906</ele></trkpt><trkpt lat="46.83046038262546" lon="7.967580302152783"><ele>1829.0199890136719</ele></trkpt><trkpt lat="46.83046038262546" lon="7.967560302466154"><ele>1829.7099914550781</ele></trkpt><trkpt lat="46.830470382701606" lon="7.967540302313864"><ele>1830.3999938964844</ele></trkpt><trkpt lat="46.83047038316727" lon="7.967490302864462"><ele>1831.97998046875</ele></trkpt><trkpt lat="46.83047038316727" lon="7.967460302636027"><ele>1832.4499816894531</ele></trkpt><trkpt lat="46.83046038309112" lon="7.967440302949399"><ele>1833.2599792480469</ele></trkpt><trkpt lat="46.83044038340449" lon="7.967390303034335"><ele>1834.7599792480469</ele></trkpt><trkpt lat="46.83043038379401" lon="7.967390303034335"><ele>1834.6499938964844</ele></trkpt><trkpt lat="46.83041038364172" lon="7.967390303034335"><ele>1834.6499938964844</ele></trkpt><trkpt lat="46.830400383565575" lon="7.967360303271562"><ele>1834.8799743652344</ele></trkpt><trkpt lat="46.830400383565575" lon="7.967340303119272"><ele>1835.22998046875</ele></trkpt><trkpt lat="46.8303703838028" lon="7.967320303432643"><ele>1836.3999938964844</ele></trkpt><trkpt lat="46.8302903836593" lon="7.9673103033564985"><ele>1835.8799743652344</ele></trkpt><trkpt lat="46.83024038374424" lon="7.967280303128064"><ele>1834.75</ele></trkpt><trkpt lat="46.830230383668095" lon="7.967250302899629"><ele>1834.75</ele></trkpt><trkpt lat="46.83018038375303" lon="7.9672003029845655"><ele>1835.0899963378906</ele></trkpt><trkpt lat="46.83017038367689" lon="7.9672003029845655"><ele>1835.4399719238281</ele></trkpt><trkpt lat="46.83016038360074" lon="7.967190303374082"><ele>1835.8899841308594</ele></trkpt><trkpt lat="46.83015038399026" lon="7.967180303297937"><ele>1836.5799865722656</ele></trkpt><trkpt lat="46.83015038399026" lon="7.967160303611308"><ele>1837.2599792480469</ele></trkpt><trkpt lat="46.830160384532064" lon="7.9671403034590185"><ele>1838.2899780273438</ele></trkpt><trkpt lat="46.830160384532064" lon="7.967110303696245"><ele>1839.0899963378906</ele></trkpt><trkpt lat="46.83015038445592" lon="7.967090304009616"><ele>1839.5499877929688</ele></trkpt><trkpt lat="46.830140384845436" lon="7.967080303933471"><ele>1840.0099792480469</ele></trkpt><trkpt lat="46.83013038476929" lon="7.967080303933471"><ele>1840.22998046875</ele></trkpt><trkpt lat="46.830120384693146" lon="7.9670703038573265"><ele>1840.1199951171875</ele></trkpt><trkpt lat="46.830110384617" lon="7.967060303781182"><ele>1840.22998046875</ele></trkpt><trkpt lat="46.830110384617" lon="7.967050304170698"><ele>1840.3499755859375</ele></trkpt><trkpt lat="46.83008038485423" lon="7.967020303942263"><ele>1840.5799865722656</ele></trkpt><trkpt lat="46.83006038470194" lon="7.967010303866118"><ele>1840.22998046875</ele></trkpt><trkpt lat="46.83004038454965" lon="7.967010303866118"><ele>1839.7799987792969</ele></trkpt><trkpt lat="46.83002038486302" lon="7.967010303866118"><ele>1840.0099792480469</ele></trkpt><trkpt lat="46.830010384786874" lon="7.967010303866118"><ele>1840.1199951171875</ele></trkpt><trkpt lat="46.83000038471073" lon="7.967000303789973"><ele>1840.1199951171875</ele></trkpt><trkpt lat="46.829990384634584" lon="7.966990303713828"><ele>1839.6599731445312</ele></trkpt><trkpt lat="46.82998038455844" lon="7.966990303713828"><ele>1839.0899963378906</ele></trkpt><trkpt lat="46.829970384482294" lon="7.9669703035615385"><ele>1838.97998046875</ele></trkpt><trkpt lat="46.829950384330004" lon="7.9669703035615385"><ele>1838.6399841308594</ele></trkpt><trkpt lat="46.82994038425386" lon="7.9669703035615385"><ele>1838.1799926757812</ele></trkpt><trkpt lat="46.829930384177715" lon="7.966990303248167"><ele>1837.1499938964844</ele></trkpt><trkpt lat="46.82992038410157" lon="7.966980303637683"><ele>1837.0299987792969</ele></trkpt><trkpt lat="46.829910384025425" lon="7.9669603034853935"><ele>1836.6899719238281</ele></trkpt><trkpt lat="46.82990038394928" lon="7.966950303409249"><ele>1836.6899719238281</ele></trkpt><trkpt lat="46.82990038394928" lon="7.966940303333104"><ele>1836.9199829101562</ele></trkpt><trkpt lat="46.829890384338796" lon="7.966920303646475"><ele>1838.47998046875</ele></trkpt><trkpt lat="46.82988038426265" lon="7.966900303494185"><ele>1838.7099914550781</ele></trkpt><trkpt lat="46.82987038465217" lon="7.9669003039598465"><ele>1839.0499877929688</ele></trkpt><trkpt lat="46.82986038457602" lon="7.9669003039598465"><ele>1839.0499877929688</ele></trkpt><trkpt lat="46.82986038457602" lon="7.966890303883702"><ele>1839.3999938964844</ele></trkpt><trkpt lat="46.82985038449988" lon="7.966880303807557"><ele>1839.3999938964844</ele></trkpt><trkpt lat="46.82985038449988" lon="7.966860303655267"><ele>1839.8499755859375</ele></trkpt><trkpt lat="46.829840384889394" lon="7.966850304044783"><ele>1840.6499938964844</ele></trkpt><trkpt lat="46.82981038466096" lon="7.966820303816348"><ele>1840.8799743652344</ele></trkpt><trkpt lat="46.82981038466096" lon="7.966810304205865"><ele>1840.989990234375</ele></trkpt><trkpt lat="46.82981038512662" lon="7.966790304053575"><ele>1841.219970703125</ele></trkpt><trkpt lat="46.82981038512662" lon="7.96678030397743"><ele>1841.6799926757812</ele></trkpt><trkpt lat="46.82981038512662" lon="7.966760304290801"><ele>1841.9099731445312</ele></trkpt><trkpt lat="46.82979038497433" lon="7.966750304214656"><ele>1842.1399841308594</ele></trkpt><trkpt lat="46.82979038497433" lon="7.966740304138511"><ele>1842.4499816894531</ele></trkpt><trkpt lat="46.82979038543999" lon="7.966730304528028"><ele>1842.72998046875</ele></trkpt><trkpt lat="46.82979038543999" lon="7.966710304375738"><ele>1842.72998046875</ele></trkpt><trkpt lat="46.82981038512662" lon="7.966690304223448"><ele>1843.3399963378906</ele></trkpt><trkpt lat="46.829820385202765" lon="7.9666703045368195"><ele>1843.6199951171875</ele></trkpt><trkpt lat="46.82983038527891" lon="7.96665030438453"><ele>1843.9499816894531</ele></trkpt><trkpt lat="46.829840385355055" lon="7.966620304621756"><ele>1843.6199951171875</ele></trkpt><trkpt lat="46.829840385355055" lon="7.966610304545611"><ele>1843.1599731445312</ele></trkpt><trkpt lat="46.829840385355055" lon="7.966600304469466"><ele>1843.0499877929688</ele></trkpt><trkpt lat="46.829840385355055" lon="7.966590304393321"><ele>1843.6699829101562</ele></trkpt><trkpt lat="46.829840385355055" lon="7.966570304706693"><ele>1843.8799743652344</ele></trkpt><trkpt lat="46.82985038589686" lon="7.966510304715484"><ele>1845.4299926757812</ele></trkpt><trkpt lat="46.82985038589686" lon="7.9665003046393394"><ele>1846.0599975585938</ele></trkpt><trkpt lat="46.82986038597301" lon="7.966470304876566"><ele>1846.9099731445312</ele></trkpt><trkpt lat="46.829850386828184" lon="7.966400305274874"><ele>1849.75</ele></trkpt><trkpt lat="46.82986038690433" lon="7.9663703055121005"><ele>1850.0699768066406</ele></trkpt><trkpt lat="46.829870386980474" lon="7.966350305359811"><ele>1850.3899841308594</ele></trkpt><trkpt lat="46.82988038705662" lon="7.966320305597037"><ele>1851.4399719238281</ele></trkpt><trkpt lat="46.829890387132764" lon="7.966290305834264"><ele>1852.5399780273438</ele></trkpt><trkpt lat="46.829890387598425" lon="7.96626030607149"><ele>1853.47998046875</ele></trkpt><trkpt lat="46.82988038752228" lon="7.96626030607149"><ele>1853.6899719238281</ele></trkpt><trkpt lat="46.82988038752228" lon="7.9662303063087165"><ele>1854.0399780273438</ele></trkpt><trkpt lat="46.829870387446135" lon="7.966210306156427"><ele>1854.75</ele></trkpt><trkpt lat="46.82986038783565" lon="7.966220306232572"><ele>1855.0999755859375</ele></trkpt><trkpt lat="46.82986038783565" lon="7.966210306156427"><ele>1855.239990234375</ele></trkpt><trkpt lat="46.82986038783565" lon="7.966170306317508"><ele>1856.5799865722656</ele></trkpt><trkpt lat="46.82985038822517" lon="7.966140306554735"><ele>1857.489990234375</ele></trkpt><trkpt lat="46.82985038822517" lon="7.966110306791961"><ele>1857.8399963378906</ele></trkpt><trkpt lat="46.82985038822517" lon="7.966070306953043"><ele>1858.5999755859375</ele></trkpt><trkpt lat="46.829880388919264" lon="7.965990307275206"><ele>1860.4299926757812</ele></trkpt><trkpt lat="46.8299103891477" lon="7.965950307436287"><ele>1861.1099853515625</ele></trkpt><trkpt lat="46.82992038875818" lon="7.9659303072839975"><ele>1861.1099853515625</ele></trkpt><trkpt lat="46.82994038891047" lon="7.965910307131708"><ele>1861.4599914550781</ele></trkpt><trkpt lat="46.82998038921505" lon="7.965830307453871"><ele>1862.989990234375</ele></trkpt><trkpt lat="46.83002038998529" lon="7.965760307852179"><ele>1865.719970703125</ele></trkpt><trkpt lat="46.83006039028987" lon="7.965710308402777"><ele>1866.9599914550781</ele></trkpt><trkpt lat="46.83009039051831" lon="7.965670308563858"><ele>1868.4499816894531</ele></trkpt><trkpt lat="46.83009039051831" lon="7.965640308801085"><ele>1869.4399719238281</ele></trkpt><trkpt lat="46.8301103906706" lon="7.96561030857265"><ele>1870.3599853515625</ele></trkpt><trkpt lat="46.83013039128855" lon="7.965590308886021"><ele>1871.3099975585938</ele></trkpt><trkpt lat="46.83015039144084" lon="7.965580308809876"><ele>1872.0499877929688</ele></trkpt><trkpt lat="46.83017039159313" lon="7.965540309436619"><ele>1873.5299987792969</ele></trkpt><trkpt lat="46.83020039182156" lon="7.965500309597701"><ele>1875.5099792480469</ele></trkpt><trkpt lat="46.83021039189771" lon="7.965480309445411"><ele>1876.1899719238281</ele></trkpt><trkpt lat="46.83021039189771" lon="7.965470309834927"><ele>1876.1899719238281</ele></trkpt><trkpt lat="46.83022039197385" lon="7.965460309758782"><ele>1876.2999877929688</ele></trkpt><trkpt lat="46.83023039205" lon="7.9654503096826375"><ele>1875.9599914550781</ele></trkpt><trkpt lat="46.83022039197385" lon="7.9654403096064925"><ele>1875.8499755859375</ele></trkpt><trkpt lat="46.83022039197385" lon="7.965430309530348"><ele>1875.9599914550781</ele></trkpt><trkpt lat="46.83022039197385" lon="7.965410309843719"><ele>1876.0699768066406</ele></trkpt><trkpt lat="46.830200392287225" lon="7.965380309615284"><ele>1876.7999877929688</ele></trkpt><trkpt lat="46.83017039252445" lon="7.965360309928656"><ele>1877.6999816894531</ele></trkpt><trkpt lat="46.83015039237216" lon="7.965330310165882"><ele>1878.6899719238281</ele></trkpt><trkpt lat="46.83016039291397" lon="7.965250310488045"><ele>1881.3599853515625</ele></trkpt><trkpt lat="46.83014039322734" lon="7.965200310572982"><ele>1882.9199829101562</ele></trkpt><trkpt lat="46.83012039354071" lon="7.965140311047435"><ele>1884.2999877929688</ele></trkpt><trkpt lat="46.83011039393023" lon="7.965110311284661"><ele>1885.4599914550781</ele></trkpt><trkpt lat="46.83011039393023" lon="7.9650803110562265"><ele>1886.0799865722656</ele></trkpt><trkpt lat="46.830150394234806" lon="7.965060311369598"><ele>1887.5699768066406</ele></trkpt><trkpt lat="46.830170394387096" lon="7.965050311759114"><ele>1888.3399963378906</ele></trkpt><trkpt lat="46.83018039446324" lon="7.965030311606824"><ele>1888.7999877929688</ele></trkpt><trkpt lat="46.8301803949289" lon="7.965000311844051"><ele>1889.2799987792969</ele></trkpt><trkpt lat="46.83017039485276" lon="7.964960312005132"><ele>1889.969970703125</ele></trkpt><trkpt lat="46.83016039477661" lon="7.964930311776698"><ele>1890.5899963378906</ele></trkpt><trkpt lat="46.83015039516613" lon="7.964900312013924"><ele>1891.219970703125</ele></trkpt><trkpt lat="46.83015039516613" lon="7.9648803123272955"><ele>1891.739990234375</ele></trkpt><trkpt lat="46.83017039531842" lon="7.964830312412232"><ele>1893.1799926757812</ele></trkpt><trkpt lat="46.83019039547071" lon="7.964810312259942"><ele>1893.9299926757812</ele></trkpt><trkpt lat="46.83020039554685" lon="7.964800312649459"><ele>1894.1999816894531</ele></trkpt><trkpt lat="46.83021039608866" lon="7.964780312497169"><ele>1895.0399780273438</ele></trkpt><trkpt lat="46.83023039624095" lon="7.9647503132000566"><ele>1897.0499877929688</ele></trkpt><trkpt lat="46.83023039624095" lon="7.964740313123912"><ele>1897.5099792480469</ele></trkpt><trkpt lat="46.830200396478176" lon="7.964730313047767"><ele>1897.5</ele></trkpt><trkpt lat="46.83019039640203" lon="7.964720312971622"><ele>1897.3399963378906</ele></trkpt><trkpt lat="46.83017039624974" lon="7.964670313056558"><ele>1897.5999755859375</ele></trkpt><trkpt lat="46.830160396173596" lon="7.964660312980413"><ele>1897.219970703125</ele></trkpt><trkpt lat="46.83015039656311" lon="7.964660312980413"><ele>1897.5199890136719</ele></trkpt><trkpt lat="46.83016039663926" lon="7.96463031321764"><ele>1898.3599853515625</ele></trkpt><trkpt lat="46.8301703967154" lon="7.964620313141495"><ele>1898.739990234375</ele></trkpt><trkpt lat="46.8301703967154" lon="7.964610313531011"><ele>1899.1999816894531</ele></trkpt><trkpt lat="46.83018039679155" lon="7.9645903133787215"><ele>1899.9599914550781</ele></trkpt><trkpt lat="46.83018039679155" lon="7.964570313692093"><ele>1900.4099731445312</ele></trkpt><trkpt lat="46.83018039725721" lon="7.964540313463658"><ele>1901.0999755859375</ele></trkpt><trkpt lat="46.83018039725721" lon="7.9645203137770295"><ele>1901.7099914550781</ele></trkpt><trkpt lat="46.83018039725721" lon="7.964490313548595"><ele>1901.8599853515625</ele></trkpt><trkpt lat="46.83018039725721" lon="7.964480313938111"><ele>1902.1699829101562</ele></trkpt><trkpt lat="46.83018039725721" lon="7.964470313861966"><ele>1902.239990234375</ele></trkpt><trkpt lat="46.830190397333354" lon="7.964460313785821"><ele>1902.3199768066406</ele></trkpt><trkpt lat="46.8302003974095" lon="7.964430314023048"><ele>1902.9599914550781</ele></trkpt><trkpt lat="46.83020039787516" lon="7.964410313870758"><ele>1903.5499877929688</ele></trkpt><trkpt lat="46.830210397951305" lon="7.964400314260274"><ele>1903.989990234375</ele></trkpt><trkpt lat="46.830230398103595" lon="7.964400314260274"><ele>1904.8299865722656</ele></trkpt><trkpt lat="46.830230398103595" lon="7.964380314107984"><ele>1905.1399841308594</ele></trkpt><trkpt lat="46.830230398103595" lon="7.964350314345211"><ele>1905.8299865722656</ele></trkpt><trkpt lat="46.8302403986454" lon="7.964300314430147"><ele>1907.22998046875</ele></trkpt><trkpt lat="46.830270398873836" lon="7.964250314980745"><ele>1908.5699768066406</ele></trkpt><trkpt lat="46.830270398873836" lon="7.9642303148284554"><ele>1909.1299743652344</ele></trkpt><trkpt lat="46.83025039918721" lon="7.964200315065682"><ele>1910.2899780273438</ele></trkpt><trkpt lat="46.83025039918721" lon="7.964180314913392"><ele>1910.6599731445312</ele></trkpt><trkpt lat="46.8302703993395" lon="7.9641603152267635"><ele>1911.2899780273438</ele></trkpt><trkpt lat="46.83030039956793" lon="7.964080315548927"><ele>1912.72998046875</ele></trkpt><trkpt lat="46.83030040003359" lon="7.964010315947235"><ele>1914.3499755859375</ele></trkpt><trkpt lat="46.83030040003359" lon="7.963960316032171"><ele>1915.0399780273438</ele></trkpt><trkpt lat="46.8303104005754" lon="7.9638603162020445"><ele>1917.7099914550781</ele></trkpt><trkpt lat="46.83031040104106" lon="7.963810316752642"><ele>1919.7099914550781</ele></trkpt><trkpt lat="46.83032040158287" lon="7.9637303170748055"><ele>1922.5499877929688</ele></trkpt><trkpt lat="46.83032040158287" lon="7.963670317083597"><ele>1923.8099975585938</ele></trkpt><trkpt lat="46.83033040212467" lon="7.963620317634195"><ele>1925.3899841308594</ele></trkpt><trkpt lat="46.830350402742624" lon="7.963520317804068"><ele>1927.5899963378906</ele></trkpt><trkpt lat="46.830370402894914" lon="7.96348031796515"><ele>1928.6299743652344</ele></trkpt><trkpt lat="46.830410403199494" lon="7.963410318363458"><ele>1931.6999816894531</ele></trkpt><trkpt lat="46.8304204037413" lon="7.963350318837911"><ele>1933.8899841308594</ele></trkpt><trkpt lat="46.830430404283106" lon="7.963260319083929"><ele>1936.3899841308594</ele></trkpt><trkpt lat="46.83044040435925" lon="7.963250319473445"><ele>1936.9299926757812</ele></trkpt><trkpt lat="46.830450404435396" lon="7.9632403193973005"><ele>1937.3099975585938</ele></trkpt><trkpt lat="46.83045040490106" lon="7.963220319710672"><ele>1937.9199829101562</ele></trkpt><trkpt lat="46.8304604049772" lon="7.963210319634527"><ele>1938.3699951171875</ele></trkpt><trkpt lat="46.83047040505335" lon="7.963200319558382"><ele>1938.5499877929688</ele></trkpt><trkpt lat="46.830490404739976" lon="7.963210319634527"><ele>1938.6299743652344</ele></trkpt><trkpt lat="46.830510404892266" lon="7.963210319634527"><ele>1939.0699768066406</ele></trkpt><trkpt lat="46.830530405044556" lon="7.963200319558382"><ele>1939.469970703125</ele></trkpt><trkpt lat="46.830530405044556" lon="7.963200319558382"><ele>1939.5599975585938</ele></trkpt><trkpt lat="46.8305404051207" lon="7.963210319634527"><ele>1939.739990234375</ele></trkpt><trkpt lat="46.830550405196846" lon="7.963210319634527"><ele>1939.7999877929688</ele></trkpt><trkpt lat="46.830570405349135" lon="7.963200320024043"><ele>1940.0699768066406</ele></trkpt><trkpt lat="46.83058040542528" lon="7.963190319947898"><ele>1940.4099731445312</ele></trkpt><trkpt lat="46.830590405501425" lon="7.96315032010898"><ele>1940.7599792480469</ele></trkpt><trkpt lat="46.83060040511191" lon="7.963140320032835"><ele>1940.6899719238281</ele></trkpt><trkpt lat="46.830610405188054" lon="7.96313031995669"><ele>1940.6899719238281</ele></trkpt><trkpt lat="46.83064040541649" lon="7.963100319728255"><ele>1940.8899841308594</ele></trkpt><trkpt lat="46.830650405492634" lon="7.963070319965482"><ele>1941.4199829101562</ele></trkpt><trkpt lat="46.830650405492634" lon="7.963050320278853"><ele>1941.6799926757812</ele></trkpt><trkpt lat="46.830650405492634" lon="7.963040320202708"><ele>1942.0399780273438</ele></trkpt><trkpt lat="46.83067040564492" lon="7.963020320050418"><ele>1942.6699829101562</ele></trkpt><trkpt lat="46.83067040564492" lon="7.96300032036379"><ele>1943.0899963378906</ele></trkpt><trkpt lat="46.83067040564492" lon="7.962990320287645"><ele>1943.4099731445312</ele></trkpt><trkpt lat="46.83066040603444" lon="7.9629803202115"><ele>1943.72998046875</ele></trkpt><trkpt lat="46.83066040603444" lon="7.962910320609808"><ele>1944.9099731445312</ele></trkpt><trkpt lat="46.830650405958295" lon="7.962890320457518"><ele>1945.1499938964844</ele></trkpt><trkpt lat="46.8306604065001" lon="7.962840321008116"><ele>1947.2099914550781</ele></trkpt><trkpt lat="46.83066040696576" lon="7.962820320855826"><ele>1947.9299926757812</ele></trkpt><trkpt lat="46.83066040696576" lon="7.962800321169198"><ele>1948.4399719238281</ele></trkpt><trkpt lat="46.83067040704191" lon="7.962780321482569"><ele>1949.1499938964844</ele></trkpt><trkpt lat="46.83068040711805" lon="7.962760321330279"><ele>1949.7699890136719</ele></trkpt><trkpt lat="46.8306904071942" lon="7.962710321415216"><ele>1950.72998046875</ele></trkpt><trkpt lat="46.83068040758371" lon="7.962700321804732"><ele>1951.2999877929688</ele></trkpt><trkpt lat="46.83068040758371" lon="7.962680321652442"><ele>1951.739990234375</ele></trkpt><trkpt lat="46.83069040765986" lon="7.962660321965814"><ele>1952.7799987792969</ele></trkpt><trkpt lat="46.83069040812552" lon="7.962650321889669"><ele>1953.5199890136719</ele></trkpt><trkpt lat="46.83069040812552" lon="7.962640321813524"><ele>1953.6799926757812</ele></trkpt><trkpt lat="46.830680408049375" lon="7.96263032220304"><ele>1954.2599792480469</ele></trkpt><trkpt lat="46.83067040797323" lon="7.962620322126895"><ele>1954.2099914550781</ele></trkpt><trkpt lat="46.83067040797323" lon="7.962600321974605"><ele>1954.3299865722656</ele></trkpt><trkpt lat="46.83067040797323" lon="7.962590322364122"><ele>1954.6599731445312</ele></trkpt><trkpt lat="46.830680408049375" lon="7.962580322287977"><ele>1954.8199768066406</ele></trkpt><trkpt lat="46.830680408049375" lon="7.962570322211832"><ele>1954.7799987792969</ele></trkpt><trkpt lat="46.830680408049375" lon="7.962570322211832"><ele>1954.8599853515625</ele></trkpt><trkpt lat="46.83067040797323" lon="7.962560322135687"><ele>1954.8599853515625</ele></trkpt><trkpt lat="46.830660408362746" lon="7.962550322059542"><ele>1955.0499877929688</ele></trkpt><trkpt lat="46.830660408362746" lon="7.962540322449058"><ele>1955.2099914550781</ele></trkpt><trkpt lat="46.830660408362746" lon="7.962520322296768"><ele>1955.1299743652344</ele></trkpt><trkpt lat="46.83067040843889" lon="7.962500322144479"><ele>1955.6899719238281</ele></trkpt><trkpt lat="46.830680408515036" lon="7.96248032245785"><ele>1955.6799926757812</ele></trkpt><trkpt lat="46.83069040812552" lon="7.962450322229415"><ele>1955.5299987792969</ele></trkpt><trkpt lat="46.83069040859118" lon="7.962430322542787"><ele>1955.7899780273438</ele></trkpt><trkpt lat="46.830680408515036" lon="7.962410322390497"><ele>1956.5199890136719</ele></trkpt><trkpt lat="46.83067040890455" lon="7.962370322551578"><ele>1957.4599914550781</ele></trkpt><trkpt lat="46.83067040890455" lon="7.962340322788805"><ele>1957.5899963378906</ele></trkpt><trkpt lat="46.83067040890455" lon="7.96233032271266"><ele>1957.7899780273438</ele></trkpt><trkpt lat="46.83067040890455" lon="7.962320322636515"><ele>1958.0599975585938</ele></trkpt><trkpt lat="46.83069040905684" lon="7.962300322949886"><ele>1958.8899841308594</ele></trkpt><trkpt lat="46.83069040905684" lon="7.962290322873741"><ele>1959.1999816894531</ele></trkpt><trkpt lat="46.83069040905684" lon="7.962240322958678"><ele>1959.9299926757812</ele></trkpt><trkpt lat="46.830690409522504" lon="7.962230322882533"><ele>1960.3899841308594</ele></trkpt><trkpt lat="46.83071040967479" lon="7.962170323356986"><ele>1962.6699829101562</ele></trkpt><trkpt lat="46.83072040975094" lon="7.9621403235942125"><ele>1962.5599975585938</ele></trkpt><trkpt lat="46.83073040982708" lon="7.962120323441923"><ele>1963.0099792480469</ele></trkpt><trkpt lat="46.83073040982708" lon="7.962090323679149"><ele>1963.6999816894531</ele></trkpt><trkpt lat="46.83074041036889" lon="7.962070323526859"><ele>1964.8099975585938</ele></trkpt><trkpt lat="46.830750410445035" lon="7.962060323916376"><ele>1965.4299926757812</ele></trkpt><trkpt lat="46.83076041052118" lon="7.962050323840231"><ele>1965.7799987792969</ele></trkpt><trkpt lat="46.83076041052118" lon="7.962030324153602"><ele>1966.2099914550781</ele></trkpt><trkpt lat="46.830770410597324" lon="7.962010324001312"><ele>1966.8799743652344</ele></trkpt><trkpt lat="46.830770411062986" lon="7.961970324162394"><ele>1968.2899780273438</ele></trkpt><trkpt lat="46.83078041113913" lon="7.961900324560702"><ele>1969.22998046875</ele></trkpt><trkpt lat="46.83078041113913" lon="7.961890324484557"><ele>1969.2699890136719</ele></trkpt><trkpt lat="46.830790411215276" lon="7.961880324408412"><ele>1969.489990234375</ele></trkpt><trkpt lat="46.830810410901904" lon="7.961880324408412"><ele>1969.1299743652344</ele></trkpt><trkpt lat="46.83082041097805" lon="7.961890324484557"><ele>1968.9499816894531</ele></trkpt><trkpt lat="46.83082041097805" lon="7.961900324560702"><ele>1968.8599853515625</ele></trkpt><trkpt lat="46.830830411054194" lon="7.961930324323475"><ele>1968.1699829101562</ele></trkpt><trkpt lat="46.83085041074082" lon="7.96194032439962"><ele>1968.0799865722656</ele></trkpt><trkpt lat="46.83087041089311" lon="7.96194032439962"><ele>1968.2699890136719</ele></trkpt><trkpt lat="46.8308904110454" lon="7.961950324475765"><ele>1968.6499938964844</ele></trkpt><trkpt lat="46.8308904110454" lon="7.96194032439962"><ele>1968.8399963378906</ele></trkpt><trkpt lat="46.83091041119769" lon="7.961930324323475"><ele>1969.469970703125</ele></trkpt><trkpt lat="46.83093041134998" lon="7.961920324712992"><ele>1970.1999816894531</ele></trkpt><trkpt lat="46.83094041142613" lon="7.961910324636847"><ele>1970.9299926757812</ele></trkpt><trkpt lat="46.83095041150227" lon="7.961910324636847"><ele>1971.239990234375</ele></trkpt><trkpt lat="46.83096041157842" lon="7.961920324712992"><ele>1971.3799743652344</ele></trkpt><trkpt lat="46.83097041165456" lon="7.961920324712992"><ele>1971.5</ele></trkpt><trkpt lat="46.83097041165456" lon="7.961920324712992"><ele>1971.6399841308594</ele></trkpt><trkpt lat="46.83098041173071" lon="7.961910325102508"><ele>1971.8399963378906</ele></trkpt><trkpt lat="46.83099041180685" lon="7.96187032526359"><ele>1972.9399719238281</ele></trkpt><trkpt lat="46.83099041180685" lon="7.961840325035155"><ele>1973.2799987792969</ele></trkpt><trkpt lat="46.83099041180685" lon="7.96183032495901"><ele>1973.5299987792969</ele></trkpt><trkpt lat="46.831000411883" lon="7.961820325348526"><ele>1973.9099731445312</ele></trkpt><trkpt lat="46.83101041195914" lon="7.9617803250439465"><ele>1974.2899780273438</ele></trkpt><trkpt lat="46.831020412035286" lon="7.961770325433463"><ele>1974.75</ele></trkpt><trkpt lat="46.83104041265324" lon="7.961740325670689"><ele>1975.9599914550781</ele></trkpt><trkpt lat="46.83105041272938" lon="7.9617203255183995"><ele>1976.219970703125</ele></trkpt><trkpt lat="46.83106041280553" lon="7.961680325679481"><ele>1976.3499755859375</ele></trkpt><trkpt lat="46.83107041241601" lon="7.961620325222611"><ele>1975.1099853515625</ele></trkpt><trkpt lat="46.831080412492156" lon="7.961590325459838"><ele>1975.0099792480469</ele></trkpt><trkpt lat="46.831120412796736" lon="7.961510325782001"><ele>1977.6499938964844</ele></trkpt><trkpt lat="46.83115041302517" lon="7.961470325943083"><ele>1977.8299865722656</ele></trkpt><trkpt lat="46.831160413101315" lon="7.961450325790793"><ele>1978.1799926757812</ele></trkpt><trkpt lat="46.831180412787944" lon="7.9613703256472945"><ele>1977.8299865722656</ele></trkpt><trkpt lat="46.83122041262686" lon="7.961270325817168"><ele>1976.8099975585938</ele></trkpt><trkpt lat="46.83123041270301" lon="7.961250325664878"><ele>1976.8099975585938</ele></trkpt><trkpt lat="46.8312504128553" lon="7.961210325825959"><ele>1977.6399841308594</ele></trkpt><trkpt lat="46.83128041308373" lon="7.961150325834751"><ele>1978.3999938964844</ele></trkpt><trkpt lat="46.83129041315988" lon="7.961130325682461"><ele>1978.0799865722656</ele></trkpt><trkpt lat="46.83130041277036" lon="7.961100325919688"><ele>1977.8899841308594</ele></trkpt><trkpt lat="46.83130041277036" lon="7.961090325843543"><ele>1977.8199768066406</ele></trkpt><trkpt lat="46.831290412694216" lon="7.961040325928479"><ele>1977.7099914550781</ele></trkpt><trkpt lat="46.831290412694216" lon="7.9610003256239"><ele>1977.6599731445312</ele></trkpt><trkpt lat="46.83128041308373" lon="7.960970325861126"><ele>1977.6599731445312</ele></trkpt><trkpt lat="46.831290412694216" lon="7.960950325708836"><ele>1977.8699951171875</ele></trkpt><trkpt lat="46.83130041323602" lon="7.960930326022208"><ele>1978.5</ele></trkpt><trkpt lat="46.83130041323602" lon="7.960910325869918"><ele>1978.9199829101562</ele></trkpt><trkpt lat="46.83129041315988" lon="7.960890326183289"><ele>1979.6499938964844</ele></trkpt><trkpt lat="46.83128041308373" lon="7.9608503258787096"><ele>1979.4399719238281</ele></trkpt><trkpt lat="46.8312604133971" lon="7.960800325963646"><ele>1979.5799865722656</ele></trkpt><trkpt lat="46.83125041332096" lon="7.960770326200873"><ele>1979.7999877929688</ele></trkpt><trkpt lat="46.83123041316867" lon="7.960720326285809"><ele>1980.1999816894531</ele></trkpt><trkpt lat="46.83123041316867" lon="7.960710326209664"><ele>1980.239990234375</ele></trkpt><trkpt lat="46.83123041316867" lon="7.960670326370746"><ele>1980.239990234375</ele></trkpt><trkpt lat="46.83123041316867" lon="7.960650326218456"><ele>1979.8999938964844</ele></trkpt><trkpt lat="46.83123041316867" lon="7.960630326066166"><ele>1979.9499816894531</ele></trkpt><trkpt lat="46.831220413558185" lon="7.960620325990021"><ele>1980.1599731445312</ele></trkpt><trkpt lat="46.83121041348204" lon="7.960600326303393"><ele>1981.0699768066406</ele></trkpt><trkpt lat="46.831200413405895" lon="7.960580326151103"><ele>1981.3099975585938</ele></trkpt><trkpt lat="46.83118041371927" lon="7.960550326388329"><ele>1981.3199768066406</ele></trkpt><trkpt lat="46.83117041364312" lon="7.960540326312184"><ele>1981.47998046875</ele></trkpt><trkpt lat="46.83116041356698" lon="7.960540326312184"><ele>1981.5899963378906</ele></trkpt><trkpt lat="46.83116041356698" lon="7.960530326236039"><ele>1981.719970703125</ele></trkpt><trkpt lat="46.83114041341469" lon="7.960440326482058"><ele>1981.3199768066406</ele></trkpt><trkpt lat="46.83114041341469" lon="7.960410326253623"><ele>1981.3099975585938</ele></trkpt><trkpt lat="46.8311304138042" lon="7.960390326566994"><ele>1981.469970703125</ele></trkpt><trkpt lat="46.83112041372806" lon="7.960380326490849"><ele>1981.47998046875</ele></trkpt><trkpt lat="46.83110041357577" lon="7.960370326414704"><ele>1981.5199890136719</ele></trkpt><trkpt lat="46.83109041349962" lon="7.960360326338559"><ele>1981.9299926757812</ele></trkpt><trkpt lat="46.83108041388914" lon="7.9603503262624145"><ele>1981.8599853515625</ele></trkpt><trkpt lat="46.83108041388914" lon="7.960330326575786"><ele>1981.6999816894531</ele></trkpt><trkpt lat="46.83108041388914" lon="7.960300326347351"><ele>1981.6999816894531</ele></trkpt><trkpt lat="46.831070413812995" lon="7.960280326195061"><ele>1981.9299926757812</ele></trkpt><trkpt lat="46.83104041358456" lon="7.960250326432288"><ele>1981.9199829101562</ele></trkpt><trkpt lat="46.83103041397408" lon="7.960230326279998"><ele>1982.5199890136719</ele></trkpt><trkpt lat="46.83100041374564" lon="7.960210326593369"><ele>1982.6499938964844</ele></trkpt><trkpt lat="46.8309904136695" lon="7.960200326517224"><ele>1982.5699768066406</ele></trkpt><trkpt lat="46.83096041390672" lon="7.960150326602161"><ele>1982.8899841308594</ele></trkpt><trkpt lat="46.83095041383058" lon="7.960140326526016"><ele>1983.0</ele></trkpt><trkpt lat="46.83093041414395" lon="7.960130326449871"><ele>1983.2699890136719</ele></trkpt><trkpt lat="46.83091041399166" lon="7.9601103267632425"><ele>1983.5299987792969</ele></trkpt><trkpt lat="46.830900413915515" lon="7.960090326610953"><ele>1983.4499816894531</ele></trkpt><trkpt lat="46.830900413915515" lon="7.960060326848179"><ele>1983.469970703125</ele></trkpt><trkpt lat="46.830900413915515" lon="7.960040326695889"><ele>1983.75</ele></trkpt><trkpt lat="46.83092041360214" lon="7.9600003263913095"><ele>1981.7099914550781</ele></trkpt><trkpt lat="46.83093041367829" lon="7.95998032623902"><ele>1980.9299926757812</ele></trkpt><trkpt lat="46.83094041328877" lon="7.95996032608673"><ele>1980.469970703125</ele></trkpt><trkpt lat="46.83093041321263" lon="7.959910326171666"><ele>1980.3499755859375</ele></trkpt><trkpt lat="46.83093041321263" lon="7.959860326256603"><ele>1979.6399841308594</ele></trkpt><trkpt lat="46.83093041321263" lon="7.959840326104313"><ele>1979.7999877929688</ele></trkpt><trkpt lat="46.83092041313648" lon="7.959830326028168"><ele>1980.1399841308594</ele></trkpt><trkpt lat="46.830910413526" lon="7.95981032634154"><ele>1980.3499755859375</ele></trkpt><trkpt lat="46.830900413449854" lon="7.95979032618925"><ele>1980.6399841308594</ele></trkpt><trkpt lat="46.830910413526" lon="7.959760326426476"><ele>1981.1299743652344</ele></trkpt><trkpt lat="46.830900413449854" lon="7.959750326350331"><ele>1981.4199829101562</ele></trkpt><trkpt lat="46.83089041383937" lon="7.959730326663703"><ele>1982.2599792480469</ele></trkpt><trkpt lat="46.830880413763225" lon="7.959690326359123"><ele>1982.6799926757812</ele></trkpt><trkpt lat="46.83087041368708" lon="7.959670326672494"><ele>1982.3399963378906</ele></trkpt><trkpt lat="46.830860413610935" lon="7.9596603265963495"><ele>1982.0899963378906</ele></trkpt><trkpt lat="46.83085041353479" lon="7.95964032644406"><ele>1981.7099914550781</ele></trkpt><trkpt lat="46.83085041353479" lon="7.95962032629177"><ele>1981.3899841308594</ele></trkpt><trkpt lat="46.83085041353479" lon="7.959580326452851"><ele>1981.2799987792969</ele></trkpt><trkpt lat="46.830860413610935" lon="7.9595503262244165"><ele>1980.9199829101562</ele></trkpt><trkpt lat="46.830860413610935" lon="7.959520325995982"><ele>1980.8599853515625</ele></trkpt><trkpt lat="46.83085041353479" lon="7.959480326157063"><ele>1981.3399963378906</ele></trkpt><trkpt lat="46.83084041392431" lon="7.95945032639429"><ele>1981.9499816894531</ele></trkpt><trkpt lat="46.83083041384816" lon="7.959430326707661"><ele>1982.5999755859375</ele></trkpt><trkpt lat="46.83082041377202" lon="7.959410326555371"><ele>1982.8799743652344</ele></trkpt><trkpt lat="46.83081041416153" lon="7.959410326555371"><ele>1983.1099853515625</ele></trkpt><trkpt lat="46.8307804139331" lon="7.959410326555371"><ele>1983.6699829101562</ele></trkpt><trkpt lat="46.83076041424647" lon="7.959410326555371"><ele>1984.0899963378906</ele></trkpt><trkpt lat="46.83076041424647" lon="7.959400326944888"><ele>1984.3199768066406</ele></trkpt><trkpt lat="46.830750414170325" lon="7.959380326792598"><ele>1984.25</ele></trkpt><trkpt lat="46.830730414018035" lon="7.959340326488018"><ele>1984.0999755859375</ele></trkpt><trkpt lat="46.830730414018035" lon="7.9593203268013895"><ele>1984.3299865722656</ele></trkpt><trkpt lat="46.830730414483696" lon="7.959230327047408"><ele>1985.2899780273438</ele></trkpt><trkpt lat="46.83072041440755" lon="7.959210326895118"><ele>1985.5399780273438</ele></trkpt><trkpt lat="46.83070041472092" lon="7.959160326980054"><ele>1986.1999816894531</ele></trkpt><trkpt lat="46.83068041456863" lon="7.959140327293426"><ele>1986.7699890136719</ele></trkpt><trkpt lat="46.83065041480586" lon="7.959140327293426"><ele>1987.2599792480469</ele></trkpt><trkpt lat="46.830640414729714" lon="7.959130327217281"><ele>1987.489990234375</ele></trkpt><trkpt lat="46.830620415043086" lon="7.959110327064991"><ele>1987.6299743652344</ele></trkpt><trkpt lat="46.830600414890796" lon="7.9590703272260725"><ele>1987.969970703125</ele></trkpt><trkpt lat="46.83057041512802" lon="7.959000327624381"><ele>1988.489990234375</ele></trkpt><trkpt lat="46.83054041489959" lon="7.958940327633172"><ele>1988.6699829101562</ele></trkpt><trkpt lat="46.830530415289104" lon="7.958880327641964"><ele>1988.7599792480469</ele></trkpt><trkpt lat="46.830510415136814" lon="7.958830327261239"><ele>1988.8699951171875</ele></trkpt><trkpt lat="46.83050041506067" lon="7.958770327270031"><ele>1988.5499877929688</ele></trkpt><trkpt lat="46.830490414984524" lon="7.9587303274311125"><ele>1987.5099792480469</ele></trkpt><trkpt lat="46.83049041451886" lon="7.958700327202678"><ele>1986.7699890136719</ele></trkpt><trkpt lat="46.83050041459501" lon="7.958670326974243"><ele>1986.0299987792969</ele></trkpt><trkpt lat="46.83051041467115" lon="7.9586203270591795"><ele>1985.5799865722656</ele></trkpt><trkpt lat="46.83050041459501" lon="7.9585803267546"><ele>1985.6199951171875</ele></trkpt><trkpt lat="46.83049041451886" lon="7.958560327067971"><ele>1986.0</ele></trkpt><trkpt lat="46.83046041475609" lon="7.958520327229053"><ele>1986.4199829101562</ele></trkpt><trkpt lat="46.830450414679945" lon="7.958470327313989"><ele>1987.3199768066406</ele></trkpt><trkpt lat="46.830430414993316" lon="7.958420327398926"><ele>1988.1799926757812</ele></trkpt><trkpt lat="46.83042041538283" lon="7.958370327483863"><ele>1989.2699890136719</ele></trkpt><trkpt lat="46.83042041538283" lon="7.958310327492654"><ele>1990.0199890136719</ele></trkpt><trkpt lat="46.83043041545898" lon="7.958240327425301"><ele>1989.5799865722656</ele></trkpt><trkpt lat="46.83043041545898" lon="7.958190327510238"><ele>1989.3699951171875</ele></trkpt><trkpt lat="46.830450415145606" lon="7.958140327595174"><ele>1989.0699768066406</ele></trkpt><trkpt lat="46.83046041522175" lon="7.9581103273667395"><ele>1989.1399841308594</ele></trkpt><trkpt lat="46.830470415297896" lon="7.958080327603966"><ele>1989.1599731445312</ele></trkpt><trkpt lat="46.830490415450186" lon="7.958060327451676"><ele>1989.47998046875</ele></trkpt><trkpt lat="46.830510415136814" lon="7.958030327688903"><ele>1989.8699951171875</ele></trkpt><trkpt lat="46.83052041521296" lon="7.958010327536613"><ele>1990.1199951171875</ele></trkpt><trkpt lat="46.83052041567862" lon="7.957980327773839"><ele>1990.5299987792969</ele></trkpt><trkpt lat="46.830510415602475" lon="7.957970327697694"><ele>1990.1999816894531</ele></trkpt><trkpt lat="46.83050041552633" lon="7.957960327621549"><ele>1990.3699951171875</ele></trkpt><trkpt lat="46.83048041537404" lon="7.957960327621549"><ele>1990.7099914550781</ele></trkpt><trkpt lat="46.83047041576356" lon="7.957940327934921"><ele>1991.5199890136719</ele></trkpt><trkpt lat="46.83047041576356" lon="7.957920327782631"><ele>1991.8499755859375</ele></trkpt><trkpt lat="46.83047041576356" lon="7.957900328096002"><ele>1992.3099975585938</ele></trkpt><trkpt lat="46.83046041568741" lon="7.957860328257084"><ele>1992.75</ele></trkpt><trkpt lat="46.83045041607693" lon="7.957820327952504"><ele>1992.7799987792969</ele></trkpt><trkpt lat="46.83044041600078" lon="7.957790328189731"><ele>1992.9299926757812</ele></trkpt><trkpt lat="46.830420415848494" lon="7.957750327885151"><ele>1993.0399780273438</ele></trkpt><trkpt lat="46.83041041623801" lon="7.957700328435749"><ele>1994.0099792480469</ele></trkpt><trkpt lat="46.83041041623801" lon="7.957670328207314"><ele>1994.9299926757812</ele></trkpt><trkpt lat="46.830400416627526" lon="7.957610328681767"><ele>1997.0</ele></trkpt><trkpt lat="46.83037041686475" lon="7.9575703288428485"><ele>1997.9199829101562</ele></trkpt><trkpt lat="46.830370417330414" lon="7.957540329080075"><ele>1998.5999755859375</ele></trkpt><trkpt lat="46.830370417330414" lon="7.9575103293173015"><ele>1999.4199829101562</ele></trkpt><trkpt lat="46.83038041740656" lon="7.957490329165012"><ele>1999.75</ele></trkpt><trkpt lat="46.830410417634994" lon="7.957470329478383"><ele>2000.7799987792969</ele></trkpt><trkpt lat="46.83045041793957" lon="7.9574403297156096"><ele>2001.9199829101562</ele></trkpt><trkpt lat="46.83049041824415" lon="7.957410329487175"><ele>2003.1799926757812</ele></trkpt><trkpt lat="46.83051041839644" lon="7.957390329800546"><ele>2003.75</ele></trkpt><trkpt lat="46.83053041854873" lon="7.957350329961628"><ele>2004.5499877929688</ele></trkpt><trkpt lat="46.83055041870102" lon="7.957320330198854"><ele>2005.6899719238281</ele></trkpt><trkpt lat="46.83054041862488" lon="7.957300330046564"><ele>2006.0299987792969</ele></trkpt><trkpt lat="46.83053041854873" lon="7.957290329970419"><ele>2006.3799743652344</ele></trkpt><trkpt lat="46.83053041854873" lon="7.957270330283791"><ele>2006.5999755859375</ele></trkpt><trkpt lat="46.83054041862488" lon="7.957260330207646"><ele>2007.0599975585938</ele></trkpt><trkpt lat="46.83055041870102" lon="7.957250330131501"><ele>2007.4099731445312</ele></trkpt><trkpt lat="46.83056041877717" lon="7.957250330597162"><ele>2007.75</ele></trkpt><trkpt lat="46.83058041892946" lon="7.957250330597162"><ele>2008.1999816894531</ele></trkpt><trkpt lat="46.83062041923404" lon="7.957270330749452"><ele>2009.7999877929688</ele></trkpt><trkpt lat="46.83065041946247" lon="7.957300330977887"><ele>2010.8299865722656</ele></trkpt><trkpt lat="46.83068041969091" lon="7.957290330901742"><ele>2011.5199890136719</ele></trkpt><trkpt lat="46.83069041976705" lon="7.957290330901742"><ele>2011.969970703125</ele></trkpt><trkpt lat="46.83069041976705" lon="7.957280331291258"><ele>2012.3199768066406</ele></trkpt><trkpt lat="46.83069042023271" lon="7.957230331376195"><ele>2013.3399963378906</ele></trkpt><trkpt lat="46.83069042023271" lon="7.957200331613421"><ele>2013.9999694824219</ele></trkpt><trkpt lat="46.830670420546085" lon="7.957150331698358"><ele>2014.47998046875</ele></trkpt><trkpt lat="46.830650420393795" lon="7.957110331393778"><ele>2015.0599975585938</ele></trkpt><trkpt lat="46.830650420859456" lon="7.957050331868231"><ele>2016.2099914550781</ele></trkpt><trkpt lat="46.83063042117283" lon="7.956970332190394"><ele>2017.9299926757812</ele></trkpt><trkpt lat="46.8306104214862" lon="7.956930332351476"><ele>2019.6399841308594</ele></trkpt><trkpt lat="46.8306104214862" lon="7.956870332360268"><ele>2020.969970703125</ele></trkpt><trkpt lat="46.83058042218909" lon="7.956780333071947"><ele>2023.25</ele></trkpt><trkpt lat="46.83058042265475" lon="7.956740333233029"><ele>2024.7699890136719</ele></trkpt><trkpt lat="46.830570423044264" lon="7.956670333631337"><ele>2026.489990234375</ele></trkpt><trkpt lat="46.830570423044264" lon="7.956630333792418"><ele>2027.6299743652344</ele></trkpt><trkpt lat="46.83056042343378" lon="7.956600333563983"><ele>2028.3899841308594</ele></trkpt><trkpt lat="46.83056042343378" lon="7.956580333877355"><ele>2029.3399963378906</ele></trkpt><trkpt lat="46.83056042343378" lon="7.956570334266871"><ele>2030.47998046875</ele></trkpt><trkpt lat="46.83056042389944" lon="7.956540334038436"><ele>2031.5699768066406</ele></trkpt><trkpt lat="46.83057042397559" lon="7.956520334351808"><ele>2032.239990234375</ele></trkpt><trkpt lat="46.8305604243651" lon="7.956490334589034"><ele>2033.5599975585938</ele></trkpt><trkpt lat="46.83057042444125" lon="7.956440334673971"><ele>2035.25</ele></trkpt><trkpt lat="46.83057042490691" lon="7.956430335063487"><ele>2035.9099731445312</ele></trkpt><trkpt lat="46.83055042475462" lon="7.9564003348350525"><ele>2036.8599853515625</ele></trkpt><trkpt lat="46.83053042553365" lon="7.95635033538565"><ele>2039.1099853515625</ele></trkpt><trkpt lat="46.83051042538136" lon="7.956320335622877"><ele>2040.0099792480469</ele></trkpt><trkpt lat="46.830490426160395" lon="7.956250336021185"><ele>2042.4399719238281</ele></trkpt><trkpt lat="46.83044042671099" lon="7.956190336495638"><ele>2044.9199829101562</ele></trkpt><trkpt lat="46.83039042726159" lon="7.956110336817801"><ele>2047.5899963378906</ele></trkpt><trkpt lat="46.83036042749882" lon="7.9560703369788826"><ele>2048.989990234375</ele></trkpt><trkpt lat="46.830310427583754" lon="7.9560103374533355"><ele>2050.9299926757812</ele></trkpt><trkpt lat="46.830290427897125" lon="7.955970337614417"><ele>2052.489990234375</ele></trkpt><trkpt lat="46.83028042828664" lon="7.955940337385982"><ele>2052.97998046875</ele></trkpt><trkpt lat="46.8302704282105" lon="7.955930337775499"><ele>2053.459991455078</ele></trkpt><trkpt lat="46.83026042860001" lon="7.955900338012725"><ele>2054.019989013672</ele></trkpt><trkpt lat="46.83039042819291" lon="7.955960337538272"><ele>2053.3099975585938</ele></trkpt><trkpt lat="46.830500428099185" lon="7.955990337766707"><ele>2052.509979248047</ele></trkpt><trkpt lat="46.83057042816654" lon="7.9560203375294805"><ele>2051.8699951171875</ele></trkpt><trkpt lat="46.83064042776823" lon="7.956050337292254"><ele>2051.6399841308594</ele></trkpt><trkpt lat="46.83066042792052" lon="7.956060337368399"><ele>2051.8499755859375</ele></trkpt><trkpt lat="46.8307004282251" lon="7.956060337368399"><ele>2052.5999755859375</ele></trkpt><trkpt lat="46.830730428453535" lon="7.956080337520689"><ele>2052.9199829101562</ele></trkpt><trkpt lat="46.83074042806402" lon="7.956080337520689"><ele>2052.9199829101562</ele></trkpt><trkpt lat="46.83075042814016" lon="7.956100337672979"><ele>2052.9199829101562</ele></trkpt><trkpt lat="46.83080042852089" lon="7.956130337901413"><ele>2054.0899963378906</ele></trkpt><trkpt lat="46.83081042859703" lon="7.956150338053703"><ele>2054.6299743652344</ele></trkpt><trkpt lat="46.83082042867318" lon="7.956170337740332"><ele>2054.8399963378906</ele></trkpt><trkpt lat="46.83084042882547" lon="7.956180338282138"><ele>2056.0799865722656</ele></trkpt><trkpt lat="46.8308704290539" lon="7.956190338358283"><ele>2056.5699768066406</ele></trkpt><trkpt lat="46.83088042913005" lon="7.956190338358283"><ele>2057.0799865722656</ele></trkpt><trkpt lat="46.83090042928234" lon="7.956180338282138"><ele>2057.8299865722656</ele></trkpt><trkpt lat="46.83094042958692" lon="7.9561603385955095"><ele>2059.6399841308594</ele></trkpt><trkpt lat="46.83095042966306" lon="7.956150338985026"><ele>2060.0699768066406</ele></trkpt><trkpt lat="46.83096042973921" lon="7.956150338985026"><ele>2060.8099975585938</ele></trkpt><trkpt lat="46.8309804298915" lon="7.956160339061171"><ele>2061.239990234375</ele></trkpt><trkpt lat="46.83103043027222" lon="7.956210338976234"><ele>2061.8499755859375</ele></trkpt><trkpt lat="46.83105042995885" lon="7.956220339052379"><ele>2062.2999877929688</ele></trkpt><trkpt lat="46.831120430491865" lon="7.956260339356959"><ele>2064.3399963378906</ele></trkpt><trkpt lat="46.8311504307203" lon="7.956270339433104"><ele>2064.439971923828</ele></trkpt><trkpt lat="46.83119043055922" lon="7.956300339195877"><ele>2064.0499877929688</ele></trkpt><trkpt lat="46.83122043078765" lon="7.956320339348167"><ele>2064.439971923828</ele></trkpt><trkpt lat="46.83126043016091" lon="7.95639033941552"><ele>2062.8999938964844</ele></trkpt><trkpt lat="46.831290430389345" lon="7.956420339178294"><ele>2062.3199768066406</ele></trkpt><trkpt lat="46.83133043022826" lon="7.956430339254439"><ele>2062.519989013672</ele></trkpt><trkpt lat="46.83134043030441" lon="7.956440339330584"><ele>2062.3199768066406</ele></trkpt><trkpt lat="46.83136042999104" lon="7.9564503389410675"><ele>2062.3999938964844</ele></trkpt><trkpt lat="46.83139043021947" lon="7.956440339330584"><ele>2063.1399841308594</ele></trkpt><trkpt lat="46.831400430295616" lon="7.956440339330584"><ele>2063.459991455078</ele></trkpt><trkpt lat="46.83143043052405" lon="7.9564303397201"><ele>2064.6299743652344</ele></trkpt><trkpt lat="46.83147043082863" lon="7.9564303397201"><ele>2065.5899963378906</ele></trkpt><trkpt lat="46.83149043098092" lon="7.9564203401096165"><ele>2066.8699951171875</ele></trkpt><trkpt lat="46.831500431057066" lon="7.956400339957327"><ele>2067.6599731445312</ele></trkpt><trkpt lat="46.83151043159887" lon="7.956400339957327"><ele>2068.189971923828</ele></trkpt><trkpt lat="46.831520431209356" lon="7.956390340346843"><ele>2068.469970703125</ele></trkpt><trkpt lat="46.83152043167502" lon="7.956380340270698"><ele>2069.029998779297</ele></trkpt><trkpt lat="46.83153043175116" lon="7.956380340270698"><ele>2069.199981689453</ele></trkpt><trkpt lat="46.831560431513935" lon="7.9564203401096165"><ele>2069.4299926757812</ele></trkpt><trkpt lat="46.831600431818515" lon="7.956440340261906"><ele>2069.8099975585938</ele></trkpt><trkpt lat="46.831610431429" lon="7.956450340338051"><ele>2069.4299926757812</ele></trkpt><trkpt lat="46.83163043158129" lon="7.95647034002468"><ele>2069.0499877929688</ele></trkpt><trkpt lat="46.83165043126792" lon="7.956510339863598"><ele>2067.699981689453</ele></trkpt><trkpt lat="46.831670430954546" lon="7.956560339778662"><ele>2066.6299743652344</ele></trkpt><trkpt lat="46.831670430954546" lon="7.956570339854807"><ele>2066.519989013672</ele></trkpt><trkpt lat="46.831690431106836" lon="7.9565903400070965"><ele>2066.739990234375</ele></trkpt><trkpt lat="46.83170043118298" lon="7.9565903400070965"><ele>2067.3199768066406</ele></trkpt><trkpt lat="46.831710431259125" lon="7.956570339854807"><ele>2068.0799865722656</ele></trkpt><trkpt lat="46.831730431411415" lon="7.956570340320468"><ele>2068.6599731445312</ele></trkpt><trkpt lat="46.831790431402624" lon="7.956620340235531"><ele>2068.0799865722656</ele></trkpt><trkpt lat="46.83181043108925" lon="7.95664033992216"><ele>2067.509979248047</ele></trkpt><trkpt lat="46.83183043124154" lon="7.95666034007445"><ele>2067.3199768066406</ele></trkpt><trkpt lat="46.83186043146998" lon="7.956670340150595"><ele>2067.699981689453</ele></trkpt><trkpt lat="46.83188043162227" lon="7.95666034007445"><ele>2068.279998779297</ele></trkpt><trkpt lat="46.83188043162227" lon="7.956670340150595"><ele>2068.6599731445312</ele></trkpt><trkpt lat="46.831900431308895" lon="7.95668034022674"><ele>2068.469970703125</ele></trkpt><trkpt lat="46.83191043138504" lon="7.956700339913368"><ele>2068.279998779297</ele></trkpt><trkpt lat="46.831940431147814" lon="7.956720340065658"><ele>2068.0799865722656</ele></trkpt><trkpt lat="46.831960431300104" lon="7.956750339828432"><ele>2067.699981689453</ele></trkpt><trkpt lat="46.83197043091059" lon="7.956780340056866"><ele>2066.9299926757812</ele></trkpt><trkpt lat="46.83198043098673" lon="7.956780340056866"><ele>2067.1299743652344</ele></trkpt><trkpt lat="46.83199043106288" lon="7.956800339743495"><ele>2066.739990234375</ele></trkpt><trkpt lat="46.83200043113902" lon="7.95681033981964"><ele>2067.3199768066406</ele></trkpt><trkpt lat="46.83201043121517" lon="7.956820339895785"><ele>2067.699981689453</ele></trkpt><trkpt lat="46.83202043129131" lon="7.956840340048075"><ele>2067.8899841308594</ele></trkpt><trkpt lat="46.8320404314436" lon="7.9568703402765095"><ele>2067.8899841308594</ele></trkpt><trkpt lat="46.83205043151975" lon="7.9568703402765095"><ele>2068.6599731445312</ele></trkpt><trkpt lat="46.83208043174818" lon="7.9568703402765095"><ele>2069.4299926757812</ele></trkpt><trkpt lat="46.83209043182433" lon="7.956890340428799"><ele>2069.8099975585938</ele></trkpt><trkpt lat="46.83210043190047" lon="7.956910340581089"><ele>2070.199981689453</ele></trkpt><trkpt lat="46.8321204315871" lon="7.956920340657234"><ele>2070.199981689453</ele></trkpt><trkpt lat="46.832150431815535" lon="7.956930340733379"><ele>2070.6099853515625</ele></trkpt><trkpt lat="46.832170431967825" lon="7.956940340343863"><ele>2070.509979248047</ele></trkpt><trkpt lat="46.83219043165445" lon="7.956970340572298"><ele>2070.2899780273438</ele></trkpt><trkpt lat="46.8322004317306" lon="7.956990340258926"><ele>2070.0799865722656</ele></trkpt><trkpt lat="46.83221043180674" lon="7.957000340335071"><ele>2070.189971923828</ele></trkpt><trkpt lat="46.83224043203518" lon="7.957000340335071"><ele>2070.8299865722656</ele></trkpt><trkpt lat="46.83226043218747" lon="7.957000340800732"><ele>2071.469970703125</ele></trkpt><trkpt lat="46.83228043233976" lon="7.9569803406484425"><ele>2072.6399841308594</ele></trkpt><trkpt lat="46.8322904324159" lon="7.956980341114104"><ele>2073.3899841308594</ele></trkpt><trkpt lat="46.83230043249205" lon="7.956980341114104"><ele>2073.8099975585938</ele></trkpt><trkpt lat="46.83232043264434" lon="7.957010340876877"><ele>2074.1299743652344</ele></trkpt><trkpt lat="46.83233043272048" lon="7.957020340953022"><ele>2074.1299743652344</ele></trkpt><trkpt lat="46.83234043279663" lon="7.957020340953022"><ele>2074.029998779297</ele></trkpt><trkpt lat="46.832360432483256" lon="7.957030341029167"><ele>2073.8099975585938</ele></trkpt><trkpt lat="46.832380432635546" lon="7.957040341105312"><ele>2074.8899841308594</ele></trkpt><trkpt lat="46.83243043301627" lon="7.957040341570973"><ele>2076.0499877929688</ele></trkpt><trkpt lat="46.8324504327029" lon="7.957060341257602"><ele>2075.6099853515625</ele></trkpt><trkpt lat="46.832460432779044" lon="7.957070341333747"><ele>2075.5499877929688</ele></trkpt><trkpt lat="46.832480432931334" lon="7.957080341409892"><ele>2075.449981689453</ele></trkpt><trkpt lat="46.832500433083624" lon="7.957090341486037"><ele>2075.8899841308594</ele></trkpt><trkpt lat="46.83252043323591" lon="7.957090341486037"><ele>2076.0499877929688</ele></trkpt><trkpt lat="46.8325404333882" lon="7.957080341409892"><ele>2076.759979248047</ele></trkpt><trkpt lat="46.83255043299869" lon="7.957100341562182"><ele>2076.1599731445312</ele></trkpt><trkpt lat="46.83257043315098" lon="7.957110341172665"><ele>2076.0</ele></trkpt><trkpt lat="46.83258043322712" lon="7.957110341172665"><ele>2076.0</ele></trkpt><trkpt lat="46.83261043345556" lon="7.957100341562182"><ele>2077.199981689453</ele></trkpt><trkpt lat="46.832630433142185" lon="7.957120341714472"><ele>2076.8699951171875</ele></trkpt><trkpt lat="46.83264043321833" lon="7.9571403414011"><ele>2076.1599731445312</ele></trkpt><trkpt lat="46.832650432828814" lon="7.957150341477245"><ele>2075.8899841308594</ele></trkpt><trkpt lat="46.83270043274388" lon="7.957170341163874"><ele>2074.519989013672</ele></trkpt><trkpt lat="46.83272043289617" lon="7.957160341087729"><ele>2074.709991455078</ele></trkpt><trkpt lat="46.832740432582796" lon="7.957180341240019"><ele>2074.709991455078</ele></trkpt><trkpt lat="46.832760432735085" lon="7.957210341002792"><ele>2074.8999938964844</ele></trkpt><trkpt lat="46.832780432887375" lon="7.957210341468453"><ele>2075.5699768066406</ele></trkpt><trkpt lat="46.832800433039665" lon="7.957210341468453"><ele>2076.5</ele></trkpt><trkpt lat="46.83285043342039" lon="7.957210341934115"><ele>2077.989990234375</ele></trkpt><trkpt lat="46.832840433344245" lon="7.957220341544598"><ele>2078.209991455078</ele></trkpt><trkpt lat="46.83285043342039" lon="7.957230341620743"><ele>2078.3699951171875</ele></trkpt><trkpt lat="46.832860433496535" lon="7.957250341773033"><ele>2078.5899963378906</ele></trkpt><trkpt lat="46.832880433648825" lon="7.957260341849178"><ele>2078.6499938964844</ele></trkpt><trkpt lat="46.8329104334116" lon="7.957280341535807"><ele>2077.97998046875</ele></trkpt><trkpt lat="46.83292043348774" lon="7.957290341611952"><ele>2078.1699829101562</ele></trkpt><trkpt lat="46.83293043356389" lon="7.957290341611952"><ele>2078.3599853515625</ele></trkpt><trkpt lat="46.83296043332666" lon="7.9573003416880965"><ele>2078.5499877929688</ele></trkpt><trkpt lat="46.832990433555096" lon="7.9573103417642415"><ele>2078.1699829101562</ele></trkpt><trkpt lat="46.83302043331787" lon="7.957340341527015"><ele>2077.5899963378906</ele></trkpt><trkpt lat="46.833050433546305" lon="7.95735034160316"><ele>2077.5899963378906</ele></trkpt><trkpt lat="46.83307043323293" lon="7.95737034175545"><ele>2077.209991455078</ele></trkpt><trkpt lat="46.83310043299571" lon="7.957390341442078"><ele>2076.439971923828</ele></trkpt><trkpt lat="46.833120433148" lon="7.957400341518223"><ele>2076.25</ele></trkpt><trkpt lat="46.83319043274969" lon="7.957460341509432"><ele>2075.2899780273438</ele></trkpt><trkpt lat="46.83322043251246" lon="7.957490341272205"><ele>2074.1399841308594</ele></trkpt><trkpt lat="46.83322043251246" lon="7.957520341034979"><ele>2073.5599975585938</ele></trkpt><trkpt lat="46.83322043251246" lon="7.957530341111124"><ele>2072.97998046875</ele></trkpt><trkpt lat="46.833250432275236" lon="7.957580340560526"><ele>2072.019989013672</ele></trkpt><trkpt lat="46.83326043235138" lon="7.957590340636671"><ele>2071.8299865722656</ele></trkpt><trkpt lat="46.83328043203801" lon="7.9576003407128155"><ele>2071.449981689453</ele></trkpt><trkpt lat="46.833310432266444" lon="7.9576103407889605"><ele>2071.25</ele></trkpt><trkpt lat="46.83333043195307" lon="7.9576003407128155"><ele>2071.769989013672</ele></trkpt><trkpt lat="46.83335043210536" lon="7.9576003407128155"><ele>2071.9299926757812</ele></trkpt><trkpt lat="46.83336043218151" lon="7.9576003407128155"><ele>2071.3799743652344</ele></trkpt><trkpt lat="46.833380431868136" lon="7.9576003407128155"><ele>2071.0</ele></trkpt><trkpt lat="46.833380431868136" lon="7.9576103407889605"><ele>2070.6699829101562</ele></trkpt><trkpt lat="46.833400432020426" lon="7.957610340323299"><ele>2070.3399963378906</ele></trkpt><trkpt lat="46.833400431554765" lon="7.957630340475589"><ele>2069.6799926757812</ele></trkpt><trkpt lat="46.83341043163091" lon="7.957640340551734"><ele>2069.3499755859375</ele></trkpt><trkpt lat="46.833420431707054" lon="7.957640340086073"><ele>2068.47998046875</ele></trkpt><trkpt lat="46.83345043146983" lon="7.957630340009928"><ele>2068.22998046875</ele></trkpt><trkpt lat="46.83346043154597" lon="7.957640340086073"><ele>2067.7899780273438</ele></trkpt><trkpt lat="46.83346043154597" lon="7.957650340162218"><ele>2067.5699768066406</ele></trkpt><trkpt lat="46.83345043100417" lon="7.957670339848846"><ele>2066.8599853515625</ele></trkpt><trkpt lat="46.83344043092802" lon="7.957680339924991"><ele>2066.5799865722656</ele></trkpt><trkpt lat="46.83343043085188" lon="7.957690340001136"><ele>2066.0899963378906</ele></trkpt><trkpt lat="46.83343043085188" lon="7.95770033961162"><ele>2065.709991455078</ele></trkpt><trkpt lat="46.83344043092802" lon="7.95770033961162"><ele>2065.3199768066406</ele></trkpt><trkpt lat="46.83344043092802" lon="7.95770033961162"><ele>2064.72998046875</ele></trkpt><trkpt lat="46.833450430538505" lon="7.957690339535475"><ele>2063.959991455078</ele></trkpt><trkpt lat="46.833470430225134" lon="7.957700339145958"><ele>2063.189971923828</ele></trkpt><trkpt lat="46.83348043030128" lon="7.957690339535475"><ele>2063.189971923828</ele></trkpt><trkpt lat="46.83350043045357" lon="7.957670339383185"><ele>2063.5699768066406</ele></trkpt><trkpt lat="46.83355043036863" lon="7.95770033961162"><ele>2063.959991455078</ele></trkpt><trkpt lat="46.83356043091044" lon="7.95770033961162"><ele>2064.529998779297</ele></trkpt><trkpt lat="46.83357043052092" lon="7.95770033961162"><ele>2064.72998046875</ele></trkpt><trkpt lat="46.83359043067321" lon="7.95770033961162"><ele>2064.9199829101562</ele></trkpt><trkpt lat="46.8336104308255" lon="7.957720339298248"><ele>2064.1499938964844</ele></trkpt><trkpt lat="46.83363043051213" lon="7.957750339526683"><ele>2063.759979248047</ele></trkpt><trkpt lat="46.833640430588275" lon="7.957760339602828"><ele>2063.959991455078</ele></trkpt><trkpt lat="46.833680430892855" lon="7.9577403399161994"><ele>2065.8799743652344</ele></trkpt><trkpt lat="46.833690430969" lon="7.9577403399161994"><ele>2066.8399963378906</ele></trkpt><trkpt lat="46.83371043112129" lon="7.957750339992344"><ele>2067.219970703125</ele></trkpt><trkpt lat="46.833740431349725" lon="7.957750339992344"><ele>2068.1799926757812</ele></trkpt><trkpt lat="46.833760431502014" lon="7.957740340381861"><ele>2069.1399841308594</ele></trkpt><trkpt lat="46.833780431654304" lon="7.957720340695232"><ele>2070.0999755859375</ele></trkpt><trkpt lat="46.83379043219611" lon="7.957710340619087"><ele>2071.0</ele></trkpt><trkpt lat="46.83379043219611" lon="7.957690340932459"><ele>2072.0499877929688</ele></trkpt><trkpt lat="46.83379043219611" lon="7.957670340780169"><ele>2072.759979248047</ele></trkpt><trkpt lat="46.833800432272255" lon="7.957660341169685"><ele>2073.0899963378906</ele></trkpt><trkpt lat="46.8338104323484" lon="7.957670340780169"><ele>2073.259979248047</ele></trkpt><trkpt lat="46.833820432424545" lon="7.957660341169685"><ele>2073.8099975585938</ele></trkpt><trkpt lat="46.83383043250069" lon="7.957660341169685"><ele>2074.189971923828</ele></trkpt><trkpt lat="46.83385043265298" lon="7.957660341169685"><ele>2074.5799865722656</ele></trkpt><trkpt lat="46.833880432881415" lon="7.957680341321975"><ele>2075.459991455078</ele></trkpt><trkpt lat="46.83389043295756" lon="7.95767034124583"><ele>2075.72998046875</ele></trkpt><trkpt lat="46.833900433033705" lon="7.957660341635346"><ele>2076.5599975585938</ele></trkpt><trkpt lat="46.83391043310985" lon="7.957670341711491"><ele>2077.219970703125</ele></trkpt><trkpt lat="46.83391043310985" lon="7.957680341787636"><ele>2077.219970703125</ele></trkpt><trkpt lat="46.833920433651656" lon="7.957680341787636"><ele>2077.8199768066406</ele></trkpt><trkpt lat="46.8339304337278" lon="7.957680341787636"><ele>2078.3199768066406</ele></trkpt><trkpt lat="46.8339304337278" lon="7.957670341711491"><ele>2078.6499938964844</ele></trkpt><trkpt lat="46.8339304337278" lon="7.957660342101008"><ele>2079.689971923828</ele></trkpt><trkpt lat="46.83393043419346" lon="7.957640341948718"><ele>2080.5699768066406</ele></trkpt><trkpt lat="46.83394043426961" lon="7.957630342338234"><ele>2080.8599853515625</ele></trkpt><trkpt lat="46.83394043426961" lon="7.957630342338234"><ele>2081.22998046875</ele></trkpt><trkpt lat="46.83395043434575" lon="7.957640342414379"><ele>2081.939971923828</ele></trkpt><trkpt lat="46.83397043449804" lon="7.957650342490524"><ele>2083.8099975585938</ele></trkpt><trkpt lat="46.83398043457419" lon="7.957660342566669"><ele>2084.029998779297</ele></trkpt><trkpt lat="46.83398043503985" lon="7.957650342956185"><ele>2084.529998779297</ele></trkpt><trkpt lat="46.83398043503985" lon="7.957650342956185"><ele>2084.8599853515625</ele></trkpt><trkpt lat="46.83400043519214" lon="7.957650342956185"><ele>2085.8499755859375</ele></trkpt><trkpt lat="46.83400043519214" lon="7.95766034303233"><ele>2085.9299926757812</ele></trkpt><trkpt lat="46.83401043480262" lon="7.957670343108475"><ele>2085.5599975585938</ele></trkpt><trkpt lat="46.83403043495491" lon="7.957690342795104"><ele>2084.8199768066406</ele></trkpt><trkpt lat="46.834040434565395" lon="7.957710342947394"><ele>2084.3599853515625</ele></trkpt><trkpt lat="46.834040434565395" lon="7.957710342481732"><ele>2083.9299926757812</ele></trkpt><trkpt lat="46.834060434252024" lon="7.957740342244506"><ele>2081.6299743652344</ele></trkpt><trkpt lat="46.83407043432817" lon="7.957750342320651"><ele>2081.0499877929688</ele></trkpt><trkpt lat="46.83407043386251" lon="7.9577603419311345"><ele>2080.279998779297</ele></trkpt><trkpt lat="46.83408043393865" lon="7.957790342159569"><ele>2079.699981689453</ele></trkpt><trkpt lat="46.83410043362528" lon="7.957810341846198"><ele>2078.739990234375</ele></trkpt><trkpt lat="46.83412043331191" lon="7.957850341685116"><ele>2077.3999938964844</ele></trkpt><trkpt lat="46.83413043292239" lon="7.957890341524035"><ele>2076.0599975585938</ele></trkpt><trkpt lat="46.83413043292239" lon="7.957910341210663"><ele>2075.47998046875</ele></trkpt><trkpt lat="46.83415043260902" lon="7.957950341049582"><ele>2074.519989013672</ele></trkpt><trkpt lat="46.83416043268517" lon="7.957970341201872"><ele>2073.939971923828</ele></trkpt><trkpt lat="46.834180432371795" lon="7.958020340651274"><ele>2072.4099731445312</ele></trkpt><trkpt lat="46.834200432058424" lon="7.9580503408797085"><ele>2071.6399841308594</ele></trkpt><trkpt lat="46.83421043213457" lon="7.958080340642482"><ele>2070.489990234375</ele></trkpt><trkpt lat="46.8342304318212" lon="7.958140340168029"><ele>2069.0499877929688</ele></trkpt><trkpt lat="46.834270431194454" lon="7.958200340159237"><ele>2067.3199768066406</ele></trkpt><trkpt lat="46.83431043103337" lon="7.958240339998156"><ele>2065.8799743652344</ele></trkpt><trkpt lat="46.83431043103337" lon="7.9582503396086395"><ele>2065.2999877929688</ele></trkpt><trkpt lat="46.83429043088108" lon="7.958280339371413"><ele>2064.439971923828</ele></trkpt><trkpt lat="46.83428043033928" lon="7.958290339447558"><ele>2063.5699768066406</ele></trkpt><trkpt lat="46.83427043026313" lon="7.958320339210331"><ele>2062.709991455078</ele></trkpt><trkpt lat="46.83427043026313" lon="7.958330339286476"><ele>2062.4199829101562</ele></trkpt><trkpt lat="46.83429042994976" lon="7.958410338964313"><ele>2060.279998779297</ele></trkpt><trkpt lat="46.83431042963639" lon="7.95847033848986"><ele>2058.5499877929688</ele></trkpt><trkpt lat="46.834350429009646" lon="7.958580337930471"><ele>2055.3799743652344</ele></trkpt><trkpt lat="46.83437042823061" lon="7.958640337921679"><ele>2053.0799865722656</ele></trkpt><trkpt lat="46.8343904283829" lon="7.9586703376844525"><ele>2051.9299926757812</ele></trkpt><trkpt lat="46.83441042806953" lon="7.958690337371081"><ele>2051.3499755859375</ele></trkpt><trkpt lat="46.83442042814568" lon="7.958710337523371"><ele>2051.3499755859375</ele></trkpt><trkpt lat="46.834460427984595" lon="7.95873033721"><ele>2050.769989013672</ele></trkpt><trkpt lat="46.834480427671224" lon="7.958760337438434"><ele>2050.199981689453</ele></trkpt><trkpt lat="46.83449042774737" lon="7.958800337277353"><ele>2049.0399780273438</ele></trkpt><trkpt lat="46.83452042751014" lon="7.958830337040126"><ele>2048.1799926757812</ele></trkpt><trkpt lat="46.834530427120626" lon="7.9588603368029"><ele>2047.3199768066406</ele></trkpt><trkpt lat="46.83452042704448" lon="7.958910336717963"><ele>2045.8799743652344</ele></trkpt><trkpt lat="46.834530426654965" lon="7.958950336556882"><ele>2045.0099792480469</ele></trkpt><trkpt lat="46.83454042673111" lon="7.9589903363958"><ele>2043.8599853515625</ele></trkpt><trkpt lat="46.83454042626545" lon="7.959000336471945"><ele>2043.5699768066406</ele></trkpt><trkpt lat="46.83452042657882" lon="7.958980336319655"><ele>2043.2799987792969</ele></trkpt><trkpt lat="46.834510426502675" lon="7.958990335930139"><ele>2042.7099914550781</ele></trkpt><trkpt lat="46.83451042603701" lon="7.959040335845202"><ele>2041.5599975585938</ele></trkpt><trkpt lat="46.83451042557135" lon="7.959120335523039"><ele>2039.5399780273438</ele></trkpt><trkpt lat="46.83451042510569" lon="7.959180335048586"><ele>2036.9499816894531</ele></trkpt><trkpt lat="46.83451042510569" lon="7.959200335200876"><ele>2036.3699951171875</ele></trkpt><trkpt lat="46.834560425020754" lon="7.9592403350397944"><ele>2035.7899780273438</ele></trkpt><trkpt lat="46.83457042463124" lon="7.959260334726423"><ele>2035.219970703125</ele></trkpt><trkpt lat="46.83459042478353" lon="7.959270334802568"><ele>2034.9299926757812</ele></trkpt><trkpt lat="46.83460042439401" lon="7.959310334641486"><ele>2033.7799987792969</ele></trkpt><trkpt lat="46.834630424156785" lon="7.95936033455655"><ele>2032.3399963378906</ele></trkpt><trkpt lat="46.83466042391956" lon="7.959420334082097"><ele>2030.8999938964844</ele></trkpt><trkpt lat="46.83467042353004" lon="7.959480334073305"><ele>2030.0299987792969</ele></trkpt><trkpt lat="46.834700423292816" lon="7.9595303339883685"><ele>2028.8799743652344</ele></trkpt><trkpt lat="46.83473042352125" lon="7.9595403340645134"><ele>2028.8799743652344</ele></trkpt><trkpt lat="46.834740423597395" lon="7.9595303339883685"><ele>2028.8799743652344</ele></trkpt><trkpt lat="46.834760423284024" lon="7.9595403340645134"><ele>2028.5899963378906</ele></trkpt><trkpt lat="46.834760423284024" lon="7.959570333827287"><ele>2027.72998046875</ele></trkpt><trkpt lat="46.83478042297065" lon="7.959580333903432"><ele>2027.4399719238281</ele></trkpt><trkpt lat="46.83481042319909" lon="7.9595903335139155"><ele>2027.1499938964844</ele></trkpt><trkpt lat="46.83484042296186" lon="7.959610333666205"><ele>2026.5799865722656</ele></trkpt><trkpt lat="46.834870422724634" lon="7.959650333505124"><ele>2025.7099914550781</ele></trkpt><trkpt lat="46.83490042248741" lon="7.959680333267897"><ele>2024.5599975585938</ele></trkpt><trkpt lat="46.834940422326326" lon="7.959700333420187"><ele>2024.2699890136719</ele></trkpt><trkpt lat="46.83495042240247" lon="7.959730333182961"><ele>2023.4099731445312</ele></trkpt><trkpt lat="46.83495042240247" lon="7.959740333259106"><ele>2023.4099731445312</ele></trkpt><trkpt lat="46.834940422326326" lon="7.959770333021879"><ele>2022.5399780273438</ele></trkpt><trkpt lat="46.834940421860665" lon="7.959800332784653"><ele>2021.3899841308594</ele></trkpt><trkpt lat="46.8349704220891" lon="7.959810332860798"><ele>2021.0999755859375</ele></trkpt><trkpt lat="46.83500042185187" lon="7.9598603323102"><ele>2019.9499816894531</ele></trkpt><trkpt lat="46.83500042138621" lon="7.959870332386345"><ele>2019.3799743652344</ele></trkpt><trkpt lat="46.83499042131007" lon="7.95988033246249"><ele>2019.0899963378906</ele></trkpt><trkpt lat="46.83500042138621" lon="7.959900332149118"><ele>2018.7999877929688</ele></trkpt><trkpt lat="46.83501042146236" lon="7.959910332225263"><ele>2018.219970703125</ele></trkpt><trkpt lat="46.835010420996696" lon="7.959930332377553"><ele>2017.6499938964844</ele></trkpt><trkpt lat="46.83502042107284" lon="7.959940331988037"><ele>2017.0699768066406</ele></trkpt><trkpt lat="46.835030421148986" lon="7.959930331911892"><ele>2016.7799987792969</ele></trkpt><trkpt lat="46.835030421148986" lon="7.959950332064182"><ele>2016.489990234375</ele></trkpt><trkpt lat="46.835030420683324" lon="7.9599603321403265"><ele>2016.2099914550781</ele></trkpt><trkpt lat="46.83502042060718" lon="7.9599903319031"><ele>2015.6299743652344</ele></trkpt><trkpt lat="46.83500042045489" lon="7.9600203316658735"><ele>2013.8999938964844</ele></trkpt><trkpt lat="46.83500042045489" lon="7.9600303317420185"><ele>2013.6099853515625</ele></trkpt><trkpt lat="46.83503042021766" lon="7.960060331504792"><ele>2012.4599914550781</ele></trkpt><trkpt lat="46.83504041982815" lon="7.960070331115276"><ele>2011.8899841308594</ele></trkpt><trkpt lat="46.83506041998044" lon="7.960070331115276"><ele>2011.3099975585938</ele></trkpt><trkpt lat="46.835080420132726" lon="7.960040331352502"><ele>2011.5999755859375</ele></trkpt><trkpt lat="46.835100419819355" lon="7.960040331352502"><ele>2011.8899841308594</ele></trkpt><trkpt lat="46.83513042004779" lon="7.960040331352502"><ele>2011.8899841308594</ele></trkpt><trkpt lat="46.83515041973442" lon="7.960050331428647"><ele>2011.6599731445312</ele></trkpt><trkpt lat="46.83516041981056" lon="7.960060331039131"><ele>2011.5999755859375</ele></trkpt><trkpt lat="46.83518041996285" lon="7.9600903312675655"><ele>2011.3099975585938</ele></trkpt><trkpt lat="46.835190420039" lon="7.960110330954194"><ele>2011.3099975585938</ele></trkpt><trkpt lat="46.83522041980177" lon="7.960110331419855"><ele>2011.5999755859375</ele></trkpt><trkpt lat="46.83524041995406" lon="7.960130331106484"><ele>2011.5099792480469</ele></trkpt><trkpt lat="46.835250420030206" lon="7.960130331106484"><ele>2011.6699829101562</ele></trkpt><trkpt lat="46.83526042010635" lon="7.960130331106484"><ele>2011.8299865722656</ele></trkpt><trkpt lat="46.835270420182496" lon="7.960130331106484"><ele>2012.0399780273438</ele></trkpt><trkpt lat="46.83528042025864" lon="7.9600903312675655"><ele>2012.2499694824219</ele></trkpt><trkpt lat="46.835290419869125" lon="7.9600903312675655"><ele>2011.719970703125</ele></trkpt><trkpt lat="46.83530041994527" lon="7.9600803311914206"><ele>2011.3999938964844</ele></trkpt><trkpt lat="46.83530041994527" lon="7.9600803311914206"><ele>2011.3999938964844</ele></trkpt><trkpt lat="46.835310420021415" lon="7.96010033134371"><ele>2011.719970703125</ele></trkpt><trkpt lat="46.835310420021415" lon="7.960120331496"><ele>2012.6799926757812</ele></trkpt><trkpt lat="46.83530041994527" lon="7.960150331258774"><ele>2012.2499694824219</ele></trkpt><trkpt lat="46.835310420021415" lon="7.960160331334919"><ele>2011.9399719238281</ele></trkpt><trkpt lat="46.83532042009756" lon="7.960170331411064"><ele>2011.469970703125</ele></trkpt><trkpt lat="46.83533041970804" lon="7.960170330945402"><ele>2011.2099914550781</ele></trkpt><trkpt lat="46.83534041978419" lon="7.960180331021547"><ele>2010.4499816894531</ele></trkpt><trkpt lat="46.83536041947082" lon="7.960180331021547"><ele>2010.1899719238281</ele></trkpt><trkpt lat="46.83537041954696" lon="7.960180331021547"><ele>2010.0599975585938</ele></trkpt><trkpt lat="46.83538041962311" lon="7.960190331097692"><ele>2009.5899963378906</ele></trkpt><trkpt lat="46.835400419309735" lon="7.960220330860466"><ele>2008.6299743652344</ele></trkpt><trkpt lat="46.83541041938588" lon="7.960240330547094"><ele>2008.0899963378906</ele></trkpt><trkpt lat="46.83543041907251" lon="7.960250330623239"><ele>2007.4599914550781</ele></trkpt><trkpt lat="46.83543041907251" lon="7.960260330699384"><ele>2007.239990234375</ele></trkpt><trkpt lat="46.835440419148654" lon="7.960290330462158"><ele>2006.9199829101562</ele></trkpt><trkpt lat="46.83543041907251" lon="7.960310330614448"><ele>2006.5999755859375</ele></trkpt><trkpt lat="46.8354204185307" lon="7.960340330377221"><ele>2005.6399841308594</ele></trkpt><trkpt lat="46.83540041837841" lon="7.960370330139995"><ele>2004.3599853515625</ele></trkpt><trkpt lat="46.83537041814998" lon="7.960390329826623"><ele>2003.3999938964844</ele></trkpt><trkpt lat="46.83537041814998" lon="7.960400329902768"><ele>2003.2999877929688</ele></trkpt><trkpt lat="46.83538041822612" lon="7.960410329978913"><ele>2002.8699951171875</ele></trkpt><trkpt lat="46.83539041830227" lon="7.960430329665542"><ele>2002.5499877929688</ele></trkpt><trkpt lat="46.835410417988896" lon="7.9604503298178315"><ele>2002.2699890136719</ele></trkpt><trkpt lat="46.83542041806504" lon="7.960480329580605"><ele>2001.4299926757812</ele></trkpt><trkpt lat="46.83542041759938" lon="7.96049032965675"><ele>2000.6099853515625</ele></trkpt><trkpt lat="46.83540041744709" lon="7.9605203294195235"><ele>1999.25</ele></trkpt><trkpt lat="46.8353804172948" lon="7.960530329030007"><ele>1998.0099792480469</ele></trkpt><trkpt lat="46.835370417218655" lon="7.960550328716636"><ele>1997.4399719238281</ele></trkpt><trkpt lat="46.835370416752994" lon="7.9605803289450705"><ele>1996.8599853515625</ele></trkpt><trkpt lat="46.8353404160589" lon="7.960630328394473"><ele>1993.6899719238281</ele></trkpt><trkpt lat="46.83533041598275" lon="7.9606403284706175"><ele>1993.1099853515625</ele></trkpt><trkpt lat="46.8353404160589" lon="7.960650328081101"><ele>1992.8199768066406</ele></trkpt><trkpt lat="46.83536041621119" lon="7.960670328233391"><ele>1992.25</ele></trkpt><trkpt lat="46.83537041582167" lon="7.960720327682793"><ele>1990.8099975585938</ele></trkpt><trkpt lat="46.8353904155083" lon="7.960740327835083"><ele>1989.9499816894531</ele></trkpt><trkpt lat="46.83541041519493" lon="7.9607703275978565"><ele>1989.0799865722656</ele></trkpt><trkpt lat="46.83543041488156" lon="7.96080032736063"><ele>1987.9299926757812</ele></trkpt><trkpt lat="46.835470414720476" lon="7.9608403271995485"><ele>1986.489990234375</ele></trkpt><trkpt lat="46.835490414407104" lon="7.9608403271995485"><ele>1985.3399963378906</ele></trkpt><trkpt lat="46.83551041409373" lon="7.960870326962322"><ele>1983.8999938964844</ele></trkpt><trkpt lat="46.83553041424602" lon="7.9609003267250955"><ele>1982.739990234375</ele></trkpt><trkpt lat="46.8356104134582" lon="7.961000326089561"><ele>1979.2899780273438</ele></trkpt><trkpt lat="46.835650412831455" lon="7.961060325615108"><ele>1976.1199951171875</ele></trkpt><trkpt lat="46.835650412365794" lon="7.961110325530171"><ele>1975.1199951171875</ele></trkpt><trkpt lat="46.83566041244194" lon="7.9611303252168"><ele>1974.5899963378906</ele></trkpt><trkpt lat="46.83567041205242" lon="7.96115032536909"><ele>1973.9499816894531</ele></trkpt><trkpt lat="46.83567041205242" lon="7.9611603249795735"><ele>1973.72998046875</ele></trkpt><trkpt lat="46.83567041205242" lon="7.961170325055718"><ele>1973.3099975585938</ele></trkpt><trkpt lat="46.83566041197628" lon="7.961190325208008"><ele>1972.5599975585938</ele></trkpt><trkpt lat="46.83565041190013" lon="7.961210324894637"><ele>1971.7099914550781</ele></trkpt><trkpt lat="46.83563041128218" lon="7.961260324344039"><ele>1969.8899841308594</ele></trkpt><trkpt lat="46.83561041112989" lon="7.961300324182957"><ele>1968.2899780273438</ele></trkpt><trkpt lat="46.8355904109776" lon="7.961330323945731"><ele>1967.1199951171875</ele></trkpt><trkpt lat="46.83558041090146" lon="7.961340324021876"><ele>1967.0099792480469</ele></trkpt><trkpt lat="46.83558041090146" lon="7.961370324250311"><ele>1967.0099792480469</ele></trkpt><trkpt lat="46.83558041090146" lon="7.961390323936939"><ele>1967.0099792480469</ele></trkpt><trkpt lat="46.8355904109776" lon="7.961400324013084"><ele>1967.22998046875</ele></trkpt><trkpt lat="46.83561041066423" lon="7.961410324089229"><ele>1966.9099731445312</ele></trkpt><trkpt lat="46.835640410427004" lon="7.961470323614776"><ele>1965.3099975585938</ele></trkpt><trkpt lat="46.83565041050315" lon="7.961470323614776"><ele>1965.3099975585938</ele></trkpt><trkpt lat="46.83567041065544" lon="7.961470324080437"><ele>1965.5199890136719</ele></trkpt><trkpt lat="46.835680410731584" lon="7.961470324080437"><ele>1965.72998046875</ele></trkpt><trkpt lat="46.83569041034207" lon="7.9614503239281476"><ele>1965.5199890136719</ele></trkpt><trkpt lat="46.83569041034207" lon="7.961430323775858"><ele>1965.1999816894531</ele></trkpt><trkpt lat="46.83570041041821" lon="7.961420323699713"><ele>1965.1999816894531</ele></trkpt><trkpt lat="46.8357204105705" lon="7.961410324089229"><ele>1966.0099792480469</ele></trkpt><trkpt lat="46.835750410333276" lon="7.961410323623568"><ele>1964.4599914550781</ele></trkpt><trkpt lat="46.83576041040942" lon="7.961420323699713"><ele>1964.0399780273438</ele></trkpt><trkpt lat="46.835770410019904" lon="7.961440323386341"><ele>1962.6199951171875</ele></trkpt><trkpt lat="46.83579040970653" lon="7.961450323462486"><ele>1962.3199768066406</ele></trkpt><trkpt lat="46.83581040985882" lon="7.96148032322526"><ele>1962.7999877929688</ele></trkpt><trkpt lat="46.83582040993497" lon="7.9615203235298395"><ele>1962.489990234375</ele></trkpt><trkpt lat="46.83583041001111" lon="7.961540323216468"><ele>1962.5299987792969</ele></trkpt><trkpt lat="46.835860409773886" lon="7.961550323292613"><ele>1962.3799743652344</ele></trkpt><trkpt lat="46.83589041000232" lon="7.961570323444903"><ele>1962.0499877929688</ele></trkpt><trkpt lat="46.83593040984124" lon="7.9615903231315315"><ele>1961.8799743652344</ele></trkpt><trkpt lat="46.83599040983245" lon="7.961620323359966"><ele>1961.0199890136719</ele></trkpt><trkpt lat="46.83602040959522" lon="7.96165032312274"><ele>1960.75</ele></trkpt><trkpt lat="46.836050409357995" lon="7.961680322885513"><ele>1959.6499938964844</ele></trkpt><trkpt lat="46.83608040912077" lon="7.961700322572142"><ele>1958.5599975585938</ele></trkpt><trkpt lat="46.83611040888354" lon="7.961730322334915"><ele>1957.1899719238281</ele></trkpt><trkpt lat="46.83612040895969" lon="7.96176032256335"><ele>1956.6399841308594</ele></trkpt><trkpt lat="46.836120408494025" lon="7.961780322249979"><ele>1955.8199768066406</ele></trkpt><trkpt lat="46.83611040841788" lon="7.961820322088897"><ele>1955.2799987792969</ele></trkpt><trkpt lat="46.83609040826559" lon="7.961840322241187"><ele>1954.4599914550781</ele></trkpt><trkpt lat="46.836080408189446" lon="7.961850321851671"><ele>1953.9099731445312</ele></trkpt><trkpt lat="46.836080408189446" lon="7.9618803220801055"><ele>1953.6399841308594</ele></trkpt><trkpt lat="46.83609040826559" lon="7.9618903221562505"><ele>1953.3599853515625</ele></trkpt><trkpt lat="46.836120408028364" lon="7.961900321766734"><ele>1953.6399841308594</ele></trkpt><trkpt lat="46.836140408180654" lon="7.961920321919024"><ele>1953.3599853515625</ele></trkpt><trkpt lat="46.83616040786728" lon="7.961950322147459"><ele>1953.3599853515625</ele></trkpt><trkpt lat="46.83618040801957" lon="7.961990321986377"><ele>1953.3599853515625</ele></trkpt><trkpt lat="46.83624040801078" lon="7.962040321901441"><ele>1952.2699890136719</ele></trkpt><trkpt lat="46.836270407773554" lon="7.962090321816504"><ele>1951.1799926757812</ele></trkpt><trkpt lat="46.83627040730789" lon="7.9621203215792775"><ele>1949.8099975585938</ele></trkpt><trkpt lat="46.83626040723175" lon="7.962120321113616"><ele>1948.719970703125</ele></trkpt><trkpt lat="46.83627040684223" lon="7.962150321342051"><ele>1948.4399719238281</ele></trkpt><trkpt lat="46.83626040676609" lon="7.9621803211048245"><ele>1947.3499755859375</ele></trkpt><trkpt lat="46.836260406300426" lon="7.962260320782661"><ele>1945.4399719238281</ele></trkpt><trkpt lat="46.836240406148136" lon="7.96228032046929"><ele>1944.3399963378906</ele></trkpt><trkpt lat="46.8362104059197" lon="7.9623203203082085"><ele>1942.6999816894531</ele></trkpt><trkpt lat="46.83619040530175" lon="7.962350320070982"><ele>1940.5099792480469</ele></trkpt><trkpt lat="46.8361704046838" lon="7.962420319207013"><ele>1937.239990234375</ele></trkpt><trkpt lat="46.836160404607654" lon="7.962470319122076"><ele>1936.1399841308594</ele></trkpt><trkpt lat="46.836140404455364" lon="7.9625003188848495"><ele>1935.5899963378906</ele></trkpt><trkpt lat="46.83613040437922" lon="7.962530319113284"><ele>1935.5899963378906</ele></trkpt><trkpt lat="46.83613040437922" lon="7.962550319265574"><ele>1935.3199768066406</ele></trkpt><trkpt lat="46.83616040414199" lon="7.962520319037139"><ele>1934.5</ele></trkpt><trkpt lat="46.836190403904766" lon="7.962520318571478"><ele>1933.6799926757812</ele></trkpt><trkpt lat="46.836210404057056" lon="7.962540318723768"><ele>1932.8599853515625</ele></trkpt><trkpt lat="46.836250403895974" lon="7.962580318562686"><ele>1932.3099975585938</ele></trkpt><trkpt lat="46.83629040373489" lon="7.962580318562686"><ele>1931.219970703125</ele></trkpt><trkpt lat="46.836340403184295" lon="7.96261031832546"><ele>1930.3999938964844</ele></trkpt><trkpt lat="46.83639040309936" lon="7.962650318164378"><ele>1929.239990234375</ele></trkpt><trkpt lat="46.83641040278599" lon="7.962680317927152"><ele>1928.5499877929688</ele></trkpt><trkpt lat="46.836450402624905" lon="7.962690318003297"><ele>1927.75</ele></trkpt><trkpt lat="46.836470402777195" lon="7.9627003176137805"><ele>1927.3499755859375</ele></trkpt><trkpt lat="46.83648040285334" lon="7.96272031776607"><ele>1926.7099914550781</ele></trkpt><trkpt lat="46.83650040253997" lon="7.962770317681134"><ele>1925.5</ele></trkpt><trkpt lat="46.83651040215045" lon="7.962790317367762"><ele>1924.9199829101562</ele></trkpt><trkpt lat="46.83661040151492" lon="7.962890317197889"><ele>1922.219970703125</ele></trkpt><trkpt lat="46.836690401192755" lon="7.962990316562355"><ele>1919.25</ele></trkpt><trkpt lat="46.83673040103167" lon="7.963040316477418"><ele>1917.7699890136719</ele></trkpt><trkpt lat="46.83677040040493" lon="7.9630703162401915"><ele>1916.6299743652344</ele></trkpt><trkpt lat="46.836780400481075" lon="7.96309031592682"><ele>1916.0499877929688</ele></trkpt><trkpt lat="46.83682040031999" lon="7.963140315841883"><ele>1915.2799987792969</ele></trkpt><trkpt lat="46.83684040000662" lon="7.963160315528512"><ele>1914.469970703125</ele></trkpt><trkpt lat="46.836910399608314" lon="7.963260315358639"><ele>1911.7999877929688</ele></trkpt><trkpt lat="46.83693039929494" lon="7.963290315121412"><ele>1911.3799743652344</ele></trkpt><trkpt lat="46.83694039937109" lon="7.963310315273702"><ele>1910.8699951171875</ele></trkpt><trkpt lat="46.83699039928615" lon="7.963350315112621"><ele>1909.7899780273438</ele></trkpt><trkpt lat="46.83701039897278" lon="7.963370314799249"><ele>1909.3899841308594</ele></trkpt><trkpt lat="46.83704039873555" lon="7.963400315027684"><ele>1908.5599975585938</ele></trkpt><trkpt lat="46.837090398650616" lon="7.963470314629376"><ele>1907.0399780273438</ele></trkpt><trkpt lat="46.83712039841339" lon="7.963540314231068"><ele>1906.1999816894531</ele></trkpt><trkpt lat="46.83715039817616" lon="7.963580314535648"><ele>1905.7099914550781</ele></trkpt><trkpt lat="46.8371803984046" lon="7.963610314298421"><ele>1905.5299987792969</ele></trkpt><trkpt lat="46.83722039824352" lon="7.96365031413734"><ele>1905.0399780273438</ele></trkpt><trkpt lat="46.837240397930145" lon="7.963680314365774"><ele>1904.6299743652344</ele></trkpt><trkpt lat="46.83727039815858" lon="7.963720314204693"><ele>1904.1899719238281</ele></trkpt><trkpt lat="46.837300397921354" lon="7.963750313967466"><ele>1903.7099914550781</ele></trkpt><trkpt lat="46.83733039768413" lon="7.963770314119756"><ele>1903.0199890136719</ele></trkpt><trkpt lat="46.83734039776027" lon="7.963840313721448"><ele>1902.6199951171875</ele></trkpt><trkpt lat="46.83735039783642" lon="7.963880314026028"><ele>1902.3999938964844</ele></trkpt><trkpt lat="46.8373603974469" lon="7.963910313788801"><ele>1901.9399719238281</ele></trkpt><trkpt lat="46.83742039743811" lon="7.964010313618928"><ele>1901.3499755859375</ele></trkpt><trkpt lat="46.837430397514254" lon="7.964040313847363"><ele>1901.1499938964844</ele></trkpt><trkpt lat="46.837430397514254" lon="7.964080313686281"><ele>1900.8099975585938</ele></trkpt><trkpt lat="46.83743039704859" lon="7.964170313440263"><ele>1900.3699951171875</ele></trkpt><trkpt lat="46.83744039712474" lon="7.964210313279182"><ele>1899.7599792480469</ele></trkpt><trkpt lat="46.837460396811366" lon="7.964280313346535"><ele>1898.7599792480469</ele></trkpt><trkpt lat="46.837460396811366" lon="7.964330312795937"><ele>1897.1999816894531</ele></trkpt><trkpt lat="46.837460396345705" lon="7.964360313024372"><ele>1896.719970703125</ele></trkpt><trkpt lat="46.837480396497995" lon="7.964380312711"><ele>1896.469970703125</ele></trkpt><trkpt lat="46.837500396650285" lon="7.96440031286329"><ele>1896.2799987792969</ele></trkpt><trkpt lat="46.83752039633691" lon="7.964440312702209"><ele>1896.0499877929688</ele></trkpt><trkpt lat="46.83753039641306" lon="7.964470312930644"><ele>1895.9499816894531</ele></trkpt><trkpt lat="46.83752039633691" lon="7.964530312921852"><ele>1895.2899780273438</ele></trkpt><trkpt lat="46.8375303959474" lon="7.964600312523544"><ele>1894.6399841308594</ele></trkpt><trkpt lat="46.83751039626077" lon="7.964650312438607"><ele>1894.3499755859375</ele></trkpt><trkpt lat="46.83747039549053" lon="7.964750312268734"><ele>1892.6799926757812</ele></trkpt><trkpt lat="46.837440395727754" lon="7.964800312183797"><ele>1892.2799987792969</ele></trkpt><trkpt lat="46.83743039565161" lon="7.964860312175006"><ele>1891.5599975585938</ele></trkpt><trkpt lat="46.8374203951098" lon="7.964910312090069"><ele>1890.6199951171875</ele></trkpt><trkpt lat="46.83743039518595" lon="7.964960312005132"><ele>1889.5199890136719</ele></trkpt><trkpt lat="46.837450394872576" lon="7.965000311844051"><ele>1888.989990234375</ele></trkpt><trkpt lat="46.83746039494872" lon="7.965040311682969"><ele>1888.3199768066406</ele></trkpt><trkpt lat="46.83746039448306" lon="7.965090311598033"><ele>1887.8599853515625</ele></trkpt><trkpt lat="46.83746039448306" lon="7.965130311436951"><ele>1887.0799865722656</ele></trkpt><trkpt lat="46.83746039448306" lon="7.9651903114281595"><ele>1886.3899841308594</ele></trkpt><trkpt lat="46.837450394406915" lon="7.965240311343223"><ele>1885.4299926757812</ele></trkpt><trkpt lat="46.83744039386511" lon="7.965290310792625"><ele>1884.2999877929688</ele></trkpt><trkpt lat="46.83742039371282" lon="7.965330310631543"><ele>1883.1699829101562</ele></trkpt><trkpt lat="46.83742039371282" lon="7.965360310859978"><ele>1882.4599914550781</ele></trkpt><trkpt lat="46.83742039371282" lon="7.965390310622752"><ele>1882.239990234375</ele></trkpt><trkpt lat="46.837410393636674" lon="7.96543031046167"><ele>1881.8699951171875</ele></trkpt><trkpt lat="46.83740039356053" lon="7.96545031061396"><ele>1881.7099914550781</ele></trkpt><trkpt lat="46.837390393484384" lon="7.96547031076625"><ele>1881.5799865722656</ele></trkpt><trkpt lat="46.83732039341703" lon="7.965540310367942"><ele>1880.989990234375</ele></trkpt><trkpt lat="46.83730039326474" lon="7.965590310283005"><ele>1880.8199768066406</ele></trkpt><trkpt lat="46.83728039311245" lon="7.9656503102742136"><ele>1880.5</ele></trkpt><trkpt lat="46.83726039296016" lon="7.965720310341567"><ele>1880.0799865722656</ele></trkpt><trkpt lat="46.83724039327353" lon="7.96577031025663"><ele>1879.7599792480469</ele></trkpt><trkpt lat="46.83723039319739" lon="7.965820310171694"><ele>1879.6599731445312</ele></trkpt><trkpt lat="46.83722039312124" lon="7.965850310400128"><ele>1879.6099853515625</ele></trkpt><trkpt lat="46.8372103930451" lon="7.965880310162902"><ele>1879.6099853515625</ele></trkpt><trkpt lat="46.8372103930451" lon="7.965900310315192"><ele>1879.5999755859375</ele></trkpt><trkpt lat="46.8372103930451" lon="7.965930310077965"><ele>1879.5199890136719</ele></trkpt><trkpt lat="46.8372103930451" lon="7.96598031045869"><ele>1879.7599792480469</ele></trkpt><trkpt lat="46.83720039296895" lon="7.966010310221463"><ele>1879.8099975585938</ele></trkpt><trkpt lat="46.83718039281666" lon="7.966050310060382"><ele>1879.4499816894531</ele></trkpt><trkpt lat="46.83718039281666" lon="7.966070310212672"><ele>1879.2099914550781</ele></trkpt><trkpt lat="46.83718039281666" lon="7.966090310364962"><ele>1879.1899719238281</ele></trkpt><trkpt lat="46.83718039281666" lon="7.96613031020388"><ele>1879.1299743652344</ele></trkpt><trkpt lat="46.83718039281666" lon="7.9661703100427985"><ele>1878.9299926757812</ele></trkpt><trkpt lat="46.83719039289281" lon="7.966220309957862"><ele>1879.0199890136719</ele></trkpt><trkpt lat="46.83719039289281" lon="7.966250310186297"><ele>1879.1499938964844</ele></trkpt><trkpt lat="46.8372103930451" lon="7.966260310262442"><ele>1879.3599853515625</ele></trkpt><trkpt lat="46.83722039312124" lon="7.9662803104147315"><ele>1879.3399963378906</ele></trkpt><trkpt lat="46.837230392731726" lon="7.966290310025215"><ele>1879.3099975585938</ele></trkpt><trkpt lat="46.837250392884016" lon="7.96630031010136"><ele>1879.4299926757812</ele></trkpt><trkpt lat="46.837290393188596" lon="7.9662803104147315"><ele>1880.0999755859375</ele></trkpt><trkpt lat="46.83732039341703" lon="7.9662803104147315"><ele>1881.1799926757812</ele></trkpt><trkpt lat="46.837350393179804" lon="7.9662803104147315"><ele>1880.6399841308594</ele></trkpt><trkpt lat="46.83736039325595" lon="7.966310310177505"><ele>1880.0699768066406</ele></trkpt><trkpt lat="46.83738039294258" lon="7.96634031040594"><ele>1879.8599853515625</ele></trkpt><trkpt lat="46.83739039301872" lon="7.966350310482085"><ele>1879.5999755859375</ele></trkpt><trkpt lat="46.837400392629206" lon="7.966400309931487"><ele>1878.6899719238281</ele></trkpt><trkpt lat="46.83741039270535" lon="7.966420310083777"><ele>1878.3699951171875</ele></trkpt><trkpt lat="46.83741039270535" lon="7.966460309922695"><ele>1877.6099853515625</ele></trkpt><trkpt lat="46.83743039239198" lon="7.966480310074985"><ele>1877.6599731445312</ele></trkpt><trkpt lat="46.837440392468125" lon="7.966500310227275"><ele>1877.9099731445312</ele></trkpt><trkpt lat="46.83745039254427" lon="7.966530309990048"><ele>1877.6999816894531</ele></trkpt><trkpt lat="46.83747039269656" lon="7.966540310066193"><ele>1877.6299743652344</ele></trkpt><trkpt lat="46.83752039261162" lon="7.966570309828967"><ele>1877.5099792480469</ele></trkpt><trkpt lat="46.83753039268777" lon="7.966630309820175"><ele>1877.8799743652344</ele></trkpt><trkpt lat="46.83754039276391" lon="7.96666031004861"><ele>1877.6599731445312</ele></trkpt><trkpt lat="46.83754039276391" lon="7.9666803102009"><ele>1878.1299743652344</ele></trkpt><trkpt lat="46.83754039276391" lon="7.966720310039818"><ele>1877.6499938964844</ele></trkpt><trkpt lat="46.83755039284006" lon="7.966770309954882"><ele>1877.7999877929688</ele></trkpt><trkpt lat="46.837570392526686" lon="7.9667903101071715"><ele>1878.2899780273438</ele></trkpt><trkpt lat="46.83757039299235" lon="7.966810310259461"><ele>1878.3599853515625</ele></trkpt><trkpt lat="46.83757039299235" lon="7.96683030994609"><ele>1878.3999938964844</ele></trkpt><trkpt lat="46.83758039306849" lon="7.966860310174525"><ele>1879.0399780273438</ele></trkpt><trkpt lat="46.83759039314464" lon="7.96689031040296"><ele>1879.6899719238281</ele></trkpt><trkpt lat="46.837610392831266" lon="7.9669003104791045"><ele>1879.739990234375</ele></trkpt><trkpt lat="46.83762039290741" lon="7.9669003104791045"><ele>1879.6499938964844</ele></trkpt><trkpt lat="46.8376403930597" lon="7.966920310165733"><ele>1879.6699829101562</ele></trkpt><trkpt lat="46.837710393592715" lon="7.967010310385376"><ele>1881.2899780273438</ele></trkpt><trkpt lat="46.837730393745005" lon="7.967040310613811"><ele>1882.1299743652344</ele></trkpt><trkpt lat="46.837750393431634" lon="7.967050310689956"><ele>1882.5599975585938</ele></trkpt><trkpt lat="46.83778039366007" lon="7.967070310842246"><ele>1883.1699829101562</ele></trkpt><trkpt lat="46.83779039373621" lon="7.967080310918391"><ele>1883.219970703125</ele></trkpt><trkpt lat="46.837890394032" lon="7.967270310968161"><ele>1884.6599731445312</ele></trkpt><trkpt lat="46.837900394108146" lon="7.967280311044306"><ele>1884.8599853515625</ele></trkpt><trkpt lat="46.837960394565016" lon="7.967360311187804"><ele>1885.9599914550781</ele></trkpt><trkpt lat="46.838040394708514" lon="7.9674003114923835"><ele>1886.8599853515625</ele></trkpt><trkpt lat="46.83805039478466" lon="7.967430311720818"><ele>1887.1199951171875</ele></trkpt><trkpt lat="46.83807039447129" lon="7.967470311559737"><ele>1887.25</ele></trkpt><trkpt lat="46.83807039447129" lon="7.96750031132251"><ele>1886.9299926757812</ele></trkpt><trkpt lat="46.83806039439514" lon="7.967530311550945"><ele>1886.3199768066406</ele></trkpt><trkpt lat="46.83806039439514" lon="7.96767031121999"><ele>1885.5899963378906</ele></trkpt><trkpt lat="46.83806039439514" lon="7.967730311211199"><ele>1885.4599914550781</ele></trkpt><trkpt lat="46.83806039439514" lon="7.967770311515778"><ele>1885.4299926757812</ele></trkpt><trkpt lat="46.838050394319" lon="7.96784031111747"><ele>1885.6799926757812</ele></trkpt><trkpt lat="46.838050394319" lon="7.967870311345905"><ele>1886.0699768066406</ele></trkpt><trkpt lat="46.838050394319" lon="7.96790031157434"><ele>1886.7999877929688</ele></trkpt><trkpt lat="46.83807039447129" lon="7.96792031172663"><ele>1887.3899841308594</ele></trkpt><trkpt lat="46.83808039454743" lon="7.967930311802775"><ele>1887.72998046875</ele></trkpt><trkpt lat="46.8381403950043" lon="7.9679503119550645"><ele>1889.1999816894531</ele></trkpt><trkpt lat="46.83817039523274" lon="7.967970312107354"><ele>1889.72998046875</ele></trkpt><trkpt lat="46.83819039538503" lon="7.968010311946273"><ele>1890.4099731445312</ele></trkpt><trkpt lat="46.8382203951478" lon="7.968040312174708"><ele>1890.5899963378906</ele></trkpt><trkpt lat="46.83826039545238" lon="7.968050312250853"><ele>1890.9299926757812</ele></trkpt><trkpt lat="46.838290395215154" lon="7.968120312318206"><ele>1890.4199829101562</ele></trkpt><trkpt lat="46.838310395367444" lon="7.968130312394351"><ele>1890.969970703125</ele></trkpt><trkpt lat="46.83833039551973" lon="7.968150312546641"><ele>1891.9099731445312</ele></trkpt><trkpt lat="46.83835039567202" lon="7.968190312385559"><ele>1893.25</ele></trkpt><trkpt lat="46.83838039590046" lon="7.968220312613994"><ele>1893.9599914550781</ele></trkpt><trkpt lat="46.83840039605275" lon="7.968260312918574"><ele>1894.239990234375</ele></trkpt><trkpt lat="46.83843039581552" lon="7.968300312757492"><ele>1894.1299743652344</ele></trkpt><trkpt lat="46.838440395891666" lon="7.968320312909782"><ele>1893.9299926757812</ele></trkpt><trkpt lat="46.838460396043956" lon="7.968330312520266"><ele>1894.0099792480469</ele></trkpt><trkpt lat="46.83855039579794" lon="7.968440312892199"><ele>1893.8199768066406</ele></trkpt><trkpt lat="46.83857039595023" lon="7.968480312731117"><ele>1894.239990234375</ele></trkpt><trkpt lat="46.83859039610252" lon="7.96853031264618"><ele>1894.9499816894531</ele></trkpt><trkpt lat="46.83861039625481" lon="7.96857031295076"><ele>1895.2599792480469</ele></trkpt><trkpt lat="46.8386303964071" lon="7.968610312789679"><ele>1895.2699890136719</ele></trkpt><trkpt lat="46.838650396093726" lon="7.968630312941968"><ele>1895.5099792480469</ele></trkpt><trkpt lat="46.83866039663553" lon="7.968660313170403"><ele>1895.989990234375</ele></trkpt><trkpt lat="46.83866039663553" lon="7.968680313322693"><ele>1896.469970703125</ele></trkpt><trkpt lat="46.83865039655939" lon="7.968690312933177"><ele>1896.7099914550781</ele></trkpt><trkpt lat="46.83864039648324" lon="7.968710313085467"><ele>1897.1699829101562</ele></trkpt><trkpt lat="46.83864039648324" lon="7.968750313390046"><ele>1897.1999816894531</ele></trkpt><trkpt lat="46.83864039648324" lon="7.96880031330511"><ele>1897.3199768066406</ele></trkpt><trkpt lat="46.83864039648324" lon="7.968830313067883"><ele>1897.3199768066406</ele></trkpt><trkpt lat="46.83864039648324" lon="7.968860313296318"><ele>1896.8299865722656</ele></trkpt><trkpt lat="46.83864039648324" lon="7.968880312982947"><ele>1896.5899963378906</ele></trkpt><trkpt lat="46.83864039648324" lon="7.968890313059092"><ele>1896.1099853515625</ele></trkpt><trkpt lat="46.83865039655939" lon="7.968920312821865"><ele>1895.9199829101562</ele></trkpt><trkpt lat="46.83865039655939" lon="7.968960313126445"><ele>1896.1099853515625</ele></trkpt><trkpt lat="46.83865039655939" lon="7.968980313278735"><ele>1896.3499755859375</ele></trkpt><trkpt lat="46.83865039655939" lon="7.969020313117653"><ele>1896.3499755859375</ele></trkpt><trkpt lat="46.83865039655939" lon="7.969040313269943"><ele>1896.22998046875</ele></trkpt><trkpt lat="46.83866039616987" lon="7.9690703130327165"><ele>1895.8699951171875</ele></trkpt><trkpt lat="46.83868039632216" lon="7.96910031279549"><ele>1894.9299926757812</ele></trkpt><trkpt lat="46.83868039632216" lon="7.96912031294778"><ele>1894.739990234375</ele></trkpt><trkpt lat="46.83868039632216" lon="7.969130313023925"><ele>1894.739990234375</ele></trkpt><trkpt lat="46.838690395932645" lon="7.9691403126344085"><ele>1894.739990234375</ele></trkpt><trkpt lat="46.83870039600879" lon="7.96914031310007"><ele>1894.9499816894531</ele></trkpt><trkpt lat="46.838710396084934" lon="7.969160312786698"><ele>1894.8799743652344</ele></trkpt><trkpt lat="46.838730396237224" lon="7.969170312862843"><ele>1895.0999755859375</ele></trkpt><trkpt lat="46.838730396237224" lon="7.969180312938988"><ele>1894.8799743652344</ele></trkpt><trkpt lat="46.838730396237224" lon="7.969200312625617"><ele>1894.739990234375</ele></trkpt><trkpt lat="46.838730396237224" lon="7.969220312777907"><ele>1894.739990234375</ele></trkpt><trkpt lat="46.83874039584771" lon="7.9692403129301965"><ele>1894.22998046875</ele></trkpt><trkpt lat="46.83874039584771" lon="7.96925031254068"><ele>1893.8599853515625</ele></trkpt><trkpt lat="46.83875039592385" lon="7.969260312616825"><ele>1893.8599853515625</ele></trkpt><trkpt lat="46.838760396" lon="7.969260312616825"><ele>1893.719970703125</ele></trkpt><trkpt lat="46.83877039607614" lon="7.969260312616825"><ele>1893.5699768066406</ele></trkpt><trkpt lat="46.838780395686626" lon="7.969280312769115"><ele>1893.2799987792969</ele></trkpt><trkpt lat="46.83879039576277" lon="7.9693103125318885"><ele>1892.8399963378906</ele></trkpt><trkpt lat="46.83879039576277" lon="7.969340312760323"><ele>1892.7699890136719</ele></trkpt><trkpt lat="46.8388103954494" lon="7.969380312599242"><ele>1892.2599792480469</ele></trkpt><trkpt lat="46.8388103954494" lon="7.969390312675387"><ele>1892.1199951171875</ele></trkpt><trkpt lat="46.838820395525545" lon="7.969410312362015"><ele>1892.3299865722656</ele></trkpt><trkpt lat="46.83883039560169" lon="7.96942031243816"><ele>1892.6299743652344</ele></trkpt><trkpt lat="46.838840395677835" lon="7.969470312353224"><ele>1892.2599792480469</ele></trkpt><trkpt lat="46.83886039536446" lon="7.969530312344432"><ele>1891.0999755859375</ele></trkpt><trkpt lat="46.83886039536446" lon="7.969560312107205"><ele>1890.8799743652344</ele></trkpt><trkpt lat="46.83885039528832" lon="7.96961031248793"><ele>1890.9299926757812</ele></trkpt><trkpt lat="46.83885039528832" lon="7.969640312250704"><ele>1890.9499816894531</ele></trkpt><trkpt lat="46.83885039528832" lon="7.969670312479138"><ele>1891.1599731445312</ele></trkpt><trkpt lat="46.83886039536446" lon="7.969680312555283"><ele>1891.5299987792969</ele></trkpt><trkpt lat="46.83888039551675" lon="7.969690312165767"><ele>1890.5899963378906</ele></trkpt><trkpt lat="46.83888039505109" lon="7.969700312241912"><ele>1890.0799865722656</ele></trkpt><trkpt lat="46.83888039505109" lon="7.969710312318057"><ele>1889.8599853515625</ele></trkpt><trkpt lat="46.83889039512724" lon="7.96974031208083"><ele>1890.0</ele></trkpt><trkpt lat="46.83892039535567" lon="7.969780311919749"><ele>1890.1499938964844</ele></trkpt><trkpt lat="46.83892039535567" lon="7.969800312072039"><ele>1890.1499938964844</ele></trkpt><trkpt lat="46.8389403950423" lon="7.969810312148184"><ele>1889.6699829101562</ele></trkpt><trkpt lat="46.838950395118445" lon="7.969840311910957"><ele>1888.989990234375</ele></trkpt><trkpt lat="46.838970394805074" lon="7.969850311987102"><ele>1888.2599792480469</ele></trkpt><trkpt lat="46.83898039488122" lon="7.969850311987102"><ele>1888.1499938964844</ele></trkpt><trkpt lat="46.83901039464399" lon="7.9698903118260205"><ele>1887.7099914550781</ele></trkpt><trkpt lat="46.83904039487243" lon="7.96991031197831"><ele>1888.0999755859375</ele></trkpt><trkpt lat="46.839060394559056" lon="7.969920311588794"><ele>1887.8799743652344</ele></trkpt><trkpt lat="46.839080394711345" lon="7.969930311664939"><ele>1887.989990234375</ele></trkpt><trkpt lat="46.83909039478749" lon="7.969940311741084"><ele>1888.1999816894531</ele></trkpt><trkpt lat="46.839100394863635" lon="7.969960311893374"><ele>1888.3099975585938</ele></trkpt><trkpt lat="46.83911039447412" lon="7.970000311732292"><ele>1887.4499816894531</ele></trkpt><trkpt lat="46.83911039447412" lon="7.970020311418921"><ele>1886.7099914550781</ele></trkpt><trkpt lat="46.839120394550264" lon="7.970050311647356"><ele>1885.75</ele></trkpt><trkpt lat="46.8391203940846" lon="7.970080311410129"><ele>1885.5299987792969</ele></trkpt><trkpt lat="46.83914039423689" lon="7.9701303113251925"><ele>1884.5699768066406</ele></trkpt><trkpt lat="46.839150393847376" lon="7.970180311240256"><ele>1884.1899719238281</ele></trkpt><trkpt lat="46.839170393999666" lon="7.970230311155319"><ele>1883.22998046875</ele></trkpt><trkpt lat="46.839190393686295" lon="7.970260310918093"><ele>1883.4299926757812</ele></trkpt><trkpt lat="46.83922039391473" lon="7.9703003112226725"><ele>1883.8899841308594</ele></trkpt><trkpt lat="46.839230393990874" lon="7.970320311374962"><ele>1883.9199829101562</ele></trkpt><trkpt lat="46.839230393990874" lon="7.970350311137736"><ele>1883.9299926757812</ele></trkpt><trkpt lat="46.83924039406702" lon="7.970370311290026"><ele>1883.969970703125</ele></trkpt><trkpt lat="46.83927039382979" lon="7.970390310976654"><ele>1884.0199890136719</ele></trkpt><trkpt lat="46.83929039398208" lon="7.970420311205089"><ele>1884.0499877929688</ele></trkpt><trkpt lat="46.83931039413437" lon="7.970450311433524"><ele>1884.0899963378906</ele></trkpt><trkpt lat="46.83933039428666" lon="7.970500311348587"><ele>1884.4099731445312</ele></trkpt><trkpt lat="46.83935039397329" lon="7.970550311263651"><ele>1884.2699890136719</ele></trkpt><trkpt lat="46.839380394201726" lon="7.970560311339796"><ele>1884.3199768066406</ele></trkpt><trkpt lat="46.839400393888354" lon="7.970590311102569"><ele>1883.8699951171875</ele></trkpt><trkpt lat="46.83943039365113" lon="7.970610310789198"><ele>1882.7699890136719</ele></trkpt><trkpt lat="46.83945039380342" lon="7.970650311093777"><ele>1882.219970703125</ele></trkpt><trkpt lat="46.839470393490046" lon="7.970660310704261"><ele>1881.4099731445312</ele></trkpt><trkpt lat="46.839490393642336" lon="7.970670310780406"><ele>1881.4099731445312</ele></trkpt><trkpt lat="46.83950039325282" lon="7.970670310780406"><ele>1881.1299743652344</ele></trkpt><trkpt lat="46.83952039340511" lon="7.970720310695469"><ele>1880.5799865722656</ele></trkpt><trkpt lat="46.83953039301559" lon="7.970730310771614"><ele>1880.3099975585938</ele></trkpt><trkpt lat="46.839550393633544" lon="7.970800310838968"><ele>1881.6799926757812</ele></trkpt><trkpt lat="46.839550393633544" lon="7.970840310677886"><ele>1881.6799926757812</ele></trkpt><trkpt lat="46.83956039370969" lon="7.970880310982466"><ele>1881.9499816894531</ele></trkpt><trkpt lat="46.83958039339632" lon="7.970910310745239"><ele>1881.6799926757812</ele></trkpt><trkpt lat="46.83960039354861" lon="7.970930310897529"><ele>1881.9499816894531</ele></trkpt><trkpt lat="46.8396203937009" lon="7.970940310973674"><ele>1882.22998046875</ele></trkpt><trkpt lat="46.83963039377704" lon="7.970960311125964"><ele>1882.4499816894531</ele></trkpt><trkpt lat="46.83963039377704" lon="7.9709803108125925"><ele>1882.5</ele></trkpt><trkpt lat="46.83963039377704" lon="7.971000310964882"><ele>1882.6899719238281</ele></trkpt><trkpt lat="46.83963039377704" lon="7.971010311041027"><ele>1882.7699890136719</ele></trkpt><trkpt lat="46.8396203937009" lon="7.971000310964882"><ele>1882.5899963378906</ele></trkpt><trkpt lat="46.83960039354861" lon="7.9709803108125925"><ele>1882.0399780273438</ele></trkpt><trkpt lat="46.83959039347246" lon="7.970970310736448"><ele>1881.5</ele></trkpt><trkpt lat="46.83956039324403" lon="7.9709803108125925"><ele>1881.1299743652344</ele></trkpt><trkpt lat="46.83956039324403" lon="7.9709803108125925"><ele>1880.7699890136719</ele></trkpt><trkpt lat="46.83954039309174" lon="7.970980310346931"><ele>1879.6699829101562</ele></trkpt><trkpt lat="46.83952039293945" lon="7.971000310499221"><ele>1879.489990234375</ele></trkpt><trkpt lat="46.839450392872095" lon="7.9710503104142845"><ele>1878.3299865722656</ele></trkpt><trkpt lat="46.83944039279595" lon="7.971060310024768"><ele>1877.3299865722656</ele></trkpt><trkpt lat="46.839410392567515" lon="7.971070310100913"><ele>1877.4399719238281</ele></trkpt><trkpt lat="46.83940039249137" lon="7.971080310177058"><ele>1877.8699951171875</ele></trkpt><trkpt lat="46.83939039288089" lon="7.971090310253203"><ele>1877.969970703125</ele></trkpt><trkpt lat="46.8393703927286" lon="7.971090310253203"><ele>1878.1899719238281</ele></trkpt><trkpt lat="46.83934039250016" lon="7.971120310015976"><ele>1876.9099731445312</ele></trkpt><trkpt lat="46.83933039242402" lon="7.971150310244411"><ele>1876.5899963378906</ele></trkpt><trkpt lat="46.83932039234787" lon="7.971160309854895"><ele>1875.9499816894531</ele></trkpt><trkpt lat="46.83931039227173" lon="7.971160309854895"><ele>1875.4099731445312</ele></trkpt><trkpt lat="46.83929039211944" lon="7.971210309769958"><ele>1874.7699890136719</ele></trkpt><trkpt lat="46.83928039204329" lon="7.971220309846103"><ele>1874.5599975585938</ele></trkpt><trkpt lat="46.83923039212823" lon="7.971230309456587"><ele>1874.4499816894531</ele></trkpt><trkpt lat="46.839220392052084" lon="7.971250309608877"><ele>1874.3499755859375</ele></trkpt><trkpt lat="46.83921039197594" lon="7.971270309761167"><ele>1873.7099914550781</ele></trkpt><trkpt lat="46.839180391747504" lon="7.971290309447795"><ele>1872.4299926757812</ele></trkpt><trkpt lat="46.83918039128184" lon="7.971310309134424"><ele>1871.8899841308594</ele></trkpt><trkpt lat="46.8391703912057" lon="7.971320309210569"><ele>1871.469970703125</ele></trkpt><trkpt lat="46.8391703912057" lon="7.971330309286714"><ele>1871.1499938964844</ele></trkpt><trkpt lat="46.83913039090112" lon="7.971350308973342"><ele>1869.4199829101562</ele></trkpt><trkpt lat="46.83911039074883" lon="7.971370308659971"><ele>1868.489990234375</ele></trkpt><trkpt lat="46.839060390833765" lon="7.971390308812261"><ele>1867.8699951171875</ele></trkpt><trkpt lat="46.83901039045304" lon="7.9714803085662425"><ele>1867.5599975585938</ele></trkpt><trkpt lat="46.83893038984388" lon="7.9715303080156446"><ele>1864.1399841308594</ele></trkpt><trkpt lat="46.83891038969159" lon="7.971570307854563"><ele>1862.8999938964844</ele></trkpt><trkpt lat="46.83888038946316" lon="7.971560307778418"><ele>1862.2799987792969</ele></trkpt><trkpt lat="46.83887038938701" lon="7.971580307930708"><ele>1862.4299926757812</ele></trkpt><trkpt lat="46.83885038923472" lon="7.9716103076934814"><ele>1861.739990234375</ele></trkpt><trkpt lat="46.83883038908243" lon="7.9716703072190285"><ele>1859.8999938964844</ele></trkpt><trkpt lat="46.838820388540626" lon="7.9717803071253"><ele>1858.1499938964844</ele></trkpt><trkpt lat="46.83881038846448" lon="7.971820306964219"><ele>1857.0</ele></trkpt><trkpt lat="46.83875038800761" lon="7.971870306879282"><ele>1855.8999938964844</ele></trkpt><trkpt lat="46.83874038839713" lon="7.971890306565911"><ele>1855.7999877929688</ele></trkpt><trkpt lat="46.83879038738087" lon="7.972000306006521"><ele>1852.1199951171875</ele></trkpt><trkpt lat="46.83881038753316" lon="7.972020306158811"><ele>1851.7899780273438</ele></trkpt><trkpt lat="46.83881038753316" lon="7.972030306234956"><ele>1851.6199951171875</ele></trkpt><trkpt lat="46.83881038753316" lon="7.972070306073874"><ele>1851.7599792480469</ele></trkpt><trkpt lat="46.83881038753316" lon="7.972090306226164"><ele>1851.7599792480469</ele></trkpt><trkpt lat="46.83881038753316" lon="7.972100305836648"><ele>1851.5799865722656</ele></trkpt><trkpt lat="46.83881038753316" lon="7.972120305988938"><ele>1851.5799865722656</ele></trkpt><trkpt lat="46.8388103870675" lon="7.972150305751711"><ele>1850.8699951171875</ele></trkpt><trkpt lat="46.8388103870675" lon="7.972170305904001"><ele>1850.5799865722656</ele></trkpt><trkpt lat="46.8388103870675" lon="7.9722003056667745"><ele>1850.1599731445312</ele></trkpt><trkpt lat="46.83880038699135" lon="7.972220305819064"><ele>1849.3799743652344</ele></trkpt><trkpt lat="46.83880038699135" lon="7.972230305429548"><ele>1849.0199890136719</ele></trkpt><trkpt lat="46.838790386449546" lon="7.972250305581838"><ele>1848.0199890136719</ele></trkpt><trkpt lat="46.83877038676292" lon="7.972240305505693"><ele>1847.739990234375</ele></trkpt><trkpt lat="46.838730385992676" lon="7.9722703052684665"><ele>1845.3899841308594</ele></trkpt><trkpt lat="46.83872038591653" lon="7.972270304802805"><ele>1844.5399780273438</ele></trkpt><trkpt lat="46.83870038576424" lon="7.97228030487895"><ele>1843.6499938964844</ele></trkpt><trkpt lat="46.838690385688096" lon="7.972290304489434"><ele>1843.219970703125</ele></trkpt><trkpt lat="46.83868038561195" lon="7.972300304565579"><ele>1842.2599792480469</ele></trkpt><trkpt lat="46.83866038545966" lon="7.972310304641724"><ele>1841.4099731445312</ele></trkpt><trkpt lat="46.83864038530737" lon="7.972320304252207"><ele>1840.7699890136719</ele></trkpt><trkpt lat="46.838630384765565" lon="7.972340303938836"><ele>1839.3799743652344</ele></trkpt><trkpt lat="46.838610384613276" lon="7.972370303701609"><ele>1837.8899841308594</ele></trkpt><trkpt lat="46.83860038453713" lon="7.972390303853899"><ele>1836.9299926757812</ele></trkpt><trkpt lat="46.83858038438484" lon="7.972390303853899"><ele>1836.6099853515625</ele></trkpt><trkpt lat="46.838570384308696" lon="7.972390303388238"><ele>1836.3899841308594</ele></trkpt><trkpt lat="46.83856038423255" lon="7.972380303777754"><ele>1836.5099792480469</ele></trkpt><trkpt lat="46.83853038446978" lon="7.972390303853899"><ele>1836.6299743652344</ele></trkpt><trkpt lat="46.83851038431749" lon="7.972400303464383"><ele>1836.1999816894531</ele></trkpt><trkpt lat="46.8384903841652" lon="7.972430303692818"><ele>1835.5799865722656</ele></trkpt><trkpt lat="46.83848038362339" lon="7.972460303455591"><ele>1834.5299987792969</ele></trkpt><trkpt lat="46.8384603834711" lon="7.972490303218365"><ele>1833.3299865722656</ele></trkpt><trkpt lat="46.83845038339496" lon="7.97250030329451"><ele>1833.25</ele></trkpt><trkpt lat="46.83844038331881" lon="7.972500302828848"><ele>1832.9199829101562</ele></trkpt><trkpt lat="46.83844038331881" lon="7.972500302828848"><ele>1832.5599975585938</ele></trkpt><trkpt lat="46.83843038324267" lon="7.972500302828848"><ele>1832.22998046875</ele></trkpt><trkpt lat="46.83841038309038" lon="7.972520302981138"><ele>1831.8299865722656</ele></trkpt><trkpt lat="46.83840038301423" lon="7.972520302981138"><ele>1831.3399963378906</ele></trkpt><trkpt lat="46.8383803833276" lon="7.972500302828848"><ele>1831.2599792480469</ele></trkpt><trkpt lat="46.838340383023024" lon="7.972470302600414"><ele>1830.0</ele></trkpt><trkpt lat="46.83831038279459" lon="7.972470302134752"><ele>1828.4399719238281</ele></trkpt><trkpt lat="46.8382903826423" lon="7.972480302210897"><ele>1828.1299743652344</ele></trkpt><trkpt lat="46.838280382566154" lon="7.972500302363187"><ele>1827.8199768066406</ele></trkpt><trkpt lat="46.83824038179591" lon="7.972520302049816"><ele>1825.6499938964844</ele></trkpt><trkpt lat="46.83823038218543" lon="7.972550301812589"><ele>1825.6499938964844</ele></trkpt><trkpt lat="46.83821038156748" lon="7.972550301812589"><ele>1824.4099731445312</ele></trkpt><trkpt lat="46.83819038141519" lon="7.972580301575363"><ele>1822.5399780273438</ele></trkpt><trkpt lat="46.83816038118675" lon="7.972590301185846"><ele>1821.6099853515625</ele></trkpt><trkpt lat="46.83813038049266" lon="7.97262030094862"><ele>1819.1399841308594</ele></trkpt><trkpt lat="46.83810038026422" lon="7.972670300398022"><ele>1817.1999816894531</ele></trkpt><trkpt lat="46.83809038018808" lon="7.972670300398022"><ele>1816.97998046875</ele></trkpt><trkpt lat="46.83809038018808" lon="7.972680300474167"><ele>1816.6099853515625</ele></trkpt><trkpt lat="46.83809038018808" lon="7.972680300474167"><ele>1816.1899719238281</ele></trkpt><trkpt lat="46.83808038011193" lon="7.9726903000846505"><ele>1815.5799865722656</ele></trkpt><trkpt lat="46.83806037995964" lon="7.9727003001607955"><ele>1814.6699829101562</ele></trkpt><trkpt lat="46.83805037941784" lon="7.972710299771279"><ele>1813.2099914550781</ele></trkpt><trkpt lat="46.83804037934169" lon="7.972720299847424"><ele>1812.5</ele></trkpt><trkpt lat="46.83803037926555" lon="7.972720299381763"><ele>1811.5199890136719</ele></trkpt><trkpt lat="46.83802037872374" lon="7.972730299457908"><ele>1810.72998046875</ele></trkpt><trkpt lat="46.837990378495306" lon="7.972720299381763"><ele>1809.6399841308594</ele></trkpt><trkpt lat="46.837990378495306" lon="7.972720299381763"><ele>1808.969970703125</ele></trkpt><trkpt lat="46.837970378343016" lon="7.972720299381763"><ele>1808.72998046875</ele></trkpt><trkpt lat="46.837970377877355" lon="7.97276029875502"><ele>1806.5999755859375</ele></trkpt><trkpt lat="46.83796037780121" lon="7.97278029890731"><ele>1806.1799926757812</ele></trkpt><trkpt lat="46.83794037764892" lon="7.9727802984416485"><ele>1805.25</ele></trkpt><trkpt lat="46.837950377725065" lon="7.972840298432857"><ele>1803.8499755859375</ele></trkpt><trkpt lat="46.8379503772594" lon="7.9728502980433404"><ele>1803.1199951171875</ele></trkpt><trkpt lat="46.8379503772594" lon="7.972860298119485"><ele>1802.6999816894531</ele></trkpt><trkpt lat="46.837930377107114" lon="7.97287029819563"><ele>1801.969970703125</ele></trkpt><trkpt lat="46.837930377107114" lon="7.972860298119485"><ele>1801.8499755859375</ele></trkpt><trkpt lat="46.83792037703097" lon="7.972860298119485"><ele>1801.1799926757812</ele></trkpt><trkpt lat="46.83792037703097" lon="7.972880297806114"><ele>1800.6899719238281</ele></trkpt><trkpt lat="46.83792037656531" lon="7.972890297882259"><ele>1800.2099914550781</ele></trkpt><trkpt lat="46.83792037656531" lon="7.972920297645032"><ele>1799.3599853515625</ele></trkpt><trkpt lat="46.83792037656531" lon="7.972940297797322"><ele>1798.8699951171875</ele></trkpt><trkpt lat="46.83790037641302" lon="7.972940297331661"><ele>1798.5099792480469</ele></trkpt><trkpt lat="46.837900375947356" lon="7.9729702970944345"><ele>1797.0699768066406</ele></trkpt><trkpt lat="46.837900375947356" lon="7.972990297246724"><ele>1796.5299987792969</ele></trkpt><trkpt lat="46.837880375795066" lon="7.973030297085643"><ele>1794.5599975585938</ele></trkpt><trkpt lat="46.837860375177115" lon="7.973060296382755"><ele>1792.4499816894531</ele></trkpt><trkpt lat="46.83785037510097" lon="7.973080296535045"><ele>1791.6299743652344</ele></trkpt><trkpt lat="46.837840375024825" lon="7.9730902961455286"><ele>1791.0799865722656</ele></trkpt><trkpt lat="46.837840374559164" lon="7.973070295993239"><ele>1789.9499816894531</ele></trkpt><trkpt lat="46.837800374254584" lon="7.973080296069384"><ele>1788.0899963378906</ele></trkpt><trkpt lat="46.837760373950005" lon="7.973030295688659"><ele>1786.219970703125</ele></trkpt><trkpt lat="46.83773037372157" lon="7.973010295536369"><ele>1785.2899780273438</ele></trkpt><trkpt lat="46.83771037356928" lon="7.973020295146853"><ele>1784.97998046875</ele></trkpt><trkpt lat="46.83769037341699" lon="7.973080295138061"><ele>1784.6699829101562</ele></trkpt><trkpt lat="46.837680373806506" lon="7.973120295442641"><ele>1785.6199951171875</ele></trkpt><trkpt lat="46.83766037365422" lon="7.973150295671076"><ele>1785.6199951171875</ele></trkpt><trkpt lat="46.83767037373036" lon="7.973160295281559"><ele>1784.239990234375</ele></trkpt><trkpt lat="46.83767037373036" lon="7.973170295357704"><ele>1784.239990234375</ele></trkpt><trkpt lat="46.83766037365422" lon="7.973180295433849"><ele>1784.239990234375</ele></trkpt><trkpt lat="46.83765037357807" lon="7.973190295044333"><ele>1783.9399719238281</ele></trkpt><trkpt lat="46.837660373188555" lon="7.973210295196623"><ele>1783.3299865722656</ele></trkpt><trkpt lat="46.83763037296012" lon="7.973240294959396"><ele>1782.1099853515625</ele></trkpt><trkpt lat="46.83763037296012" lon="7.973250295035541"><ele>1781.9599914550781</ele></trkpt><trkpt lat="46.837620372883976" lon="7.9732902948744595"><ele>1781.6499938964844</ele></trkpt><trkpt lat="46.83760037319735" lon="7.973320295102894"><ele>1782.4099731445312</ele></trkpt><trkpt lat="46.8375903731212" lon="7.973300294950604"><ele>1782.8699951171875</ele></trkpt><trkpt lat="46.83756037289277" lon="7.973300294950604"><ele>1781.6499938964844</ele></trkpt><trkpt lat="46.837510372977704" lon="7.973250295035541"><ele>1782.719970703125</ele></trkpt><trkpt lat="46.83750037290156" lon="7.973260294646025"><ele>1781.7999877929688</ele></trkpt><trkpt lat="46.83750037290156" lon="7.9732902948744595"><ele>1780.5799865722656</ele></trkpt><trkpt lat="46.83747037220746" lon="7.973330294247717"><ele>1778.5999755859375</ele></trkpt><trkpt lat="46.83746037213132" lon="7.97336029401049"><ele>1777.3799743652344</ele></trkpt><trkpt lat="46.83745037205517" lon="7.97336029401049"><ele>1776.9199829101562</ele></trkpt><trkpt lat="46.83744037197903" lon="7.973390293773264"><ele>1776.4199829101562</ele></trkpt><trkpt lat="46.83741037175059" lon="7.9734802935272455"><ele>1774.6299743652344</ele></trkpt><trkpt lat="46.83740037120879" lon="7.973510293290019"><ele>1773.0799865722656</ele></trkpt><trkpt lat="46.83739037066698" lon="7.973570293281227"><ele>1771.25</ele></trkpt><trkpt lat="46.83737037051469" lon="7.973620293196291"><ele>1770.5199890136719</ele></trkpt><trkpt lat="46.83736037090421" lon="7.973670293111354"><ele>1770.5399780273438</ele></trkpt><trkpt lat="46.83735036989674" lon="7.973750292789191"><ele>1767.5399780273438</ele></trkpt><trkpt lat="46.83733036974445" lon="7.973800292238593"><ele>1765.25</ele></trkpt><trkpt lat="46.83727036928758" lon="7.9738502921536565"><ele>1764.5599975585938</ele></trkpt><trkpt lat="46.837260369211435" lon="7.97390029206872"><ele>1764.3599853515625</ele></trkpt><trkpt lat="46.837240369059145" lon="7.973940291907638"><ele>1762.8299865722656</ele></trkpt><trkpt lat="46.837220368906856" lon="7.973970291670412"><ele>1760.9099731445312</ele></trkpt><trkpt lat="46.83721036836505" lon="7.974000291433185"><ele>1760.0599975585938</ele></trkpt><trkpt lat="46.837200368288904" lon="7.974020291119814"><ele>1759.8399963378906</ele></trkpt><trkpt lat="46.837180368602276" lon="7.974030291195959"><ele>1759.3699951171875</ele></trkpt><trkpt lat="46.83717036852613" lon="7.974040291272104"><ele>1758.9099731445312</ele></trkpt><trkpt lat="46.83715036837384" lon="7.974020291119814"><ele>1758.969970703125</ele></trkpt><trkpt lat="46.837140368297696" lon="7.974020291119814"><ele>1758.5099792480469</ele></trkpt><trkpt lat="46.83713036822155" lon="7.9740402908064425"><ele>1757.4599914550781</ele></trkpt><trkpt lat="46.8371103676036" lon="7.974060290958732"><ele>1756.5999755859375</ele></trkpt><trkpt lat="46.83708036784083" lon="7.974050290882587"><ele>1755.8699951171875</ele></trkpt><trkpt lat="46.83707036776468" lon="7.974050290882587"><ele>1755.5699768066406</ele></trkpt><trkpt lat="46.83705036761239" lon="7.9740402908064425"><ele>1755.2599792480469</ele></trkpt><trkpt lat="46.8370303674601" lon="7.974040290340781"><ele>1754.7799987792969</ele></trkpt><trkpt lat="46.83701036730781" lon="7.974060290493071"><ele>1753.5</ele></trkpt><trkpt lat="46.83699036715552" lon="7.974060290493071"><ele>1753.25</ele></trkpt><trkpt lat="46.83696036739275" lon="7.974040290340781"><ele>1753.489990234375</ele></trkpt><trkpt lat="46.8369403667748" lon="7.974050289951265"><ele>1752.4599914550781</ele></trkpt><trkpt lat="46.83693036669865" lon="7.974100289866328"><ele>1750.5199890136719</ele></trkpt><trkpt lat="46.83692036662251" lon="7.974100289866328"><ele>1750.3999938964844</ele></trkpt><trkpt lat="46.83691036654636" lon="7.974130290094763"><ele>1750.8199768066406</ele></trkpt><trkpt lat="46.83690036647022" lon="7.9741602898575366"><ele>1750.8899841308594</ele></trkpt><trkpt lat="46.83690036647022" lon="7.974180290009826"><ele>1750.75</ele></trkpt><trkpt lat="46.83689036639407" lon="7.974200289696455"><ele>1750.4299926757812</ele></trkpt><trkpt lat="46.83688036678359" lon="7.974200289696455"><ele>1750.3899841308594</ele></trkpt><trkpt lat="46.8368603666313" lon="7.9742102897726"><ele>1750.2699890136719</ele></trkpt><trkpt lat="46.8368603666313" lon="7.97423028992489"><ele>1750.3899841308594</ele></trkpt><trkpt lat="46.836850366555154" lon="7.97423028992489"><ele>1750.2099914550781</ele></trkpt><trkpt lat="46.83684036647901" lon="7.97423028992489"><ele>1749.7899780273438</ele></trkpt><trkpt lat="46.83682036632672" lon="7.974250289611518"><ele>1748.9299926757812</ele></trkpt><trkpt lat="46.83680036617443" lon="7.9742402895353734"><ele>1748.5099792480469</ele></trkpt><trkpt lat="46.836790366098285" lon="7.9742402895353734"><ele>1747.7799987792969</ele></trkpt><trkpt lat="46.836770365945995" lon="7.974240289069712"><ele>1746.7099914550781</ele></trkpt><trkpt lat="46.836750365793705" lon="7.974250289145857"><ele>1745.8599853515625</ele></trkpt><trkpt lat="46.836750365793705" lon="7.974250289145857"><ele>1745.6299743652344</ele></trkpt><trkpt lat="46.83674036571756" lon="7.974250289145857"><ele>1745.4399719238281</ele></trkpt><trkpt lat="46.83674036571756" lon="7.974250289145857"><ele>1745.2599792480469</ele></trkpt><trkpt lat="46.836730365641415" lon="7.974260288756341"><ele>1745.0199890136719</ele></trkpt><trkpt lat="46.836730365175754" lon="7.974270288832486"><ele>1744.4099731445312</ele></trkpt><trkpt lat="46.836730365175754" lon="7.974290288519114"><ele>1743.6899719238281</ele></trkpt><trkpt lat="46.83672036509961" lon="7.974300288595259"><ele>1742.9599914550781</ele></trkpt><trkpt lat="46.836710365023464" lon="7.974310288671404"><ele>1742.1699829101562</ele></trkpt><trkpt lat="46.83670036494732" lon="7.974310288671404"><ele>1741.8599853515625</ele></trkpt><trkpt lat="46.836690364871174" lon="7.974320288281888"><ele>1741.2599792480469</ele></trkpt><trkpt lat="46.83668036479503" lon="7.974330288358033"><ele>1741.2599792480469</ele></trkpt><trkpt lat="46.836670364718884" lon="7.974320288281888"><ele>1741.0699768066406</ele></trkpt><trkpt lat="46.836650364566594" lon="7.974320288281888"><ele>1739.719970703125</ele></trkpt><trkpt lat="46.836630364414304" lon="7.974340287968516"><ele>1739.5899963378906</ele></trkpt><trkpt lat="46.836610364262015" lon="7.974340287968516"><ele>1738.5899963378906</ele></trkpt><trkpt lat="46.83660036418587" lon="7.974340287968516"><ele>1737.7899780273438</ele></trkpt><trkpt lat="46.83658036403358" lon="7.974360287655145"><ele>1737.6099853515625</ele></trkpt><trkpt lat="46.83658036403358" lon="7.974380287807435"><ele>1737.3099975585938</ele></trkpt><trkpt lat="46.836570363957435" lon="7.974380287807435"><ele>1737.0599975585938</ele></trkpt><trkpt lat="46.83656036388129" lon="7.974400287494063"><ele>1736.5799865722656</ele></trkpt><trkpt lat="46.83656036388129" lon="7.974420287646353"><ele>1736.2699890136719</ele></trkpt><trkpt lat="46.83656036341563" lon="7.974440287332982"><ele>1735.969970703125</ele></trkpt><trkpt lat="46.836550363339484" lon="7.974450287409127"><ele>1735.4199829101562</ele></trkpt><trkpt lat="46.83654036326334" lon="7.974470287095755"><ele>1734.6999816894531</ele></trkpt><trkpt lat="46.83654036326334" lon="7.9744802871719"><ele>1733.7799987792969</ele></trkpt><trkpt lat="46.836530363187194" lon="7.974500286858529"><ele>1733.239990234375</ele></trkpt><trkpt lat="46.83652036311105" lon="7.974520287010819"><ele>1732.5099792480469</ele></trkpt><trkpt lat="46.83651036256924" lon="7.974530286621302"><ele>1731.719970703125</ele></trkpt><trkpt lat="46.83649036241695" lon="7.974540286697447"><ele>1730.75</ele></trkpt><trkpt lat="46.836470362730324" lon="7.974550286773592"><ele>1730.75</ele></trkpt><trkpt lat="46.83646036265418" lon="7.974560286384076"><ele>1730.3199768066406</ele></trkpt><trkpt lat="46.83644036250189" lon="7.974550286773592"><ele>1730.5499877929688</ele></trkpt><trkpt lat="46.8364203623496" lon="7.974550286773592"><ele>1730.0599975585938</ele></trkpt><trkpt lat="46.836390362121165" lon="7.974550286307931"><ele>1729.0299987792969</ele></trkpt><trkpt lat="46.83638036204502" lon="7.974550286307931"><ele>1728.7899780273438</ele></trkpt><trkpt lat="46.83638036204502" lon="7.974550286307931"><ele>1728.6099853515625</ele></trkpt><trkpt lat="46.83636036189273" lon="7.974560286384076"><ele>1728.2999877929688</ele></trkpt><trkpt lat="46.83634036174044" lon="7.974550286307931"><ele>1728.0</ele></trkpt><trkpt lat="46.836330361664295" lon="7.9745702859945595"><ele>1727.2099914550781</ele></trkpt><trkpt lat="46.836310361512005" lon="7.9745702859945595"><ele>1726.3599853515625</ele></trkpt><trkpt lat="46.83630036143586" lon="7.9745802860707045"><ele>1725.8799743652344</ele></trkpt><trkpt lat="46.836290361359715" lon="7.974590285681188"><ele>1724.72998046875</ele></trkpt><trkpt lat="46.836290361359715" lon="7.974610285833478"><ele>1724.1899719238281</ele></trkpt><trkpt lat="46.83626036113128" lon="7.974600285291672"><ele>1723.2699890136719</ele></trkpt><trkpt lat="46.836230360902846" lon="7.974620285443962"><ele>1723.1499938964844</ele></trkpt><trkpt lat="46.836210360750556" lon="7.97464028513059"><ele>1722.1199951171875</ele></trkpt><trkpt lat="46.83620036067441" lon="7.97464028513059"><ele>1721.5099792480469</ele></trkpt><trkpt lat="46.83618036052212" lon="7.974650285206735"><ele>1721.2699890136719</ele></trkpt><trkpt lat="46.836170360445976" lon="7.974650285206735"><ele>1721.0299987792969</ele></trkpt><trkpt lat="46.83614036021754" lon="7.974690285045654"><ele>1719.2999877929688</ele></trkpt><trkpt lat="46.83614036021754" lon="7.974710284732282"><ele>1719.0899963378906</ele></trkpt><trkpt lat="46.8361303601414" lon="7.974720284808427"><ele>1718.7699890136719</ele></trkpt><trkpt lat="46.83610035991296" lon="7.974750284571201"><ele>1717.3399963378906</ele></trkpt><trkpt lat="46.83607035968453" lon="7.974800284486264"><ele>1715.8799743652344</ele></trkpt><trkpt lat="46.836050359066576" lon="7.974820284172893"><ele>1714.2699890136719</ele></trkpt><trkpt lat="46.83604035899043" lon="7.974820284172893"><ele>1713.7999877929688</ele></trkpt><trkpt lat="46.836030358914286" lon="7.974830283783376"><ele>1713.1399841308594</ele></trkpt><trkpt lat="46.836010358761996" lon="7.974850283470005"><ele>1711.9199829101562</ele></trkpt><trkpt lat="46.83600035868585" lon="7.974850283470005"><ele>1711.5599975585938</ele></trkpt><trkpt lat="46.835990358609706" lon="7.97486028354615"><ele>1710.9499816894531</ele></trkpt><trkpt lat="46.835970358457416" lon="7.974900283385068"><ele>1710.3399963378906</ele></trkpt><trkpt lat="46.835950358305126" lon="7.974890283308923"><ele>1709.8599853515625</ele></trkpt><trkpt lat="46.83593035815284" lon="7.974920283071697"><ele>1708.5199890136719</ele></trkpt><trkpt lat="46.8359003579244" lon="7.974940282758325"><ele>1707.6099853515625</ele></trkpt><trkpt lat="46.835870357230306" lon="7.974960282910615"><ele>1705.8999938964844</ele></trkpt><trkpt lat="46.83585035754368" lon="7.974970282521099"><ele>1705.469970703125</ele></trkpt><trkpt lat="46.83584035746753" lon="7.974990282673389"><ele>1705.3499755859375</ele></trkpt><trkpt lat="46.83583035739139" lon="7.974990282673389"><ele>1705.6599731445312</ele></trkpt><trkpt lat="46.83582035731524" lon="7.975010282360017"><ele>1705.1099853515625</ele></trkpt><trkpt lat="46.8358103572391" lon="7.975020282436162"><ele>1704.1399841308594</ele></trkpt><trkpt lat="46.835770356468856" lon="7.975060281809419"><ele>1701.7999877929688</ele></trkpt><trkpt lat="46.83576035639271" lon="7.975070281885564"><ele>1700.4399719238281</ele></trkpt><trkpt lat="46.835750355850905" lon="7.975090281572193"><ele>1698.3799743652344</ele></trkpt><trkpt lat="46.83574035577476" lon="7.975120281334966"><ele>1697.2599792480469</ele></trkpt><trkpt lat="46.83572035562247" lon="7.975140281021595"><ele>1696.25</ele></trkpt><trkpt lat="46.83570035500452" lon="7.975160280708224"><ele>1694.8899841308594</ele></trkpt><trkpt lat="46.835690354928374" lon="7.9751702807843685"><ele>1694.3399963378906</ele></trkpt><trkpt lat="46.835690354928374" lon="7.975190280936658"><ele>1693.8899841308594</ele></trkpt><trkpt lat="46.83568035485223" lon="7.975200280547142"><ele>1693.5199890136719</ele></trkpt><trkpt lat="46.835670354776084" lon="7.9751802808605134"><ele>1693.25</ele></trkpt><trkpt lat="46.835670354776084" lon="7.9751702807843685"><ele>1692.97998046875</ele></trkpt><trkpt lat="46.83566035469994" lon="7.975180280394852"><ele>1692.3399963378906</ele></trkpt><trkpt lat="46.835650354623795" lon="7.975180280394852"><ele>1691.8799743652344</ele></trkpt><trkpt lat="46.835650354623795" lon="7.975200280547142"><ele>1691.25</ele></trkpt><trkpt lat="46.83564035408199" lon="7.975220280233771"><ele>1690.6099853515625</ele></trkpt><trkpt lat="46.83563035400584" lon="7.975210280157626"><ele>1690.1099853515625</ele></trkpt><trkpt lat="46.8356203539297" lon="7.975210280157626"><ele>1689.47998046875</ele></trkpt><trkpt lat="46.83561035385355" lon="7.975210280157626"><ele>1688.9399719238281</ele></trkpt><trkpt lat="46.83558035362512" lon="7.975230279378593"><ele>1686.2799987792969</ele></trkpt><trkpt lat="46.83557035308331" lon="7.975240279454738"><ele>1685.3199768066406</ele></trkpt><trkpt lat="46.83556035300717" lon="7.975240279454738"><ele>1685.0</ele></trkpt><trkpt lat="46.83554035285488" lon="7.9752602791413665"><ele>1684.1399841308594</ele></trkpt><trkpt lat="46.835510353092104" lon="7.975280279293656"><ele>1684.3599853515625</ele></trkpt><trkpt lat="46.835490352939814" lon="7.975320279132575"><ele>1683.719970703125</ele></trkpt><trkpt lat="46.835470352787524" lon="7.975380279123783"><ele>1682.3299865722656</ele></trkpt><trkpt lat="46.83547035232186" lon="7.975390278734267"><ele>1682.0099792480469</ele></trkpt><trkpt lat="46.83546035224572" lon="7.975420278962702"><ele>1681.5799865722656</ele></trkpt><trkpt lat="46.83546035224572" lon="7.975430278573185"><ele>1681.2599792480469</ele></trkpt><trkpt lat="46.83545035216957" lon="7.975450278725475"><ele>1680.72998046875</ele></trkpt><trkpt lat="46.83544035209343" lon="7.975460278335959"><ele>1680.1999816894531</ele></trkpt><trkpt lat="46.83544035209343" lon="7.975480278488249"><ele>1679.7699890136719</ele></trkpt><trkpt lat="46.83544035209343" lon="7.975510278251022"><ele>1679.4299926757812</ele></trkpt><trkpt lat="46.83542035194114" lon="7.975500278174877"><ele>1679.0299987792969</ele></trkpt><trkpt lat="46.83540035178885" lon="7.975510278251022"><ele>1678.0999755859375</ele></trkpt><trkpt lat="46.83541035139933" lon="7.975540278013796"><ele>1677.1999816894531</ele></trkpt><trkpt lat="46.83540035132319" lon="7.975580277852714"><ele>1675.8099975585938</ele></trkpt><trkpt lat="46.83539035078138" lon="7.975610277615488"><ele>1674.3399963378906</ele></trkpt><trkpt lat="46.83537035062909" lon="7.975610277615488"><ele>1673.6199951171875</ele></trkpt><trkpt lat="46.8353503504768" lon="7.975640277378261"><ele>1672.2599792480469</ele></trkpt><trkpt lat="46.8353503504768" lon="7.975670277141035"><ele>1671.3499755859375</ele></trkpt><trkpt lat="46.83534035040066" lon="7.975690276827663"><ele>1670.5899963378906</ele></trkpt><trkpt lat="46.83533034985885" lon="7.975700276903808"><ele>1670.0999755859375</ele></trkpt><trkpt lat="46.835320349782705" lon="7.975710276979953"><ele>1669.4299926757812</ele></trkpt><trkpt lat="46.83531034970656" lon="7.975710276979953"><ele>1669.3699951171875</ele></trkpt><trkpt lat="46.83531034970656" lon="7.975720276590437"><ele>1669.0399780273438</ele></trkpt><trkpt lat="46.835300349630415" lon="7.975740276742727"><ele>1668.5699768066406</ele></trkpt><trkpt lat="46.835300349630415" lon="7.975760276429355"><ele>1667.7799987792969</ele></trkpt><trkpt lat="46.83529034955427" lon="7.975760276429355"><ele>1667.4099731445312</ele></trkpt><trkpt lat="46.835280349478126" lon="7.975760276429355"><ele>1667.1499938964844</ele></trkpt><trkpt lat="46.83527034940198" lon="7.97575027635321"><ele>1667.0799865722656</ele></trkpt><trkpt lat="46.835260349325836" lon="7.9757702765055"><ele>1666.0399780273438</ele></trkpt><trkpt lat="46.835240349173546" lon="7.975770276039839"><ele>1665.6899719238281</ele></trkpt><trkpt lat="46.835220349021256" lon="7.975790276192129"><ele>1664.8499755859375</ele></trkpt><trkpt lat="46.83521034894511" lon="7.975800276268274"><ele>1664.6699829101562</ele></trkpt><trkpt lat="46.835200348868966" lon="7.975800275802612"><ele>1664.2999877929688</ele></trkpt><trkpt lat="46.83519034879282" lon="7.975820275954902"><ele>1663.719970703125</ele></trkpt><trkpt lat="46.835180348716676" lon="7.975830275565386"><ele>1662.8099975585938</ele></trkpt><trkpt lat="46.835180348251015" lon="7.975840275641531"><ele>1662.2699890136719</ele></trkpt><trkpt lat="46.83517034817487" lon="7.975860275793821"><ele>1661.6399841308594</ele></trkpt><trkpt lat="46.83513034833595" lon="7.975890275556594"><ele>1660.5499877929688</ele></trkpt><trkpt lat="46.83511034818366" lon="7.975900275167078"><ele>1660.1899719238281</ele></trkpt><trkpt lat="46.83509034803137" lon="7.975910275243223"><ele>1660.0199890136719</ele></trkpt><trkpt lat="46.83508034795523" lon="7.975930275395513"><ele>1659.3699951171875</ele></trkpt><trkpt lat="46.83508034795523" lon="7.975930275395513"><ele>1659.1599731445312</ele></trkpt><trkpt lat="46.83507034787908" lon="7.975950275082141"><ele>1658.739990234375</ele></trkpt><trkpt lat="46.83506034780294" lon="7.975980274844915"><ele>1657.989990234375</ele></trkpt><trkpt lat="46.83504034765065" lon="7.9760002749972045"><ele>1657.6899719238281</ele></trkpt><trkpt lat="46.83502034749836" lon="7.9760002749972045"><ele>1657.4499816894531</ele></trkpt><trkpt lat="46.83500034734607" lon="7.976030274759978"><ele>1657.1299743652344</ele></trkpt><trkpt lat="46.83500034734607" lon="7.976060274522752"><ele>1655.8399963378906</ele></trkpt><trkpt lat="46.83495034696534" lon="7.9761402742005885"><ele>1653.97998046875</ele></trkpt><trkpt lat="46.83494034642354" lon="7.976200274191797"><ele>1652.72998046875</ele></trkpt><trkpt lat="46.83495034603402" lon="7.976290273945779"><ele>1651.489990234375</ele></trkpt><trkpt lat="46.834940345957875" lon="7.976320273708552"><ele>1650.5599975585938</ele></trkpt><trkpt lat="46.834920345805585" lon="7.976340273860842"><ele>1650.25</ele></trkpt><trkpt lat="46.834900345653296" lon="7.976340273860842"><ele>1649.6299743652344</ele></trkpt><trkpt lat="46.834880345501006" lon="7.976370273157954"><ele>1647.7699890136719</ele></trkpt><trkpt lat="46.8348703449592" lon="7.9764402732253075"><ele>1646.219970703125</ele></trkpt><trkpt lat="46.834840345196426" lon="7.976460272911936"><ele>1645.2799987792969</ele></trkpt><trkpt lat="46.83483034465462" lon="7.976480272598565"><ele>1644.0399780273438</ele></trkpt><trkpt lat="46.83485034434125" lon="7.976530272513628"><ele>1642.7999877929688</ele></trkpt><trkpt lat="46.83486034441739" lon="7.976560272742063"><ele>1642.489990234375</ele></trkpt><trkpt lat="46.83487034402788" lon="7.9766402724199"><ele>1641.25</ele></trkpt><trkpt lat="46.83489034418017" lon="7.976670272182673"><ele>1640.9399719238281</ele></trkpt><trkpt lat="46.834910343866795" lon="7.976750272326171"><ele>1640.0099792480469</ele></trkpt><trkpt lat="46.83492034394294" lon="7.976810271851718"><ele>1639.0799865722656</ele></trkpt><trkpt lat="46.834930343553424" lon="7.976870271842927"><ele>1637.2899780273438</ele></trkpt><trkpt lat="46.83493034308776" lon="7.976890271529555"><ele>1636.6999816894531</ele></trkpt><trkpt lat="46.83492034301162" lon="7.976930271368474"><ele>1635.8499755859375</ele></trkpt><trkpt lat="46.83493034308776" lon="7.976970271207392"><ele>1635.0599975585938</ele></trkpt><trkpt lat="46.83490034239367" lon="7.9770302711986005"><ele>1633.489990234375</ele></trkpt><trkpt lat="46.83491034246981" lon="7.977050270885229"><ele>1633.1799926757812</ele></trkpt><trkpt lat="46.83493034215644" lon="7.977180270943791"><ele>1631.6199951171875</ele></trkpt><trkpt lat="46.834940341766924" lon="7.977300270460546"><ele>1629.7599792480469</ele></trkpt><trkpt lat="46.83493034169078" lon="7.977330270688981"><ele>1629.5299987792969</ele></trkpt><trkpt lat="46.83493034169078" lon="7.977360270451754"><ele>1628.7899780273438</ele></trkpt><trkpt lat="46.83491034153849" lon="7.977390270214528"><ele>1627.6199951171875</ele></trkpt><trkpt lat="46.834900341462344" lon="7.977410269901156"><ele>1627.0799865722656</ele></trkpt><trkpt lat="46.834900341462344" lon="7.977430270053446"><ele>1627.0499877929688</ele></trkpt><trkpt lat="46.83493034122512" lon="7.977440270129591"><ele>1627.3899841308594</ele></trkpt><trkpt lat="46.83495034137741" lon="7.977470269892365"><ele>1627.2799987792969</ele></trkpt><trkpt lat="46.83498034114018" lon="7.9775002701207995"><ele>1627.0999755859375</ele></trkpt><trkpt lat="46.83500034129247" lon="7.977520269807428"><ele>1626.7799987792969</ele></trkpt><trkpt lat="46.835010340902954" lon="7.977540269959718"><ele>1626.2099914550781</ele></trkpt><trkpt lat="46.83500034082681" lon="7.977560269646347"><ele>1625.75</ele></trkpt><trkpt lat="46.83498034067452" lon="7.977600269950926"><ele>1625.0299987792969</ele></trkpt><trkpt lat="46.834990340750664" lon="7.977620269637555"><ele>1624.1699829101562</ele></trkpt><trkpt lat="46.83503034058958" lon="7.9776302692480385"><ele>1623.239990234375</ele></trkpt><trkpt lat="46.835060340352356" lon="7.977660269476473"><ele>1622.0</ele></trkpt><trkpt lat="46.83507033996284" lon="7.977700269315392"><ele>1621.47998046875</ele></trkpt><trkpt lat="46.835080340038985" lon="7.97774026915431"><ele>1620.7599792480469</ele></trkpt><trkpt lat="46.83512033941224" lon="7.977860268671066"><ele>1618.8999938964844</ele></trkpt><trkpt lat="46.83516033925116" lon="7.9779402683489025"><ele>1617.0299987792969</ele></trkpt><trkpt lat="46.835170338861644" lon="7.978000268340111"><ele>1615.7899780273438</ele></trkpt><trkpt lat="46.835170338861644" lon="7.978040268179029"><ele>1614.8599853515625</ele></trkpt><trkpt lat="46.835170338861644" lon="7.9781102682463825"><ele>1614.239990234375</ele></trkpt><trkpt lat="46.83515033824369" lon="7.978140268009156"><ele>1613.3099975585938</ele></trkpt><trkpt lat="46.8351303380914" lon="7.978200267534703"><ele>1612.3799743652344</ele></trkpt><trkpt lat="46.83508033771068" lon="7.978310267440975"><ele>1610.1999816894531</ele></trkpt><trkpt lat="46.83508033771068" lon="7.978350267279893"><ele>1609.2699890136719</ele></trkpt><trkpt lat="46.83509033732116" lon="7.9784002671949565"><ele>1608.0299987792969</ele></trkpt><trkpt lat="46.83509033732116" lon="7.978460266720504"><ele>1606.7899780273438</ele></trkpt><trkpt lat="46.83511033700779" lon="7.978510266635567"><ele>1605.8599853515625</ele></trkpt><trkpt lat="46.835100336931646" lon="7.97858026670292"><ele>1605.239990234375</ele></trkpt><trkpt lat="46.835100336465985" lon="7.978630266617984"><ele>1604.2999877929688</ele></trkpt><trkpt lat="46.83511033654213" lon="7.978670266456902"><ele>1603.3599853515625</ele></trkpt><trkpt lat="46.83512033615261" lon="7.978690266143531"><ele>1603.0399780273438</ele></trkpt><trkpt lat="46.83511033607647" lon="7.9787102662958205"><ele>1602.719970703125</ele></trkpt><trkpt lat="46.83511033607647" lon="7.978730265982449"><ele>1602.5</ele></trkpt><trkpt lat="46.83511033607647" lon="7.978750266134739"><ele>1602.1799926757812</ele></trkpt><trkpt lat="46.83510033600032" lon="7.978780265897512"><ele>1601.8599853515625</ele></trkpt><trkpt lat="46.83510033600032" lon="7.978800266049802"><ele>1601.5399780273438</ele></trkpt><trkpt lat="46.83512033568695" lon="7.9789502657949924"><ele>1600.0999755859375</ele></trkpt><trkpt lat="46.83511033561081" lon="7.979000265710056"><ele>1598.5999755859375</ele></trkpt><trkpt lat="46.835110335145146" lon="7.979040265548974"><ele>1597.75</ele></trkpt><trkpt lat="46.835100335069" lon="7.979060265235603"><ele>1597.0</ele></trkpt><trkpt lat="46.835070334840566" lon="7.979110265150666"><ele>1596.22998046875</ele></trkpt><trkpt lat="46.83506033476442" lon="7.97914026491344"><ele>1595.5</ele></trkpt><trkpt lat="46.83504033461213" lon="7.979190264828503"><ele>1594.3699951171875</ele></trkpt><trkpt lat="46.835030334535986" lon="7.979270264972001"><ele>1593.75</ele></trkpt><trkpt lat="46.83504033414647" lon="7.9793102643452585"><ele>1592.1999816894531</ele></trkpt><trkpt lat="46.83499033423141" lon="7.979340264573693"><ele>1591.5799865722656</ele></trkpt><trkpt lat="46.8349803336896" lon="7.979370264336467"><ele>1590.9599914550781</ele></trkpt><trkpt lat="46.83497033407912" lon="7.979390264488757"><ele>1590.9599914550781</ele></trkpt><trkpt lat="46.834970333613455" lon="7.9794702641665936"><ele>1589.3999938964844</ele></trkpt><trkpt lat="46.834950333461165" lon="7.979500263929367"><ele>1589.0899963378906</ele></trkpt><trkpt lat="46.83494033338502" lon="7.97957026399672"><ele>1587.5399780273438</ele></trkpt><trkpt lat="46.83492033323273" lon="7.979610263835639"><ele>1586.9199829101562</ele></trkpt><trkpt lat="46.834930332843214" lon="7.979650263674557"><ele>1585.6799926757812</ele></trkpt><trkpt lat="46.83495033252984" lon="7.979740262962878"><ele>1583.8199768066406</ele></trkpt><trkpt lat="46.83495033206418" lon="7.979790262877941"><ele>1583.0099792480469</ele></trkpt><trkpt lat="46.83495033206418" lon="7.979810263030231"><ele>1582.4299926757812</ele></trkpt><trkpt lat="46.83494033198804" lon="7.979820263106376"><ele>1581.97998046875</ele></trkpt><trkpt lat="46.83492033183575" lon="7.979860262945294"><ele>1581.1899719238281</ele></trkpt><trkpt lat="46.8349103317596" lon="7.979900262784213"><ele>1580.1999816894531</ele></trkpt><trkpt lat="46.834900331217796" lon="7.979970262385905"><ele>1578.6499938964844</ele></trkpt><trkpt lat="46.83489033114165" lon="7.97998026246205"><ele>1578.5899963378906</ele></trkpt><trkpt lat="46.834880331065506" lon="7.980000262148678"><ele>1578.0799865722656</ele></trkpt><trkpt lat="46.834860330913216" lon="7.9800702622160316"><ele>1577.1299743652344</ele></trkpt><trkpt lat="46.83485033083707" lon="7.98011026205495"><ele>1576.3999938964844</ele></trkpt><trkpt lat="46.834820330608636" lon="7.980160261970013"><ele>1575.4099731445312</ele></trkpt><trkpt lat="46.83481033053249" lon="7.980170261580497"><ele>1575.1399841308594</ele></trkpt><trkpt lat="46.83479033084586" lon="7.980180261656642"><ele>1575.1899719238281</ele></trkpt><trkpt lat="46.83477033069357" lon="7.980190261732787"><ele>1574.8699951171875</ele></trkpt><trkpt lat="46.83473033038899" lon="7.98022026149556"><ele>1573.8399963378906</ele></trkpt><trkpt lat="46.8347103302367" lon="7.980260261334479"><ele>1573.3099975585938</ele></trkpt><trkpt lat="46.83468033000827" lon="7.980300261639059"><ele>1572.739990234375</ele></trkpt><trkpt lat="46.834650330245495" lon="7.980320261325687"><ele>1572.2799987792969</ele></trkpt><trkpt lat="46.83460032986477" lon="7.980350261088461"><ele>1571.8499755859375</ele></trkpt><trkpt lat="46.83456033002585" lon="7.9803802613168955"><ele>1571.5799865722656</ele></trkpt><trkpt lat="46.83450032956898" lon="7.980470261070877"><ele>1570.3299865722656</ele></trkpt><trkpt lat="46.834420329425484" lon="7.980590261053294"><ele>1569.5199890136719</ele></trkpt><trkpt lat="46.83434032974765" lon="7.980610261205584"><ele>1570.5899963378906</ele></trkpt><trkpt lat="46.83432032959536" lon="7.980640260968357"><ele>1570.8999938964844</ele></trkpt><trkpt lat="46.83430032990873" lon="7.980690261349082"><ele>1571.72998046875</ele></trkpt><trkpt lat="46.83428032975644" lon="7.9807202611118555"><ele>1571.8199768066406</ele></trkpt><trkpt lat="46.83426033006981" lon="7.980740261264145"><ele>1572.3199768066406</ele></trkpt><trkpt lat="46.83423033030704" lon="7.980760261416435"><ele>1572.6599731445312</ele></trkpt><trkpt lat="46.83422033023089" lon="7.980780261568725"><ele>1573.1999816894531</ele></trkpt><trkpt lat="46.8342003300786" lon="7.980810261331499"><ele>1573.2999877929688</ele></trkpt><trkpt lat="46.83419033046812" lon="7.980850261636078"><ele>1573.4099731445312</ele></trkpt><trkpt lat="46.83417033031583" lon="7.980930261313915"><ele>1573.1999816894531</ele></trkpt><trkpt lat="46.83416033023968" lon="7.98098026169464"><ele>1572.97998046875</ele></trkpt><trkpt lat="46.83416033023968" lon="7.981070261448622"><ele>1572.5499877929688</ele></trkpt><trkpt lat="46.83415033016354" lon="7.981090261600912"><ele>1572.5499877929688</ele></trkpt><trkpt lat="46.83414033008739" lon="7.98113026143983"><ele>1572.6899719238281</ele></trkpt><trkpt lat="46.834060329943895" lon="7.981210261117667"><ele>1571.5499877929688</ele></trkpt><trkpt lat="46.834020329639316" lon="7.981270261108875"><ele>1570.7999877929688</ele></trkpt><trkpt lat="46.83396032964811" lon="7.981300260871649"><ele>1569.6599731445312</ele></trkpt><trkpt lat="46.83392032934353" lon="7.981340260710567"><ele>1568.8099975585938</ele></trkpt><trkpt lat="46.83390032919124" lon="7.981350260786712"><ele>1568.719970703125</ele></trkpt><trkpt lat="46.8338703289628" lon="7.981390260625631"><ele>1568.219970703125</ele></trkpt><trkpt lat="46.83384032920003" lon="7.981460260692984"><ele>1567.3799743652344</ele></trkpt><trkpt lat="46.83382032904774" lon="7.981510260608047"><ele>1566.5599975585938</ele></trkpt><trkpt lat="46.833810328971595" lon="7.981540260370821"><ele>1566.2099914550781</ele></trkpt><trkpt lat="46.833790328819305" lon="7.981570260133594"><ele>1565.6499938964844</ele></trkpt><trkpt lat="46.833750328514725" lon="7.981610259972513"><ele>1564.6499938964844</ele></trkpt><trkpt lat="46.833690328057855" lon="7.98169025965035"><ele>1562.22998046875</ele></trkpt><trkpt lat="46.833650327753276" lon="7.9817102598026395"><ele>1561.0399780273438</ele></trkpt><trkpt lat="46.83362032752484" lon="7.981750259641558"><ele>1560.4199829101562</ele></trkpt><trkpt lat="46.833610327448696" lon="7.9817702593281865"><ele>1560.0699768066406</ele></trkpt><trkpt lat="46.83360032737255" lon="7.981800259556621"><ele>1559.7099914550781</ele></trkpt><trkpt lat="46.83358032722026" lon="7.981830259319395"><ele>1559.0499877929688</ele></trkpt><trkpt lat="46.833550326991826" lon="7.981860259082168"><ele>1558.4399719238281</ele></trkpt><trkpt lat="46.83354032738134" lon="7.981880259234458"><ele>1558.3099975585938</ele></trkpt><trkpt lat="46.83354032691568" lon="7.981900258921087"><ele>1558.22998046875</ele></trkpt><trkpt lat="46.83354032691568" lon="7.981920259073377"><ele>1558.1699829101562</ele></trkpt><trkpt lat="46.83334032678977" lon="7.981960258912295"><ele>1555.6399841308594</ele></trkpt><trkpt lat="46.83327032625675" lon="7.981990258675069"><ele>1554.719970703125</ele></trkpt><trkpt lat="46.83322032634169" lon="7.982020258437842"><ele>1554.0399780273438</ele></trkpt><trkpt lat="46.83316032588482" lon="7.9820702583529055"><ele>1553.0299987792969</ele></trkpt><trkpt lat="46.833090325817466" lon="7.982170258183032"><ele>1551.8499755859375</ele></trkpt><trkpt lat="46.83301032567397" lon="7.982280258089304"><ele>1550.4099731445312</ele></trkpt><trkpt lat="46.83299032552168" lon="7.982330258004367"><ele>1549.9499816894531</ele></trkpt><trkpt lat="46.83289032522589" lon="7.982470257673413"><ele>1548.2099914550781</ele></trkpt><trkpt lat="46.832820324692875" lon="7.9825402572751045"><ele>1547.2099914550781</ele></trkpt><trkpt lat="46.832690324634314" lon="7.982660257257521"><ele>1545.25</ele></trkpt><trkpt lat="46.832530323881656" lon="7.9827802567742765"><ele>1542.7699890136719</ele></trkpt><trkpt lat="46.83241032343358" lon="7.9828502563759685"><ele>1541.1099853515625</ele></trkpt><trkpt lat="46.83233032329008" lon="7.982890256214887"><ele>1540.0</ele></trkpt><trkpt lat="46.83202032232657" lon="7.9829702554270625"><ele>1535.6799926757812</ele></trkpt><trkpt lat="46.83185032196343" lon="7.983010255265981"><ele>1533.5999755859375</ele></trkpt><trkpt lat="46.83175032166764" lon="7.9830302549526095"><ele>1532.5399780273438</ele></trkpt><trkpt lat="46.831630321685225" lon="7.983040254563093"><ele>1530.989990234375</ele></trkpt><trkpt lat="46.83149032108486" lon="7.983030254486948"><ele>1529.2999877929688</ele></trkpt><trkpt lat="46.83133032079786" lon="7.9830002542585135"><ele>1527.3199768066406</ele></trkpt><trkpt lat="46.83126032073051" lon="7.982980254106224"><ele>1526.3199768066406</ele></trkpt><trkpt lat="46.83094031969085" lon="7.982840253505856"><ele>1521.9499816894531</ele></trkpt><trkpt lat="46.83073031902313" lon="7.982760252896696"><ele>1519.0799865722656</ele></trkpt><trkpt lat="46.83058031834662" lon="7.982670252677053"><ele>1516.7799987792969</ele></trkpt><trkpt lat="46.83047031844035" lon="7.982610252220184"><ele>1515.2799987792969</ele></trkpt><trkpt lat="46.83035031799227" lon="7.982560251839459"><ele>1513.8899841308594</ele></trkpt><trkpt lat="46.83031031768769" lon="7.9825202520005405"><ele>1513.3499755859375</ele></trkpt><trkpt lat="46.83027031784877" lon="7.982440251857042"><ele>1512.22998046875</ele></trkpt><trkpt lat="46.83023031754419" lon="7.982380251400173"><ele>1511.219970703125</ele></trkpt><trkpt lat="46.83018031716347" lon="7.982330251485109"><ele>1510.4099731445312</ele></trkpt><trkpt lat="46.83012031717226" lon="7.9823002512566745"><ele>1509.6699829101562</ele></trkpt><trkpt lat="46.829990316648036" lon="7.98227025102824"><ele>1508.0599975585938</ele></trkpt><trkpt lat="46.82970031583682" lon="7.982180250342935"><ele>1504.0099792480469</ele></trkpt><trkpt lat="46.82960031554103" lon="7.9821602501906455"><ele>1502.8399963378906</ele></trkpt><trkpt lat="46.829510315321386" lon="7.9821502501145005"><ele>1501.5599975585938</ele></trkpt><trkpt lat="46.829380315262824" lon="7.982170249801129"><ele>1499.9399719238281</ele></trkpt><trkpt lat="46.8292503147386" lon="7.982200249563903"><ele>1498.6499938964844</ele></trkpt><trkpt lat="46.82902031438425" lon="7.982300248928368"><ele>1495.6599731445312</ele></trkpt><trkpt lat="46.828920314088464" lon="7.982310249004513"><ele>1494.5</ele></trkpt><trkpt lat="46.82885031355545" lon="7.982320248614997"><ele>1493.4099731445312</ele></trkpt><trkpt lat="46.828760313335806" lon="7.982310248538852"><ele>1492.3299865722656</ele></trkpt><trkpt lat="46.82871031342074" lon="7.982310248538852"><ele>1491.6799926757812</ele></trkpt><trkpt lat="46.828650313429534" lon="7.982290248386562"><ele>1491.0999755859375</ele></trkpt><trkpt lat="46.828590312972665" lon="7.982260248158127"><ele>1490.469970703125</ele></trkpt><trkpt lat="46.828550313133746" lon="7.982220248319209"><ele>1489.97998046875</ele></trkpt><trkpt lat="46.82851031282917" lon="7.982170247938484"><ele>1489.3999938964844</ele></trkpt><trkpt lat="46.82845031283796" lon="7.982100247871131"><ele>1488.6299743652344</ele></trkpt><trkpt lat="46.82845031283796" lon="7.982100247871131"><ele>1488.3299865722656</ele></trkpt></trkseg></trk></gpx>