<?xml version="1.0" encoding="utf-8"?><gpx version="1.1" creator="MySchweizMobil - https://map.schweizmobil.ch/" xmlns:xsi="http://www.w3.org/2001/XMLSchema-instance" xmlns="http://www.topografix.com/GPX/1/1" xsi:schemaLocation="http://www.topografix.com/GPX/1/1 http://www.topografix.com/GPX/1/1/gpx.xsd"><metadata><name>Eigergletscher to Alpiglen</name><bounds minlat="46.57538047339767" minlon="7.973590380977839" maxlat="46.60049033164978" maxlon="8.012160291429609" /></metadata><trk><name>Eigergletscher to Alpiglen</name><trkseg><trkpt lat="46.57538047339767" lon="7.973590380977839"><ele>2328.189971923828</ele></trkpt><trkpt lat="46.57538047339767" lon="7.973590380977839"><ele>2328.4099731445312</ele></trkpt><trkpt lat="46.57542047323659" lon="7.973620381206274"><ele>2329.489990234375</ele></trkpt><trkpt lat="46.57546047354117" lon="7.973650381434709"><ele>2330.759979248047</ele></trkpt><trkpt lat="46.57548047369346" lon="7.973670381586999"><ele>2331.1599731445312</ele></trkpt><trkpt lat="46.57563047390431" lon="7.973890381865203"><ele>2332.7999877929688</ele></trkpt><trkpt lat="46.57566047413275" lon="7.973930381704122"><ele>2332.759979248047</ele></trkpt><trkpt lat="46.57567047420889" lon="7.973940381780267"><ele>2332.75</ele></trkpt><trkpt lat="46.57567047420889" lon="7.973940381780267"><ele>2332.75</ele></trkpt><trkpt lat="46.57567047420889" lon="7.973940381780267"><ele>2332.75</ele></trkpt><trkpt lat="46.57566047413275" lon="7.9739803820848465"><ele>2332.959991455078</ele></trkpt><trkpt lat="46.5756504740566" lon="7.97401038184762"><ele>2333.0999755859375</ele></trkpt><trkpt lat="46.57564047444612" lon="7.974080381914973"><ele>2333.72998046875</ele></trkpt><trkpt lat="46.57564047444612" lon="7.974120382219553"><ele>2334.0999755859375</ele></trkpt><trkpt lat="46.575610474683344" lon="7.97424038220197"><ele>2334.5999755859375</ele></trkpt><trkpt lat="46.5756004746072" lon="7.974340382032096"><ele>2334.949981689453</ele></trkpt><trkpt lat="46.57556047476828" lon="7.9746103822253644"><ele>2335.699981689453</ele></trkpt><trkpt lat="46.5755204744637" lon="7.974760382436216"><ele>2335.699981689453</ele></trkpt><trkpt lat="46.57550047477707" lon="7.974920382723212"><ele>2336.2999877929688</ele></trkpt><trkpt lat="46.57550047477707" lon="7.975020382553339"><ele>2337.2999877929688</ele></trkpt><trkpt lat="46.57551047485322" lon="7.975090382620692"><ele>2336.5999755859375</ele></trkpt><trkpt lat="46.57552047492936" lon="7.975190382450819"><ele>2336.7999877929688</ele></trkpt><trkpt lat="46.57551047485322" lon="7.975310382898897"><ele>2337.199981689453</ele></trkpt><trkpt lat="46.575480475556105" lon="7.9754403829574585"><ele>2340.0</ele></trkpt><trkpt lat="46.575480475556105" lon="7.975530383177102"><ele>2340.0999755859375</ele></trkpt><trkpt lat="46.57552047399804" lon="7.975700381677598"><ele>2331.5999755859375</ele></trkpt><trkpt lat="46.5755604733713" lon="7.975900381337851"><ele>2328.3999938964844</ele></trkpt><trkpt lat="46.575580473057926" lon="7.976030381396413"><ele>2328.5999755859375</ele></trkpt><trkpt lat="46.57559047313407" lon="7.976080381311476"><ele>2327.0999755859375</ele></trkpt><trkpt lat="46.575640473049134" lon="7.97630038112402"><ele>2326.3999938964844</ele></trkpt><trkpt lat="46.57567047281191" lon="7.976350381039083"><ele>2326.3999938964844</ele></trkpt><trkpt lat="46.57571047311649" lon="7.976420381106436"><ele>2327.0999755859375</ele></trkpt><trkpt lat="46.57576047256589" lon="7.976460380945355"><ele>2325.5799865722656</ele></trkpt><trkpt lat="46.57589047215879" lon="7.976500380318612"><ele>2322.5</ele></trkpt><trkpt lat="46.57591047184542" lon="7.976530380547047"><ele>2322.3999938964844</ele></trkpt><trkpt lat="46.57596047176048" lon="7.97658038046211"><ele>2321.8999938964844</ele></trkpt><trkpt lat="46.57602047128603" lon="7.976630379911512"><ele>2319.699981689453</ele></trkpt><trkpt lat="46.57606047159061" lon="7.9766803798265755"><ele>2319.279998779297</ele></trkpt><trkpt lat="46.57609047135338" lon="7.97671038005501"><ele>2319.199981689453</ele></trkpt><trkpt lat="46.57615047134459" lon="7.976840379647911"><ele>2318.7999877929688</ele></trkpt><trkpt lat="46.576160470955074" lon="7.976870379876345"><ele>2317.959991455078</ele></trkpt><trkpt lat="46.57619047118351" lon="7.976930379401892"><ele>2317.199981689453</ele></trkpt><trkpt lat="46.57620047079399" lon="7.976970379706472"><ele>2316.6799926757812</ele></trkpt><trkpt lat="46.57622047048062" lon="7.977050379384309"><ele>2315.5999755859375</ele></trkpt><trkpt lat="46.57628047047183" lon="7.977120378986001"><ele>2314.269989013672</ele></trkpt><trkpt lat="46.57630047015846" lon="7.977140379138291"><ele>2313.699981689453</ele></trkpt><trkpt lat="46.57632047031075" lon="7.977190379053354"><ele>2312.97998046875</ele></trkpt><trkpt lat="46.576340469997376" lon="7.977230378892273"><ele>2312.199981689453</ele></trkpt><trkpt lat="46.576380469836295" lon="7.977340378332883"><ele>2310.5999755859375</ele></trkpt><trkpt lat="46.57642046920955" lon="7.97748037846759"><ele>2309.199981689453</ele></trkpt><trkpt lat="46.57645046943799" lon="7.977550378069282"><ele>2308.2999877929688</ele></trkpt><trkpt lat="46.576490468811244" lon="7.9777203775011"><ele>2305.0999755859375</ele></trkpt><trkpt lat="46.57650046842173" lon="7.9777203775011"><ele>2304.6799926757812</ele></trkpt><trkpt lat="46.57651046849787" lon="7.9777203775011"><ele>2304.5999755859375</ele></trkpt><trkpt lat="46.57651046849787" lon="7.9776903772726655"><ele>2303.7999877929688</ele></trkpt><trkpt lat="46.576520468108356" lon="7.977670377586037"><ele>2303.2999877929688</ele></trkpt><trkpt lat="46.576520468108356" lon="7.977680377196521"><ele>2302.8899841308594</ele></trkpt><trkpt lat="46.576560467947274" lon="7.977730377111584"><ele>2301.5</ele></trkpt><trkpt lat="46.5765804676339" lon="7.9777603768743575"><ele>2300.6099853515625</ele></trkpt><trkpt lat="46.57660046732053" lon="7.977800376713276"><ele>2299.5</ele></trkpt><trkpt lat="46.576630467083305" lon="7.977900376543403"><ele>2297.8999938964844</ele></trkpt><trkpt lat="46.57669046660885" lon="7.978080376051366"><ele>2295.75</ele></trkpt><trkpt lat="46.576700466685" lon="7.978110376279801"><ele>2295.5</ele></trkpt><trkpt lat="46.576700466685" lon="7.97813037596643"><ele>2295.1699829101562</ele></trkpt><trkpt lat="46.57671046676114" lon="7.978200376033783"><ele>2294.7999877929688</ele></trkpt><trkpt lat="46.576740466058254" lon="7.97828037571162"><ele>2293.4299926757812</ele></trkpt><trkpt lat="46.5767504661344" lon="7.97830037586391"><ele>2293.1299743652344</ele></trkpt><trkpt lat="46.57678046589717" lon="7.9783903756178916"><ele>2292.0</ele></trkpt><trkpt lat="46.576830465812236" lon="7.978520375210792"><ele>2290.0</ele></trkpt><trkpt lat="46.57686046557501" lon="7.978570375125855"><ele>2289.0</ele></trkpt><trkpt lat="46.57692046510056" lon="7.978680375032127"><ele>2288.2999877929688</ele></trkpt><trkpt lat="46.57695046486333" lon="7.978720374871045"><ele>2287.0999755859375</ele></trkpt><trkpt lat="46.57708046399057" lon="7.9788203737698495"><ele>2281.199981689453</ele></trkpt><trkpt lat="46.57711046375334" lon="7.978870373684913"><ele>2280.8999938964844</ele></trkpt><trkpt lat="46.577140463516116" lon="7.978910373523831"><ele>2279.2999877929688</ele></trkpt><trkpt lat="46.57721046311781" lon="7.978970373049378"><ele>2276.7999877929688</ele></trkpt><trkpt lat="46.57730046240613" lon="7.978990372736007"><ele>2272.97998046875</ele></trkpt><trkpt lat="46.577340461779386" lon="7.978990372270346"><ele>2271.3999938964844</ele></trkpt><trkpt lat="46.577360461931676" lon="7.9790103724226356"><ele>2271.0</ele></trkpt><trkpt lat="46.577380461618304" lon="7.979050372261554"><ele>2270.7899780273438</ele></trkpt><trkpt lat="46.577400461770594" lon="7.979070372413844"><ele>2271.0</ele></trkpt><trkpt lat="46.57747046183795" lon="7.979120372328907"><ele>2270.3999938964844</ele></trkpt><trkpt lat="46.57754046143964" lon="7.979170371778309"><ele>2267.8099975585938</ele></trkpt><trkpt lat="46.57757046120241" lon="7.979200371541083"><ele>2267.0999755859375</ele></trkpt><trkpt lat="46.57766046049073" lon="7.979270371142775"><ele>2264.199981689453</ele></trkpt><trkpt lat="46.5777604598552" lon="7.979380370583385"><ele>2261.5899963378906</ele></trkpt><trkpt lat="46.57780046015978" lon="7.97939037065953"><ele>2262.0</ele></trkpt><trkpt lat="46.57780045969412" lon="7.97939037065953"><ele>2260.3599853515625</ele></trkpt><trkpt lat="46.57781045977026" lon="7.979380370583385"><ele>2259.5899963378906</ele></trkpt><trkpt lat="46.5778104593046" lon="7.97935037035495"><ele>2258.5999755859375</ele></trkpt><trkpt lat="46.5778104593046" lon="7.9793403702788055"><ele>2258.8999938964844</ele></trkpt><trkpt lat="46.5778104593046" lon="7.979310370050371"><ele>2257.3799743652344</ele></trkpt><trkpt lat="46.5778104593046" lon="7.979300369974226"><ele>2257.699981689453</ele></trkpt><trkpt lat="46.57781045883894" lon="7.979260370135307"><ele>2256.3999938964844</ele></trkpt><trkpt lat="46.57781045883894" lon="7.979260370135307"><ele>2256.279998779297</ele></trkpt><trkpt lat="46.57784045860171" lon="7.979270369745791"><ele>2255.5999755859375</ele></trkpt><trkpt lat="46.577910458203405" lon="7.979320369660854"><ele>2253.8499755859375</ele></trkpt><trkpt lat="46.57794045843184" lon="7.979350369423628"><ele>2252.8999938964844</ele></trkpt><trkpt lat="46.57798045827076" lon="7.979380369186401"><ele>2252.0999755859375</ele></trkpt><trkpt lat="46.578060457482934" lon="7.979440368711948"><ele>2249.699981689453</ele></trkpt><trkpt lat="46.57812045747414" lon="7.979490368627012"><ele>2248.6499938964844</ele></trkpt><trkpt lat="46.578170457389206" lon="7.979520368855447"><ele>2248.0</ele></trkpt><trkpt lat="46.57826045714319" lon="7.979560368228704"><ele>2246.2999877929688</ele></trkpt><trkpt lat="46.57833045674488" lon="7.9795903684571385"><ele>2245.5999755859375</ele></trkpt><trkpt lat="46.57842045649886" lon="7.979620368219912"><ele>2244.5599975585938</ele></trkpt><trkpt lat="46.578490456566215" lon="7.979620368219912"><ele>2244.8599853515625</ele></trkpt><trkpt lat="46.57850045664236" lon="7.979620368219912"><ele>2245.199981689453</ele></trkpt><trkpt lat="46.578590456862" lon="7.97968036821112"><ele>2245.199981689453</ele></trkpt><trkpt lat="46.57863045670092" lon="7.979720368050039"><ele>2244.699981689453</ele></trkpt><trkpt lat="46.578660456463695" lon="7.979750367812812"><ele>2244.1299743652344</ele></trkpt><trkpt lat="46.57869045622647" lon="7.979790368117392"><ele>2243.5</ele></trkpt><trkpt lat="46.578770456369966" lon="7.979860367719084"><ele>2243.199981689453</ele></trkpt><trkpt lat="46.57880045613274" lon="7.979870367795229"><ele>2242.7999877929688</ele></trkpt><trkpt lat="46.57882045628503" lon="7.979880367871374"><ele>2242.459991455078</ele></trkpt><trkpt lat="46.57884045643732" lon="7.979900368023664"><ele>2242.7999877929688</ele></trkpt><trkpt lat="46.57888045627624" lon="7.9799003675580025"><ele>2242.0999755859375</ele></trkpt><trkpt lat="46.57890045596287" lon="7.979910367634147"><ele>2241.8399963378906</ele></trkpt><trkpt lat="46.57891045603901" lon="7.979910367634147"><ele>2242.0999755859375</ele></trkpt><trkpt lat="46.5789304561913" lon="7.979930367786437"><ele>2241.5799865722656</ele></trkpt><trkpt lat="46.57897045603022" lon="7.979960367549211"><ele>2241.1799926757812</ele></trkpt><trkpt lat="46.578980456106365" lon="7.979960367549211"><ele>2241.1399841308594</ele></trkpt><trkpt lat="46.57903045602143" lon="7.979960367549211"><ele>2240.5999755859375</ele></trkpt><trkpt lat="46.5790604557842" lon="7.979990367311984"><ele>2240.3999938964844</ele></trkpt><trkpt lat="46.579090455546975" lon="7.980000367388129"><ele>2240.0999755859375</ele></trkpt><trkpt lat="46.579130455385894" lon="7.980020367074758"><ele>2239.3999938964844</ele></trkpt><trkpt lat="46.5791904553771" lon="7.980040367227048"><ele>2238.1699829101562</ele></trkpt><trkpt lat="46.57921045552939" lon="7.980040367227048"><ele>2237.8699951171875</ele></trkpt><trkpt lat="46.57923045521602" lon="7.980070366989821"><ele>2237.5999755859375</ele></trkpt><trkpt lat="46.57925045536831" lon="7.98011036682874"><ele>2237.5</ele></trkpt><trkpt lat="46.579260455444455" lon="7.980170366819948"><ele>2237.5799865722656</ele></trkpt><trkpt lat="46.57927045505494" lon="7.980190366972238"><ele>2237.199981689453</ele></trkpt><trkpt lat="46.579300455283374" lon="7.980250366963446"><ele>2237.199981689453</ele></trkpt><trkpt lat="46.57932045497" lon="7.980270367115736"><ele>2237.1499938964844</ele></trkpt><trkpt lat="46.57935045519844" lon="7.9803003668785095"><ele>2236.699981689453</ele></trkpt><trkpt lat="46.57944045495242" lon="7.980380367022008"><ele>2236.7999877929688</ele></trkpt><trkpt lat="46.579480455257" lon="7.980400366708636"><ele>2237.0999755859375</ele></trkpt><trkpt lat="46.57955045532435" lon="7.980380367022008"><ele>2237.5999755859375</ele></trkpt><trkpt lat="46.579640455543995" lon="7.980360367335379"><ele>2238.5999755859375</ele></trkpt><trkpt lat="46.579660455696285" lon="7.980370367411524"><ele>2238.9299926757812</ele></trkpt><trkpt lat="46.579680455848575" lon="7.980370367411524"><ele>2239.5</ele></trkpt><trkpt lat="46.57971045561135" lon="7.980370367411524"><ele>2239.6699829101562</ele></trkpt><trkpt lat="46.57978045614436" lon="7.980370367411524"><ele>2241.0999755859375</ele></trkpt><trkpt lat="46.579850456211716" lon="7.980400367639959"><ele>2242.0</ele></trkpt><trkpt lat="46.57988045597449" lon="7.980400367639959"><ele>2242.0999755859375</ele></trkpt><trkpt lat="46.5799404559657" lon="7.980410367716104"><ele>2242.0999755859375</ele></trkpt><trkpt lat="46.580020456109196" lon="7.980400367639959"><ele>2242.7999877929688</ele></trkpt><trkpt lat="46.580040456261486" lon="7.980400367639959"><ele>2242.8399963378906</ele></trkpt><trkpt lat="46.58007045648992" lon="7.980390368029475"><ele>2242.7999877929688</ele></trkpt><trkpt lat="46.580100456252694" lon="7.98040036810562"><ele>2243.279998779297</ele></trkpt><trkpt lat="46.58011045632884" lon="7.98040036810562"><ele>2243.3499755859375</ele></trkpt><trkpt lat="46.580140456557274" lon="7.98040036810562"><ele>2243.5</ele></trkpt><trkpt lat="46.580190456938" lon="7.980430368334055"><ele>2244.7999877929688</ele></trkpt><trkpt lat="46.58023045677692" lon="7.9804403684102"><ele>2245.5399780273438</ele></trkpt><trkpt lat="46.58026045700535" lon="7.980450368486345"><ele>2245.939971923828</ele></trkpt><trkpt lat="46.58028045715764" lon="7.98046036856249"><ele>2246.1299743652344</ele></trkpt><trkpt lat="46.580310456920415" lon="7.980470368638635"><ele>2246.2999877929688</ele></trkpt><trkpt lat="46.580350457224995" lon="7.98048036871478"><ele>2247.0999755859375</ele></trkpt><trkpt lat="46.580430457834154" lon="7.980540369171649"><ele>2249.699981689453</ele></trkpt><trkpt lat="46.58048045821488" lon="7.980570369400084"><ele>2251.5499877929688</ele></trkpt><trkpt lat="46.58050045836717" lon="7.980590369552374"><ele>2252.7999877929688</ele></trkpt><trkpt lat="46.58054045867175" lon="7.9806403699330986"><ele>2254.9299926757812</ele></trkpt><trkpt lat="46.580590459518135" lon="7.980700370389968"><ele>2258.0999755859375</ele></trkpt><trkpt lat="46.58066046005115" lon="7.980790370609611"><ele>2260.7999877929688</ele></trkpt><trkpt lat="46.58068045973778" lon="7.980820370838046"><ele>2260.8999938964844</ele></trkpt><trkpt lat="46.580730460584164" lon="7.980920371133834"><ele>2263.0799865722656</ele></trkpt><trkpt lat="46.5807604608126" lon="7.980980371590704"><ele>2265.0</ele></trkpt><trkpt lat="46.58078046096489" lon="7.981090371962637"><ele>2266.8999938964844</ele></trkpt><trkpt lat="46.580790461506695" lon="7.981150371953845"><ele>2268.029998779297</ele></trkpt><trkpt lat="46.580810462124646" lon="7.981300372630358"><ele>2271.0999755859375</ele></trkpt><trkpt lat="46.58082046220079" lon="7.981320372316986"><ele>2271.3099975585938</ele></trkpt><trkpt lat="46.58084046235308" lon="7.981380372773856"><ele>2272.5</ele></trkpt><trkpt lat="46.58084046281874" lon="7.981520372908562"><ele>2275.0999755859375</ele></trkpt><trkpt lat="46.58085046289489" lon="7.981580373365432"><ele>2275.9099731445312</ele></trkpt><trkpt lat="46.58086046297103" lon="7.9816203732043505"><ele>2276.699981689453</ele></trkpt><trkpt lat="46.58089046319947" lon="7.9817303735762835"><ele>2278.0</ele></trkpt><trkpt lat="46.58089046366513" lon="7.981780373957008"><ele>2279.019989013672</ele></trkpt><trkpt lat="46.58090046374127" lon="7.981820373795927"><ele>2279.2999877929688</ele></trkpt><trkpt lat="46.58092046389356" lon="7.981900373939425"><ele>2280.699981689453</ele></trkpt><trkpt lat="46.58091046428308" lon="7.981950374320149"><ele>2281.5</ele></trkpt><trkpt lat="46.58091046428308" lon="7.981980374082923"><ele>2282.0999755859375</ele></trkpt><trkpt lat="46.58093046443537" lon="7.982070374302566"><ele>2283.5</ele></trkpt><trkpt lat="46.580940464511514" lon="7.982140374369919"><ele>2283.4299926757812</ele></trkpt><trkpt lat="46.580940464511514" lon="7.982160374522209"><ele>2284.0</ele></trkpt><trkpt lat="46.580940464511514" lon="7.982190374284983"><ele>2283.6299743652344</ele></trkpt><trkpt lat="46.58093046443537" lon="7.982260374817997"><ele>2284.199981689453</ele></trkpt><trkpt lat="46.580940464511514" lon="7.9823203748092055"><ele>2284.3999938964844</ele></trkpt><trkpt lat="46.58098046481609" lon="7.982380374800414"><ele>2285.0</ele></trkpt><trkpt lat="46.58099046489224" lon="7.982420374639332"><ele>2285.009979248047</ele></trkpt><trkpt lat="46.58103046473116" lon="7.982560374774039"><ele>2285.509979248047</ele></trkpt><trkpt lat="46.58105046488345" lon="7.982650374993682"><ele>2285.6499938964844</ele></trkpt><trkpt lat="46.58106046495959" lon="7.982660375069827"><ele>2285.699981689453</ele></trkpt><trkpt lat="46.58107046503574" lon="7.982680374756455"><ele>2285.5</ele></trkpt><trkpt lat="46.58107046503574" lon="7.982700374908745"><ele>2285.5</ele></trkpt><trkpt lat="46.58107046503574" lon="7.982700374908745"><ele>2285.4299926757812</ele></trkpt><trkpt lat="46.581070464570075" lon="7.982780374586582"><ele>2285.009979248047</ele></trkpt><trkpt lat="46.581070464570075" lon="7.982810374815017"><ele>2284.5999755859375</ele></trkpt><trkpt lat="46.58103046473116" lon="7.982890374492854"><ele>2284.3599853515625</ele></trkpt><trkpt lat="46.58102046465501" lon="7.982900374568999"><ele>2284.3999938964844</ele></trkpt><trkpt lat="46.58101046457887" lon="7.982910374645144"><ele>2284.1199951171875</ele></trkpt><trkpt lat="46.58097046473995" lon="7.982920374721289"><ele>2283.6699829101562</ele></trkpt><trkpt lat="46.580960464663804" lon="7.982930374331772"><ele>2283.2999877929688</ele></trkpt><trkpt lat="46.58093046443537" lon="7.982960374560207"><ele>2282.4199829101562</ele></trkpt><trkpt lat="46.58093046443537" lon="7.982970374170691"><ele>2282.2999877929688</ele></trkpt><trkpt lat="46.58091046428308" lon="7.982980374246836"><ele>2281.6099853515625</ele></trkpt><trkpt lat="46.580860463902354" lon="7.982990373857319"><ele>2280.199981689453</ele></trkpt><trkpt lat="46.580820463597775" lon="7.983020373620093"><ele>2279.1599731445312</ele></trkpt><trkpt lat="46.58077046321705" lon="7.983020373620093"><ele>2278.3999938964844</ele></trkpt><trkpt lat="46.58073046337813" lon="7.983010373543948"><ele>2277.739990234375</ele></trkpt><trkpt lat="46.58072046330199" lon="7.983010373543948"><ele>2277.699981689453</ele></trkpt><trkpt lat="46.58068046299741" lon="7.983010373543948"><ele>2277.0999755859375</ele></trkpt><trkpt lat="46.58068046299741" lon="7.983010373543948"><ele>2276.8899841308594</ele></trkpt><trkpt lat="46.58064046315849" lon="7.983050373382866"><ele>2275.8699951171875</ele></trkpt><trkpt lat="46.58060046285391" lon="7.98308037314564"><ele>2275.0</ele></trkpt><trkpt lat="46.580590462777764" lon="7.983120372984558"><ele>2274.2999877929688</ele></trkpt><trkpt lat="46.58058046223596" lon="7.98325037304312"><ele>2273.0</ele></trkpt><trkpt lat="46.58057046215981" lon="7.983320372644812"><ele>2272.5999755859375</ele></trkpt><trkpt lat="46.58054046239704" lon="7.983410372864455"><ele>2272.199981689453</ele></trkpt><trkpt lat="46.58052046224475" lon="7.983460372779518"><ele>2272.0999755859375</ele></trkpt><trkpt lat="46.58052046177909" lon="7.983650372363627"><ele>2271.0599975585938</ele></trkpt><trkpt lat="46.58052046177909" lon="7.983730372507125"><ele>2270.3999938964844</ele></trkpt><trkpt lat="46.58052046177909" lon="7.983770372346044"><ele>2270.0699768066406</ele></trkpt><trkpt lat="46.58053046185523" lon="7.983800372108817"><ele>2269.5999755859375</ele></trkpt><trkpt lat="46.580560461618006" lon="7.98387037217617"><ele>2268.949981689453</ele></trkpt><trkpt lat="46.580580461304635" lon="7.983900371938944"><ele>2268.0</ele></trkpt><trkpt lat="46.58059046138078" lon="7.983960371930152"><ele>2267.3699951171875</ele></trkpt><trkpt lat="46.58061046106741" lon="7.984010371845216"><ele>2266.47998046875</ele></trkpt><trkpt lat="46.58061046106741" lon="7.9840203719213605"><ele>2266.199981689453</ele></trkpt><trkpt lat="46.58060046099126" lon="7.984040371607989"><ele>2266.019989013672</ele></trkpt><trkpt lat="46.58059046044946" lon="7.984160371590406"><ele>2264.5999755859375</ele></trkpt><trkpt lat="46.58058046037331" lon="7.984220371581614"><ele>2264.0</ele></trkpt><trkpt lat="46.58058046037331" lon="7.984280371572822"><ele>2263.3999938964844</ele></trkpt><trkpt lat="46.58057046029717" lon="7.984360371250659"><ele>2263.0899963378906</ele></trkpt><trkpt lat="46.58056046022102" lon="7.9844303713180125"><ele>2262.5</ele></trkpt><trkpt lat="46.58056046022102" lon="7.984500371385366"><ele>2262.0999755859375</ele></trkpt><trkpt lat="46.58057046029717" lon="7.984530371148139"><ele>2262.5</ele></trkpt><trkpt lat="46.58058046037331" lon="7.984550371300429"><ele>2262.47998046875</ele></trkpt><trkpt lat="46.58059046044946" lon="7.984570371452719"><ele>2262.689971923828</ele></trkpt><trkpt lat="46.580610460136086" lon="7.984640371054411"><ele>2262.5999755859375</ele></trkpt><trkpt lat="46.58062046021223" lon="7.984860370866954"><ele>2261.199981689453</ele></trkpt><trkpt lat="46.580650459975004" lon="7.984950371086597"><ele>2260.2999877929688</ele></trkpt><trkpt lat="46.58067045966163" lon="7.984990370925516"><ele>2259.9099731445312</ele></trkpt><trkpt lat="46.58068045973778" lon="7.985000371001661"><ele>2259.6399841308594</ele></trkpt><trkpt lat="46.58069045981392" lon="7.985040370840579"><ele>2259.5</ele></trkpt><trkpt lat="46.580720459576696" lon="7.985050370451063"><ele>2258.7999877929688</ele></trkpt><trkpt lat="46.58075045933947" lon="7.985100370366126"><ele>2258.1099853515625</ele></trkpt><trkpt lat="46.580760459415615" lon="7.985110370442271"><ele>2258.029998779297</ele></trkpt><trkpt lat="46.58081045886502" lon="7.985260370187461"><ele>2256.0499877929688</ele></trkpt><trkpt lat="46.58084045862779" lon="7.985340369865298"><ele>2254.7899780273438</ele></trkpt><trkpt lat="46.58086045831442" lon="7.9854103699326515"><ele>2253.7999877929688</ele></trkpt><trkpt lat="46.58091045822948" lon="7.985460369847715"><ele>2252.8999938964844</ele></trkpt><trkpt lat="46.580940457992256" lon="7.985490369610488"><ele>2252.0999755859375</ele></trkpt><trkpt lat="46.5809504580684" lon="7.985500369686633"><ele>2251.779998779297</ele></trkpt><trkpt lat="46.58097045822069" lon="7.985530369449407"><ele>2251.5</ele></trkpt><trkpt lat="46.58101045805961" lon="7.985550369601697"><ele>2251.199981689453</ele></trkpt><trkpt lat="46.58103045774624" lon="7.985590369440615"><ele>2250.2999877929688</ele></trkpt><trkpt lat="46.581090457737446" lon="7.985640369355679"><ele>2250.0</ele></trkpt><trkpt lat="46.58117045741528" lon="7.985700369346887"><ele>2249.0</ele></trkpt><trkpt lat="46.5812104572542" lon="7.9857203690335155"><ele>2248.0999755859375</ele></trkpt><trkpt lat="46.58125045709312" lon="7.985800368711352"><ele>2246.7999877929688</ele></trkpt><trkpt lat="46.58125045709312" lon="7.985850368626416"><ele>2246.22998046875</ele></trkpt><trkpt lat="46.58125045709312" lon="7.985880368389189"><ele>2245.699981689453</ele></trkpt><trkpt lat="46.58123045647517" lon="7.9860203680582345"><ele>2242.6699829101562</ele></trkpt><trkpt lat="46.58123045647517" lon="7.9860203680582345"><ele>2242.3999938964844</ele></trkpt><trkpt lat="46.58122045639902" lon="7.986040368210524"><ele>2242.189971923828</ele></trkpt><trkpt lat="46.581200456246734" lon="7.986090368125588"><ele>2241.2999877929688</ele></trkpt><trkpt lat="46.58119045617059" lon="7.986140368040651"><ele>2240.7999877929688</ele></trkpt><trkpt lat="46.58120045578107" lon="7.9861803678795695"><ele>2240.0</ele></trkpt><trkpt lat="46.581250455230474" lon="7.98629036732018"><ele>2236.5999755859375</ele></trkpt><trkpt lat="46.58129045460373" lon="7.986340366769582"><ele>2235.0799865722656</ele></trkpt><trkpt lat="46.58129045460373" lon="7.986340366769582"><ele>2234.7999877929688</ele></trkpt><trkpt lat="46.58131045429036" lon="7.98640036676079"><ele>2233.5999755859375</ele></trkpt><trkpt lat="46.581320454366505" lon="7.986470366362482"><ele>2232.5999755859375</ele></trkpt><trkpt lat="46.581320453900844" lon="7.986570366192609"><ele>2230.7999877929688</ele></trkpt><trkpt lat="46.581320453900844" lon="7.986600366421044"><ele>2230.3999938964844</ele></trkpt><trkpt lat="46.581370453350246" lon="7.986570365726948"><ele>2228.7999877929688</ele></trkpt><trkpt lat="46.58138045342639" lon="7.986560365650803"><ele>2227.779998779297</ele></trkpt><trkpt lat="46.581410453189164" lon="7.986520365811884"><ele>2227.0</ele></trkpt><trkpt lat="46.58145045256242" lon="7.98645036527887"><ele>2224.8599853515625</ele></trkpt><trkpt lat="46.58147045271471" lon="7.98643036512658"><ele>2224.199981689453</ele></trkpt><trkpt lat="46.581480452325195" lon="7.9864603648893535"><ele>2223.5599975585938</ele></trkpt><trkpt lat="46.581500452477485" lon="7.986480365041643"><ele>2223.0999755859375</ele></trkpt><trkpt lat="46.581500452011824" lon="7.986520364880562"><ele>2222.1099853515625</ele></trkpt><trkpt lat="46.581500452011824" lon="7.986550364643335"><ele>2221.699981689453</ele></trkpt><trkpt lat="46.58156045153737" lon="7.986720364075154"><ele>2218.199981689453</ele></trkpt><trkpt lat="46.58154045138508" lon="7.986780364066362"><ele>2216.7999877929688</ele></trkpt><trkpt lat="46.581510451156646" lon="7.986860363744199"><ele>2215.699981689453</ele></trkpt><trkpt lat="46.581490450538695" lon="7.9869303638115525"><ele>2214.0999755859375</ele></trkpt><trkpt lat="46.58150045061484" lon="7.986980363726616"><ele>2213.7999877929688</ele></trkpt><trkpt lat="46.58151045022532" lon="7.987070363480598"><ele>2212.3099975585938</ele></trkpt><trkpt lat="46.58151045022532" lon="7.98714036308229"><ele>2211.2999877929688</ele></trkpt><trkpt lat="46.581560449674726" lon="7.987310362514108"><ele>2208.5999755859375</ele></trkpt><trkpt lat="46.581560449209064" lon="7.987350362818688"><ele>2207.8999938964844</ele></trkpt><trkpt lat="46.5815904494375" lon="7.9874003627337515"><ele>2207.5</ele></trkpt><trkpt lat="46.58159044897184" lon="7.98742036242038"><ele>2206.8699951171875</ele></trkpt><trkpt lat="46.58159044897184" lon="7.987460362259299"><ele>2206.5</ele></trkpt><trkpt lat="46.58161044912413" lon="7.987500362098217"><ele>2205.769989013672</ele></trkpt><trkpt lat="46.5816404488869" lon="7.98757036216557"><ele>2204.5999755859375</ele></trkpt><trkpt lat="46.5816404488869" lon="7.987610362004489"><ele>2204.3099975585938</ele></trkpt><trkpt lat="46.58164044842124" lon="7.987620362080634"><ele>2203.7999877929688</ele></trkpt><trkpt lat="46.58166044857353" lon="7.987650361843407"><ele>2203.8999938964844</ele></trkpt><trkpt lat="46.581670448649675" lon="7.987670361995697"><ele>2203.5</ele></trkpt><trkpt lat="46.58172044809908" lon="7.987830361351371"><ele>2200.699981689453</ele></trkpt><trkpt lat="46.58173044770956" lon="7.987920361105353"><ele>2199.199981689453</ele></trkpt><trkpt lat="46.581740447320044" lon="7.987960360944271"><ele>2198.3999938964844</ele></trkpt><trkpt lat="46.58178044715896" lon="7.988040361087769"><ele>2196.699981689453</ele></trkpt><trkpt lat="46.58180044684559" lon="7.988060360774398"><ele>2196.25</ele></trkpt><trkpt lat="46.58182044699788" lon="7.988090360537171"><ele>2196.0</ele></trkpt><trkpt lat="46.58187044644728" lon="7.988170360215008"><ele>2194.0</ele></trkpt><trkpt lat="46.58190044621006" lon="7.988270360045135"><ele>2192.469970703125</ele></trkpt><trkpt lat="46.58193044597283" lon="7.988340359646827"><ele>2190.2999877929688</ele></trkpt><trkpt lat="46.581960445735604" lon="7.988400360103697"><ele>2190.519989013672</ele></trkpt><trkpt lat="46.58199044549838" lon="7.988450359553099"><ele>2188.8999938964844</ele></trkpt><trkpt lat="46.582030445337296" lon="7.988490359392017"><ele>2188.0999755859375</ele></trkpt><trkpt lat="46.582050445489585" lon="7.988520359620452"><ele>2187.8199768066406</ele></trkpt><trkpt lat="46.582070445176214" lon="7.988550359383225"><ele>2186.699981689453</ele></trkpt><trkpt lat="46.58212044509128" lon="7.988630359061062"><ele>2185.199981689453</ele></trkpt><trkpt lat="46.58219044422731" lon="7.9887703587301075"><ele>2183.0999755859375</ele></trkpt><trkpt lat="46.58223044406623" lon="7.988850358407944"><ele>2180.8999938964844</ele></trkpt><trkpt lat="46.58230044366792" lon="7.988960357848555"><ele>2178.5999755859375</ele></trkpt><trkpt lat="46.58239044295624" lon="7.9890803578309715"><ele>2176.5999755859375</ele></trkpt><trkpt lat="46.58241044310853" lon="7.989110357593745"><ele>2176.239990234375</ele></trkpt><trkpt lat="46.58246044255793" lon="7.989180357195437"><ele>2174.3999938964844</ele></trkpt><trkpt lat="46.58248044271022" lon="7.989220357500017"><ele>2174.1699829101562</ele></trkpt><trkpt lat="46.582510442472994" lon="7.989300357177854"><ele>2172.5</ele></trkpt><trkpt lat="46.58257044199854" lon="7.989400356542319"><ele>2170.199981689453</ele></trkpt><trkpt lat="46.58257044199854" lon="7.989400356542319"><ele>2170.25</ele></trkpt><trkpt lat="46.582600441761315" lon="7.989350356627256"><ele>2168.3999938964844</ele></trkpt><trkpt lat="46.582650440745056" lon="7.989270356018096"><ele>2165.3399963378906</ele></trkpt><trkpt lat="46.58265044121072" lon="7.989260355941951"><ele>2165.5999755859375</ele></trkpt><trkpt lat="46.58269043965265" lon="7.989080355037004"><ele>2159.199981689453</ele></trkpt><trkpt lat="46.58279043901712" lon="7.989050354342908"><ele>2155.8999938964844</ele></trkpt><trkpt lat="46.58279043901712" lon="7.989050354342908"><ele>2156.009979248047</ele></trkpt><trkpt lat="46.58282043877989" lon="7.989000353962183"><ele>2154.1399841308594</ele></trkpt><trkpt lat="46.58284043846652" lon="7.98895035404712"><ele>2152.7999877929688</ele></trkpt><trkpt lat="46.582880437839776" lon="7.988790353294462"><ele>2149.699981689453</ele></trkpt><trkpt lat="46.582880437374115" lon="7.988740352913737"><ele>2148.0899963378906</ele></trkpt><trkpt lat="46.582900437060744" lon="7.988570352550596"><ele>2146.0599975585938</ele></trkpt><trkpt lat="46.582900437060744" lon="7.988560352940112"><ele>2145.699981689453</ele></trkpt><trkpt lat="46.5828904369846" lon="7.9885303527116776"><ele>2145.7999877929688</ele></trkpt><trkpt lat="46.582880436908454" lon="7.988400352653116"><ele>2145.5</ele></trkpt><trkpt lat="46.58292043674737" lon="7.988340352196246"><ele>2143.279998779297</ele></trkpt><trkpt lat="46.582930436357856" lon="7.9883303521201015"><ele>2142.5999755859375</ele></trkpt><trkpt lat="46.582950436044484" lon="7.988310351967812"><ele>2141.509979248047</ele></trkpt><trkpt lat="46.58298043580726" lon="7.988300351891667"><ele>2140.2999877929688</ele></trkpt><trkpt lat="46.58300043595955" lon="7.98831035150215"><ele>2139.689971923828</ele></trkpt><trkpt lat="46.58305043540895" lon="7.988350351341069"><ele>2137.7999877929688</ele></trkpt><trkpt lat="46.58314043469727" lon="7.9883503508754075"><ele>2134.5</ele></trkpt><trkpt lat="46.58314043469727" lon="7.9883503508754075"><ele>2134.5399780273438</ele></trkpt><trkpt lat="46.583170434460044" lon="7.9883503508754075"><ele>2133.3999938964844</ele></trkpt><trkpt lat="46.58323043398559" lon="7.988370350096375"><ele>2130.3799743652344</ele></trkpt><trkpt lat="46.58327043382451" lon="7.98838035017252"><ele>2128.7999877929688</ele></trkpt><trkpt lat="46.58327043382451" lon="7.98838035017252"><ele>2128.6299743652344</ele></trkpt><trkpt lat="46.58343043271452" lon="7.988370349165052"><ele>2124.2999877929688</ele></trkpt><trkpt lat="46.58349043270573" lon="7.988320349249989"><ele>2122.8999938964844</ele></trkpt><trkpt lat="46.583550431765616" lon="7.988360348623246"><ele>2120.0399780273438</ele></trkpt><trkpt lat="46.58358043152839" lon="7.9883903483860195"><ele>2118.72998046875</ele></trkpt><trkpt lat="46.58358043152839" lon="7.988400348462164"><ele>2118.7999877929688</ele></trkpt><trkpt lat="46.583640430588275" lon="7.98863034741953"><ele>2113.3999938964844</ele></trkpt><trkpt lat="46.58371043018997" lon="7.98876034701243"><ele>2110.5999755859375</ele></trkpt><trkpt lat="46.58376042963937" lon="7.988860346842557"><ele>2108.0</ele></trkpt><trkpt lat="46.58379042940214" lon="7.988920346368104"><ele>2107.5</ele></trkpt><trkpt lat="46.58386042853817" lon="7.9890503459610045"><ele>2104.199981689453</ele></trkpt><trkpt lat="46.58389042876661" lon="7.989100345876068"><ele>2103.1499938964844</ele></trkpt><trkpt lat="46.583950427826494" lon="7.98917034547776"><ele>2100.5999755859375</ele></trkpt><trkpt lat="46.58403042750433" lon="7.989330345299095"><ele>2098.199981689453</ele></trkpt><trkpt lat="46.58405042719096" lon="7.989380345214158"><ele>2097.3499755859375</ele></trkpt><trkpt lat="46.58413042733446" lon="7.989460344891995"><ele>2096.199981689453</ele></trkpt><trkpt lat="46.584190426860005" lon="7.98964034486562"><ele>2095.199981689453</ele></trkpt><trkpt lat="46.5842604264617" lon="7.9897503443062305"><ele>2092.689971923828</ele></trkpt><trkpt lat="46.584300426300615" lon="7.989810343831778"><ele>2091.0999755859375</ele></trkpt><trkpt lat="46.584390425588936" lon="7.9900603434070945"><ele>2087.699981689453</ele></trkpt><trkpt lat="46.58440042566508" lon="7.990090343635529"><ele>2087.47998046875</ele></trkpt><trkpt lat="46.58442042535171" lon="7.990140343550593"><ele>2087.0999755859375</ele></trkpt><trkpt lat="46.58442042535171" lon="7.990150343161076"><ele>2086.8799743652344</ele></trkpt><trkpt lat="46.58446042519063" lon="7.9902303433045745"><ele>2085.5999755859375</ele></trkpt><trkpt lat="46.584520424716175" lon="7.9903003429062665"><ele>2082.689971923828</ele></trkpt><trkpt lat="46.58453042432666" lon="7.99031034251675"><ele>2082.1399841308594</ele></trkpt><trkpt lat="46.58458042377606" lon="7.9903503423556685"><ele>2079.7899780273438</ele></trkpt><trkpt lat="46.584630423691124" lon="7.990440341643989"><ele>2077.5499877929688</ele></trkpt><trkpt lat="46.584680423140526" lon="7.990510341711342"><ele>2075.5</ele></trkpt><trkpt lat="46.58473042258993" lon="7.990590341389179"><ele>2073.939971923828</ele></trkpt><trkpt lat="46.58478042250499" lon="7.9906503413803875"><ele>2073.0999755859375</ele></trkpt><trkpt lat="46.584790422581136" lon="7.990680341143161"><ele>2072.4199829101562</ele></trkpt><trkpt lat="46.58490042248741" lon="7.990860341116786"><ele>2072.5</ele></trkpt><trkpt lat="46.584960422478616" lon="7.990990341175348"><ele>2072.3999938964844</ele></trkpt><trkpt lat="46.585130421910435" lon="7.99104034062475"><ele>2070.2999877929688</ele></trkpt><trkpt lat="46.58522042213008" lon="7.991170340683311"><ele>2071.2999877929688</ele></trkpt><trkpt lat="46.58529042266309" lon="7.991260341368616"><ele>2072.7999877929688</ele></trkpt><trkpt lat="46.58530042273924" lon="7.991280341055244"><ele>2072.6599731445312</ele></trkpt><trkpt lat="46.585320422425866" lon="7.9913403410464525"><ele>2072.8999938964844</ele></trkpt><trkpt lat="46.585360422730446" lon="7.991430341266096"><ele>2073.7999877929688</ele></trkpt><trkpt lat="46.58537042280659" lon="7.991480341181159"><ele>2074.3199768066406</ele></trkpt><trkpt lat="46.585380422882736" lon="7.991530341561884"><ele>2074.7999877929688</ele></trkpt><trkpt lat="46.58542042225599" lon="7.991770341061056"><ele>2072.2999877929688</ele></trkpt><trkpt lat="46.58542042225599" lon="7.991820340976119"><ele>2071.2999877929688</ele></trkpt><trkpt lat="46.58541042217985" lon="7.991890340577811"><ele>2070.1299743652344</ele></trkpt><trkpt lat="46.58541042217985" lon="7.991890340577811"><ele>2070.0799865722656</ele></trkpt><trkpt lat="46.58539042202756" lon="7.991960340645164"><ele>2069.0999755859375</ele></trkpt><trkpt lat="46.5853904215619" lon="7.992020340636373"><ele>2068.3999938964844</ele></trkpt><trkpt lat="46.58540042163804" lon="7.9920903402380645"><ele>2067.3799743652344</ele></trkpt><trkpt lat="46.58540042117238" lon="7.992170339915901"><ele>2066.199981689453</ele></trkpt><trkpt lat="46.58542042132467" lon="7.99223033990711"><ele>2065.7999877929688</ele></trkpt><trkpt lat="46.58545042062178" lon="7.992320339661092"><ele>2064.199981689453</ele></trkpt><trkpt lat="46.58547042077407" lon="7.9923303397372365"><ele>2064.0999755859375</ele></trkpt><trkpt lat="46.58548042085022" lon="7.992340339813381"><ele>2064.0</ele></trkpt><trkpt lat="46.58551042061299" lon="7.99236033950001"><ele>2063.4099731445312</ele></trkpt><trkpt lat="46.585520420689136" lon="7.992370339576155"><ele>2063.199981689453</ele></trkpt><trkpt lat="46.5855704206042" lon="7.992440339643508"><ele>2062.0</ele></trkpt><trkpt lat="46.585610419977456" lon="7.99249033909291"><ele>2060.7999877929688</ele></trkpt><trkpt lat="46.5856204200536" lon="7.992500339169055"><ele>2060.469970703125</ele></trkpt><trkpt lat="46.585630420129746" lon="7.992530338931829"><ele>2059.7999877929688</ele></trkpt><trkpt lat="46.585650419816375" lon="7.992550339084119"><ele>2059.2999877929688</ele></trkpt><trkpt lat="46.58569041965529" lon="7.992610339075327"><ele>2059.0999755859375</ele></trkpt><trkpt lat="46.58576041972265" lon="7.99266033899039"><ele>2057.699981689453</ele></trkpt><trkpt lat="46.58579041948542" lon="7.992710338905454"><ele>2056.97998046875</ele></trkpt><trkpt lat="46.58579041948542" lon="7.992710338905454"><ele>2056.959991455078</ele></trkpt><trkpt lat="46.585800419095904" lon="7.992740338668227"><ele>2056.5</ele></trkpt><trkpt lat="46.585800419095904" lon="7.992780338507146"><ele>2056.5</ele></trkpt><trkpt lat="46.58581041917205" lon="7.9928103387355804"><ele>2056.8399963378906</ele></trkpt><trkpt lat="46.58581041917205" lon="7.992840338498354"><ele>2056.3999938964844</ele></trkpt><trkpt lat="46.58583041932434" lon="7.992900338489562"><ele>2056.759979248047</ele></trkpt><trkpt lat="46.58585041947663" lon="7.992920338641852"><ele>2057.2999877929688</ele></trkpt><trkpt lat="46.58585041947663" lon="7.992950338870287"><ele>2057.699981689453</ele></trkpt><trkpt lat="46.58587041962892" lon="7.992990338709205"><ele>2057.699981689453</ele></trkpt><trkpt lat="46.58587041962892" lon="7.992990338709205"><ele>2057.6399841308594</ele></trkpt><trkpt lat="46.58587041962892" lon="7.993030339013785"><ele>2057.7999877929688</ele></trkpt><trkpt lat="46.58586041955277" lon="7.9930803389288485"><ele>2057.7999877929688</ele></trkpt><trkpt lat="46.58586041955277" lon="7.993090339004993"><ele>2058.0799865722656</ele></trkpt><trkpt lat="46.58587041962892" lon="7.993130338843912"><ele>2057.7999877929688</ele></trkpt><trkpt lat="46.58587041962892" lon="7.993200338911265"><ele>2059.0999755859375</ele></trkpt><trkpt lat="46.58587041962892" lon="7.993240339215845"><ele>2059.0499877929688</ele></trkpt><trkpt lat="46.585860420018435" lon="7.993270338978618"><ele>2059.199981689453</ele></trkpt><trkpt lat="46.58589041978121" lon="7.993370338808745"><ele>2058.0</ele></trkpt><trkpt lat="46.58591041946784" lon="7.993390338961035"><ele>2057.25</ele></trkpt><trkpt lat="46.58594041923061" lon="7.9934203387238085"><ele>2056.699981689453</ele></trkpt><trkpt lat="46.5859604193829" lon="7.993480338715017"><ele>2056.7999877929688</ele></trkpt><trkpt lat="46.585970419459045" lon="7.99353033863008"><ele>2056.949981689453</ele></trkpt><trkpt lat="46.58598041953519" lon="7.993560338858515"><ele>2057.3999938964844</ele></trkpt><trkpt lat="46.58601041929796" lon="7.993610338773578"><ele>2057.22998046875</ele></trkpt><trkpt lat="46.5860404195264" lon="7.993640339002013"><ele>2057.2999877929688</ele></trkpt><trkpt lat="46.58608041936532" lon="7.993730338755995"><ele>2057.7999877929688</ele></trkpt><trkpt lat="46.58608041936532" lon="7.99376033898443"><ele>2057.7899780273438</ele></trkpt><trkpt lat="46.58608041983098" lon="7.993770339060575"><ele>2058.199981689453</ele></trkpt><trkpt lat="46.58608041983098" lon="7.993810338899493"><ele>2058.3999938964844</ele></trkpt><trkpt lat="46.586120419669896" lon="7.993890339042991"><ele>2058.0999755859375</ele></trkpt><trkpt lat="46.586160419508815" lon="7.993950338568538"><ele>2057.3099975585938</ele></trkpt><trkpt lat="46.58620041934773" lon="7.994010338559747"><ele>2056.1499938964844</ele></trkpt><trkpt lat="46.586250418797135" lon="7.994090338237584"><ele>2053.7999877929688</ele></trkpt><trkpt lat="46.586290418636054" lon="7.994120338466018"><ele>2053.969970703125</ele></trkpt><trkpt lat="46.5863004187122" lon="7.994130338076502"><ele>2053.2999877929688</ele></trkpt><trkpt lat="46.58632041886449" lon="7.994150338228792"><ele>2053.2999877929688</ele></trkpt><trkpt lat="46.58632041886449" lon="7.9941803379915655"><ele>2053.0999755859375</ele></trkpt><trkpt lat="46.58629041817039" lon="7.994280337821692"><ele>2051.2999877929688</ele></trkpt><trkpt lat="46.58629041817039" lon="7.994350337423384"><ele>2049.8999938964844</ele></trkpt><trkpt lat="46.58630041824654" lon="7.994370337575674"><ele>2050.8999938964844</ele></trkpt><trkpt lat="46.58634041855112" lon="7.994370338041335"><ele>2051.6499938964844</ele></trkpt><trkpt lat="46.586380418390036" lon="7.99438033811748"><ele>2052.5999755859375</ele></trkpt><trkpt lat="46.58641041861847" lon="7.994390338193625"><ele>2052.699981689453</ele></trkpt><trkpt lat="46.58645041845739" lon="7.994430338032544"><ele>2053.0</ele></trkpt><trkpt lat="46.58658041898161" lon="7.994600338395685"><ele>2053.5999755859375</ele></trkpt><trkpt lat="46.586630418431014" lon="7.994670337997377"><ele>2053.1399841308594</ele></trkpt><trkpt lat="46.586630418431014" lon="7.994680338073522"><ele>2052.3999938964844</ele></trkpt><trkpt lat="46.586670418735594" lon="7.994730337988585"><ele>2052.3999938964844</ele></trkpt><trkpt lat="46.58670041849837" lon="7.994780337903649"><ele>2052.6299743652344</ele></trkpt><trkpt lat="46.58675041841343" lon="7.994820338208228"><ele>2052.5</ele></trkpt><trkpt lat="46.586760418489575" lon="7.994850337971002"><ele>2052.189971923828</ele></trkpt><trkpt lat="46.586780418641865" lon="7.994890338275582"><ele>2052.5</ele></trkpt><trkpt lat="46.586820418480784" lon="7.994980338029563"><ele>2052.3699951171875</ele></trkpt><trkpt lat="46.58692041877657" lon="7.995150337927043"><ele>2052.6199951171875</ele></trkpt><trkpt lat="46.58698041876778" lon="7.995280337985605"><ele>2052.5699768066406</ele></trkpt><trkpt lat="46.58700041845441" lon="7.99531033821404"><ele>2052.5</ele></trkpt><trkpt lat="46.5870204186067" lon="7.995360338129103"><ele>2051.7999877929688</ele></trkpt><trkpt lat="46.58705041836947" lon="7.995400337968022"><ele>2051.489990234375</ele></trkpt><trkpt lat="46.58707041852176" lon="7.995430337730795"><ele>2051.5999755859375</ele></trkpt><trkpt lat="46.587080418132246" lon="7.995470338035375"><ele>2051.029998779297</ele></trkpt><trkpt lat="46.58709041820839" lon="7.995500337798148"><ele>2051.5999755859375</ele></trkpt><trkpt lat="46.58711041836068" lon="7.995580337941647"><ele>2051.5</ele></trkpt><trkpt lat="46.587120418436825" lon="7.995620337780565"><ele>2051.199981689453</ele></trkpt><trkpt lat="46.587140418123454" lon="7.995690337847918"><ele>2051.2899780273438</ele></trkpt><trkpt lat="46.5871504181996" lon="7.995730337686837"><ele>2050.699981689453</ele></trkpt><trkpt lat="46.58720041811466" lon="7.99584033805877"><ele>2051.0699768066406</ele></trkpt><trkpt lat="46.58721041819081" lon="7.995850337669253"><ele>2051.009979248047</ele></trkpt><trkpt lat="46.587230417877436" lon="7.995900337584317"><ele>2050.0999755859375</ele></trkpt><trkpt lat="46.58735041785985" lon="7.996080337557942"><ele>2049.0999755859375</ele></trkpt><trkpt lat="46.58748041745275" lon="7.996300337370485"><ele>2047.5999755859375</ele></trkpt><trkpt lat="46.58752041729167" lon="7.996430337429047"><ele>2047.0299987792969</ele></trkpt><trkpt lat="46.58758041728288" lon="7.996600337326527"><ele>2046.3699951171875</ele></trkpt><trkpt lat="46.58764041727409" lon="7.99680033698678"><ele>2045.9999694824219</ele></trkpt><trkpt lat="46.58765041735023" lon="7.99682033713907"><ele>2045.6799926757812</ele></trkpt><trkpt lat="46.58765041735023" lon="7.99684033729136"><ele>2045.9999694824219</ele></trkpt><trkpt lat="46.58765041735023" lon="7.996890337206423"><ele>2045.9999694824219</ele></trkpt><trkpt lat="46.58764041727409" lon="7.9969603372737765"><ele>2045.9999694824219</ele></trkpt><trkpt lat="46.5876204171218" lon="7.997050337027758"><ele>2045.9999694824219</ele></trkpt><trkpt lat="46.5876204171218" lon="7.997080337256193"><ele>2045.9999694824219</ele></trkpt><trkpt lat="46.58763041719794" lon="7.997100336942822"><ele>2045.9999694824219</ele></trkpt><trkpt lat="46.58764041727409" lon="7.997110337018967"><ele>2045.8499755859375</ele></trkpt><trkpt lat="46.58764041727409" lon="7.997120337095112"><ele>2045.8999938964844</ele></trkpt><trkpt lat="46.58765041735023" lon="7.997100336942822"><ele>2045.75</ele></trkpt><trkpt lat="46.58767041703686" lon="7.997090336866677"><ele>2045.6999816894531</ele></trkpt><trkpt lat="46.587680417113006" lon="7.997090336866677"><ele>2045.6999816894531</ele></trkpt><trkpt lat="46.587720417417586" lon="7.997090336866677"><ele>2045.6999816894531</ele></trkpt><trkpt lat="46.587740417104214" lon="7.997090336866677"><ele>2045.5499877929688</ele></trkpt><trkpt lat="46.587780417408794" lon="7.997100336942822"><ele>2045.5999755859375</ele></trkpt><trkpt lat="46.58779041701928" lon="7.997120337095112"><ele>2045.4499816894531</ele></trkpt><trkpt lat="46.58781041717157" lon="7.99716033693403"><ele>2045.1999816894531</ele></trkpt><trkpt lat="46.58788041723892" lon="7.997250337153673"><ele>2045.239990234375</ele></trkpt><trkpt lat="46.587890416849405" lon="7.997260336764157"><ele>2044.6999816894531</ele></trkpt><trkpt lat="46.58790041692555" lon="7.997290336992592"><ele>2044.5</ele></trkpt><trkpt lat="46.58790041692555" lon="7.99731033667922"><ele>2044.0</ele></trkpt><trkpt lat="46.587910417001694" lon="7.997340336907655"><ele>2044.0999755859375</ele></trkpt><trkpt lat="46.587910417001694" lon="7.997340336907655"><ele>2043.969970703125</ele></trkpt><trkpt lat="46.58792041661218" lon="7.9973503369838"><ele>2043.8199768066406</ele></trkpt><trkpt lat="46.58796041691676" lon="7.997390336822718"><ele>2043.2999877929688</ele></trkpt><trkpt lat="46.587980416603386" lon="7.997410336509347"><ele>2042.5999755859375</ele></trkpt><trkpt lat="46.588000416755676" lon="7.997430336661637"><ele>2042.2999877929688</ele></trkpt><trkpt lat="46.58801041636616" lon="7.99746033642441"><ele>2042.0999755859375</ele></trkpt><trkpt lat="46.58803041651845" lon="7.9974803365767"><ele>2041.9399719238281</ele></trkpt><trkpt lat="46.58806041628122" lon="7.9975403365679085"><ele>2041.0</ele></trkpt><trkpt lat="46.58808041643351" lon="7.997560336254537"><ele>2040.7099914550781</ele></trkpt><trkpt lat="46.58812041627243" lon="7.9976003360934556"><ele>2039.8999938964844</ele></trkpt><trkpt lat="46.588130415882915" lon="7.99763033632189"><ele>2040.0999755859375</ele></trkpt><trkpt lat="46.588130415882915" lon="7.997640336398035"><ele>2039.8899841308594</ele></trkpt><trkpt lat="46.588130415882915" lon="7.997660336084664"><ele>2039.6999816894531</ele></trkpt><trkpt lat="46.58814041595906" lon="7.997670336160809"><ele>2039.6199951171875</ele></trkpt><trkpt lat="46.588170415721834" lon="7.997720335610211"><ele>2037.6999816894531</ele></trkpt><trkpt lat="46.588190415874124" lon="7.997770335990936"><ele>2038.0499877929688</ele></trkpt><trkpt lat="46.58821041556075" lon="7.997810335829854"><ele>2037.1399841308594</ele></trkpt><trkpt lat="46.588220415171236" lon="7.9978503356687725"><ele>2036.2999877929688</ele></trkpt><trkpt lat="46.58825041493401" lon="7.997890335507691"><ele>2035.0999755859375</ele></trkpt><trkpt lat="46.58828041469678" lon="7.997950335033238"><ele>2033.3799743652344</ele></trkpt><trkpt lat="46.588310414459556" lon="7.997990334872156"><ele>2032.3899841308594</ele></trkpt><trkpt lat="46.588330414611846" lon="7.998020335100591"><ele>2032.0</ele></trkpt><trkpt lat="46.588350414298475" lon="7.998070335015655"><ele>2031.1599731445312</ele></trkpt><trkpt lat="46.588350414298475" lon="7.9980803350917995"><ele>2031.5999755859375</ele></trkpt><trkpt lat="46.588370414450765" lon="7.998100334778428"><ele>2030.7999877929688</ele></trkpt><trkpt lat="46.58839041413739" lon="7.998130334541202"><ele>2030.5999755859375</ele></trkpt><trkpt lat="46.58842041390017" lon="7.9981403346173465"><ele>2030.0999755859375</ele></trkpt><trkpt lat="46.58844041405246" lon="7.9981403346173465"><ele>2029.969970703125</ele></trkpt><trkpt lat="46.5884504141286" lon="7.9981403346173465"><ele>2029.8999938964844</ele></trkpt><trkpt lat="46.58847041381523" lon="7.9981503346934915"><ele>2029.2699890136719</ele></trkpt><trkpt lat="46.588500414043665" lon="7.99817033438012"><ele>2029.1999816894531</ele></trkpt><trkpt lat="46.58855041349307" lon="7.998190334066749"><ele>2027.5999755859375</ele></trkpt><trkpt lat="46.58862041309476" lon="7.998250334057957"><ele>2026.0099792480469</ele></trkpt><trkpt lat="46.58862041309476" lon="7.998250334057957"><ele>2025.9999694824219</ele></trkpt><trkpt lat="46.58862041309476" lon="7.998250334057957"><ele>2025.9299926757812</ele></trkpt><trkpt lat="46.588650413323194" lon="7.998290333896875"><ele>2025.5</ele></trkpt><trkpt lat="46.58866041293368" lon="7.99830033397302"><ele>2025.1899719238281</ele></trkpt><trkpt lat="46.58866041293368" lon="7.998320333659649"><ele>2025.0999755859375</ele></trkpt><trkpt lat="46.58879041252658" lon="7.998500333633274"><ele>2022.6999816894531</ele></trkpt><trkpt lat="46.58881041267887" lon="7.998520333319902"><ele>2021.8299865722656</ele></trkpt><trkpt lat="46.588850412052125" lon="7.998560333158821"><ele>2020.5999755859375</ele></trkpt><trkpt lat="46.58886041212827" lon="7.9985803328454494"><ele>2020.0</ele></trkpt><trkpt lat="46.5888804118149" lon="7.998630332760513"><ele>2018.8499755859375</ele></trkpt><trkpt lat="46.58889041142538" lon="7.998650332447141"><ele>2017.6999816894531</ele></trkpt><trkpt lat="46.58890041150153" lon="7.998700332827866"><ele>2017.5999755859375</ele></trkpt><trkpt lat="46.58890041150153" lon="7.99873033259064"><ele>2017.1999816894531</ele></trkpt><trkpt lat="46.58890041150153" lon="7.998770332429558"><ele>2017.0</ele></trkpt><trkpt lat="46.58889041142538" lon="7.998800332657993"><ele>2016.7999877929688</ele></trkpt><trkpt lat="46.58888041134924" lon="7.998820332344621"><ele>2016.6999816894531</ele></trkpt><trkpt lat="46.58888041134924" lon="7.998850332573056"><ele>2016.6999816894531</ele></trkpt><trkpt lat="46.58888041134924" lon="7.99888033233583"><ele>2016.6999816894531</ele></trkpt><trkpt lat="46.58889041142538" lon="7.99888033233583"><ele>2016.72998046875</ele></trkpt><trkpt lat="46.58890041150153" lon="7.99888033233583"><ele>2016.6999816894531</ele></trkpt><trkpt lat="46.58895041141659" lon="7.998860332649201"><ele>2016.6999816894531</ele></trkpt><trkpt lat="46.58897041156888" lon="7.998870332725346"><ele>2016.7099914550781</ele></trkpt><trkpt lat="46.58902041148394" lon="7.99888033233583"><ele>2016.6899719238281</ele></trkpt><trkpt lat="46.58905041124672" lon="7.998890332411975"><ele>2016.5</ele></trkpt><trkpt lat="46.58906041132286" lon="7.99890033248812"><ele>2016.0999755859375</ele></trkpt><trkpt lat="46.589090411085635" lon="7.998970332089812"><ele>2015.2999877929688</ele></trkpt><trkpt lat="46.589110411237925" lon="7.999010332394391"><ele>2015.0</ele></trkpt><trkpt lat="46.589130410924554" lon="7.999020332004875"><ele>2014.6999816894531</ele></trkpt><trkpt lat="46.5891404110007" lon="7.99903033208102"><ele>2014.7099914550781</ele></trkpt><trkpt lat="46.58916041115299" lon="7.999060332309455"><ele>2014.6999816894531</ele></trkpt><trkpt lat="46.58919041091576" lon="7.999100332148373"><ele>2014.6999816894531</ele></trkpt><trkpt lat="46.58920041099191" lon="7.999120332300663"><ele>2014.7499694824219</ele></trkpt><trkpt lat="46.58921041106805" lon="7.999140332452953"><ele>2014.8999938964844</ele></trkpt><trkpt lat="46.5892204111442" lon="7.999220332596451"><ele>2015.75</ele></trkpt><trkpt lat="46.5892204111442" lon="7.9992603324353695"><ele>2016.1999816894531</ele></trkpt><trkpt lat="46.58926041144878" lon="7.999310332350433"><ele>2016.0</ele></trkpt><trkpt lat="46.58927041105926" lon="7.999340332113206"><ele>2015.3799743652344</ele></trkpt><trkpt lat="46.589280411135405" lon="7.999350332189351"><ele>2014.8999938964844</ele></trkpt><trkpt lat="46.58931041089818" lon="7.99939033202827"><ele>2014.1999816894531</ele></trkpt><trkpt lat="46.589320410974324" lon="7.999400332104415"><ele>2014.22998046875</ele></trkpt><trkpt lat="46.589340411126614" lon="7.999440331943333"><ele>2013.8999938964844</ele></trkpt><trkpt lat="46.58936041081324" lon="7.999510332010686"><ele>2013.8999938964844</ele></trkpt><trkpt lat="46.58940041111782" lon="7.999550332315266"><ele>2014.5999755859375</ele></trkpt><trkpt lat="46.589430410880595" lon="7.999590332154185"><ele>2014.5999755859375</ele></trkpt><trkpt lat="46.589470411185175" lon="7.999650332145393"><ele>2014.469970703125</ele></trkpt><trkpt lat="46.58948041079566" lon="7.999680332373828"><ele>2014.3999938964844</ele></trkpt><trkpt lat="46.58950041094795" lon="7.999720332212746"><ele>2014.0599975585938</ele></trkpt><trkpt lat="46.58954041078687" lon="7.999760332051665"><ele>2014.0999755859375</ele></trkpt><trkpt lat="46.58956041093916" lon="7.999810331966728"><ele>2014.0999755859375</ele></trkpt><trkpt lat="46.58959041070193" lon="7.9999403320252895"><ele>2013.8999938964844</ele></trkpt><trkpt lat="46.58963041100651" lon="8.000010332092643"><ele>2013.5</ele></trkpt><trkpt lat="46.58963041100651" lon="8.000020332168788"><ele>2013.3399963378906</ele></trkpt><trkpt lat="46.589640410616994" lon="8.000120331998914"><ele>2012.7999877929688</ele></trkpt><trkpt lat="46.589660410769284" lon="8.000200332142413"><ele>2012.5</ele></trkpt><trkpt lat="46.5897004106082" lon="8.000270331744105"><ele>2012.5499877929688</ele></trkpt><trkpt lat="46.589750410523266" lon="8.000370332039893"><ele>2012.7999877929688</ele></trkpt><trkpt lat="46.58976041059941" lon="8.000390331726521"><ele>2012.6499938964844</ele></trkpt><trkpt lat="46.58980041043833" lon="8.00045033171773"><ele>2012.5999755859375</ele></trkpt><trkpt lat="46.589850410819054" lon="8.000610332004726"><ele>2012.5999755859375</ele></trkpt><trkpt lat="46.58990041073412" lon="8.000690332148224"><ele>2013.0999755859375</ele></trkpt><trkpt lat="46.58991041081026" lon="8.000730331987143"><ele>2013.5</ele></trkpt><trkpt lat="46.58991041081026" lon="8.000740332063287"><ele>2013.489990234375</ele></trkpt><trkpt lat="46.58993041096255" lon="8.000780331902206"><ele>2013.5</ele></trkpt><trkpt lat="46.58993041096255" lon="8.00081033213064"><ele>2013.3899841308594</ele></trkpt><trkpt lat="46.5899404110387" lon="8.000860332045704"><ele>2013.5</ele></trkpt><trkpt lat="46.58997041080147" lon="8.000930332113057"><ele>2013.72998046875</ele></trkpt><trkpt lat="46.589980410877615" lon="8.000960332341492"><ele>2013.8499755859375</ele></trkpt><trkpt lat="46.589980410877615" lon="8.000970331951976"><ele>2013.8699951171875</ele></trkpt><trkpt lat="46.59001041110605" lon="8.001070332247764"><ele>2014.1999816894531</ele></trkpt><trkpt lat="46.590020410716534" lon="8.001120332162827"><ele>2013.7999877929688</ele></trkpt><trkpt lat="46.59004041086882" lon="8.00117033207789"><ele>2013.1599731445312</ele></trkpt><trkpt lat="46.59005041094497" lon="8.00119033223018"><ele>2012.7999877929688</ele></trkpt><trkpt lat="46.59006041055545" lon="8.001300331670791"><ele>2011.6999816894531</ele></trkpt><trkpt lat="46.5900704106316" lon="8.001330331899226"><ele>2011.2999877929688</ele></trkpt><trkpt lat="46.59008041024208" lon="8.001380331814289"><ele>2010.7699890136719</ele></trkpt><trkpt lat="46.590090410318226" lon="8.001390331890434"><ele>2010.5999755859375</ele></trkpt><trkpt lat="46.59014041023329" lon="8.001540331635624"><ele>2009.5999755859375</ele></trkpt><trkpt lat="46.590150410309434" lon="8.001580331474543"><ele>2009.8099975585938</ele></trkpt><trkpt lat="46.59018041007221" lon="8.00166033161804"><ele>2010.5399780273438</ele></trkpt><trkpt lat="46.59018041053787" lon="8.001670331694186"><ele>2011.0999755859375</ele></trkpt><trkpt lat="46.5902104107663" lon="8.00172033207491"><ele>2012.0999755859375</ele></trkpt><trkpt lat="46.59025041060522" lon="8.001770331989974"><ele>2012.5799865722656</ele></trkpt><trkpt lat="46.5902904109098" lon="8.001840332057327"><ele>2013.9999694824219</ele></trkpt><trkpt lat="46.59032041113824" lon="8.001870332285762"><ele>2013.7899780273438</ele></trkpt><trkpt lat="46.590340410824865" lon="8.001890332438052"><ele>2014.1999816894531</ele></trkpt><trkpt lat="46.59042041096836" lon="8.002090332098305"><ele>2014.0999755859375</ele></trkpt><trkpt lat="46.5904504111968" lon="8.00214033247903"><ele>2014.7999877929688</ele></trkpt><trkpt lat="46.59048041142523" lon="8.002180332317948"><ele>2015.7999877929688</ele></trkpt><trkpt lat="46.59050041157752" lon="8.002230332698673"><ele>2015.8999938964844</ele></trkpt><trkpt lat="46.59052041126415" lon="8.002300332300365"><ele>2015.3999938964844</ele></trkpt><trkpt lat="46.59054041141644" lon="8.002320332452655"><ele>2015.4199829101562</ele></trkpt><trkpt lat="46.590550411026925" lon="8.002340332604945"><ele>2015.0999755859375</ele></trkpt><trkpt lat="46.59056041110307" lon="8.002370332367718"><ele>2015.219970703125</ele></trkpt><trkpt lat="46.59058041125536" lon="8.002400332596153"><ele>2015.0999755859375</ele></trkpt><trkpt lat="46.59061041101813" lon="8.002450332511216"><ele>2015.0399780273438</ele></trkpt><trkpt lat="46.59061041101813" lon="8.002460332587361"><ele>2015.0099792480469</ele></trkpt><trkpt lat="46.5906604109332" lon="8.00250033242628"><ele>2014.3999938964844</ele></trkpt><trkpt lat="46.59067041100934" lon="8.00252033257857"><ele>2014.5399780273438</ele></trkpt><trkpt lat="46.59071041084826" lon="8.002610332332551"><ele>2013.6999816894531</ele></trkpt><trkpt lat="46.590740411076695" lon="8.002690332010388"><ele>2013.5</ele></trkpt><trkpt lat="46.59074041061103" lon="8.002700332086533"><ele>2013.3399963378906</ele></trkpt><trkpt lat="46.59075041068718" lon="8.002710332162678"><ele>2013.1999816894531</ele></trkpt><trkpt lat="46.59077041083947" lon="8.002720332238823"><ele>2012.8099975585938</ele></trkpt><trkpt lat="46.59077041083947" lon="8.002730332314968"><ele>2012.7999877929688</ele></trkpt><trkpt lat="46.59080041060224" lon="8.002750332001597"><ele>2012.1999816894531</ele></trkpt><trkpt lat="46.590850410517305" lon="8.00278033176437"><ele>2011.1099853515625</ele></trkpt><trkpt lat="46.590850410517305" lon="8.002790331840515"><ele>2011.1999816894531</ele></trkpt><trkpt lat="46.590850410517305" lon="8.002790331840515"><ele>2010.9299926757812</ele></trkpt><trkpt lat="46.59086041059345" lon="8.002810331992805"><ele>2011.0</ele></trkpt><trkpt lat="46.59088041028008" lon="8.002880331594497"><ele>2010.1999816894531</ele></trkpt><trkpt lat="46.59089040989056" lon="8.00293033150956"><ele>2009.5999755859375</ele></trkpt><trkpt lat="46.59091041004285" lon="8.002970331348479"><ele>2008.719970703125</ele></trkpt><trkpt lat="46.59091041004285" lon="8.002980331424624"><ele>2008.6199951171875</ele></trkpt><trkpt lat="46.59095040988177" lon="8.003030331339687"><ele>2007.8499755859375</ele></trkpt><trkpt lat="46.5909704095684" lon="8.00306033110246"><ele>2007.2999877929688</ele></trkpt><trkpt lat="46.59099040972069" lon="8.003170331008732"><ele>2006.5999755859375</ele></trkpt><trkpt lat="46.59101040940732" lon="8.003200330771506"><ele>2005.8399963378906</ele></trkpt><trkpt lat="46.59102040948346" lon="8.00323033099994"><ele>2005.5499877929688</ele></trkpt><trkpt lat="46.59104040917009" lon="8.003320330753922"><ele>2004.5099792480469</ele></trkpt><trkpt lat="46.59108040900901" lon="8.00338033074513"><ele>2003.6499938964844</ele></trkpt><trkpt lat="46.59111040877178" lon="8.003430330660194"><ele>2003.4999694824219</ele></trkpt><trkpt lat="46.59113040845841" lon="8.003500330261886"><ele>2002.2799987792969</ele></trkpt><trkpt lat="46.59114040853456" lon="8.003520330414176"><ele>2002.5</ele></trkpt><trkpt lat="46.5911504086107" lon="8.003580330405384"><ele>2001.8999938964844</ele></trkpt><trkpt lat="46.591160408221185" lon="8.003630330320448"><ele>2001.0499877929688</ele></trkpt><trkpt lat="46.59117040829733" lon="8.003660330083221"><ele>2001.0</ele></trkpt><trkpt lat="46.591180408373475" lon="8.00370032992214"><ele>1999.989990234375</ele></trkpt><trkpt lat="46.591180408373475" lon="8.003700330387801"><ele>2000.5</ele></trkpt><trkpt lat="46.59121040767059" lon="8.003750329837203"><ele>1998.4199829101562</ele></trkpt><trkpt lat="46.59123040782288" lon="8.003780329599977"><ele>1997.5999755859375</ele></trkpt><trkpt lat="46.59126040711999" lon="8.003870329353958"><ele>1995.2599792480469</ele></trkpt><trkpt lat="46.59126040711999" lon="8.003900329116732"><ele>1994.2999877929688</ele></trkpt><trkpt lat="46.59128040680662" lon="8.003950329031795"><ele>1992.7999877929688</ele></trkpt><trkpt lat="46.59126040665433" lon="8.004010329023004"><ele>1992.3799743652344</ele></trkpt><trkpt lat="46.59126040665433" lon="8.004060328938067"><ele>1991.75</ele></trkpt><trkpt lat="46.59126040665433" lon="8.004070329014212"><ele>1992.1999816894531</ele></trkpt><trkpt lat="46.59127040673047" lon="8.004080329090357"><ele>1992.3999938964844</ele></trkpt><trkpt lat="46.59129040688276" lon="8.00409032870084"><ele>1992.5999755859375</ele></trkpt><trkpt lat="46.59133040672168" lon="8.004100329242647"><ele>1993.2999877929688</ele></trkpt><trkpt lat="46.59137040702626" lon="8.004100329242647"><ele>1993.6999816894531</ele></trkpt><trkpt lat="46.591400407254696" lon="8.004110329318792"><ele>1994.1999816894531</ele></trkpt><trkpt lat="46.591460407245904" lon="8.004100329242647"><ele>1994.1999816894531</ele></trkpt><trkpt lat="46.591460407245904" lon="8.004100329242647"><ele>1994.3099975585938</ele></trkpt><trkpt lat="46.59151040716097" lon="8.004120328929275"><ele>1993.8999938964844</ele></trkpt><trkpt lat="46.591570406686515" lon="8.004160328768194"><ele>1993.0299987792969</ele></trkpt><trkpt lat="46.591570406686515" lon="8.004170328844339"><ele>1993.0099792480469</ele></trkpt><trkpt lat="46.591570406686515" lon="8.004200329072773"><ele>1992.7999877929688</ele></trkpt><trkpt lat="46.59158040676266" lon="8.004270328674465"><ele>1992.2599792480469</ele></trkpt><trkpt lat="46.59159040637314" lon="8.0043003289029"><ele>1991.8299865722656</ele></trkpt><trkpt lat="46.59160040644929" lon="8.004330328665674"><ele>1991.5</ele></trkpt><trkpt lat="46.59164040628821" lon="8.00441032834351"><ele>1989.969970703125</ele></trkpt><trkpt lat="46.59164040628821" lon="8.00441032834351"><ele>1989.9599914550781</ele></trkpt><trkpt lat="46.59165040589869" lon="8.00441032834351"><ele>1989.0999755859375</ele></trkpt><trkpt lat="46.59167040605098" lon="8.0044303284958"><ele>1988.8999938964844</ele></trkpt><trkpt lat="46.591680405661464" lon="8.004470328334719"><ele>1988.0099792480469</ele></trkpt><trkpt lat="46.59169040573761" lon="8.004490328021348"><ele>1987.6699829101562</ele></trkpt><trkpt lat="46.591700405813754" lon="8.004500328097492"><ele>1987.489990234375</ele></trkpt><trkpt lat="46.59172040550038" lon="8.004530327860266"><ele>1987.1999816894531</ele></trkpt><trkpt lat="46.59174040565267" lon="8.00460032792762"><ele>1986.1999816894531</ele></trkpt><trkpt lat="46.5917604053393" lon="8.004660327918828"><ele>1985.3999938964844</ele></trkpt><trkpt lat="46.591770404949784" lon="8.004680327605456"><ele>1984.8199768066406</ele></trkpt><trkpt lat="46.59180040517822" lon="8.004710327833891"><ele>1984.5999755859375</ele></trkpt><trkpt lat="46.591810405254364" lon="8.00475032767281"><ele>1984.1999816894531</ele></trkpt><trkpt lat="46.5918104047887" lon="8.004840327426791"><ele>1983.5</ele></trkpt><trkpt lat="46.59182040486485" lon="8.00492032757029"><ele>1982.5999755859375</ele></trkpt><trkpt lat="46.59183040447533" lon="8.004940327256918"><ele>1982.0799865722656</ele></trkpt><trkpt lat="46.59185040462762" lon="8.004960327409208"><ele>1982.3999938964844</ele></trkpt><trkpt lat="46.591900404542685" lon="8.005000327248126"><ele>1981.8999938964844</ele></trkpt><trkpt lat="46.59195040445775" lon="8.00505032716319"><ele>1981.6999816894531</ele></trkpt><trkpt lat="46.59196040453389" lon="8.005090327002108"><ele>1981.0299987792969</ele></trkpt><trkpt lat="46.59196040453389" lon="8.005090327002108"><ele>1981.0099792480469</ele></trkpt><trkpt lat="46.59198040422052" lon="8.005130326841027"><ele>1980.7599792480469</ele></trkpt><trkpt lat="46.592010404448956" lon="8.005190326832235"><ele>1980.3499755859375</ele></trkpt><trkpt lat="46.592050404287875" lon="8.005260326899588"><ele>1980.3099975585938</ele></trkpt><trkpt lat="46.59208040405065" lon="8.005310326814651"><ele>1979.2099914550781</ele></trkpt><trkpt lat="46.59208040405065" lon="8.005320326890796"><ele>1979.7999877929688</ele></trkpt><trkpt lat="46.59213040396571" lon="8.005360326729715"><ele>1978.7999877929688</ele></trkpt><trkpt lat="46.592150404118" lon="8.005380326882005"><ele>1978.5499877929688</ele></trkpt><trkpt lat="46.59219040395692" lon="8.005420326720923"><ele>1978.5</ele></trkpt><trkpt lat="46.59221040410921" lon="8.005450326949358"><ele>1978.6199951171875</ele></trkpt><trkpt lat="46.59224040387198" lon="8.005490326788276"><ele>1978.7999877929688</ele></trkpt><trkpt lat="46.59230040386319" lon="8.005590326618403"><ele>1978.5</ele></trkpt><trkpt lat="46.592370403464884" lon="8.005850326735526"><ele>1977.2999877929688</ele></trkpt><trkpt lat="46.59240040369332" lon="8.005950326565653"><ele>1976.3899841308594</ele></trkpt><trkpt lat="46.59240040369332" lon="8.005950326565653"><ele>1976.3499755859375</ele></trkpt><trkpt lat="46.59243040345609" lon="8.005970326252282"><ele>1976.1999816894531</ele></trkpt><trkpt lat="46.592480403371155" lon="8.00618032598868"><ele>1974.8999938964844</ele></trkpt><trkpt lat="46.592520403210074" lon="8.006230325903744"><ele>1973.8699951171875</ele></trkpt><trkpt lat="46.59253040282056" lon="8.006250326056033"><ele>1973.5899963378906</ele></trkpt><trkpt lat="46.5925404028967" lon="8.006260326132178"><ele>1973.5</ele></trkpt><trkpt lat="46.5925404028967" lon="8.006300325971097"><ele>1972.8999938964844</ele></trkpt><trkpt lat="46.592550402507186" lon="8.006340325810015"><ele>1971.9099731445312</ele></trkpt><trkpt lat="46.592550402507186" lon="8.00635032588616"><ele>1972.1999816894531</ele></trkpt><trkpt lat="46.59256040258333" lon="8.006370325572789"><ele>1971.5199890136719</ele></trkpt><trkpt lat="46.59258040226996" lon="8.006390325725079"><ele>1971.1999816894531</ele></trkpt><trkpt lat="46.59262040210888" lon="8.006440325640142"><ele>1970.1799926757812</ele></trkpt><trkpt lat="46.59265040233731" lon="8.006470325402915"><ele>1969.3999938964844</ele></trkpt><trkpt lat="46.592680401634425" lon="8.006470324937254"><ele>1968.0999755859375</ele></trkpt><trkpt lat="46.59269040171057" lon="8.006490325089544"><ele>1967.3399963378906</ele></trkpt><trkpt lat="46.592700401786715" lon="8.006500324700028"><ele>1967.1199951171875</ele></trkpt><trkpt lat="46.5927104013972" lon="8.006510324776173"><ele>1966.1999816894531</ele></trkpt><trkpt lat="46.59274040115997" lon="8.006560324691236"><ele>1965.5</ele></trkpt><trkpt lat="46.59276040131226" lon="8.006580324377865"><ele>1964.989990234375</ele></trkpt><trkpt lat="46.59277040138841" lon="8.00659032445401"><ele>1965.0</ele></trkpt><trkpt lat="46.59278040099889" lon="8.006620324682444"><ele>1964.5499877929688</ele></trkpt><trkpt lat="46.592790401075035" lon="8.00663032475859"><ele>1964.5999755859375</ele></trkpt><trkpt lat="46.59282040083781" lon="8.006670324597508"><ele>1963.7999877929688</ele></trkpt><trkpt lat="46.59288040082902" lon="8.00672032404691"><ele>1962.1999816894531</ele></trkpt><trkpt lat="46.59293040027842" lon="8.006810323800892"><ele>1959.6099853515625</ele></trkpt><trkpt lat="46.592940400354564" lon="8.006820323877037"><ele>1959.3899841308594</ele></trkpt><trkpt lat="46.592940400354564" lon="8.006820323877037"><ele>1959.3799743652344</ele></trkpt><trkpt lat="46.59296040004119" lon="8.006880323402584"><ele>1958.9299926757812</ele></trkpt><trkpt lat="46.59296040004119" lon="8.006880323402584"><ele>1958.7999877929688</ele></trkpt><trkpt lat="46.59298039972782" lon="8.006920323707163"><ele>1958.0999755859375</ele></trkpt><trkpt lat="46.592990399803966" lon="8.006970323156565"><ele>1957.3199768066406</ele></trkpt><trkpt lat="46.59300039988011" lon="8.007010323461145"><ele>1957.5</ele></trkpt><trkpt lat="46.59308039909229" lon="8.007120322901756"><ele>1954.3999938964844</ele></trkpt><trkpt lat="46.59311039885506" lon="8.00713032251224"><ele>1953.2099914550781</ele></trkpt><trkpt lat="46.59311039885506" lon="8.007140322588384"><ele>1952.9599914550781</ele></trkpt><trkpt lat="46.593120398931205" lon="8.007150322664529"><ele>1952.7999877929688</ele></trkpt><trkpt lat="46.593120398931205" lon="8.007160322740674"><ele>1952.5799865722656</ele></trkpt><trkpt lat="46.593140398617834" lon="8.007190322503448"><ele>1952.0999755859375</ele></trkpt><trkpt lat="46.59316039830446" lon="8.007250322494656"><ele>1951.0999755859375</ele></trkpt><trkpt lat="46.59320039814338" lon="8.00730032240972"><ele>1949.7999877929688</ele></trkpt><trkpt lat="46.5932403979823" lon="8.007340321782976"><ele>1947.8899841308594</ele></trkpt><trkpt lat="46.59326039766893" lon="8.007350321859121"><ele>1947.6999816894531</ele></trkpt><trkpt lat="46.59328039782122" lon="8.00739032169804"><ele>1947.0999755859375</ele></trkpt><trkpt lat="46.593320397194475" lon="8.007510321680456"><ele>1945.5</ele></trkpt><trkpt lat="46.59333039727062" lon="8.007560321129858"><ele>1944.5999755859375</ele></trkpt><trkpt lat="46.59333039727062" lon="8.007570321206003"><ele>1944.1999816894531</ele></trkpt><trkpt lat="46.59336039703339" lon="8.007640321273357"><ele>1943.3099975585938</ele></trkpt><trkpt lat="46.59337039664388" lon="8.007680321112275"><ele>1942.7999877929688</ele></trkpt><trkpt lat="46.59339039679617" lon="8.007730321027339"><ele>1941.6999816894531</ele></trkpt><trkpt lat="46.59339039679617" lon="8.007730321027339"><ele>1942.0</ele></trkpt><trkpt lat="46.59339039679617" lon="8.007770320866257"><ele>1941.5</ele></trkpt><trkpt lat="46.59340039640665" lon="8.007810320705175"><ele>1940.8999938964844</ele></trkpt><trkpt lat="46.593430396169424" lon="8.007850320544094"><ele>1940.0999755859375</ele></trkpt><trkpt lat="46.593450396321714" lon="8.007940320298076"><ele>1939.1299743652344</ele></trkpt><trkpt lat="46.5934603959322" lon="8.0079903206788"><ele>1939.3999938964844</ele></trkpt><trkpt lat="46.59351039584726" lon="8.008110320195556"><ele>1937.0799865722656</ele></trkpt><trkpt lat="46.593520395923406" lon="8.0081203202717"><ele>1937.0999755859375</ele></trkpt><trkpt lat="46.593540395610034" lon="8.008160320110619"><ele>1936.489990234375</ele></trkpt><trkpt lat="46.59357039537281" lon="8.008200319949538"><ele>1936.0999755859375</ele></trkpt><trkpt lat="46.59358039544895" lon="8.008220320101827"><ele>1936.2999877929688</ele></trkpt><trkpt lat="46.59358039544895" lon="8.008220320101827"><ele>1936.0</ele></trkpt><trkpt lat="46.59360039560124" lon="8.00829032016918"><ele>1936.5</ele></trkpt><trkpt lat="46.59362039528787" lon="8.008350320160389"><ele>1936.0</ele></trkpt><trkpt lat="46.593650395516306" lon="8.00844031991437"><ele>1935.5</ele></trkpt><trkpt lat="46.593690395355225" lon="8.008540319744498"><ele>1934.9299926757812</ele></trkpt><trkpt lat="46.593720395118" lon="8.00861031981185"><ele>1933.8999938964844</ele></trkpt><trkpt lat="46.59375039488077" lon="8.00865031965077"><ele>1932.3999938964844</ele></trkpt><trkpt lat="46.59381039394066" lon="8.008780318778008"><ele>1929.0999755859375</ele></trkpt><trkpt lat="46.5938203940168" lon="8.008810319006443"><ele>1928.2999877929688</ele></trkpt><trkpt lat="46.593870393466204" lon="8.008900318294764"><ele>1926.2999877929688</ele></trkpt><trkpt lat="46.59393039299175" lon="8.009010318201035"><ele>1924.5</ele></trkpt><trkpt lat="46.593940393067896" lon="8.009040317963809"><ele>1924.1999816894531</ele></trkpt><trkpt lat="46.594000393059105" lon="8.009230318013579"><ele>1924.0999755859375</ele></trkpt><trkpt lat="46.594020393211395" lon="8.009300318080932"><ele>1924.5999755859375</ele></trkpt><trkpt lat="46.59403039328754" lon="8.009350318461657"><ele>1924.8299865722656</ele></trkpt><trkpt lat="46.594040393363684" lon="8.00942031852901"><ele>1925.5</ele></trkpt><trkpt lat="46.59406039305031" lon="8.009510318282992"><ele>1924.2999877929688</ele></trkpt><trkpt lat="46.594110392965376" lon="8.009580317884684"><ele>1923.0999755859375</ele></trkpt><trkpt lat="46.594260392244905" lon="8.009780317544937"><ele>1919.5399780273438</ele></trkpt><trkpt lat="46.59429039200768" lon="8.009840317070484"><ele>1918.6999816894531</ele></trkpt><trkpt lat="46.59430039161816" lon="8.009900317061692"><ele>1917.2599792480469</ele></trkpt><trkpt lat="46.59431039169431" lon="8.009930316824466"><ele>1916.8999938964844</ele></trkpt><trkpt lat="46.59432039130479" lon="8.00998031673953"><ele>1915.5499877929688</ele></trkpt><trkpt lat="46.594350391067564" lon="8.010060316417366"><ele>1913.5999755859375</ele></trkpt><trkpt lat="46.59436039067805" lon="8.01011031633243"><ele>1912.47998046875</ele></trkpt><trkpt lat="46.59436039067805" lon="8.010120316408575"><ele>1912.3899841308594</ele></trkpt><trkpt lat="46.59438039083034" lon="8.010140316095203"><ele>1912.1999816894531</ele></trkpt><trkpt lat="46.59442039066926" lon="8.010220316238701"><ele>1910.6999816894531</ele></trkpt><trkpt lat="46.594440390355885" lon="8.01024031592533"><ele>1909.6999816894531</ele></trkpt><trkpt lat="46.59445039043203" lon="8.010250316001475"><ele>1910.0</ele></trkpt><trkpt lat="46.5944803901948" lon="8.010260315611959"><ele>1908.8999938964844</ele></trkpt><trkpt lat="46.59450038988143" lon="8.010260315611959"><ele>1907.7999877929688</ele></trkpt><trkpt lat="46.59451038995758" lon="8.010260315611959"><ele>1907.6899719238281</ele></trkpt><trkpt lat="46.59452039003372" lon="8.010280315298587"><ele>1907.5</ele></trkpt><trkpt lat="46.59454038972035" lon="8.010300315450877"><ele>1906.7999877929688</ele></trkpt><trkpt lat="46.594570389483124" lon="8.010340315289795"><ele>1905.3399963378906</ele></trkpt><trkpt lat="46.5946003892459" lon="8.010370315052569"><ele>1904.0</ele></trkpt><trkpt lat="46.59463038854301" lon="8.010410314891487"><ele>1902.1999816894531</ele></trkpt><trkpt lat="46.59465038822964" lon="8.010430314578116"><ele>1900.6399841308594</ele></trkpt><trkpt lat="46.59466038830578" lon="8.010450314264745"><ele>1900.3999938964844</ele></trkpt><trkpt lat="46.59469038806856" lon="8.010490314103663"><ele>1899.0999755859375</ele></trkpt><trkpt lat="46.594750387594104" lon="8.010600314009935"><ele>1897.1999816894531</ele></trkpt><trkpt lat="46.59478038782254" lon="8.010640313848853"><ele>1896.3999938964844</ele></trkpt><trkpt lat="46.594820387195796" lon="8.010710313450545"><ele>1895.3999938964844</ele></trkpt><trkpt lat="46.59483038727194" lon="8.01072031352669"><ele>1894.5999755859375</ele></trkpt><trkpt lat="46.594860387034714" lon="8.010740313213319"><ele>1893.6999816894531</ele></trkpt><trkpt lat="46.59488038672134" lon="8.010720313061029"><ele>1893.0</ele></trkpt><trkpt lat="46.59488038672134" lon="8.010720313061029"><ele>1892.8799743652344</ele></trkpt><trkpt lat="46.59488038672134" lon="8.01068031322211"><ele>1892.469970703125</ele></trkpt><trkpt lat="46.59488038672134" lon="8.010630312841386"><ele>1891.6699829101562</ele></trkpt><trkpt lat="46.59488038672134" lon="8.01062031276524"><ele>1891.7999877929688</ele></trkpt><trkpt lat="46.59489038633183" lon="8.010590313002467"><ele>1891.1999816894531</ele></trkpt><trkpt lat="46.59489038633183" lon="8.010590313002467"><ele>1890.6899719238281</ele></trkpt><trkpt lat="46.59489038633183" lon="8.010570312850177"><ele>1890.5999755859375</ele></trkpt><trkpt lat="46.59489038633183" lon="8.010560312774032"><ele>1890.0499877929688</ele></trkpt><trkpt lat="46.59486038610339" lon="8.010500312782824"><ele>1889.5999755859375</ele></trkpt><trkpt lat="46.59486038610339" lon="8.010460312478244"><ele>1888.969970703125</ele></trkpt><trkpt lat="46.59485038602725" lon="8.010440312325954"><ele>1889.0999755859375</ele></trkpt><trkpt lat="46.59479038603604" lon="8.010330312419683"><ele>1889.5599975585938</ele></trkpt><trkpt lat="46.594760386273265" lon="8.01028031250462"><ele>1889.8999938964844</ele></trkpt><trkpt lat="46.594740386120975" lon="8.010230312589556"><ele>1889.6999816894531</ele></trkpt><trkpt lat="46.5947103863582" lon="8.010160312522203"><ele>1889.2999877929688</ele></trkpt><trkpt lat="46.59471038589254" lon="8.010080312378705"><ele>1888.7999877929688</ele></trkpt><trkpt lat="46.594720385968685" lon="8.01007031230256"><ele>1888.3999938964844</ele></trkpt><trkpt lat="46.59475038573146" lon="8.01007031230256"><ele>1887.2999877929688</ele></trkpt><trkpt lat="46.594760385807604" lon="8.010060312226415"><ele>1886.7999877929688</ele></trkpt><trkpt lat="46.594760385807604" lon="8.01003031199798"><ele>1886.6999816894531</ele></trkpt><trkpt lat="46.59475038573146" lon="8.010010312311351"><ele>1886.6099853515625</ele></trkpt><trkpt lat="46.59475038573146" lon="8.009990312159061"><ele>1886.8999938964844</ele></trkpt><trkpt lat="46.594740385655314" lon="8.009970312006772"><ele>1886.4099731445312</ele></trkpt><trkpt lat="46.59469038574025" lon="8.009890311863273"><ele>1886.0</ele></trkpt><trkpt lat="46.59469038527459" lon="8.009850312024355"><ele>1885.489990234375</ele></trkpt><trkpt lat="46.59469038527459" lon="8.009850312024355"><ele>1885.47998046875</ele></trkpt><trkpt lat="46.59469038527459" lon="8.009850312024355"><ele>1885.7999877929688</ele></trkpt><trkpt lat="46.594700385350734" lon="8.00984031194821"><ele>1885.4199829101562</ele></trkpt><trkpt lat="46.594700385350734" lon="8.00982031179592"><ele>1885.6999816894531</ele></trkpt><trkpt lat="46.59473038511351" lon="8.009770311880857"><ele>1884.7999877929688</ele></trkpt><trkpt lat="46.59476038487628" lon="8.009740311652422"><ele>1883.1899719238281</ele></trkpt><trkpt lat="46.59478038502857" lon="8.009720311500132"><ele>1882.6999816894531</ele></trkpt><trkpt lat="46.5948003847152" lon="8.009780311025679"><ele>1881.0299987792969</ele></trkpt><trkpt lat="46.59481038432568" lon="8.009830310940742"><ele>1880.0</ele></trkpt><trkpt lat="46.59487038385123" lon="8.00991031061858"><ele>1878.0</ele></trkpt><trkpt lat="46.59491038369015" lon="8.009970310609788"><ele>1876.3999938964844</ele></trkpt><trkpt lat="46.59495038352907" lon="8.010010310448706"><ele>1875.5</ele></trkpt><trkpt lat="46.59498038329184" lon="8.010050310287625"><ele>1874.719970703125</ele></trkpt><trkpt lat="46.59502038313076" lon="8.010070309974253"><ele>1874.3999938964844</ele></trkpt><trkpt lat="46.59504038281739" lon="8.010080310050398"><ele>1873.3999938964844</ele></trkpt><trkpt lat="46.59505038289353" lon="8.010090310126543"><ele>1872.8499755859375</ele></trkpt><trkpt lat="46.59505038289353" lon="8.010090310126543"><ele>1872.7999877929688</ele></trkpt><trkpt lat="46.59505038289353" lon="8.010080310050398"><ele>1872.6699829101562</ele></trkpt><trkpt lat="46.59506038296968" lon="8.010070309974253"><ele>1872.3499755859375</ele></trkpt><trkpt lat="46.59506038296968" lon="8.010060309898108"><ele>1872.3999938964844</ele></trkpt><trkpt lat="46.59505038289353" lon="8.010040309745818"><ele>1871.9199829101562</ele></trkpt><trkpt lat="46.59504038281739" lon="8.010020309593529"><ele>1872.0999755859375</ele></trkpt><trkpt lat="46.59504038281739" lon="8.0100003099069"><ele>1871.6499938964844</ele></trkpt><trkpt lat="46.59503038274124" lon="8.00996030960232"><ele>1871.3299865722656</ele></trkpt><trkpt lat="46.5950203826651" lon="8.009930309839547"><ele>1871.0999755859375</ele></trkpt><trkpt lat="46.595040382351726" lon="8.009820309467614"><ele>1869.7999877929688</ele></trkpt><trkpt lat="46.595060382038355" lon="8.009760309010744"><ele>1868.5</ele></trkpt><trkpt lat="46.59509038180113" lon="8.009680308867246"><ele>1866.72998046875</ele></trkpt><trkpt lat="46.59510038141161" lon="8.009670308791101"><ele>1866.5399780273438</ele></trkpt><trkpt lat="46.59511038148776" lon="8.009650308638811"><ele>1866.0099792480469</ele></trkpt><trkpt lat="46.59521038085222" lon="8.009540308266878"><ele>1863.0</ele></trkpt><trkpt lat="46.595240380614996" lon="8.00946030812338"><ele>1861.5</ele></trkpt><trkpt lat="46.595260380301625" lon="8.009330307599157"><ele>1859.1999816894531</ele></trkpt><trkpt lat="46.59526037983596" lon="8.009280307684094"><ele>1858.1499938964844</ele></trkpt><trkpt lat="46.59526037983596" lon="8.009240307379514"><ele>1857.4199829101562</ele></trkpt><trkpt lat="46.59527037944645" lon="8.009160307236016"><ele>1855.9399719238281</ele></trkpt><trkpt lat="46.59527037944645" lon="8.009160307236016"><ele>1856.3999938964844</ele></trkpt><trkpt lat="46.595350379124284" lon="8.009200306609273"><ele>1853.8999938964844</ele></trkpt><trkpt lat="46.59540037903935" lon="8.009240306448191"><ele>1852.6999816894531</ele></trkpt><trkpt lat="46.59545037848875" lon="8.009320306126028"><ele>1850.72998046875</ele></trkpt><trkpt lat="46.595550377853215" lon="8.00941030588001"><ele>1847.3999938964844</ele></trkpt><trkpt lat="46.59561037737876" lon="8.009490305557847"><ele>1844.7999877929688</ele></trkpt><trkpt lat="46.59562037745491" lon="8.00950030516833"><ele>1844.8699951171875</ele></trkpt><trkpt lat="46.59563037706539" lon="8.009530305396765"><ele>1844.6999816894531</ele></trkpt><trkpt lat="46.59563037706539" lon="8.009550305083394"><ele>1843.8499755859375</ele></trkpt><trkpt lat="46.595620376989245" lon="8.009660304989666"><ele>1842.0999755859375</ele></trkpt><trkpt lat="46.59563037659973" lon="8.009680304676294"><ele>1841.6899719238281</ele></trkpt><trkpt lat="46.595640376675874" lon="8.009740304667503"><ele>1840.8999938964844</ele></trkpt><trkpt lat="46.59564037621021" lon="8.009750304743648"><ele>1840.3499755859375</ele></trkpt><trkpt lat="46.5956603763625" lon="8.009780304506421"><ele>1840.0999755859375</ele></trkpt><trkpt lat="46.5956603763625" lon="8.009790304582566"><ele>1839.5</ele></trkpt><trkpt lat="46.59567037643865" lon="8.009800304658711"><ele>1839.3999938964844</ele></trkpt><trkpt lat="46.5956603763625" lon="8.00982030434534"><ele>1839.1399841308594</ele></trkpt><trkpt lat="46.5956603763625" lon="8.00984030449763"><ele>1839.3999938964844</ele></trkpt><trkpt lat="46.59566037589684" lon="8.009880304336548"><ele>1838.8399963378906</ele></trkpt><trkpt lat="46.59566037589684" lon="8.009930304251611"><ele>1837.719970703125</ele></trkpt><trkpt lat="46.59566037589684" lon="8.009940304327756"><ele>1837.5399780273438</ele></trkpt><trkpt lat="46.595670375972986" lon="8.00997030409053"><ele>1837.0999755859375</ele></trkpt><trkpt lat="46.59568037558347" lon="8.010000303853303"><ele>1836.3999938964844</ele></trkpt><trkpt lat="46.59568037558347" lon="8.010020304005593"><ele>1836.0599975585938</ele></trkpt><trkpt lat="46.59568037558347" lon="8.010070303920656"><ele>1836.5</ele></trkpt><trkpt lat="46.59571037534624" lon="8.010110303759575"><ele>1835.969970703125</ele></trkpt><trkpt lat="46.59577037533745" lon="8.010200303979218"><ele>1835.5999755859375</ele></trkpt><trkpt lat="46.595800375100225" lon="8.010330303572118"><ele>1833.75</ele></trkpt><trkpt lat="46.595830374863" lon="8.010470303241163"><ele>1832.5</ele></trkpt><trkpt lat="46.595830374863" lon="8.010510303545743"><ele>1831.7999877929688</ele></trkpt><trkpt lat="46.59585037454963" lon="8.010500303003937"><ele>1830.47998046875</ele></trkpt><trkpt lat="46.5958803743124" lon="8.010500303003937"><ele>1829.8999938964844</ele></trkpt><trkpt lat="46.59592037415132" lon="8.010480302851647"><ele>1828.22998046875</ele></trkpt><trkpt lat="46.59597037360072" lon="8.010460302699357"><ele>1826.6599731445312</ele></trkpt><trkpt lat="46.59597037360072" lon="8.010460302699357"><ele>1827.1999816894531</ele></trkpt><trkpt lat="46.59597037360072" lon="8.010560302063823"><ele>1825.1999816894531</ele></trkpt><trkpt lat="46.595980373211205" lon="8.010600301902741"><ele>1824.2999877929688</ele></trkpt><trkpt lat="46.59601037297398" lon="8.010630302131176"><ele>1823.1299743652344</ele></trkpt><trkpt lat="46.59603037266061" lon="8.010670301970094"><ele>1822.5</ele></trkpt><trkpt lat="46.59604037273675" lon="8.010690301656723"><ele>1822.2999877929688</ele></trkpt><trkpt lat="46.5960503728129" lon="8.010710301809013"><ele>1822.1999816894531</ele></trkpt><trkpt lat="46.5960503728129" lon="8.010750301647931"><ele>1821.5999755859375</ele></trkpt><trkpt lat="46.59604037273675" lon="8.010770301800221"><ele>1821.5999755859375</ele></trkpt><trkpt lat="46.5960503728129" lon="8.010800301562995"><ele>1821.7999877929688</ele></trkpt><trkpt lat="46.59608037257567" lon="8.01081030163914"><ele>1821.1999816894531</ele></trkpt><trkpt lat="46.596090372651815" lon="8.010840301401913"><ele>1820.5699768066406</ele></trkpt><trkpt lat="46.5961003722623" lon="8.010870301630348"><ele>1820.0</ele></trkpt><trkpt lat="46.596110372338444" lon="8.010900301393121"><ele>1819.25</ele></trkpt><trkpt lat="46.596110372338444" lon="8.010910301469266"><ele>1819.1999816894531</ele></trkpt><trkpt lat="46.5961003722623" lon="8.010930301155895"><ele>1819.5</ele></trkpt><trkpt lat="46.5961003722623" lon="8.010970301460475"><ele>1819.0</ele></trkpt><trkpt lat="46.596090372186154" lon="8.011010301299393"><ele>1818.5199890136719</ele></trkpt><trkpt lat="46.596090372186154" lon="8.011020301375538"><ele>1818.8999938964844</ele></trkpt><trkpt lat="46.596090372186154" lon="8.011060301214457"><ele>1818.3999938964844</ele></trkpt><trkpt lat="46.59610037179664" lon="8.01109030097723"><ele>1817.8999938964844</ele></trkpt><trkpt lat="46.59610037179664" lon="8.01111030112952"><ele>1817.6999816894531</ele></trkpt><trkpt lat="46.59613037155941" lon="8.011150300968438"><ele>1816.7999877929688</ele></trkpt><trkpt lat="46.596180371474475" lon="8.011250300798565"><ele>1816.0</ele></trkpt><trkpt lat="46.59622037131339" lon="8.01126030087471"><ele>1815.1999816894531</ele></trkpt><trkpt lat="46.59627037122846" lon="8.011300300247967"><ele>1813.2599792480469</ele></trkpt><trkpt lat="46.59632037067786" lon="8.011340300086886"><ele>1811.1999816894531</ele></trkpt><trkpt lat="46.59641036996618" lon="8.011390299536288"><ele>1808.5999755859375</ele></trkpt><trkpt lat="46.5964503698051" lon="8.011430299375206"><ele>1806.4499816894531</ele></trkpt><trkpt lat="46.59648036956787" lon="8.01146029913798"><ele>1805.0599975585938</ele></trkpt><trkpt lat="46.596490369178355" lon="8.011470299214125"><ele>1804.7599792480469</ele></trkpt><trkpt lat="46.59654036909342" lon="8.011580298654735"><ele>1803.0999755859375</ele></trkpt><trkpt lat="46.59661036869511" lon="8.011650298256427"><ele>1800.9399719238281</ele></trkpt><trkpt lat="46.596640368457884" lon="8.011680298484862"><ele>1800.2799987792969</ele></trkpt><trkpt lat="46.596640368457884" lon="8.011680298484862"><ele>1800.6999816894531</ele></trkpt><trkpt lat="46.59665036853403" lon="8.011650298256427"><ele>1800.0</ele></trkpt><trkpt lat="46.596670367754996" lon="8.011520297732204"><ele>1798.0</ele></trkpt><trkpt lat="46.596710367593914" lon="8.011390297673643"><ele>1795.1999816894531</ele></trkpt><trkpt lat="46.5967203672044" lon="8.011340297292918"><ele>1793.47998046875</ele></trkpt><trkpt lat="46.59673036681488" lon="8.011290296912193"><ele>1793.0</ele></trkpt><trkpt lat="46.59673036681488" lon="8.011280296836048"><ele>1792.2599792480469</ele></trkpt><trkpt lat="46.59674036689103" lon="8.01126029714942"><ele>1792.3999938964844</ele></trkpt><trkpt lat="46.596740366425365" lon="8.011110296472907"><ele>1789.5</ele></trkpt><trkpt lat="46.59679036587477" lon="8.011130296159536"><ele>1787.0999755859375</ele></trkpt><trkpt lat="46.596850365400314" lon="8.011170295998454"><ele>1785.0799865722656</ele></trkpt><trkpt lat="46.59686036547646" lon="8.011180295608938"><ele>1784.8199768066406</ele></trkpt><trkpt lat="46.59693036507815" lon="8.01127029536292"><ele>1782.7999877929688</ele></trkpt><trkpt lat="46.59697036445141" lon="8.011290295049548"><ele>1781.2999877929688</ele></trkpt><trkpt lat="46.597070363815874" lon="8.01136029465124"><ele>1778.1999816894531</ele></trkpt><trkpt lat="46.597090363968164" lon="8.011370294727385"><ele>1777.6699829101562</ele></trkpt><trkpt lat="46.597170363646" lon="8.011410294100642"><ele>1775.5</ele></trkpt><trkpt lat="46.597180363256484" lon="8.011430294252932"><ele>1775.1699829101562</ele></trkpt><trkpt lat="46.59724036324769" lon="8.011560293845832"><ele>1773.7999877929688</ele></trkpt><trkpt lat="46.597270363010466" lon="8.011590294074267"><ele>1772.8099975585938</ele></trkpt><trkpt lat="46.59730036277324" lon="8.011610293760896"><ele>1772.2099914550781</ele></trkpt><trkpt lat="46.59733036253601" lon="8.01164029352367"><ele>1771.2999877929688</ele></trkpt><trkpt lat="46.59736036229879" lon="8.011660293675959"><ele>1770.3799743652344</ele></trkpt><trkpt lat="46.597400362137705" lon="8.011690293438733"><ele>1769.1999816894531</ele></trkpt><trkpt lat="46.59746036166325" lon="8.01177029311657"><ele>1767.0899963378906</ele></trkpt><trkpt lat="46.597580360714346" lon="8.011950292158872"><ele>1762.5999755859375</ele></trkpt><trkpt lat="46.597600360866636" lon="8.011970292311162"><ele>1762.1499938964844</ele></trkpt><trkpt lat="46.59763036062941" lon="8.01199029199779"><ele>1761.7999877929688</ele></trkpt><trkpt lat="46.597730359993875" lon="8.01214029174298"><ele>1758.2699890136719</ele></trkpt><trkpt lat="46.597750360146165" lon="8.012160291429609"><ele>1757.8999938964844</ele></trkpt><trkpt lat="46.59777035983279" lon="8.012160291429609"><ele>1757.1999816894531</ele></trkpt><trkpt lat="46.59777035983279" lon="8.012160291429609"><ele>1757.25</ele></trkpt><trkpt lat="46.59778035990894" lon="8.012110291514546"><ele>1757.0099792480469</ele></trkpt><trkpt lat="46.59778035990894" lon="8.012090291362256"><ele>1756.9499816894531</ele></trkpt><trkpt lat="46.59777035983279" lon="8.012020291294903"><ele>1757.0999755859375</ele></trkpt><trkpt lat="46.59776035975665" lon="8.01197029137984"><ele>1757.0</ele></trkpt><trkpt lat="46.597750359680504" lon="8.01193029107526"><ele>1756.72998046875</ele></trkpt><trkpt lat="46.59772035991773" lon="8.011850291397423"><ele>1756.6799926757812</ele></trkpt><trkpt lat="46.59772035991773" lon="8.011840291321278"><ele>1756.7999877929688</ele></trkpt><trkpt lat="46.597710359841585" lon="8.011820291168988"><ele>1756.6599731445312</ele></trkpt><trkpt lat="46.597710359841585" lon="8.01176029117778"><ele>1756.5999755859375</ele></trkpt><trkpt lat="46.59770035976544" lon="8.011730291415006"><ele>1756.1699829101562</ele></trkpt><trkpt lat="46.597690359689295" lon="8.011680291034281"><ele>1756.1999816894531</ele></trkpt><trkpt lat="46.597690359689295" lon="8.011640291195363"><ele>1755.75</ele></trkpt><trkpt lat="46.597690359689295" lon="8.011470291297883"><ele>1756.1899719238281</ele></trkpt><trkpt lat="46.597690359689295" lon="8.011370291002095"><ele>1756.4099731445312</ele></trkpt><trkpt lat="46.597690359689295" lon="8.011350291315466"><ele>1756.5</ele></trkpt><trkpt lat="46.59768035961315" lon="8.011300291400403"><ele>1756.5</ele></trkpt><trkpt lat="46.597670359537005" lon="8.011280291248113"><ele>1756.2999877929688</ele></trkpt><trkpt lat="46.59763035969809" lon="8.011200291104615"><ele>1756.219970703125</ele></trkpt><trkpt lat="46.59763035969809" lon="8.01119029102847"><ele>1756.2099914550781</ele></trkpt><trkpt lat="46.59760035946965" lon="8.011170291341841"><ele>1756.2999877929688</ele></trkpt><trkpt lat="46.59760035946965" lon="8.011150291189551"><ele>1756.219970703125</ele></trkpt><trkpt lat="46.59760035946965" lon="8.011140291113406"><ele>1756.0999755859375</ele></trkpt><trkpt lat="46.59763035969809" lon="8.011030291207135"><ele>1756.2999877929688</ele></trkpt><trkpt lat="46.59766035946086" lon="8.010910290759057"><ele>1754.9499816894531</ele></trkpt><trkpt lat="46.597690359223634" lon="8.010830290615559"><ele>1754.2999877929688</ele></trkpt><trkpt lat="46.597690359223634" lon="8.010800290852785"><ele>1753.2999877929688</ele></trkpt><trkpt lat="46.59770035883412" lon="8.01075029047206"><ele>1752.3999938964844</ele></trkpt><trkpt lat="46.59771035891026" lon="8.01073029031977"><ele>1751.8499755859375</ele></trkpt><trkpt lat="46.597720358520746" lon="8.010710290633142"><ele>1751.5999755859375</ele></trkpt><trkpt lat="46.597740358673036" lon="8.010700290556997"><ele>1751.1999816894531</ele></trkpt><trkpt lat="46.59775035874918" lon="8.01071029016748"><ele>1750.5999755859375</ele></trkpt><trkpt lat="46.597760358359665" lon="8.010740289930254"><ele>1750.0</ele></trkpt><trkpt lat="46.59780035819858" lon="8.010810289997607"><ele>1748.1999816894531</ele></trkpt><trkpt lat="46.59786035772413" lon="8.010800289455801"><ele>1746.3099975585938</ele></trkpt><trkpt lat="46.597890357486904" lon="8.010790289379656"><ele>1745.2599792480469</ele></trkpt><trkpt lat="46.59791035717353" lon="8.010790289379656"><ele>1744.7999877929688</ele></trkpt><trkpt lat="46.59792035724968" lon="8.010770289227366"><ele>1744.3699951171875</ele></trkpt><trkpt lat="46.59793035732582" lon="8.010750289075077"><ele>1743.7999877929688</ele></trkpt><trkpt lat="46.59795035701245" lon="8.010740288998932"><ele>1743.22998046875</ele></trkpt><trkpt lat="46.597960357088596" lon="8.010740288998932"><ele>1742.8599853515625</ele></trkpt><trkpt lat="46.59797035716474" lon="8.010740288998932"><ele>1742.5</ele></trkpt><trkpt lat="46.598010356538" lon="8.01078028883785"><ele>1741.1299743652344</ele></trkpt><trkpt lat="46.598010356538" lon="8.01078028883785"><ele>1740.8399963378906</ele></trkpt><trkpt lat="46.598090356215835" lon="8.010840288363397"><ele>1738.5199890136719</ele></trkpt><trkpt lat="46.59812035597861" lon="8.010860288050026"><ele>1738.0</ele></trkpt><trkpt lat="46.59816035581753" lon="8.010910287965089"><ele>1737.0</ele></trkpt><trkpt lat="46.598180355504155" lon="8.010950287804008"><ele>1735.8999938964844</ele></trkpt><trkpt lat="46.598220355343074" lon="8.010980287566781"><ele>1735.1999816894531</ele></trkpt><trkpt lat="46.5982403550297" lon="8.010980287566781"><ele>1734.0899963378906</ele></trkpt><trkpt lat="46.59824035549536" lon="8.010980287566781"><ele>1734.3999938964844</ele></trkpt><trkpt lat="46.59827035525814" lon="8.0110202874057"><ele>1733.0</ele></trkpt><trkpt lat="46.598290354944766" lon="8.011050287168473"><ele>1732.3999938964844</ele></trkpt><trkpt lat="46.59832035470754" lon="8.011070287320763"><ele>1731.7999877929688</ele></trkpt><trkpt lat="46.598330354783684" lon="8.011070287320763"><ele>1731.2599792480469</ele></trkpt><trkpt lat="46.598330354783684" lon="8.011060287244618"><ele>1731.0299987792969</ele></trkpt><trkpt lat="46.598330354783684" lon="8.011060287244618"><ele>1731.0199890136719</ele></trkpt><trkpt lat="46.59832035470754" lon="8.011030287016183"><ele>1730.7999877929688</ele></trkpt><trkpt lat="46.598310354631394" lon="8.010990287177265"><ele>1730.1999816894531</ele></trkpt><trkpt lat="46.59830035455525" lon="8.010950286872685"><ele>1730.0</ele></trkpt><trkpt lat="46.59830035455525" lon="8.010930286720395"><ele>1729.5299987792969</ele></trkpt><trkpt lat="46.59830035408959" lon="8.010900286957622"><ele>1729.1999816894531</ele></trkpt><trkpt lat="46.598270354326814" lon="8.010820286814123"><ele>1728.7999877929688</ele></trkpt><trkpt lat="46.598250354174525" lon="8.010800286661834"><ele>1728.0699768066406</ele></trkpt><trkpt lat="46.598250354174525" lon="8.010780286509544"><ele>1727.5199890136719</ele></trkpt><trkpt lat="46.598250354174525" lon="8.010760286357254"><ele>1727.5</ele></trkpt><trkpt lat="46.59824035363272" lon="8.010750286281109"><ele>1727.0</ele></trkpt><trkpt lat="46.59823035355657" lon="8.01073028659448"><ele>1726.5999755859375</ele></trkpt><trkpt lat="46.59823035355657" lon="8.0106902862899"><ele>1726.5</ele></trkpt><trkpt lat="46.59821035340428" lon="8.010640285909176"><ele>1724.7999877929688</ele></trkpt><trkpt lat="46.59821035340428" lon="8.010590285994112"><ele>1724.0</ele></trkpt><trkpt lat="46.59823035309091" lon="8.010560285765678"><ele>1723.8999938964844</ele></trkpt><trkpt lat="46.5982503532432" lon="8.010550285689533"><ele>1723.0999755859375</ele></trkpt><trkpt lat="46.59827035292983" lon="8.010540285613388"><ele>1722.5</ele></trkpt><trkpt lat="46.59827035292983" lon="8.010530285537243"><ele>1722.1199951171875</ele></trkpt><trkpt lat="46.59827035292983" lon="8.010510285850614"><ele>1722.0</ele></trkpt><trkpt lat="46.598260352388024" lon="8.010470285546035"><ele>1720.5</ele></trkpt><trkpt lat="46.59825035231188" lon="8.01046028546989"><ele>1719.6999816894531</ele></trkpt><trkpt lat="46.59825035231188" lon="8.010410285089165"><ele>1718.3799743652344</ele></trkpt><trkpt lat="46.598240352235734" lon="8.01040028501302"><ele>1718.1399841308594</ele></trkpt><trkpt lat="46.59824035177007" lon="8.010350285097957"><ele>1717.6999816894531</ele></trkpt><trkpt lat="46.59824035177007" lon="8.010320284869522"><ele>1716.3599853515625</ele></trkpt><trkpt lat="46.59825035184622" lon="8.010300284717232"><ele>1715.9299926757812</ele></trkpt><trkpt lat="46.5982603514567" lon="8.010260284412652"><ele>1715.2099914550781</ele></trkpt><trkpt lat="46.59827035153285" lon="8.010260284412652"><ele>1715.0799865722656</ele></trkpt><trkpt lat="46.59827035153285" lon="8.010290284175426"><ele>1714.3999938964844</ele></trkpt><trkpt lat="46.59828035114333" lon="8.010290284175426"><ele>1714.1699829101562</ele></trkpt><trkpt lat="46.598290351219475" lon="8.01028028409928"><ele>1713.5</ele></trkpt><trkpt lat="46.59830035082996" lon="8.01028028409928"><ele>1713.0</ele></trkpt><trkpt lat="46.59833035059273" lon="8.010330284014344"><ele>1711.6999816894531</ele></trkpt><trkpt lat="46.59835035074502" lon="8.010350283700973"><ele>1710.6999816894531</ele></trkpt><trkpt lat="46.598360350355506" lon="8.010350283700973"><ele>1709.8999938964844</ele></trkpt><trkpt lat="46.598380350507796" lon="8.010320283472538"><ele>1709.47998046875</ele></trkpt><trkpt lat="46.598380350507796" lon="8.010310283396393"><ele>1709.3699951171875</ele></trkpt><trkpt lat="46.59839035011828" lon="8.010290283709764"><ele>1709.0999755859375</ele></trkpt><trkpt lat="46.598400350194424" lon="8.010270283557475"><ele>1708.2599792480469</ele></trkpt><trkpt lat="46.59842034988105" lon="8.01024028332904"><ele>1707.5999755859375</ele></trkpt><trkpt lat="46.59841034980491" lon="8.01022028317675"><ele>1707.0299987792969</ele></trkpt><trkpt lat="46.59841034980491" lon="8.01020028302446"><ele>1706.6399841308594</ele></trkpt><trkpt lat="46.59843034949154" lon="8.010210283100605"><ele>1705.8499755859375</ele></trkpt><trkpt lat="46.59844034956768" lon="8.010210282634944"><ele>1704.8799743652344</ele></trkpt><trkpt lat="46.59844034910202" lon="8.01018028287217"><ele>1704.1099853515625</ele></trkpt><trkpt lat="46.598430349025875" lon="8.010110282339156"><ele>1703.0</ele></trkpt><trkpt lat="46.598430349025875" lon="8.010080282576382"><ele>1702.1999816894531</ele></trkpt><trkpt lat="46.598430349025875" lon="8.010080282576382"><ele>1702.0</ele></trkpt><trkpt lat="46.59846034878865" lon="8.0101202824153"><ele>1701.0</ele></trkpt><trkpt lat="46.59846034832299" lon="8.010110282339156"><ele>1700.5099792480469</ele></trkpt><trkpt lat="46.59846034832299" lon="8.010060281958431"><ele>1699.3799743652344</ele></trkpt><trkpt lat="46.59846034832299" lon="8.010060281958431"><ele>1699.1999816894531</ele></trkpt><trkpt lat="46.59847034793347" lon="8.010000281967223"><ele>1698.2999877929688</ele></trkpt><trkpt lat="46.59847034793347" lon="8.009950281586498"><ele>1696.5</ele></trkpt><trkpt lat="46.598460347391665" lon="8.00983028113842"><ele>1694.4199829101562</ele></trkpt><trkpt lat="46.598460347391665" lon="8.00981028098613"><ele>1694.1999816894531</ele></trkpt><trkpt lat="46.598460347391665" lon="8.009800280909985"><ele>1694.0799865722656</ele></trkpt><trkpt lat="46.598460347391665" lon="8.009770281147212"><ele>1693.7999877929688</ele></trkpt><trkpt lat="46.59847034700215" lon="8.009720280766487"><ele>1693.1999816894531</ele></trkpt><trkpt lat="46.59847034700215" lon="8.009690281003714"><ele>1693.1999816894531</ele></trkpt><trkpt lat="46.59847034700215" lon="8.009680280927569"><ele>1692.8799743652344</ele></trkpt><trkpt lat="46.598460346926004" lon="8.009650280699134"><ele>1692.2999877929688</ele></trkpt><trkpt lat="46.598460346926004" lon="8.009620280470699"><ele>1691.3699951171875</ele></trkpt><trkpt lat="46.59847034653649" lon="8.00956028047949"><ele>1690.3999938964844</ele></trkpt><trkpt lat="46.59847034653649" lon="8.009550280403346"><ele>1689.7699890136719</ele></trkpt><trkpt lat="46.59847034653649" lon="8.009530280251056"><ele>1689.8999938964844</ele></trkpt><trkpt lat="46.598470346070826" lon="8.009520280174911"><ele>1689.1999816894531</ele></trkpt><trkpt lat="46.59848034614697" lon="8.009530280251056"><ele>1689.1299743652344</ele></trkpt><trkpt lat="46.59850034629926" lon="8.00956028001383"><ele>1688.5</ele></trkpt><trkpt lat="46.598510345909745" lon="8.00956028001383"><ele>1688.1999816894531</ele></trkpt><trkpt lat="46.59852034598589" lon="8.009550279937685"><ele>1687.5</ele></trkpt><trkpt lat="46.59852034598589" lon="8.00954027986154"><ele>1687.3399963378906</ele></trkpt><trkpt lat="46.59852034598589" lon="8.009520280174911"><ele>1687.1999816894531</ele></trkpt><trkpt lat="46.59851034544408" lon="8.009470279794186"><ele>1686.0699768066406</ele></trkpt><trkpt lat="46.59851034544408" lon="8.009440279565752"><ele>1685.8999938964844</ele></trkpt><trkpt lat="46.59851034544408" lon="8.009420279879123"><ele>1685.5</ele></trkpt><trkpt lat="46.59852034552023" lon="8.009380279574543"><ele>1685.1999816894531</ele></trkpt><trkpt lat="46.59852034505457" lon="8.00931027950719"><ele>1683.5999755859375</ele></trkpt><trkpt lat="46.59851034497842" lon="8.0092902793549"><ele>1682.7999877929688</ele></trkpt><trkpt lat="46.59851034497842" lon="8.00927027920261"><ele>1682.2599792480469</ele></trkpt><trkpt lat="46.59850034490228" lon="8.00925027905032"><ele>1682.0</ele></trkpt><trkpt lat="46.598500344436616" lon="8.009130279067904"><ele>1680.6999816894531</ele></trkpt><trkpt lat="46.598520344588906" lon="8.009080278687179"><ele>1679.9099731445312</ele></trkpt><trkpt lat="46.59855034435168" lon="8.008960278704762"><ele>1679.0999755859375</ele></trkpt><trkpt lat="46.59855034435168" lon="8.008920278400183"><ele>1678.719970703125</ele></trkpt><trkpt lat="46.59855034435168" lon="8.008910278789699"><ele>1678.7999877929688</ele></trkpt><trkpt lat="46.59855034435168" lon="8.00889027863741"><ele>1678.489990234375</ele></trkpt><trkpt lat="46.59857034403831" lon="8.008840278722346"><ele>1678.2999877929688</ele></trkpt><trkpt lat="46.59858034411445" lon="8.008760278578848"><ele>1677.3999938964844</ele></trkpt><trkpt lat="46.59858034364879" lon="8.008720278274268"><ele>1676.5</ele></trkpt><trkpt lat="46.598590343724936" lon="8.008700278121978"><ele>1676.0699768066406</ele></trkpt><trkpt lat="46.59860034380108" lon="8.00866027828306"><ele>1675.6999816894531</ele></trkpt><trkpt lat="46.59860034333542" lon="8.008630278054625"><ele>1674.9099731445312</ele></trkpt><trkpt lat="46.59860034333542" lon="8.00860027782619"><ele>1674.5999755859375</ele></trkpt><trkpt lat="46.59860034333542" lon="8.008560277987272"><ele>1674.219970703125</ele></trkpt><trkpt lat="46.598610343411565" lon="8.008520277682692"><ele>1674.1499938964844</ele></trkpt><trkpt lat="46.59863034309819" lon="8.00841027777642"><ele>1673.8099975585938</ele></trkpt><trkpt lat="46.59863034309819" lon="8.008350277785212"><ele>1673.5999755859375</ele></trkpt><trkpt lat="46.59863034309819" lon="8.008300277404487"><ele>1672.9299926757812</ele></trkpt><trkpt lat="46.59863034309819" lon="8.00822027772665"><ele>1672.2999877929688</ele></trkpt><trkpt lat="46.59864034270868" lon="8.008170277345926"><ele>1671.6999816894531</ele></trkpt><trkpt lat="46.59867034247145" lon="8.008060277439654"><ele>1671.1099853515625</ele></trkpt><trkpt lat="46.598680342547596" lon="8.008000277448446"><ele>1670.6999816894531</ele></trkpt><trkpt lat="46.59871034231037" lon="8.007900277152658"><ele>1669.6999816894531</ele></trkpt><trkpt lat="46.598720342386514" lon="8.007870276924223"><ele>1669.1999816894531</ele></trkpt><trkpt lat="46.59874034207314" lon="8.007810276933014"><ele>1668.1999816894531</ele></trkpt><trkpt lat="46.59874034207314" lon="8.007770276628435"><ele>1668.0</ele></trkpt><trkpt lat="46.598770341835916" lon="8.007710276637226"><ele>1667.2099914550781</ele></trkpt><trkpt lat="46.598770341835916" lon="8.007700276561081"><ele>1667.1499938964844</ele></trkpt><trkpt lat="46.598790341988206" lon="8.007640276569873"><ele>1666.7999877929688</ele></trkpt><trkpt lat="46.598810341674834" lon="8.007610276341438"><ele>1666.1999816894531</ele></trkpt><trkpt lat="46.598810341674834" lon="8.00759027665481"><ele>1665.7099914550781</ele></trkpt><trkpt lat="46.59883034136146" lon="8.007500276435167"><ele>1664.6999816894531</ele></trkpt><trkpt lat="46.59884034097195" lon="8.007420275826007"><ele>1662.6099853515625</ele></trkpt><trkpt lat="46.59884034097195" lon="8.007390275597572"><ele>1661.97998046875</ele></trkpt><trkpt lat="46.59885034104809" lon="8.007380275987089"><ele>1661.8999938964844</ele></trkpt><trkpt lat="46.598860340658575" lon="8.007360275834799"><ele>1661.0999755859375</ele></trkpt><trkpt lat="46.59887034073472" lon="8.007320275530219"><ele>1660.2999877929688</ele></trkpt><trkpt lat="46.598880340345204" lon="8.007310275454074"><ele>1659.9499816894531</ele></trkpt><trkpt lat="46.59889034042135" lon="8.00730027537793"><ele>1659.25</ele></trkpt><trkpt lat="46.59889034042135" lon="8.007290275301784"><ele>1659.2999877929688</ele></trkpt><trkpt lat="46.59893034026027" lon="8.007290275301784"><ele>1657.8999938964844</ele></trkpt><trkpt lat="46.598950339946896" lon="8.007310274988413"><ele>1657.0999755859375</ele></trkpt><trkpt lat="46.59898033970967" lon="8.007290274836123"><ele>1656.1999816894531</ele></trkpt><trkpt lat="46.598990339785814" lon="8.007290274836123"><ele>1655.8999938964844</ele></trkpt><trkpt lat="46.598990339785814" lon="8.007300274912268"><ele>1655.6999816894531</ele></trkpt><trkpt lat="46.59903033962473" lon="8.007360274437815"><ele>1654.5999755859375</ele></trkpt><trkpt lat="46.59905033931136" lon="8.007400274276733"><ele>1653.7999877929688</ele></trkpt><trkpt lat="46.59907033899799" lon="8.007410274352878"><ele>1652.8999938964844</ele></trkpt><trkpt lat="46.59909033868462" lon="8.007410274352878"><ele>1652.0999755859375</ele></trkpt><trkpt lat="46.59909033868462" lon="8.007370274048299"><ele>1651.1599731445312</ele></trkpt><trkpt lat="46.59909033868462" lon="8.00735027436167"><ele>1651.6999816894531</ele></trkpt><trkpt lat="46.59909033868462" lon="8.00733027420938"><ele>1650.6499938964844</ele></trkpt><trkpt lat="46.59910033876076" lon="8.007300273980945"><ele>1650.5</ele></trkpt><trkpt lat="46.5991003382951" lon="8.0072902739048"><ele>1649.5699768066406</ele></trkpt><trkpt lat="46.59909033868462" lon="8.007260273676366"><ele>1650.0</ele></trkpt><trkpt lat="46.59908033814281" lon="8.007200273685157"><ele>1648.2999877929688</ele></trkpt><trkpt lat="46.59908033814281" lon="8.007140273693949"><ele>1647.8999938964844</ele></trkpt><trkpt lat="46.599070337601006" lon="8.007010273169726"><ele>1645.5799865722656</ele></trkpt><trkpt lat="46.59906033752486" lon="8.006980272941291"><ele>1645.1999816894531</ele></trkpt><trkpt lat="46.59906033752486" lon="8.006950273178518"><ele>1644.9299926757812</ele></trkpt><trkpt lat="46.599050337448716" lon="8.006900273263454"><ele>1644.7999877929688</ele></trkpt><trkpt lat="46.59904033737257" lon="8.006840272806585"><ele>1643.6799926757812</ele></trkpt><trkpt lat="46.59904033737257" lon="8.006810273043811"><ele>1644.0999755859375</ele></trkpt><trkpt lat="46.59904033690691" lon="8.006760272663087"><ele>1642.6399841308594</ele></trkpt><trkpt lat="46.599050336983055" lon="8.006680272519588"><ele>1642.0</ele></trkpt><trkpt lat="46.59907033666968" lon="8.006590272299945"><ele>1640.0</ele></trkpt><trkpt lat="46.59911033604294" lon="8.006500271614641"><ele>1637.5</ele></trkpt><trkpt lat="46.599140335805714" lon="8.006380271632224"><ele>1636.2999877929688</ele></trkpt><trkpt lat="46.59917033556849" lon="8.006300271488726"><ele>1635.8099975585938</ele></trkpt><trkpt lat="46.59922033548355" lon="8.006200271192938"><ele>1634.8999938964844</ele></trkpt><trkpt lat="46.599270335398614" lon="8.006100271362811"><ele>1634.2599792480469</ele></trkpt><trkpt lat="46.599270335398614" lon="8.006090271286666"><ele>1634.1699829101562</ele></trkpt><trkpt lat="46.599340335000306" lon="8.005980270914733"><ele>1632.3999938964844</ele></trkpt><trkpt lat="46.599360334686935" lon="8.00593027099967"><ele>1631.8299865722656</ele></trkpt><trkpt lat="46.59942033467814" lon="8.005810270551592"><ele>1630.5999755859375</ele></trkpt><trkpt lat="46.5995403341949" lon="8.005590270739049"><ele>1629.5</ele></trkpt><trkpt lat="46.59957033395767" lon="8.00553027028218"><ele>1628.3099975585938</ele></trkpt><trkpt lat="46.59959033410996" lon="8.0054902699776"><ele>1627.5699768066406</ele></trkpt><trkpt lat="46.599640333559364" lon="8.005380270071328"><ele>1625.6999816894531</ele></trkpt><trkpt lat="46.599860332906246" lon="8.0050302692689"><ele>1622.0999755859375</ele></trkpt><trkpt lat="46.59989033266902" lon="8.004970269277692"><ele>1621.489990234375</ele></trkpt><trkpt lat="46.59991033282131" lon="8.004920269362628"><ele>1621.1999816894531</ele></trkpt><trkpt lat="46.59996033273637" lon="8.004790268838406"><ele>1620.5</ele></trkpt><trkpt lat="46.60002033226192" lon="8.004700268618762"><ele>1619.2999877929688</ele></trkpt><trkpt lat="46.60007033217698" lon="8.004640268627554"><ele>1618.5999755859375</ele></trkpt><trkpt lat="46.60014033224434" lon="8.00459026871249"><ele>1617.7999877929688</ele></trkpt><trkpt lat="46.600200331769884" lon="8.004510268568993"><ele>1617.0999755859375</ele></trkpt><trkpt lat="46.60024033207446" lon="8.004490268416703"><ele>1616.8999938964844</ele></trkpt><trkpt lat="46.60025033215061" lon="8.00442026834935"><ele>1617.3999938964844</ele></trkpt><trkpt lat="46.60025033215061" lon="8.004350268747658"><ele>1617.6999816894531</ele></trkpt><trkpt lat="46.60021033231169" lon="8.004280268680304"><ele>1618.0999755859375</ele></trkpt><trkpt lat="46.60017033200711" lon="8.004230268765241"><ele>1618.5</ele></trkpt><trkpt lat="46.60017033247277" lon="8.004220268689096"><ele>1618.6499938964844</ele></trkpt><trkpt lat="46.60017033247277" lon="8.004200268536806"><ele>1618.75</ele></trkpt><trkpt lat="46.60017033247277" lon="8.004160268697888"><ele>1618.7999877929688</ele></trkpt><trkpt lat="46.600180332548916" lon="8.004060268867761"><ele>1619.0999755859375</ele></trkpt><trkpt lat="46.60021033231169" lon="8.0039302688092"><ele>1618.6999816894531</ele></trkpt><trkpt lat="46.60028033191338" lon="8.003730268683285"><ele>1617.7999877929688</ele></trkpt><trkpt lat="46.600370331667364" lon="8.003550268243998"><ele>1616.7599792480469</ele></trkpt><trkpt lat="46.600370331667364" lon="8.003560268320143"><ele>1616.75</ele></trkpt><trkpt lat="46.60038033174351" lon="8.003550268243998"><ele>1616.7099914550781</ele></trkpt><trkpt lat="46.6004003318958" lon="8.003620268311352"><ele>1616.239990234375</ele></trkpt><trkpt lat="46.60041033150628" lon="8.003640268463641"><ele>1616.0199890136719</ele></trkpt><trkpt lat="46.60043033165857" lon="8.00370026845485"><ele>1615.7099914550781</ele></trkpt><trkpt lat="46.60041033150628" lon="8.003640268463641"><ele>1616.0199890136719</ele></trkpt><trkpt lat="46.6004003318958" lon="8.003620268311352"><ele>1616.239990234375</ele></trkpt><trkpt lat="46.60038033174351" lon="8.003550268243998"><ele>1616.7099914550781</ele></trkpt><trkpt lat="46.60038033174351" lon="8.003550268243998"><ele>1616.5999755859375</ele></trkpt><trkpt lat="46.60039033181965" lon="8.00353026855737"><ele>1616.5299987792969</ele></trkpt><trkpt lat="46.60041033150628" lon="8.003500268328935"><ele>1615.8999938964844</ele></trkpt><trkpt lat="46.60041033150628" lon="8.00349026825279"><ele>1616.0299987792969</ele></trkpt><trkpt lat="46.60042033158243" lon="8.003450268413872"><ele>1615.6999816894531</ele></trkpt><trkpt lat="46.60043033165857" lon="8.003330267965794"><ele>1615.5999755859375</ele></trkpt><trkpt lat="46.60044033173472" lon="8.003220268059522"><ele>1616.0399780273438</ele></trkpt><trkpt lat="46.60044033173472" lon="8.00311026815325"><ele>1616.5999755859375</ele></trkpt><trkpt lat="46.60044033173472" lon="8.003000268246979"><ele>1616.5999755859375</ele></trkpt><trkpt lat="46.60044033173472" lon="8.002890268340707"><ele>1616.7999877929688</ele></trkpt><trkpt lat="46.60047033196315" lon="8.002720268443227"><ele>1616.6999816894531</ele></trkpt><trkpt lat="46.60049033164978" lon="8.002570268232375"><ele>1616.0399780273438</ele></trkpt><trkpt lat="46.60049033164978" lon="8.002550268080086"><ele>1616.1999816894531</ele></trkpt><trkpt lat="46.60049033164978" lon="8.002480268012732"><ele>1615.6499938964844</ele></trkpt><trkpt lat="46.60049033164978" lon="8.002460268326104"><ele>1616.0999755859375</ele></trkpt><trkpt lat="46.60049033164978" lon="8.002450268249959"><ele>1615.5299987792969</ele></trkpt><trkpt lat="46.600480331573635" lon="8.002400268334895"><ele>1615.8999938964844</ele></trkpt><trkpt lat="46.600460331421345" lon="8.00237026810646"><ele>1615.5</ele></trkpt><trkpt lat="46.60044033173472" lon="8.00235026795417"><ele>1615.489990234375</ele></trkpt><trkpt lat="46.600370331667364" lon="8.002250268124044"><ele>1615.3999938964844</ele></trkpt><trkpt lat="46.60036033159122" lon="8.002240268047899"><ele>1615.3899841308594</ele></trkpt></trkseg></trk></gpx>