<?xml version="1.0" encoding="utf-8"?><gpx version="1.1" creator="MySchweizMobil - https://map.schweizmobil.ch/" xmlns:xsi="http://www.w3.org/2001/XMLSchema-instance" xmlns="http://www.topografix.com/GPX/1/1" xsi:schemaLocation="http://www.topografix.com/GPX/1/1 http://www.topografix.com/GPX/1/1/gpx.xsd"><metadata><name>Grütschalp to Allmihubel</name><bounds minlat="46.557720337063074" minlon="7.879840299487114" maxlat="46.59646031539887" maxlon="7.891090267337859" /></metadata><trk><name>Grütschalp to Allmihubel</name><trkseg><trkpt lat="46.59646031539887" lon="7.8905302518978715"><ele>1491.9199829101562</ele></trkpt><trkpt lat="46.596400315407664" lon="7.890540251974016"><ele>1492.1099853515625</ele></trkpt><trkpt lat="46.596360315568745" lon="7.890550252050161"><ele>1492.1499938964844</ele></trkpt><trkpt lat="46.59629031550139" lon="7.890580252278596"><ele>1492.2899780273438</ele></trkpt><trkpt lat="46.59626031573862" lon="7.890580252278596"><ele>1492.5099792480469</ele></trkpt><trkpt lat="46.596230315510184" lon="7.890580252278596"><ele>1492.6499938964844</ele></trkpt><trkpt lat="46.59620031574741" lon="7.890570252202451"><ele>1492.7899780273438</ele></trkpt><trkpt lat="46.596170315518975" lon="7.890570252202451"><ele>1492.9299926757812</ele></trkpt><trkpt lat="46.5961403157562" lon="7.890580252278596"><ele>1492.97998046875</ele></trkpt><trkpt lat="46.596020315308124" lon="7.8906402522698045"><ele>1492.0699768066406</ele></trkpt><trkpt lat="46.595980315469205" lon="7.890660251956433"><ele>1492.0599975585938</ele></trkpt><trkpt lat="46.595980315469205" lon="7.890660251956433"><ele>1492.0</ele></trkpt><trkpt lat="46.59594031563029" lon="7.8906402522698045"><ele>1492.5899963378906</ele></trkpt><trkpt lat="46.595830315724015" lon="7.890590252354741"><ele>1494.0999755859375</ele></trkpt><trkpt lat="46.59580031596124" lon="7.890580252278596"><ele>1494.5999755859375</ele></trkpt><trkpt lat="46.5957903158851" lon="7.890580252278596"><ele>1494.5399780273438</ele></trkpt><trkpt lat="46.59578031580895" lon="7.890580252278596"><ele>1494.6499938964844</ele></trkpt><trkpt lat="46.59576031612232" lon="7.890580252278596"><ele>1494.6999816894531</ele></trkpt><trkpt lat="46.59574031597003" lon="7.8905702526681125"><ele>1495.0599975585938</ele></trkpt><trkpt lat="46.59573031589389" lon="7.8905702526681125"><ele>1495.1999816894531</ele></trkpt><trkpt lat="46.59565031621605" lon="7.890520252753049"><ele>1496.2899780273438</ele></trkpt><trkpt lat="46.59562031645328" lon="7.890500252600759"><ele>1496.5999755859375</ele></trkpt><trkpt lat="46.59561031637713" lon="7.890500252600759"><ele>1496.6999816894531</ele></trkpt><trkpt lat="46.59560031630099" lon="7.890490252990276"><ele>1496.8999938964844</ele></trkpt><trkpt lat="46.59552031662315" lon="7.890470252837986"><ele>1498.0699768066406</ele></trkpt><trkpt lat="46.59552031662315" lon="7.890460252761841"><ele>1497.6399841308594</ele></trkpt><trkpt lat="46.595510316547006" lon="7.890460252761841"><ele>1497.9399719238281</ele></trkpt><trkpt lat="46.59549031686038" lon="7.890460253227502"><ele>1498.3599853515625</ele></trkpt><trkpt lat="46.59546031663194" lon="7.890460253227502"><ele>1498.2999877929688</ele></trkpt><trkpt lat="46.59534031711519" lon="7.890420253388584"><ele>1499.7999877929688</ele></trkpt><trkpt lat="46.59534031711519" lon="7.890420253388584"><ele>1499.989990234375</ele></trkpt><trkpt lat="46.59533031703904" lon="7.890420253388584"><ele>1500.0899963378906</ele></trkpt><trkpt lat="46.595290317200124" lon="7.89039025362581"><ele>1500.8999938964844</ele></trkpt><trkpt lat="46.595230317208916" lon="7.89037025347352"><ele>1501.2899780273438</ele></trkpt><trkpt lat="46.59522031713277" lon="7.89037025347352"><ele>1501.0999755859375</ele></trkpt><trkpt lat="46.59519031737" lon="7.890340253710747"><ele>1501.8999938964844</ele></trkpt><trkpt lat="46.59518031729385" lon="7.890330253634602"><ele>1501.9499816894531</ele></trkpt><trkpt lat="46.59515031753108" lon="7.890290253795683"><ele>1502.5</ele></trkpt><trkpt lat="46.59515031753108" lon="7.8902802537195385"><ele>1502.5499877929688</ele></trkpt><trkpt lat="46.59511031769216" lon="7.89024025388062"><ele>1503.2999877929688</ele></trkpt><trkpt lat="46.595030318014324" lon="7.890050254296511"><ele>1505.5</ele></trkpt><trkpt lat="46.59502031793818" lon="7.8900402542203665"><ele>1505.469970703125</ele></trkpt><trkpt lat="46.595010318327695" lon="7.8900302541442215"><ele>1505.6999816894531</ele></trkpt><trkpt lat="46.59498031856492" lon="7.88992025423795"><ele>1506.7999877929688</ele></trkpt><trkpt lat="46.59496031841263" lon="7.8898702543228865"><ele>1507.1999816894531</ele></trkpt><trkpt lat="46.59496031841263" lon="7.8898602542467415"><ele>1507.3499755859375</ele></trkpt><trkpt lat="46.594940318726" lon="7.889830254483968"><ele>1507.6999816894531</ele></trkpt><trkpt lat="46.594900318887085" lon="7.889780254568905"><ele>1508.2899780273438</ele></trkpt><trkpt lat="46.59489031881094" lon="7.88977025449276"><ele>1508.4599914550781</ele></trkpt><trkpt lat="46.59487031865865" lon="7.889740254729986"><ele>1508.7899780273438</ele></trkpt><trkpt lat="46.594840318895876" lon="7.889710254967213"><ele>1509.3999938964844</ele></trkpt><trkpt lat="46.59480031905696" lon="7.889660255052149"><ele>1509.8999938964844</ele></trkpt><trkpt lat="46.59476031921804" lon="7.88962025474757"><ele>1510.1999816894531</ele></trkpt><trkpt lat="46.59476031921804" lon="7.88962025474757"><ele>1510.2699890136719</ele></trkpt><trkpt lat="46.594750319141895" lon="7.889610255137086"><ele>1510.3999938964844</ele></trkpt><trkpt lat="46.594730318989605" lon="7.889610255137086"><ele>1510.5199890136719</ele></trkpt><trkpt lat="46.594730318989605" lon="7.889610255137086"><ele>1510.5699768066406</ele></trkpt><trkpt lat="46.594690319150686" lon="7.889610255137086"><ele>1511.0</ele></trkpt><trkpt lat="46.594690319150686" lon="7.889610255137086"><ele>1511.0</ele></trkpt><trkpt lat="46.59466031938791" lon="7.889620255213231"><ele>1511.3999938964844</ele></trkpt><trkpt lat="46.59464031923562" lon="7.889630255289376"><ele>1511.6599731445312</ele></trkpt><trkpt lat="46.59463031915948" lon="7.889630255289376"><ele>1511.6999816894531</ele></trkpt><trkpt lat="46.594600319396704" lon="7.889660255052149"><ele>1512.0999755859375</ele></trkpt><trkpt lat="46.59451031964272" lon="7.889720255509019"><ele>1513.22998046875</ele></trkpt><trkpt lat="46.59450031956658" lon="7.889730255585164"><ele>1513.5</ele></trkpt><trkpt lat="46.59448031987995" lon="7.889760255347937"><ele>1513.6699829101562</ele></trkpt><trkpt lat="46.594470319803804" lon="7.889770255424082"><ele>1513.7899780273438</ele></trkpt><trkpt lat="46.59446031972766" lon="7.889790255576372"><ele>1513.7999877929688</ele></trkpt><trkpt lat="46.59446031972766" lon="7.889790255576372"><ele>1514.0199890136719</ele></trkpt><trkpt lat="46.59446031972766" lon="7.889790255576372"><ele>1514.0599975585938</ele></trkpt><trkpt lat="46.59434032114223" lon="7.889820256270468"><ele>1520.1999816894531</ele></trkpt><trkpt lat="46.59426032193005" lon="7.889900257345289"><ele>1524.5099792480469</ele></trkpt><trkpt lat="46.59412032319233" lon="7.890030257869512"><ele>1530.0999755859375</ele></trkpt><trkpt lat="46.593980323988944" lon="7.890100258868188"><ele>1533.8999938964844</ele></trkpt><trkpt lat="46.59395032422617" lon="7.890100258868188"><ele>1535.0999755859375</ele></trkpt><trkpt lat="46.59393032407388" lon="7.890080259181559"><ele>1535.8499755859375</ele></trkpt><trkpt lat="46.59393032407388" lon="7.890080259181559"><ele>1535.9199829101562</ele></trkpt><trkpt lat="46.59393032407388" lon="7.890040258876979"><ele>1536.2999877929688</ele></trkpt><trkpt lat="46.59393032453954" lon="7.890030259266496"><ele>1536.8899841308594</ele></trkpt><trkpt lat="46.59395032469183" lon="7.889990259427577"><ele>1537.5699768066406</ele></trkpt><trkpt lat="46.593960324302316" lon="7.8899602591991425"><ele>1537.6999816894531</ele></trkpt><trkpt lat="46.59396032476798" lon="7.889900259673595"><ele>1539.5899963378906</ele></trkpt><trkpt lat="46.59396032476798" lon="7.889860259834677"><ele>1540.0</ele></trkpt><trkpt lat="46.59397032530978" lon="7.889850259758532"><ele>1540.5599975585938</ele></trkpt><trkpt lat="46.59398032492027" lon="7.889830259606242"><ele>1540.6999816894531</ele></trkpt><trkpt lat="46.59398032538593" lon="7.889790259767324"><ele>1542.0099792480469</ele></trkpt><trkpt lat="46.59398032585159" lon="7.889730260241777"><ele>1543.7999877929688</ele></trkpt><trkpt lat="46.59400032553822" lon="7.889720260165632"><ele>1543.7999877929688</ele></trkpt><trkpt lat="46.59400032600388" lon="7.889710260089487"><ele>1544.1999816894531</ele></trkpt><trkpt lat="46.594010326080024" lon="7.889690260402858"><ele>1544.5</ele></trkpt><trkpt lat="46.594010326545686" lon="7.889630260877311"><ele>1547.7999877929688</ele></trkpt><trkpt lat="46.594010326545686" lon="7.889620260801166"><ele>1547.3399963378906</ele></trkpt><trkpt lat="46.59400032646954" lon="7.889600261114538"><ele>1548.1999816894531</ele></trkpt><trkpt lat="46.59398032678291" lon="7.889560261275619"><ele>1549.5899963378906</ele></trkpt><trkpt lat="46.59396032709628" lon="7.889520261436701"><ele>1551.2099914550781</ele></trkpt><trkpt lat="46.59396032709628" lon="7.889510261360556"><ele>1551.5</ele></trkpt><trkpt lat="46.593960327561945" lon="7.889480261597782"><ele>1552.3999938964844</ele></trkpt><trkpt lat="46.5939503274858" lon="7.889470261521637"><ele>1553.0999755859375</ele></trkpt><trkpt lat="46.593940327875316" lon="7.889460261911154"><ele>1553.239990234375</ele></trkpt><trkpt lat="46.59393032779917" lon="7.889460261911154"><ele>1553.5999755859375</ele></trkpt><trkpt lat="46.59391032764688" lon="7.889470261987299"><ele>1554.2999877929688</ele></trkpt><trkpt lat="46.59389032796025" lon="7.889510261826217"><ele>1553.9499816894531</ele></trkpt><trkpt lat="46.59388032788411" lon="7.889520261902362"><ele>1554.3999938964844</ele></trkpt><trkpt lat="46.59387032780796" lon="7.889520261902362"><ele>1554.3399963378906</ele></trkpt><trkpt lat="46.593850328121334" lon="7.889520261902362"><ele>1555.3999938964844</ele></trkpt><trkpt lat="46.593830327969044" lon="7.889550262130797"><ele>1555.5</ele></trkpt><trkpt lat="46.59380032820627" lon="7.889560262206942"><ele>1556.7999877929688</ele></trkpt><trkpt lat="46.593760328833014" lon="7.889580262359232"><ele>1558.6999816894531</ele></trkpt><trkpt lat="46.59375032875687" lon="7.889590262435377"><ele>1558.4099731445312</ele></trkpt><trkpt lat="46.59357032971457" lon="7.889750263653696"><ele>1564.6999816894531</ele></trkpt><trkpt lat="46.593520330265164" lon="7.8897702638059855"><ele>1567.0999755859375</ele></trkpt><trkpt lat="46.59351033065468" lon="7.889760264195502"><ele>1568.0599975585938</ele></trkpt><trkpt lat="46.59341033175588" lon="7.88973026489839"><ele>1573.5999755859375</ele></trkpt><trkpt lat="46.59339033206925" lon="7.889690265059471"><ele>1574.7999877929688</ele></trkpt><trkpt lat="46.5933803319931" lon="7.8896702653728426"><ele>1575.3299865722656</ele></trkpt><trkpt lat="46.593340332619846" lon="7.889590265695006"><ele>1577.1999816894531</ele></trkpt><trkpt lat="46.59326033340767" lon="7.889440266415477"><ele>1582.3999938964844</ele></trkpt><trkpt lat="46.59325033379719" lon="7.8893802664242685"><ele>1583.5</ele></trkpt><trkpt lat="46.59326033387333" lon="7.889360266271979"><ele>1583.5999755859375</ele></trkpt><trkpt lat="46.59328033402562" lon="7.88932026643306"><ele>1584.469970703125</ele></trkpt><trkpt lat="46.59328033402562" lon="7.88932026643306"><ele>1584.2999877929688</ele></trkpt><trkpt lat="46.59328033402562" lon="7.889240266755223"><ele>1585.6999816894531</ele></trkpt><trkpt lat="46.59327033441514" lon="7.889220267068595"><ele>1586.5</ele></trkpt><trkpt lat="46.59325033426285" lon="7.889200266916305"><ele>1586.8999938964844</ele></trkpt><trkpt lat="46.593220334500074" lon="7.889190267305821"><ele>1587.3999938964844</ele></trkpt><trkpt lat="46.593200334347785" lon="7.889180267229676"><ele>1587.9399719238281</ele></trkpt><trkpt lat="46.593200334347785" lon="7.889180267229676"><ele>1588.0</ele></trkpt><trkpt lat="46.593180334661156" lon="7.889120267238468"><ele>1588.9199829101562</ele></trkpt><trkpt lat="46.59317033505067" lon="7.889100267551839"><ele>1589.2999877929688</ele></trkpt><trkpt lat="46.5931403352879" lon="7.889020267408341"><ele>1590.8999938964844</ele></trkpt><trkpt lat="46.59312033513561" lon="7.888970267493278"><ele>1591.3999938964844</ele></trkpt><trkpt lat="46.59307033568621" lon="7.888870268128812"><ele>1592.8999938964844</ele></trkpt><trkpt lat="46.59306033561006" lon="7.8888502679765224"><ele>1593.1599731445312</ele></trkpt><trkpt lat="46.59302033577114" lon="7.8887702682986856"><ele>1594.6999816894531</ele></trkpt><trkpt lat="46.592980336397886" lon="7.888700268231332"><ele>1596.0</ele></trkpt><trkpt lat="46.592960336245596" lon="7.888670268468559"><ele>1596.5</ele></trkpt><trkpt lat="46.59294033655897" lon="7.88863026862964"><ele>1596.8999938964844</ele></trkpt><trkpt lat="46.59294033655897" lon="7.8886002684012055"><ele>1597.2799987792969</ele></trkpt><trkpt lat="46.59294033655897" lon="7.888570268638432"><ele>1597.6999816894531</ele></trkpt><trkpt lat="46.59293033648282" lon="7.888510268647224"><ele>1598.6999816894531</ele></trkpt><trkpt lat="46.592910336796194" lon="7.88848026888445"><ele>1598.8599853515625</ele></trkpt><trkpt lat="46.592870336957276" lon="7.888430268969387"><ele>1599.5999755859375</ele></trkpt><trkpt lat="46.59286033688113" lon="7.888390269130468"><ele>1600.3999938964844</ele></trkpt><trkpt lat="46.59286033688113" lon="7.888380269054323"><ele>1600.5299987792969</ele></trkpt><trkpt lat="46.59285033727065" lon="7.888380269054323"><ele>1600.6199951171875</ele></trkpt><trkpt lat="46.59281033743173" lon="7.888380269519985"><ele>1601.5</ele></trkpt><trkpt lat="46.59277033759281" lon="7.88839026959613"><ele>1602.3999938964844</ele></trkpt><trkpt lat="46.592760337516665" lon="7.888360269367695"><ele>1603.1999816894531</ele></trkpt><trkpt lat="46.59274033783004" lon="7.888360269833356"><ele>1603.8499755859375</ele></trkpt><trkpt lat="46.59273033775389" lon="7.888360269833356"><ele>1604.6999816894531</ele></trkpt><trkpt lat="46.59269033791497" lon="7.888370269909501"><ele>1605.2799987792969</ele></trkpt><trkpt lat="46.59268033830449" lon="7.888380269985646"><ele>1606.0999755859375</ele></trkpt><trkpt lat="46.59262033831328" lon="7.888370269909501"><ele>1606.7999877929688</ele></trkpt><trkpt lat="46.59260033862665" lon="7.888390270061791"><ele>1607.3899841308594</ele></trkpt><trkpt lat="46.59259033855051" lon="7.888400270137936"><ele>1607.5</ele></trkpt><trkpt lat="46.59257033839822" lon="7.888400270137936"><ele>1607.7699890136719</ele></trkpt><trkpt lat="46.59257033839822" lon="7.888400270137936"><ele>1607.8999938964844</ele></trkpt><trkpt lat="46.59257033886388" lon="7.888380270451307"><ele>1608.3699951171875</ele></trkpt><trkpt lat="46.59257033886388" lon="7.888380270451307"><ele>1608.3999938964844</ele></trkpt><trkpt lat="46.59259033901617" lon="7.888320270460099"><ele>1609.5</ele></trkpt><trkpt lat="46.592580338940024" lon="7.888310270383954"><ele>1609.7099914550781</ele></trkpt><trkpt lat="46.592580338940024" lon="7.88830027077347"><ele>1609.8999938964844</ele></trkpt><trkpt lat="46.592580338940024" lon="7.88830027077347"><ele>1610.2999877929688</ele></trkpt><trkpt lat="46.59257033886388" lon="7.88830027077347"><ele>1610.3899841308594</ele></trkpt><trkpt lat="46.59253033902496" lon="7.88832027092576"><ele>1611.1699829101562</ele></trkpt><trkpt lat="46.59251033933833" lon="7.888330271001905"><ele>1612.0</ele></trkpt><trkpt lat="46.592470339499414" lon="7.888370271306485"><ele>1612.8999938964844</ele></trkpt><trkpt lat="46.59246033942327" lon="7.888370271306485"><ele>1613.4399719238281</ele></trkpt><trkpt lat="46.59244033973664" lon="7.88836027123034"><ele>1614.1999816894531</ele></trkpt><trkpt lat="46.59238034021109" lon="7.88840027153492"><ele>1616.219970703125</ele></trkpt><trkpt lat="46.59237034013495" lon="7.88840027153492"><ele>1616.6999816894531</ele></trkpt><trkpt lat="46.59235034044832" lon="7.888370271772146"><ele>1617.6999816894531</ele></trkpt><trkpt lat="46.59233034029603" lon="7.888380271848291"><ele>1617.7899780273438</ele></trkpt><trkpt lat="46.59230034053326" lon="7.888390271924436"><ele>1618.6699829101562</ele></trkpt><trkpt lat="46.59229034092277" lon="7.888400272000581"><ele>1619.0</ele></trkpt><trkpt lat="46.59222034132108" lon="7.8883702722378075"><ele>1621.0999755859375</ele></trkpt><trkpt lat="46.59222034132108" lon="7.8883702722378075"><ele>1621.2999877929688</ele></trkpt><trkpt lat="46.592250341549516" lon="7.888270272873342"><ele>1623.3999938964844</ele></trkpt><trkpt lat="46.59228034177795" lon="7.888220272958279"><ele>1624.3299865722656</ele></trkpt><trkpt lat="46.592290341854095" lon="7.888200272805989"><ele>1624.6899719238281</ele></trkpt><trkpt lat="46.59228034177795" lon="7.888200272805989"><ele>1624.9499816894531</ele></trkpt><trkpt lat="46.59226034209132" lon="7.888190273195505"><ele>1625.2999877929688</ele></trkpt><trkpt lat="46.59224034193903" lon="7.88820027327165"><ele>1625.7999877929688</ele></trkpt><trkpt lat="46.59215034265071" lon="7.888210273347795"><ele>1627.5</ele></trkpt><trkpt lat="46.59211034281179" lon="7.888230273500085"><ele>1628.7599792480469</ele></trkpt><trkpt lat="46.5920903426595" lon="7.88824027357623"><ele>1629.5</ele></trkpt><trkpt lat="46.59208034304902" lon="7.888160273898393"><ele>1630.8199768066406</ele></trkpt><trkpt lat="46.59208034304902" lon="7.888160273898393"><ele>1631.0999755859375</ele></trkpt><trkpt lat="46.592070343438536" lon="7.888140274211764"><ele>1631.5899963378906</ele></trkpt><trkpt lat="46.59206034336239" lon="7.888140274211764"><ele>1631.5999755859375</ele></trkpt><trkpt lat="46.59206034336239" lon="7.888080274220556"><ele>1632.8799743652344</ele></trkpt><trkpt lat="46.59205034375191" lon="7.888080274220556"><ele>1633.0299987792969</ele></trkpt><trkpt lat="46.592050343286246" lon="7.888100274372846"><ele>1632.7999877929688</ele></trkpt><trkpt lat="46.592000343836844" lon="7.888080274686217"><ele>1634.2999877929688</ele></trkpt><trkpt lat="46.591980344150215" lon="7.888060274533927"><ele>1634.8999938964844</ele></trkpt><trkpt lat="46.591980344150215" lon="7.888030274771154"><ele>1635.5999755859375</ele></trkpt><trkpt lat="46.591960343997926" lon="7.888010274618864"><ele>1636.2099914550781</ele></trkpt><trkpt lat="46.59195034438744" lon="7.88800027500838"><ele>1636.2999877929688</ele></trkpt><trkpt lat="46.5919403443113" lon="7.8879902749322355"><ele>1636.6999816894531</ele></trkpt><trkpt lat="46.59193034423515" lon="7.887970274779946"><ele>1637.0199890136719</ele></trkpt><trkpt lat="46.59190034447238" lon="7.887940275017172"><ele>1637.6999816894531</ele></trkpt><trkpt lat="46.591870344709605" lon="7.887860275339335"><ele>1638.9399719238281</ele></trkpt><trkpt lat="46.59183034487069" lon="7.887820275500417"><ele>1640.0</ele></trkpt><trkpt lat="46.59183034487069" lon="7.887820275500417"><ele>1640.1999816894531</ele></trkpt><trkpt lat="46.59183034487069" lon="7.887810275424272"><ele>1640.3099975585938</ele></trkpt><trkpt lat="46.59183034533635" lon="7.887780275661498"><ele>1640.8999938964844</ele></trkpt><trkpt lat="46.59181034518406" lon="7.887760275509208"><ele>1641.489990234375</ele></trkpt><trkpt lat="46.591780345421284" lon="7.8876902759075165"><ele>1643.0</ele></trkpt><trkpt lat="46.591780345421284" lon="7.887650276068598"><ele>1643.2899780273438</ele></trkpt><trkpt lat="46.591780345886946" lon="7.887620275840163"><ele>1643.5999755859375</ele></trkpt><trkpt lat="46.5917703458108" lon="7.887580276001245"><ele>1644.0999755859375</ele></trkpt><trkpt lat="46.5917703458108" lon="7.887550276238471"><ele>1644.5999755859375</ele></trkpt><trkpt lat="46.59175034612417" lon="7.887490276247263"><ele>1645.2999877929688</ele></trkpt><trkpt lat="46.59176034620032" lon="7.887480276171118"><ele>1645.4199829101562</ele></trkpt><trkpt lat="46.59177034627646" lon="7.8874502764083445"><ele>1645.7999877929688</ele></trkpt><trkpt lat="46.59179034596309" lon="7.887400276493281"><ele>1646.1999816894531</ele></trkpt><trkpt lat="46.59179034642875" lon="7.887370276264846"><ele>1646.719970703125</ele></trkpt><trkpt lat="46.5918003465049" lon="7.887340276502073"><ele>1647.5</ele></trkpt><trkpt lat="46.59179034689441" lon="7.8872202769853175"><ele>1649.6299743652344</ele></trkpt><trkpt lat="46.59179034689441" lon="7.8872202769853175"><ele>1649.6299743652344</ele></trkpt><trkpt lat="46.59179034689441" lon="7.8872202769853175"><ele>1649.6399841308594</ele></trkpt><trkpt lat="46.59180034697056" lon="7.887160276994109"><ele>1650.6899719238281</ele></trkpt><trkpt lat="46.5918103470467" lon="7.887140276841819"><ele>1651.0</ele></trkpt><trkpt lat="46.59182034758851" lon="7.887080277316272"><ele>1652.5999755859375</ele></trkpt><trkpt lat="46.59182034805417" lon="7.886950277723372"><ele>1655.0</ele></trkpt><trkpt lat="46.591810347978026" lon="7.8869102778844535"><ele>1655.5</ele></trkpt><trkpt lat="46.5917903482914" lon="7.8868402778171"><ele>1655.8999938964844</ele></trkpt><trkpt lat="46.59177034813911" lon="7.886800277978182"><ele>1656.2099914550781</ele></trkpt><trkpt lat="46.59176034806296" lon="7.886780277825892"><ele>1656.5</ele></trkpt><trkpt lat="46.591740348376334" lon="7.886710277758539"><ele>1656.8599853515625</ele></trkpt><trkpt lat="46.59173034830019" lon="7.886660278309137"><ele>1657.489990234375</ele></trkpt><trkpt lat="46.59170034900308" lon="7.886480278801173"><ele>1660.7999877929688</ele></trkpt><trkpt lat="46.59169034892693" lon="7.886460278648883"><ele>1661.0099792480469</ele></trkpt><trkpt lat="46.5916703492403" lon="7.886380278971046"><ele>1662.5</ele></trkpt><trkpt lat="46.591610349714756" lon="7.886290279217064"><ele>1665.0</ele></trkpt><trkpt lat="46.591560350265354" lon="7.886250279378146"><ele>1667.0</ele></trkpt><trkpt lat="46.59151035035029" lon="7.886260279919952"><ele>1668.0099792480469</ele></trkpt><trkpt lat="46.59151035035029" lon="7.886260279919952"><ele>1668.1299743652344</ele></trkpt><trkpt lat="46.591540350578725" lon="7.886210280004889"><ele>1669.2599792480469</ele></trkpt><trkpt lat="46.59153035096824" lon="7.886200279928744"><ele>1669.5899963378906</ele></trkpt><trkpt lat="46.59153035096824" lon="7.886200279928744"><ele>1670.0</ele></trkpt><trkpt lat="46.59146035136655" lon="7.886200280394405"><ele>1671.0599975585938</ele></trkpt><trkpt lat="46.591450351290405" lon="7.886200280394405"><ele>1671.2999877929688</ele></trkpt><trkpt lat="46.59140035137534" lon="7.88621028047055"><ele>1672.7999877929688</ele></trkpt><trkpt lat="46.59138035168871" lon="7.88621028047055"><ele>1673.3999938964844</ele></trkpt><trkpt lat="46.59137035161257" lon="7.886200280394405"><ele>1673.4199829101562</ele></trkpt><trkpt lat="46.59135035146028" lon="7.8861902807839215"><ele>1673.7999877929688</ele></trkpt><trkpt lat="46.591340351849794" lon="7.8861902807839215"><ele>1673.9399719238281</ele></trkpt><trkpt lat="46.591260351706296" lon="7.8861802807077765"><ele>1674.8399963378906</ele></trkpt><trkpt lat="46.591150352265686" lon="7.886170281097293"><ele>1676.2999877929688</ele></trkpt><trkpt lat="46.59112035250291" lon="7.886160281021148"><ele>1676.9199829101562</ele></trkpt><trkpt lat="46.59111035242677" lon="7.886160281021148"><ele>1677.2999877929688</ele></trkpt><trkpt lat="46.59110035235062" lon="7.886140281334519"><ele>1677.6199951171875</ele></trkpt><trkpt lat="46.59110035235062" lon="7.8861302812583745"><ele>1678.0999755859375</ele></trkpt><trkpt lat="46.591040352825075" lon="7.886100281495601"><ele>1680.0999755859375</ele></trkpt><trkpt lat="46.591020352672786" lon="7.886100281495601"><ele>1679.7999877929688</ele></trkpt><trkpt lat="46.59098035283387" lon="7.886090281419456"><ele>1680.0999755859375</ele></trkpt><trkpt lat="46.59096035314724" lon="7.886080281808972"><ele>1680.25</ele></trkpt><trkpt lat="46.59096035314724" lon="7.886080281808972"><ele>1680.2999877929688</ele></trkpt><trkpt lat="46.590890353079885" lon="7.886100281961262"><ele>1680.7999877929688</ele></trkpt><trkpt lat="46.59088035300374" lon="7.886100281961262"><ele>1681.0699768066406</ele></trkpt><trkpt lat="46.59085035324097" lon="7.886100281961262"><ele>1681.7999877929688</ele></trkpt><trkpt lat="46.5908003533259" lon="7.886080281808972"><ele>1681.5999755859375</ele></trkpt><trkpt lat="46.59067035326734" lon="7.88601028220728"><ele>1682.7999877929688</ele></trkpt><trkpt lat="46.59063035342842" lon="7.885980281978846"><ele>1683.6399841308594</ele></trkpt><trkpt lat="46.59062035381794" lon="7.885960282292217"><ele>1684.0</ele></trkpt><trkpt lat="46.590590353589505" lon="7.885950282216072"><ele>1684.3599853515625</ele></trkpt><trkpt lat="46.59056035382673" lon="7.885940282139927"><ele>1684.6999816894531</ele></trkpt><trkpt lat="46.59053035406396" lon="7.8859302825294435"><ele>1685.0</ele></trkpt><trkpt lat="46.59050035383552" lon="7.885900282301009"><ele>1685.6999816894531</ele></trkpt><trkpt lat="46.59049035422504" lon="7.88588028261438"><ele>1685.6899719238281</ele></trkpt><trkpt lat="46.590480354148895" lon="7.88588028261438"><ele>1685.6999816894531</ele></trkpt><trkpt lat="46.59047035407275" lon="7.885870282538235"><ele>1685.6799926757812</ele></trkpt><trkpt lat="46.590460353996605" lon="7.885870282538235"><ele>1685.5999755859375</ele></trkpt><trkpt lat="46.590460353996605" lon="7.88586028246209"><ele>1685.6999816894531</ele></trkpt><trkpt lat="46.59047035407275" lon="7.88586028246209"><ele>1685.6799926757812</ele></trkpt><trkpt lat="46.59047035407275" lon="7.8858402823098"><ele>1685.7999877929688</ele></trkpt><trkpt lat="46.590460353996605" lon="7.885810282547027"><ele>1685.7999877929688</ele></trkpt><trkpt lat="46.59045035392046" lon="7.885790282394737"><ele>1686.219970703125</ele></trkpt><trkpt lat="46.59045035392046" lon="7.885790282394737"><ele>1686.22998046875</ele></trkpt><trkpt lat="46.59041035408154" lon="7.885750282555819"><ele>1686.5999755859375</ele></trkpt><trkpt lat="46.59037035424262" lon="7.885720282793045"><ele>1686.7999877929688</ele></trkpt><trkpt lat="46.59034035447985" lon="7.8857102827169"><ele>1687.0</ele></trkpt><trkpt lat="46.590290354564786" lon="7.8857102827169"><ele>1687.6999816894531</ele></trkpt><trkpt lat="46.59022035449743" lon="7.885720282793045"><ele>1689.0</ele></trkpt><trkpt lat="46.590180355124176" lon="7.885730283334851"><ele>1690.7099914550781</ele></trkpt><trkpt lat="46.590090355370194" lon="7.885760283563286"><ele>1691.2999877929688</ele></trkpt><trkpt lat="46.59008035529405" lon="7.885760283563286"><ele>1692.3499755859375</ele></trkpt><trkpt lat="46.59008035529405" lon="7.885760283563286"><ele>1691.6999816894531</ele></trkpt><trkpt lat="46.590050355531275" lon="7.885780283715576"><ele>1692.6299743652344</ele></trkpt><trkpt lat="46.58998035592958" lon="7.885850283782929"><ele>1694.1999816894531</ele></trkpt><trkpt lat="46.58998035592958" lon="7.885850283782929"><ele>1694.2099914550781</ele></trkpt><trkpt lat="46.58996035577729" lon="7.885830284096301"><ele>1694.6699829101562</ele></trkpt><trkpt lat="46.589940356090665" lon="7.885830284096301"><ele>1695.1999816894531</ele></trkpt><trkpt lat="46.58993035601452" lon="7.885820284020156"><ele>1696.0199890136719</ele></trkpt><trkpt lat="46.58993035601452" lon="7.885820284020156"><ele>1696.1199951171875</ele></trkpt><trkpt lat="46.589920356404036" lon="7.885830284096301"><ele>1696.5</ele></trkpt><trkpt lat="46.58991035632789" lon="7.8858502842485905"><ele>1697.1999816894531</ele></trkpt><trkpt lat="46.58988035656512" lon="7.885830284561962"><ele>1698.0399780273438</ele></trkpt><trkpt lat="46.58987035648897" lon="7.885820284485817"><ele>1698.4299926757812</ele></trkpt><trkpt lat="46.5898403567262" lon="7.885820284485817"><ele>1699.0999755859375</ele></trkpt><trkpt lat="46.58982035703957" lon="7.885810284875333"><ele>1700.0999755859375</ele></trkpt><trkpt lat="46.589810356963426" lon="7.88578028511256"><ele>1700.9599914550781</ele></trkpt><trkpt lat="46.58980035688728" lon="7.885770285036415"><ele>1701.0999755859375</ele></trkpt><trkpt lat="46.58975035743788" lon="7.885660285130143"><ele>1702.3999938964844</ele></trkpt><trkpt lat="46.58975035743788" lon="7.88563028536737"><ele>1703.0599975585938</ele></trkpt><trkpt lat="46.589740357827395" lon="7.88561028521508"><ele>1703.5999755859375</ele></trkpt><trkpt lat="46.589740357361734" lon="7.88561028521508"><ele>1703.4299926757812</ele></trkpt><trkpt lat="46.589720357675105" lon="7.885590285528451"><ele>1704.0199890136719</ele></trkpt><trkpt lat="46.58965035807341" lon="7.885570285376161"><ele>1705.0</ele></trkpt><trkpt lat="46.58964035799727" lon="7.885560285765678"><ele>1705.3899841308594</ele></trkpt><trkpt lat="46.58963035792112" lon="7.885560285765678"><ele>1705.6999816894531</ele></trkpt><trkpt lat="46.58962035784498" lon="7.885550285689533"><ele>1705.8499755859375</ele></trkpt><trkpt lat="46.58962035831064" lon="7.885530285537243"><ele>1706.2999877929688</ele></trkpt><trkpt lat="46.589590358082205" lon="7.885520285926759"><ele>1706.489990234375</ele></trkpt><trkpt lat="46.58958035800606" lon="7.885520285926759"><ele>1706.5999755859375</ele></trkpt><trkpt lat="46.58957035839558" lon="7.885500285774469"><ele>1706.8999938964844</ele></trkpt><trkpt lat="46.58955035824329" lon="7.885480286087841"><ele>1707.489990234375</ele></trkpt><trkpt lat="46.58953035855666" lon="7.885470286011696"><ele>1708.0</ele></trkpt><trkpt lat="46.589500358793885" lon="7.885430286172777"><ele>1709.5999755859375</ele></trkpt><trkpt lat="46.589500358793885" lon="7.8854202860966325"><ele>1709.2899780273438</ele></trkpt><trkpt lat="46.58949035871774" lon="7.885390286333859"><ele>1709.7999877929688</ele></trkpt><trkpt lat="46.58947035903111" lon="7.885390286333859"><ele>1710.1599731445312</ele></trkpt><trkpt lat="46.58947035903111" lon="7.885390286333859"><ele>1710.1999816894531</ele></trkpt><trkpt lat="46.58943035919219" lon="7.8853502864949405"><ele>1711.1999816894531</ele></trkpt><trkpt lat="46.58938035974279" lon="7.8852902869693935"><ele>1713.2999877929688</ele></trkpt><trkpt lat="46.589370359666646" lon="7.885260286740959"><ele>1714.0</ele></trkpt><trkpt lat="46.589370359666646" lon="7.885250287130475"><ele>1714.1299743652344</ele></trkpt><trkpt lat="46.589370359666646" lon="7.88522028690204"><ele>1714.8999938964844</ele></trkpt><trkpt lat="46.58938036020845" lon="7.885180287528783"><ele>1716.1999816894531</ele></trkpt><trkpt lat="46.58940036036074" lon="7.885100287385285"><ele>1717.5999755859375</ele></trkpt><trkpt lat="46.58942036051303" lon="7.8850602875463665"><ele>1718.0999755859375</ele></trkpt><trkpt lat="46.58939036075026" lon="7.885030287783593"><ele>1719.0999755859375</ele></trkpt><trkpt lat="46.58938036067411" lon="7.885030287783593"><ele>1719.7999877929688</ele></trkpt><trkpt lat="46.58937036106363" lon="7.885010288096964"><ele>1719.9599914550781</ele></trkpt><trkpt lat="46.58937036106363" lon="7.885010288096964"><ele>1720.3999938964844</ele></trkpt><trkpt lat="46.58937036106363" lon="7.8849902879446745"><ele>1720.6699829101562</ele></trkpt><trkpt lat="46.589380361605436" lon="7.884940288495272"><ele>1722.6999816894531</ele></trkpt><trkpt lat="46.58939036168158" lon="7.884850288741291"><ele>1724.1999816894531</ele></trkpt><trkpt lat="46.58939036168158" lon="7.884810288436711"><ele>1724.7699890136719</ele></trkpt><trkpt lat="46.58939036168158" lon="7.884800288826227"><ele>1724.8999938964844</ele></trkpt><trkpt lat="46.58939036168158" lon="7.884790288750082"><ele>1725.1799926757812</ele></trkpt><trkpt lat="46.58940036222339" lon="7.884760288987309"><ele>1725.7999877929688</ele></trkpt><trkpt lat="46.58939036214724" lon="7.884750288911164"><ele>1725.9199829101562</ele></trkpt><trkpt lat="46.5893803620711" lon="7.884730288758874"><ele>1726.7999877929688</ele></trkpt><trkpt lat="46.58936036238447" lon="7.88472028914839"><ele>1727.5999755859375</ele></trkpt><trkpt lat="46.58934036269784" lon="7.884710289072245"><ele>1728.1499938964844</ele></trkpt><trkpt lat="46.589330362621695" lon="7.884710289072245"><ele>1728.3999938964844</ele></trkpt><trkpt lat="46.58930036285892" lon="7.884710289537907"><ele>1729.5</ele></trkpt><trkpt lat="46.58928036317229" lon="7.884690289385617"><ele>1730.3999938964844</ele></trkpt><trkpt lat="46.58925036294386" lon="7.884690289851278"><ele>1731.0</ele></trkpt><trkpt lat="46.589220363181084" lon="7.884710290003568"><ele>1732.1999816894531</ele></trkpt><trkpt lat="46.58916036365554" lon="7.884710290003568"><ele>1734.1999816894531</ele></trkpt><trkpt lat="46.58914036396891" lon="7.884720290545374"><ele>1735.5999755859375</ele></trkpt><trkpt lat="46.58908036444336" lon="7.8847102909348905"><ele>1737.8999938964844</ele></trkpt><trkpt lat="46.58903036499396" lon="7.884670291095972"><ele>1739.8999938964844</ele></trkpt><trkpt lat="46.588980365078896" lon="7.884630291257054"><ele>1741.0099792480469</ele></trkpt><trkpt lat="46.58895036531612" lon="7.884570291265845"><ele>1742.1999816894531</ele></trkpt><trkpt lat="46.58894036570564" lon="7.884520291350782"><ele>1743.0999755859375</ele></trkpt><trkpt lat="46.58894036570564" lon="7.8844702914357185"><ele>1744.0</ele></trkpt><trkpt lat="46.588930366095155" lon="7.884380292147398"><ele>1745.8999938964844</ele></trkpt><trkpt lat="46.58891036640853" lon="7.8843002920039"><ele>1747.1999816894531</ele></trkpt><trkpt lat="46.588860366959125" lon="7.884150292724371"><ele>1750.1499938964844</ele></trkpt><trkpt lat="46.58883036719635" lon="7.884080292657018"><ele>1751.1199951171875</ele></trkpt><trkpt lat="46.58883036719635" lon="7.884080292657018"><ele>1751.0</ele></trkpt><trkpt lat="46.588820367120206" lon="7.884080292657018"><ele>1751.3399963378906</ele></trkpt><trkpt lat="46.58877036720514" lon="7.884080293122679"><ele>1752.3999938964844</ele></trkpt><trkpt lat="46.588730367366225" lon="7.884090293198824"><ele>1753.6999816894531</ele></trkpt><trkpt lat="46.58870036760345" lon="7.884090293198824"><ele>1754.5</ele></trkpt><trkpt lat="46.58868036791682" lon="7.88408029358834"><ele>1755.0</ele></trkpt><trkpt lat="46.58869036799297" lon="7.88406029343605"><ele>1755.1399841308594</ele></trkpt><trkpt lat="46.58869036799297" lon="7.8840502933599055"><ele>1755.7999877929688</ele></trkpt><trkpt lat="46.58870036806911" lon="7.884010293520987"><ele>1756.3999938964844</ele></trkpt><trkpt lat="46.58865036861971" lon="7.884010293986648"><ele>1758.0999755859375</ele></trkpt><trkpt lat="46.588640368543565" lon="7.884020294062793"><ele>1758.5299987792969</ele></trkpt><trkpt lat="46.588640368543565" lon="7.884020294062793"><ele>1758.5399780273438</ele></trkpt><trkpt lat="46.58862036885694" lon="7.884010293986648"><ele>1759.8999938964844</ele></trkpt><trkpt lat="46.58858036901802" lon="7.8840202945284545"><ele>1761.0</ele></trkpt><trkpt lat="46.58856036933139" lon="7.8840202945284545"><ele>1761.8999938964844</ele></trkpt><trkpt lat="46.588530369568616" lon="7.884010294917971"><ele>1764.0</ele></trkpt><trkpt lat="46.58851036988199" lon="7.884020294994116"><ele>1765.1999816894531</ele></trkpt><trkpt lat="46.588480370119214" lon="7.884060295298696"><ele>1766.3999938964844</ele></trkpt><trkpt lat="46.58845037035644" lon="7.884100295137614"><ele>1766.8999938964844</ele></trkpt><trkpt lat="46.588440370280296" lon="7.884120295289904"><ele>1766.9399719238281</ele></trkpt><trkpt lat="46.588440370280296" lon="7.884140295442194"><ele>1767.2999877929688</ele></trkpt><trkpt lat="46.588420370128006" lon="7.884150295518339"><ele>1767.3999938964844</ele></trkpt><trkpt lat="46.58840037044138" lon="7.884140295442194"><ele>1767.4499816894531</ele></trkpt><trkpt lat="46.58839037036523" lon="7.884140295442194"><ele>1767.8999938964844</ele></trkpt><trkpt lat="46.58839037036523" lon="7.884140295442194"><ele>1767.47998046875</ele></trkpt><trkpt lat="46.58837037021294" lon="7.884130295366049"><ele>1767.6599731445312</ele></trkpt><trkpt lat="46.58836037060246" lon="7.884120295289904"><ele>1767.6599731445312</ele></trkpt><trkpt lat="46.588330370374024" lon="7.88409029552713"><ele>1767.3999938964844</ele></trkpt><trkpt lat="46.5882803699933" lon="7.884020294994116"><ele>1766.5999755859375</ele></trkpt><trkpt lat="46.588230370078236" lon="7.883990295231342"><ele>1766.7999877929688</ele></trkpt><trkpt lat="46.58818037016317" lon="7.883980295155197"><ele>1766.489990234375</ele></trkpt><trkpt lat="46.58813037024811" lon="7.8839602950029075"><ele>1766.25</ele></trkpt><trkpt lat="46.588100370019674" lon="7.883950294926763"><ele>1765.8999938964844</ele></trkpt><trkpt lat="46.58807036979124" lon="7.883910295087844"><ele>1765.8999938964844</ele></trkpt><trkpt lat="46.588020369876176" lon="7.883870295248926"><ele>1765.6999816894531</ele></trkpt><trkpt lat="46.58800037018955" lon="7.883870295248926"><ele>1765.7799987792969</ele></trkpt><trkpt lat="46.587930370122194" lon="7.883870295248926"><ele>1766.0</ele></trkpt><trkpt lat="46.58788037020713" lon="7.883860295172781"><ele>1765.8999938964844</ele></trkpt><trkpt lat="46.587870370130986" lon="7.883860295172781"><ele>1765.9099731445312</ele></trkpt><trkpt lat="46.587740370072424" lon="7.883780295029283"><ele>1766.2999877929688</ele></trkpt><trkpt lat="46.58767037000507" lon="7.883740295190364"><ele>1766.3999938964844</ele></trkpt><trkpt lat="46.58767037000507" lon="7.883730295114219"><ele>1766.4399719238281</ele></trkpt><trkpt lat="46.58760036993772" lon="7.883680295199156"><ele>1766.5099792480469</ele></trkpt><trkpt lat="46.587570370174944" lon="7.883650294970721"><ele>1766.5999755859375</ele></trkpt><trkpt lat="46.587490370031446" lon="7.8836202952079475"><ele>1767.0999755859375</ele></trkpt><trkpt lat="46.58746037026867" lon="7.8836202952079475"><ele>1767.5</ele></trkpt><trkpt lat="46.587400370277464" lon="7.883650295436382"><ele>1768.0</ele></trkpt><trkpt lat="46.587360370438546" lon="7.883690295275301"><ele>1768.0999755859375</ele></trkpt><trkpt lat="46.587340370286256" lon="7.883690295275301"><ele>1768.2999877929688</ele></trkpt><trkpt lat="46.58731037052348" lon="7.883670295588672"><ele>1768.5999755859375</ele></trkpt><trkpt lat="46.58728037076071" lon="7.883660295512527"><ele>1768.7999877929688</ele></trkpt><trkpt lat="46.587170370388776" lon="7.883590295445174"><ele>1767.0999755859375</ele></trkpt><trkpt lat="46.58711036993191" lon="7.883590294979513"><ele>1766.2599792480469</ele></trkpt><trkpt lat="46.58707037009299" lon="7.883590294979513"><ele>1766.0</ele></trkpt><trkpt lat="46.587020370177925" lon="7.883580294903368"><ele>1766.1999816894531</ele></trkpt><trkpt lat="46.586960370186716" lon="7.883590295445174"><ele>1766.8999938964844</ele></trkpt><trkpt lat="46.5869203703478" lon="7.883610295597464"><ele>1768.0299987792969</ele></trkpt><trkpt lat="46.58691037027165" lon="7.883620295673609"><ele>1768.2999877929688</ele></trkpt><trkpt lat="46.58688037050888" lon="7.883600295521319"><ele>1769.0999755859375</ele></trkpt><trkpt lat="46.586850370746106" lon="7.883640295825899"><ele>1769.3199768066406</ele></trkpt><trkpt lat="46.586850370746106" lon="7.883640295825899"><ele>1769.6999816894531</ele></trkpt><trkpt lat="46.5867903707549" lon="7.883660295512527"><ele>1769.5399780273438</ele></trkpt><trkpt lat="46.58673037076369" lon="7.883690295740962"><ele>1769.9299926757812</ele></trkpt><trkpt lat="46.586720370687544" lon="7.883690295740962"><ele>1770.0</ele></trkpt><trkpt lat="46.586660370696336" lon="7.883690295740962"><ele>1770.25</ele></trkpt><trkpt lat="46.58661037078127" lon="7.883680295664817"><ele>1769.5999755859375</ele></trkpt><trkpt lat="46.58654037117958" lon="7.883640295825899"><ele>1771.0799865722656</ele></trkpt><trkpt lat="46.586530371103436" lon="7.883640295825899"><ele>1771.1999816894531</ele></trkpt><trkpt lat="46.58648037118837" lon="7.883610296063125"><ele>1771.7999877929688</ele></trkpt><trkpt lat="46.586420371197164" lon="7.883570296224207"><ele>1772.5999755859375</ele></trkpt><trkpt lat="46.586380371358246" lon="7.883520296309143"><ele>1773.2999877929688</ele></trkpt><trkpt lat="46.58633037144318" lon="7.88345029624179"><ele>1774.0399780273438</ele></trkpt><trkpt lat="46.58607037179172" lon="7.88313029659912"><ele>1775.7999877929688</ele></trkpt><trkpt lat="46.585950372274965" lon="7.883010296616703"><ele>1777.0</ele></trkpt><trkpt lat="46.58589037228376" lon="7.882960297167301"><ele>1778.0999755859375</ele></trkpt><trkpt lat="46.58588037220761" lon="7.882940297015011"><ele>1778.2099914550781</ele></trkpt><trkpt lat="46.58583037275821" lon="7.882890297099948"><ele>1779.0999755859375</ele></trkpt><trkpt lat="46.58579037291929" lon="7.882860297337174"><ele>1780.1999816894531</ele></trkpt><trkpt lat="46.58568037301302" lon="7.882860297337174"><ele>1781.5999755859375</ele></trkpt><trkpt lat="46.58566037332639" lon="7.882870297413319"><ele>1781.7699890136719</ele></trkpt><trkpt lat="46.585630373097956" lon="7.882890297565609"><ele>1782.0</ele></trkpt><trkpt lat="46.58560037286952" lon="7.882900297641754"><ele>1781.75</ele></trkpt><trkpt lat="46.58557037310675" lon="7.882900297641754"><ele>1781.5</ele></trkpt><trkpt lat="46.585520373191684" lon="7.882920297328383"><ele>1781.47998046875</ele></trkpt><trkpt lat="46.585480372887105" lon="7.882940297480673"><ele>1781.3999938964844</ele></trkpt><trkpt lat="46.58543037297204" lon="7.882980297319591"><ele>1780.3999938964844</ele></trkpt><trkpt lat="46.58536037290469" lon="7.8830202971585095"><ele>1779.9499816894531</ele></trkpt><trkpt lat="46.5853403727524" lon="7.883030297234654"><ele>1779.6999816894531</ele></trkpt><trkpt lat="46.5852603726089" lon="7.883030297234654"><ele>1780.0999755859375</ele></trkpt><trkpt lat="46.58524037292227" lon="7.883040297310799"><ele>1780.0299987792969</ele></trkpt><trkpt lat="46.58522037276998" lon="7.883060297463089"><ele>1779.8999938964844</ele></trkpt><trkpt lat="46.58513037255034" lon="7.883050297386944"><ele>1779.3599853515625</ele></trkpt><trkpt lat="46.58511037239805" lon="7.883050297386944"><ele>1779.3999938964844</ele></trkpt><trkpt lat="46.58507037255913" lon="7.883090297225863"><ele>1779.5999755859375</ele></trkpt><trkpt lat="46.58504037279636" lon="7.883130297064781"><ele>1779.5299987792969</ele></trkpt><trkpt lat="46.58504037279636" lon="7.883130297064781"><ele>1779.5099792480469</ele></trkpt><trkpt lat="46.58500037249178" lon="7.883160297293216"><ele>1778.7999877929688</ele></trkpt><trkpt lat="46.58496037265286" lon="7.883160297293216"><ele>1778.6099853515625</ele></trkpt><trkpt lat="46.58494037250057" lon="7.883160297293216"><ele>1779.0</ele></trkpt><trkpt lat="46.584930372424424" lon="7.883160297293216"><ele>1778.8199768066406</ele></trkpt><trkpt lat="46.58490037219599" lon="7.883180296979845"><ele>1778.1999816894531</ele></trkpt><trkpt lat="46.58486037235707" lon="7.883210297208279"><ele>1778.1999816894531</ele></trkpt><trkpt lat="46.58482037251815" lon="7.883220296818763"><ele>1778.1999816894531</ele></trkpt><trkpt lat="46.58478037221357" lon="7.883250297047198"><ele>1778.5999755859375</ele></trkpt><trkpt lat="46.58473037276417" lon="7.883250297047198"><ele>1779.2099914550781</ele></trkpt><trkpt lat="46.58473037276417" lon="7.883250297047198"><ele>1779.2999877929688</ele></trkpt><trkpt lat="46.58469037245959" lon="7.883230296894908"><ele>1778.8999938964844</ele></trkpt><trkpt lat="46.58464037254453" lon="7.8831902970559895"><ele>1778.3999938964844</ele></trkpt><trkpt lat="46.58462037239224" lon="7.883160296827555"><ele>1777.9399719238281</ele></trkpt><trkpt lat="46.58460037223995" lon="7.883130297064781"><ele>1777.5</ele></trkpt><trkpt lat="46.58454037224874" lon="7.883060296997428"><ele>1777.2799987792969</ele></trkpt><trkpt lat="46.584450372029096" lon="7.882950297091156"><ele>1777.6099853515625</ele></trkpt><trkpt lat="46.58440037211403" lon="7.882890297099948"><ele>1778.0999755859375</ele></trkpt><trkpt lat="46.584360372275114" lon="7.8828402971848845"><ele>1778.7999877929688</ele></trkpt><trkpt lat="46.58427037252113" lon="7.882760297041386"><ele>1779.0</ele></trkpt><trkpt lat="46.584230372682214" lon="7.882690296974033"><ele>1779.0</ele></trkpt><trkpt lat="46.58420037245378" lon="7.882630296982825"><ele>1779.1999816894531</ele></trkpt><trkpt lat="46.58418037276715" lon="7.882570297457278"><ele>1780.2799987792969</ele></trkpt><trkpt lat="46.584170372691005" lon="7.882550297304988"><ele>1780.8999938964844</ele></trkpt><trkpt lat="46.58412037277594" lon="7.88249029731378"><ele>1781.0999755859375</ele></trkpt><trkpt lat="46.584080372937024" lon="7.882420297712088"><ele>1782.1999816894531</ele></trkpt><trkpt lat="46.58407037332654" lon="7.882410297635943"><ele>1782.2899780273438</ele></trkpt><trkpt lat="46.584060373250395" lon="7.882410297635943"><ele>1782.3999938964844</ele></trkpt><trkpt lat="46.58405037317425" lon="7.882400297559798"><ele>1782.5599975585938</ele></trkpt><trkpt lat="46.584040373098105" lon="7.882390297483653"><ele>1782.6999816894531</ele></trkpt><trkpt lat="46.58399037318304" lon="7.882350297644734"><ele>1783.0999755859375</ele></trkpt><trkpt lat="46.5839803731069" lon="7.882330297958106"><ele>1783.1799926757812</ele></trkpt><trkpt lat="46.58395037334412" lon="7.882290297653526"><ele>1783.3999938964844</ele></trkpt><trkpt lat="46.58392037358135" lon="7.882250297814608"><ele>1783.6299743652344</ele></trkpt><trkpt lat="46.58390037342906" lon="7.882240297738463"><ele>1783.6999816894531</ele></trkpt><trkpt lat="46.58386037359014" lon="7.882140297908336"><ele>1784.1699829101562</ele></trkpt><trkpt lat="46.58384037343785" lon="7.8820902979932725"><ele>1784.2999877929688</ele></trkpt><trkpt lat="46.58382037375122" lon="7.882010297849774"><ele>1784.8999938964844</ele></trkpt><trkpt lat="46.58380037359893" lon="7.881960297934711"><ele>1785.1999816894531</ele></trkpt><trkpt lat="46.58379037398845" lon="7.881940298248082"><ele>1785.4099731445312</ele></trkpt><trkpt lat="46.58375037414953" lon="7.881880298256874"><ele>1786.1999816894531</ele></trkpt><trkpt lat="46.58373037399724" lon="7.881830298341811"><ele>1786.7999877929688</ele></trkpt><trkpt lat="46.58373037399724" lon="7.881810298189521"><ele>1787.1499938964844</ele></trkpt><trkpt lat="46.58373037399724" lon="7.881790298502892"><ele>1787.5999755859375</ele></trkpt><trkpt lat="46.5837303744629" lon="7.881720298435539"><ele>1788.2899780273438</ele></trkpt><trkpt lat="46.58372037438676" lon="7.881660298444331"><ele>1788.6999816894531</ele></trkpt><trkpt lat="46.58372037438676" lon="7.881590298842639"><ele>1789.3899841308594</ele></trkpt><trkpt lat="46.58372037438676" lon="7.881580298766494"><ele>1789.3999938964844</ele></trkpt><trkpt lat="46.583710374776274" lon="7.881580298766494"><ele>1789.5099792480469</ele></trkpt><trkpt lat="46.58368037454784" lon="7.881560298614204"><ele>1789.8599853515625</ele></trkpt><trkpt lat="46.58368037454784" lon="7.881560298614204"><ele>1789.8999938964844</ele></trkpt><trkpt lat="46.583670374937356" lon="7.881560299079865"><ele>1790.5199890136719</ele></trkpt><trkpt lat="46.58364037470892" lon="7.881560299079865"><ele>1791.1999816894531</ele></trkpt><trkpt lat="46.58362037502229" lon="7.881540298927575"><ele>1792.2999877929688</ele></trkpt><trkpt lat="46.583600375335664" lon="7.881520299240947"><ele>1793.1299743652344</ele></trkpt><trkpt lat="46.583600375335664" lon="7.881520299240947"><ele>1793.5</ele></trkpt><trkpt lat="46.583540375344455" lon="7.881550299469382"><ele>1794.3999938964844</ele></trkpt><trkpt lat="46.58353037573397" lon="7.8815602995455265"><ele>1794.489990234375</ele></trkpt><trkpt lat="46.58349037542939" lon="7.881570299621671"><ele>1794.8999938964844</ele></trkpt><trkpt lat="46.58346037566662" lon="7.881590299773961"><ele>1794.7899780273438</ele></trkpt><trkpt lat="46.58344037551433" lon="7.88161029946059"><ele>1794.6999816894531</ele></trkpt><trkpt lat="46.58338037552312" lon="7.881620299536735"><ele>1794.3999938964844</ele></trkpt><trkpt lat="46.58333037560806" lon="7.881620299536735"><ele>1794.7999877929688</ele></trkpt><trkpt lat="46.58330037584528" lon="7.881620299536735"><ele>1795.0199890136719</ele></trkpt><trkpt lat="46.583240375854075" lon="7.881640299689025"><ele>1795.8999938964844</ele></trkpt><trkpt lat="46.583090376108885" lon="7.8816702999174595"><ele>1796.3999938964844</ele></trkpt><trkpt lat="46.58308037603274" lon="7.8816702999174595"><ele>1796.4199829101562</ele></trkpt><trkpt lat="46.58304037619382" lon="7.8816702999174595"><ele>1796.6999816894531</ele></trkpt><trkpt lat="46.58301037596539" lon="7.8816602998413146"><ele>1797.0299987792969</ele></trkpt><trkpt lat="46.5830003763549" lon="7.88165029976517"><ele>1797.2999877929688</ele></trkpt><trkpt lat="46.58299037627876" lon="7.8816602998413146"><ele>1797.4099731445312</ele></trkpt><trkpt lat="46.58296037605032" lon="7.881680299993604"><ele>1797.8999938964844</ele></trkpt><trkpt lat="46.582920376211405" lon="7.881670300383121"><ele>1798.7999877929688</ele></trkpt><trkpt lat="46.58286037668586" lon="7.881660300306976"><ele>1799.7599792480469</ele></trkpt><trkpt lat="46.58283037645742" lon="7.881650300230831"><ele>1799.8999938964844</ele></trkpt><trkpt lat="46.58280037669465" lon="7.881680300459266"><ele>1800.2999877929688</ele></trkpt><trkpt lat="46.58280037669465" lon="7.881680300459266"><ele>1800.2999877929688</ele></trkpt><trkpt lat="46.58276037685573" lon="7.881680300459266"><ele>1800.5</ele></trkpt><trkpt lat="46.58272037655115" lon="7.881660300306976"><ele>1800.3999938964844</ele></trkpt><trkpt lat="46.58266037655994" lon="7.881650300230831"><ele>1800.1899719238281</ele></trkpt><trkpt lat="46.58263037679717" lon="7.881650300230831"><ele>1800.2999877929688</ele></trkpt><trkpt lat="46.582600376568735" lon="7.881660300306976"><ele>1800.1999816894531</ele></trkpt><trkpt lat="46.58259037649259" lon="7.881690300535411"><ele>1800.0999755859375</ele></trkpt><trkpt lat="46.58254037704319" lon="7.881730300374329"><ele>1800.8599853515625</ele></trkpt><trkpt lat="46.58253037696704" lon="7.881740300450474"><ele>1801.0999755859375</ele></trkpt><trkpt lat="46.58251037681475" lon="7.881750300526619"><ele>1800.8299865722656</ele></trkpt><trkpt lat="46.58246037689969" lon="7.8817803002893925"><ele>1800.2999877929688</ele></trkpt><trkpt lat="46.582450376823545" lon="7.8817703002132475"><ele>1800.2799987792969</ele></trkpt><trkpt lat="46.5824403767474" lon="7.8817703002132475"><ele>1800.1999816894531</ele></trkpt><trkpt lat="46.582430376671255" lon="7.8817703002132475"><ele>1800.219970703125</ele></trkpt><trkpt lat="46.582430376671255" lon="7.8817803002893925"><ele>1800.22998046875</ele></trkpt><trkpt lat="46.582410376984626" lon="7.881840300280601"><ele>1800.5799865722656</ele></trkpt><trkpt lat="46.582410376984626" lon="7.881850300356746"><ele>1800.5999755859375</ele></trkpt><trkpt lat="46.582390376832336" lon="7.881860300432891"><ele>1800.8999938964844</ele></trkpt><trkpt lat="46.582390376832336" lon="7.881860300432891"><ele>1800.9299926757812</ele></trkpt><trkpt lat="46.58230037661269" lon="7.8818803005851805"><ele>1800.8999938964844</ele></trkpt><trkpt lat="46.58229037700221" lon="7.88190030073747"><ele>1800.8599853515625</ele></trkpt><trkpt lat="46.582280376926064" lon="7.881920300424099"><ele>1800.7999877929688</ele></trkpt><trkpt lat="46.582230377011" lon="7.881950300652534"><ele>1801.0199890136719</ele></trkpt><trkpt lat="46.58214037679136" lon="7.882000300567597"><ele>1800.3999938964844</ele></trkpt><trkpt lat="46.582090376876295" lon="7.882030300330371"><ele>1800.8899841308594</ele></trkpt><trkpt lat="46.58208037680015" lon="7.882040300406516"><ele>1801.0999755859375</ele></trkpt><trkpt lat="46.58196037681773" lon="7.882150300778449"><ele>1801.0</ele></trkpt><trkpt lat="46.58191037690267" lon="7.882180300541222"><ele>1802.0</ele></trkpt><trkpt lat="46.58191037690267" lon="7.882180300541222"><ele>1801.989990234375</ele></trkpt><trkpt lat="46.58183037722483" lon="7.882250300608575"><ele>1802.3099975585938</ele></trkpt><trkpt lat="46.581790377385914" lon="7.8823003009893"><ele>1802.7999877929688</ele></trkpt><trkpt lat="46.581750377081335" lon="7.882320300675929"><ele>1802.7599792480469</ele></trkpt><trkpt lat="46.58170037716627" lon="7.882360300980508"><ele>1803.0999755859375</ele></trkpt><trkpt lat="46.5816703774035" lon="7.882390300743282"><ele>1803.219970703125</ele></trkpt><trkpt lat="46.58163037709892" lon="7.882430301047862"><ele>1803.3999938964844</ele></trkpt><trkpt lat="46.58152037765831" lon="7.88249030103907"><ele>1805.0999755859375</ele></trkpt><trkpt lat="46.581490377895534" lon="7.882500301115215"><ele>1805.6999816894531</ele></trkpt><trkpt lat="46.581470377743244" lon="7.88253030134365"><ele>1806.1999816894531</ele></trkpt><trkpt lat="46.581430377904326" lon="7.882540301419795"><ele>1807.1199951171875</ele></trkpt><trkpt lat="46.58140037814155" lon="7.8825503014959395"><ele>1807.5</ele></trkpt><trkpt lat="46.58139037806541" lon="7.882560301572084"><ele>1807.739990234375</ele></trkpt><trkpt lat="46.58135037822649" lon="7.882570301648229"><ele>1808.6999816894531</ele></trkpt><trkpt lat="46.5812803786248" lon="7.882570302113891"><ele>1810.4399719238281</ele></trkpt><trkpt lat="46.58124037878588" lon="7.882580302190036"><ele>1811.8999938964844</ele></trkpt><trkpt lat="46.58120037941262" lon="7.88261030241847"><ele>1813.0799865722656</ele></trkpt><trkpt lat="46.5811603795737" lon="7.882640302646905"><ele>1815.2999877929688</ele></trkpt><trkpt lat="46.58107037981972" lon="7.882750303018838"><ele>1816.8999938964844</ele></trkpt><trkpt lat="46.5810303799808" lon="7.882770303171128"><ele>1817.2999877929688</ele></trkpt><trkpt lat="46.58100038021803" lon="7.882800303399563"><ele>1817.5</ele></trkpt><trkpt lat="46.58098038006574" lon="7.8828103030100465"><ele>1817.8399963378906</ele></trkpt><trkpt lat="46.58096038037911" lon="7.882820303086191"><ele>1818.1199951171875</ele></trkpt><trkpt lat="46.580950380302966" lon="7.882840303238481"><ele>1818.6099853515625</ele></trkpt><trkpt lat="46.58093038061634" lon="7.882860303390771"><ele>1819.0999755859375</ele></trkpt><trkpt lat="46.58089038031176" lon="7.882890303619206"><ele>1819.719970703125</ele></trkpt><trkpt lat="46.580880380701274" lon="7.882930303458124"><ele>1820.5</ele></trkpt><trkpt lat="46.5808503809385" lon="7.882950303610414"><ele>1821.1999816894531</ele></trkpt><trkpt lat="46.58082038117573" lon="7.882990303914994"><ele>1822.1799926757812</ele></trkpt><trkpt lat="46.58081038109958" lon="7.883000303991139"><ele>1822.7099914550781</ele></trkpt><trkpt lat="46.58080038102344" lon="7.883010304067284"><ele>1822.6999816894531</ele></trkpt><trkpt lat="46.58078038133681" lon="7.883010304067284"><ele>1823.1899719238281</ele></trkpt><trkpt lat="46.58078038133681" lon="7.883010304067284"><ele>1823.1999816894531</ele></trkpt><trkpt lat="46.58076038118452" lon="7.883030304219574"><ele>1823.6799926757812</ele></trkpt><trkpt lat="46.58074038149789" lon="7.883040304295719"><ele>1824.0999755859375</ele></trkpt><trkpt lat="46.580730381421745" lon="7.883050304371864"><ele>1824.219970703125</ele></trkpt><trkpt lat="46.58070038165897" lon="7.8830603044480085"><ele>1824.8999938964844</ele></trkpt><trkpt lat="46.580690381582826" lon="7.8830703045241535"><ele>1825.3699951171875</ele></trkpt><trkpt lat="46.5806703818962" lon="7.883080304600298"><ele>1825.7999877929688</ele></trkpt><trkpt lat="46.58064038166776" lon="7.883080304600298"><ele>1826.3299865722656</ele></trkpt><trkpt lat="46.580620381981134" lon="7.883080304600298"><ele>1826.6999816894531</ele></trkpt><trkpt lat="46.580620381981134" lon="7.883090304676443"><ele>1826.6399841308594</ele></trkpt><trkpt lat="46.580580382142216" lon="7.883150304667652"><ele>1827.2599792480469</ele></trkpt><trkpt lat="46.58055038191378" lon="7.883190304972231"><ele>1827.5999755859375</ele></trkpt><trkpt lat="46.580510382540524" lon="7.883260305039585"><ele>1828.8699951171875</ele></trkpt><trkpt lat="46.58050038246438" lon="7.8832803051918745"><ele>1829.1999816894531</ele></trkpt><trkpt lat="46.58048038277775" lon="7.883320305030793"><ele>1830.0999755859375</ele></trkpt><trkpt lat="46.58042038278654" lon="7.883370305411518"><ele>1831.6999816894531</ele></trkpt><trkpt lat="46.580400383099914" lon="7.8833903055638075"><ele>1832.1399841308594</ele></trkpt><trkpt lat="46.58039038302377" lon="7.883410305716097"><ele>1832.5</ele></trkpt><trkpt lat="46.58035038318485" lon="7.883490305393934"><ele>1832.3999938964844</ele></trkpt><trkpt lat="46.580320382956415" lon="7.883520305622369"><ele>1832.3999938964844</ele></trkpt><trkpt lat="46.580300382804126" lon="7.8835603054612875"><ele>1832.0</ele></trkpt><trkpt lat="46.5802803831175" lon="7.883580305613577"><ele>1832.0299987792969</ele></trkpt><trkpt lat="46.58024038281292" lon="7.883650305680931"><ele>1832.0299987792969</ele></trkpt><trkpt lat="46.58023038273677" lon="7.883660305291414"><ele>1832.0199890136719</ele></trkpt><trkpt lat="46.580170382745564" lon="7.883740305434912"><ele>1831.8999938964844</ele></trkpt><trkpt lat="46.580150383058935" lon="7.883770305663347"><ele>1831.7999877929688</ele></trkpt><trkpt lat="46.580110382754356" lon="7.883820305578411"><ele>1831.8999938964844</ele></trkpt><trkpt lat="46.58009038306773" lon="7.883870305493474"><ele>1831.5799865722656</ele></trkpt><trkpt lat="46.58008038299158" lon="7.883890305645764"><ele>1831.5</ele></trkpt><trkpt lat="46.580000382848084" lon="7.884000305552036"><ele>1832.0</ele></trkpt><trkpt lat="46.57992038317025" lon="7.884060305543244"><ele>1833.1999816894531</ele></trkpt><trkpt lat="46.57982038334012" lon="7.884130306076258"><ele>1834.9299926757812</ele></trkpt><trkpt lat="46.57981038372964" lon="7.884130306076258"><ele>1835.1999816894531</ele></trkpt><trkpt lat="46.57977038389072" lon="7.884150306228548"><ele>1836.3999938964844</ele></trkpt><trkpt lat="46.579740384127945" lon="7.884150306228548"><ele>1837.5</ele></trkpt><trkpt lat="46.57969038421288" lon="7.884170306380838"><ele>1838.0099792480469</ele></trkpt><trkpt lat="46.57966038445011" lon="7.884190306533128"><ele>1838.5499877929688</ele></trkpt><trkpt lat="46.579590384382755" lon="7.884220306761563"><ele>1838.5999755859375</ele></trkpt><trkpt lat="46.57958038430661" lon="7.884270306676626"><ele>1839.5</ele></trkpt><trkpt lat="46.57958038477227" lon="7.884300306905061"><ele>1840.0999755859375</ele></trkpt><trkpt lat="46.579570384696126" lon="7.884300306905061"><ele>1840.0499877929688</ele></trkpt><trkpt lat="46.579550384543836" lon="7.884330307133496"><ele>1840.8999938964844</ele></trkpt><trkpt lat="46.579500385094434" lon="7.884330307133496"><ele>1842.0999755859375</ele></trkpt><trkpt lat="46.579460385255516" lon="7.884300307370722"><ele>1843.3999938964844</ele></trkpt><trkpt lat="46.579440385103226" lon="7.884280307218432"><ele>1843.9599914550781</ele></trkpt><trkpt lat="46.57943038549274" lon="7.884270307607949"><ele>1844.1999816894531</ele></trkpt><trkpt lat="46.579390385653824" lon="7.884270307607949"><ele>1845.2999877929688</ele></trkpt><trkpt lat="46.57934038573876" lon="7.88425030792132"><ele>1846.7899780273438</ele></trkpt><trkpt lat="46.57932038605213" lon="7.88425030792132"><ele>1847.0999755859375</ele></trkpt><trkpt lat="46.57931038597599" lon="7.884230308234692"><ele>1847.7999877929688</ele></trkpt><trkpt lat="46.57931038597599" lon="7.884220308158547"><ele>1848.2599792480469</ele></trkpt><trkpt lat="46.57931038644165" lon="7.884210308082402"><ele>1848.5</ele></trkpt><trkpt lat="46.57933038659394" lon="7.884150308091193"><ele>1849.6499938964844</ele></trkpt><trkpt lat="46.57935038674623" lon="7.88412030832842"><ele>1850.5</ele></trkpt><trkpt lat="46.579370386432856" lon="7.884100308641791"><ele>1850.5299987792969</ele></trkpt><trkpt lat="46.579380386509" lon="7.8840803084895015"><ele>1850.6299743652344</ele></trkpt><trkpt lat="46.579380386509" lon="7.8840803084895015"><ele>1850.72998046875</ele></trkpt><trkpt lat="46.57935038674623" lon="7.8840803084895015"><ele>1851.7599792480469</ele></trkpt><trkpt lat="46.57934038667008" lon="7.8840803084895015"><ele>1851.7999877929688</ele></trkpt><trkpt lat="46.579340387135744" lon="7.884060308802873"><ele>1852.5</ele></trkpt><trkpt lat="46.57929038675502" lon="7.8840803084895015"><ele>1852.1199951171875</ele></trkpt><trkpt lat="46.57925038738176" lon="7.884100309107453"><ele>1853.3999938964844</ele></trkpt><trkpt lat="46.57923038722947" lon="7.884100309107453"><ele>1853.2699890136719</ele></trkpt><trkpt lat="46.57922038761899" lon="7.884100309107453"><ele>1854.3999938964844</ele></trkpt><trkpt lat="46.57918038731441" lon="7.884110309183598"><ele>1854.3999938964844</ele></trkpt><trkpt lat="46.57916038762778" lon="7.8841203092597425"><ele>1854.5</ele></trkpt><trkpt lat="46.579130387399346" lon="7.884130309335887"><ele>1855.0</ele></trkpt><trkpt lat="46.57911038771272" lon="7.8841203092597425"><ele>1855.1499938964844</ele></trkpt><trkpt lat="46.579020387958735" lon="7.884100309573114"><ele>1858.0</ele></trkpt><trkpt lat="46.57896038843319" lon="7.884110309649259"><ele>1859.0</ele></trkpt><trkpt lat="46.578930388670415" lon="7.884130309801549"><ele>1860.0999755859375</ele></trkpt><trkpt lat="46.578910388518125" lon="7.884150309953839"><ele>1860.2999877929688</ele></trkpt><trkpt lat="46.57886038906872" lon="7.884180310182273"><ele>1862.0999755859375</ele></trkpt><trkpt lat="46.57879038946703" lon="7.8842703104019165"><ele>1864.0999755859375</ele></trkpt><trkpt lat="46.578780389390886" lon="7.884330310858786"><ele>1864.7999877929688</ele></trkpt><trkpt lat="46.578780389390886" lon="7.884350310545415"><ele>1864.4199829101562</ele></trkpt><trkpt lat="46.578780389390886" lon="7.884400310926139"><ele>1864.5999755859375</ele></trkpt><trkpt lat="46.5787703897804" lon="7.884410311002284"><ele>1865.3999938964844</ele></trkpt><trkpt lat="46.57876038970426" lon="7.884410311002284"><ele>1865.469970703125</ele></trkpt><trkpt lat="46.578730389941484" lon="7.8843803107738495"><ele>1866.5</ele></trkpt><trkpt lat="46.57868039002642" lon="7.884370311163366"><ele>1867.5</ele></trkpt><trkpt lat="46.57859039027244" lon="7.884370311629027"><ele>1869.5999755859375</ele></trkpt><trkpt lat="46.578560390509665" lon="7.884410311467946"><ele>1869.3999938964844</ele></trkpt><trkpt lat="46.57852039067075" lon="7.88444031169638"><ele>1870.0</ele></trkpt><trkpt lat="46.57850039051846" lon="7.884470311924815"><ele>1870.8999938964844</ele></trkpt><trkpt lat="46.57842039084062" lon="7.884550312068313"><ele>1872.0299987792969</ele></trkpt><trkpt lat="46.578410390764475" lon="7.884590311907232"><ele>1872.3599853515625</ele></trkpt><trkpt lat="46.5783803910017" lon="7.88467031205073"><ele>1872.8999938964844</ele></trkpt><trkpt lat="46.57829039078206" lon="7.8848603121005"><ele>1872.5199890136719</ele></trkpt><trkpt lat="46.578280391171575" lon="7.884900311939418"><ele>1872.8999938964844</ele></trkpt><trkpt lat="46.57810039073229" lon="7.885230311658233"><ele>1871.3999938964844</ele></trkpt><trkpt lat="46.578010390512645" lon="7.885410311631858"><ele>1870.3999938964844</ele></trkpt><trkpt lat="46.57798039074987" lon="7.885430311784148"><ele>1870.2799987792969</ele></trkpt><trkpt lat="46.57796039059758" lon="7.885450311470777"><ele>1870.1999816894531</ele></trkpt><trkpt lat="46.57794039044529" lon="7.885460311546922"><ele>1870.0799865722656</ele></trkpt><trkpt lat="46.577920390293" lon="7.885460311546922"><ele>1870.0</ele></trkpt><trkpt lat="46.57781039038673" lon="7.885460311546922"><ele>1870.2999877929688</ele></trkpt><trkpt lat="46.577800390310585" lon="7.885460311546922"><ele>1870.3299865722656</ele></trkpt><trkpt lat="46.57768039079383" lon="7.8854903117753565"><ele>1870.9499816894531</ele></trkpt><trkpt lat="46.57762039080262" lon="7.885510311927646"><ele>1871.3999938964844</ele></trkpt><trkpt lat="46.5775803909637" lon="7.885510311927646"><ele>1871.5399780273438</ele></trkpt><trkpt lat="46.577540390659124" lon="7.885510311927646"><ele>1871.6999816894531</ele></trkpt><trkpt lat="46.577500390820205" lon="7.88554031169042"><ele>1872.0</ele></trkpt><trkpt lat="46.57745039090514" lon="7.885550311766565"><ele>1872.1899719238281</ele></trkpt><trkpt lat="46.577330390922725" lon="7.885570311918855"><ele>1872.6999816894531</ele></trkpt><trkpt lat="46.57727039093152" lon="7.8856003121472895"><ele>1873.0999755859375</ele></trkpt><trkpt lat="46.577160391025245" lon="7.8856103122234344"><ele>1873.6999816894531</ele></trkpt><trkpt lat="46.576800391077995" lon="7.8856103122234344"><ele>1873.489990234375</ele></trkpt><trkpt lat="46.57677039084956" lon="7.8856003121472895"><ele>1873.0999755859375</ele></trkpt><trkpt lat="46.57676039123908" lon="7.885580311995"><ele>1873.469970703125</ele></trkpt><trkpt lat="46.57676039123908" lon="7.885580311995"><ele>1873.47998046875</ele></trkpt><trkpt lat="46.57675039116293" lon="7.885570312384516"><ele>1874.0</ele></trkpt><trkpt lat="46.57675039116293" lon="7.885570312384516"><ele>1874.0099792480469</ele></trkpt><trkpt lat="46.57675039116293" lon="7.885570312384516"><ele>1873.969970703125</ele></trkpt><trkpt lat="46.57673039101064" lon="7.885580311995"><ele>1873.3999938964844</ele></trkpt><trkpt lat="46.57671039085835" lon="7.8856103122234344"><ele>1873.1999816894531</ele></trkpt><trkpt lat="46.576670391019434" lon="7.885620311833918"><ele>1872.7999877929688</ele></trkpt><trkpt lat="46.576630391180515" lon="7.885660312138498"><ele>1872.8999938964844</ele></trkpt><trkpt lat="46.576610391028225" lon="7.885670312214643"><ele>1872.6999816894531</ele></trkpt><trkpt lat="46.5765603906475" lon="7.8856703117489815"><ele>1872.0999755859375</ele></trkpt><trkpt lat="46.57654039096087" lon="7.885680311825126"><ele>1872.0999755859375</ele></trkpt><trkpt lat="46.57653039088473" lon="7.885680311825126"><ele>1872.0299987792969</ele></trkpt><trkpt lat="46.57651039073244" lon="7.885680311825126"><ele>1871.8999938964844</ele></trkpt><trkpt lat="46.57650039065629" lon="7.885690311901271"><ele>1871.6099853515625</ele></trkpt><trkpt lat="46.576480390504" lon="7.885700311977416"><ele>1871.3999938964844</ele></trkpt><trkpt lat="46.576440390665084" lon="7.8856703117489815"><ele>1870.2999877929688</ele></trkpt><trkpt lat="46.576380390208215" lon="7.8856703117489815"><ele>1870.0399780273438</ele></trkpt><trkpt lat="46.576340390369296" lon="7.8856703117489815"><ele>1869.8399963378906</ele></trkpt><trkpt lat="46.57628039037809" lon="7.88567031128332"><ele>1868.7999877929688</ele></trkpt><trkpt lat="46.57625039014965" lon="7.88569031143561"><ele>1868.0599975585938</ele></trkpt><trkpt lat="46.57624039007351" lon="7.885700311046094"><ele>1867.7999877929688</ele></trkpt><trkpt lat="46.57622038992122" lon="7.885680311359465"><ele>1867.6299743652344</ele></trkpt><trkpt lat="46.57620038976893" lon="7.885660311207175"><ele>1867.1599731445312</ele></trkpt><trkpt lat="46.57617038954049" lon="7.885640311054885"><ele>1866.5</ele></trkpt><trkpt lat="46.57610038947314" lon="7.885670310817659"><ele>1866.0999755859375</ele></trkpt><trkpt lat="46.57603038940579" lon="7.885680310893804"><ele>1865.7999877929688</ele></trkpt><trkpt lat="46.57601038971916" lon="7.885670310817659"><ele>1865.6899719238281</ele></trkpt><trkpt lat="46.575980389490724" lon="7.885650310665369"><ele>1865.5999755859375</ele></trkpt><trkpt lat="46.575960389338434" lon="7.885670310817659"><ele>1865.2999877929688</ele></trkpt><trkpt lat="46.575960389338434" lon="7.885670310817659"><ele>1865.2999877929688</ele></trkpt><trkpt lat="46.57595038926229" lon="7.885680310893804"><ele>1865.2999877929688</ele></trkpt><trkpt lat="46.57589038927108" lon="7.885680310893804"><ele>1865.0999755859375</ele></trkpt><trkpt lat="46.57580038905144" lon="7.8856903105042875"><ele>1864.2999877929688</ele></trkpt><trkpt lat="46.57578038936481" lon="7.8856903105042875"><ele>1864.0599975585938</ele></trkpt><trkpt lat="46.57568038906902" lon="7.8856803104281425"><ele>1863.0999755859375</ele></trkpt><trkpt lat="46.57564038876444" lon="7.8856903105042875"><ele>1862.2599792480469</ele></trkpt><trkpt lat="46.57562038907781" lon="7.8856903105042875"><ele>1862.5</ele></trkpt><trkpt lat="46.57558038877323" lon="7.8856903105042875"><ele>1861.6899719238281</ele></trkpt><trkpt lat="46.5754703884013" lon="7.885700310114771"><ele>1860.2999877929688</ele></trkpt><trkpt lat="46.57543038856238" lon="7.885710310190916"><ele>1859.7999877929688</ele></trkpt><trkpt lat="46.57540038833395" lon="7.885730309877545"><ele>1859.2699890136719</ele></trkpt><trkpt lat="46.5753903882578" lon="7.88574030995369"><ele>1859.2999877929688</ele></trkpt><trkpt lat="46.57535038841888" lon="7.885770309716463"><ele>1859.2999877929688</ele></trkpt><trkpt lat="46.5753103881143" lon="7.885800309944898"><ele>1859.3999938964844</ele></trkpt><trkpt lat="46.57521038828418" lon="7.885970310308039"><ele>1860.5</ele></trkpt><trkpt lat="46.57516038836911" lon="7.8860303102992475"><ele>1861.0</ele></trkpt><trkpt lat="46.57515038875863" lon="7.886040310375392"><ele>1861.1799926757812</ele></trkpt><trkpt lat="46.57511038891971" lon="7.886060310527682"><ele>1861.7999877929688</ele></trkpt><trkpt lat="46.57502038870007" lon="7.886080310214311"><ele>1862.5</ele></trkpt><trkpt lat="46.574990388937294" lon="7.886090310290456"><ele>1862.5</ele></trkpt><trkpt lat="46.57494038902223" lon="7.8861403106711805"><ele>1863.0</ele></trkpt><trkpt lat="46.57490038918331" lon="7.886150310747325"><ele>1863.9099731445312</ele></trkpt><trkpt lat="46.57483038911596" lon="7.88616031082347"><ele>1864.969970703125</ele></trkpt><trkpt lat="46.57481038942933" lon="7.886170310899615"><ele>1865.3999938964844</ele></trkpt><trkpt lat="46.57477038959041" lon="7.886190311051905"><ele>1865.4099731445312</ele></trkpt><trkpt lat="46.57476038951427" lon="7.886190311051905"><ele>1865.4099731445312</ele></trkpt><trkpt lat="46.57474038936198" lon="7.8862403109669685"><ele>1865.3999938964844</ele></trkpt><trkpt lat="46.57470038952306" lon="7.8862403109669685"><ele>1866.3999938964844</ele></trkpt><trkpt lat="46.574670389760286" lon="7.886270311195403"><ele>1866.5999755859375</ele></trkpt><trkpt lat="46.57459039008245" lon="7.886340311262757"><ele>1867.6599731445312</ele></trkpt><trkpt lat="46.57453039009124" lon="7.886380311567336"><ele>1868.4299926757812</ele></trkpt><trkpt lat="46.574520390015095" lon="7.886400311253965"><ele>1868.5099792480469</ele></trkpt><trkpt lat="46.57448039017618" lon="7.88645031163469"><ele>1868.8999938964844</ele></trkpt><trkpt lat="46.5744503904134" lon="7.886490311473608"><ele>1870.0999755859375</ele></trkpt><trkpt lat="46.57440039049834" lon="7.886570311617106"><ele>1870.1999816894531</ele></trkpt><trkpt lat="46.574390390422195" lon="7.886610311921686"><ele>1870.3999938964844</ele></trkpt><trkpt lat="46.57435039058328" lon="7.8866403116844594"><ele>1870.9099731445312</ele></trkpt><trkpt lat="46.5743203908205" lon="7.886670311912894"><ele>1871.5199890136719</ele></trkpt><trkpt lat="46.57427039090544" lon="7.886710312217474"><ele>1872.3999938964844</ele></trkpt><trkpt lat="46.57422039099038" lon="7.886720311827958"><ele>1872.4399719238281</ele></trkpt><trkpt lat="46.57419039076194" lon="7.886720311827958"><ele>1872.5</ele></trkpt><trkpt lat="46.57413039077073" lon="7.886750312056392"><ele>1873.0</ele></trkpt><trkpt lat="46.574110391084105" lon="7.886770312208682"><ele>1873.5299987792969</ele></trkpt><trkpt lat="46.57410039100796" lon="7.886800312437117"><ele>1874.0</ele></trkpt><trkpt lat="46.57406039116904" lon="7.88689031265676"><ele>1875.0999755859375</ele></trkpt><trkpt lat="46.57402039133012" lon="7.8869603127241135"><ele>1876.0</ele></trkpt><trkpt lat="46.57401039171964" lon="7.886980312410742"><ele>1876.239990234375</ele></trkpt><trkpt lat="46.573960391804576" lon="7.887070312630385"><ele>1877.0999755859375</ele></trkpt><trkpt lat="46.573920391499996" lon="7.88710031285882"><ele>1876.8499755859375</ele></trkpt><trkpt lat="46.57389039173722" lon="7.8871203125454485"><ele>1876.2999877929688</ele></trkpt><trkpt lat="46.57386039150879" lon="7.887200312688947"><ele>1875.9099731445312</ele></trkpt><trkpt lat="46.57386039150879" lon="7.887200312688947"><ele>1875.8999938964844</ele></trkpt><trkpt lat="46.57382039166987" lon="7.887180312536657"><ele>1875.9099731445312</ele></trkpt><trkpt lat="46.573810391593724" lon="7.887170312460512"><ele>1875.9199829101562</ele></trkpt><trkpt lat="46.57376039167866" lon="7.887160312384367"><ele>1876.0</ele></trkpt><trkpt lat="46.57370039168745" lon="7.887170312460512"><ele>1876.5</ele></trkpt><trkpt lat="46.57365039177239" lon="7.887180312536657"><ele>1876.6899719238281</ele></trkpt><trkpt lat="46.57353039178997" lon="7.887190312612802"><ele>1876.7999877929688</ele></trkpt><trkpt lat="46.57349039148539" lon="7.887200312688947"><ele>1876.989990234375</ele></trkpt><trkpt lat="46.573450391646475" lon="7.887210312765092"><ele>1877.1999816894531</ele></trkpt><trkpt lat="46.57333039166406" lon="7.887320312671363"><ele>1877.5999755859375</ele></trkpt><trkpt lat="46.573280391748995" lon="7.887370313052088"><ele>1877.7999877929688</ele></trkpt><trkpt lat="46.57325039198622" lon="7.8874103128910065"><ele>1877.8699951171875</ele></trkpt><trkpt lat="46.57321039168164" lon="7.88746031280607"><ele>1878.0</ele></trkpt><trkpt lat="46.57308039208874" lon="7.887600312940776"><ele>1878.0</ele></trkpt><trkpt lat="46.573070392012596" lon="7.887610313016921"><ele>1877.989990234375</ele></trkpt><trkpt lat="46.57304039178416" lon="7.8876803130842745"><ele>1878.0</ele></trkpt><trkpt lat="46.57300039194524" lon="7.887720312923193"><ele>1878.1999816894531</ele></trkpt><trkpt lat="46.57295039249584" lon="7.887770313303918"><ele>1880.0</ele></trkpt><trkpt lat="46.57290039258078" lon="7.887850313447416"><ele>1880.7899780273438</ele></trkpt><trkpt lat="46.57290039258078" lon="7.887850313447416"><ele>1880.7999877929688</ele></trkpt><trkpt lat="46.57290039258078" lon="7.887860313523561"><ele>1880.8999938964844</ele></trkpt><trkpt lat="46.57284039258957" lon="7.888000313658267"><ele>1881.6999816894531</ele></trkpt><trkpt lat="46.572810392826796" lon="7.8880703137256205"><ele>1882.0</ele></trkpt><trkpt lat="46.57271039299667" lon="7.888100313954055"><ele>1883.0499877929688</ele></trkpt><trkpt lat="46.57271039299667" lon="7.888100313954055"><ele>1883.0699768066406</ele></trkpt><trkpt lat="46.57259039301425" lon="7.8882503136992455"><ele>1883.8999938964844</ele></trkpt><trkpt lat="46.57259039301425" lon="7.888270313851535"><ele>1884.1299743652344</ele></trkpt><trkpt lat="46.57259039301425" lon="7.888310314156115"><ele>1884.5</ele></trkpt><trkpt lat="46.572550393640995" lon="7.888420314528048"><ele>1886.489990234375</ele></trkpt><trkpt lat="46.57251039380208" lon="7.888520314823836"><ele>1888.5999755859375</ele></trkpt><trkpt lat="46.57247039396316" lon="7.888550315052271"><ele>1889.6999816894531</ele></trkpt><trkpt lat="46.572420394513756" lon="7.888660314958543"><ele>1891.5</ele></trkpt><trkpt lat="46.57241039443761" lon="7.888740315102041"><ele>1891.6999816894531</ele></trkpt><trkpt lat="46.57236039452255" lon="7.888860315084457"><ele>1891.8199768066406</ele></trkpt><trkpt lat="46.572290394455194" lon="7.889030315447599"><ele>1892.1599731445312</ele></trkpt><trkpt lat="46.572250394616276" lon="7.8891203152015805"><ele>1892.3999938964844</ele></trkpt><trkpt lat="46.57220039470121" lon="7.889210315421224"><ele>1892.9199829101562</ele></trkpt><trkpt lat="46.572140394710004" lon="7.88931031525135"><ele>1893.5</ele></trkpt><trkpt lat="46.57213039509952" lon="7.889320315327495"><ele>1893.6199951171875</ele></trkpt><trkpt lat="46.57204039534554" lon="7.889380315784365"><ele>1894.5999755859375</ele></trkpt><trkpt lat="46.571950395125896" lon="7.8894003154709935"><ele>1894.7999877929688</ele></trkpt><trkpt lat="46.57192039536312" lon="7.889400315936655"><ele>1895.239990234375</ele></trkpt><trkpt lat="46.57188039505854" lon="7.88939031586051"><ele>1894.8999938964844</ele></trkpt><trkpt lat="46.57181039499119" lon="7.889370315242559"><ele>1893.1899719238281</ele></trkpt><trkpt lat="46.571800394915044" lon="7.889360315166414"><ele>1892.5</ele></trkpt><trkpt lat="46.57173039484769" lon="7.889380315318704"><ele>1892.2599792480469</ele></trkpt><trkpt lat="46.571700394619256" lon="7.889390315394849"><ele>1891.7999877929688</ele></trkpt><trkpt lat="46.571700394619256" lon="7.889390315394849"><ele>1892.2599792480469</ele></trkpt><trkpt lat="46.57165039470419" lon="7.889360315166414"><ele>1891.7999877929688</ele></trkpt><trkpt lat="46.571590394712985" lon="7.889360315166414"><ele>1891.7999877929688</ele></trkpt><trkpt lat="46.57150039449334" lon="7.889400315005332"><ele>1891.2999877929688</ele></trkpt><trkpt lat="46.57145039457828" lon="7.889430315233767"><ele>1890.7999877929688</ele></trkpt><trkpt lat="46.57140039419755" lon="7.889420314691961"><ele>1889.8999938964844</ele></trkpt><trkpt lat="46.57137039396912" lon="7.889440314844251"><ele>1889.8699951171875</ele></trkpt><trkpt lat="46.57135039428249" lon="7.889450314920396"><ele>1889.2999877929688</ele></trkpt><trkpt lat="46.57129039382562" lon="7.889510314911604"><ele>1888.8099975585938</ele></trkpt><trkpt lat="46.57127039413899" lon="7.8895303145982325"><ele>1888.5</ele></trkpt><trkpt lat="46.57124039391056" lon="7.889590314589441"><ele>1888.739990234375</ele></trkpt><trkpt lat="46.57122039375827" lon="7.889630314894021"><ele>1888.5</ele></trkpt><trkpt lat="46.571190393995494" lon="7.889740314800292"><ele>1889.0299987792969</ele></trkpt><trkpt lat="46.57114039408043" lon="7.889870314858854"><ele>1888.7999877929688</ele></trkpt><trkpt lat="46.57110039377585" lon="7.889920314773917"><ele>1888.2999877929688</ele></trkpt><trkpt lat="46.5710303937085" lon="7.889940314460546"><ele>1887.3999938964844</ele></trkpt><trkpt lat="46.57072039367631" lon="7.889940314460546"><ele>1886.3999938964844</ele></trkpt><trkpt lat="46.57063039345667" lon="7.889980314299464"><ele>1886.7999877929688</ele></trkpt><trkpt lat="46.570520393550396" lon="7.890080314595252"><ele>1887.7899780273438</ele></trkpt><trkpt lat="46.57051039347425" lon="7.890080314595252"><ele>1887.5</ele></trkpt><trkpt lat="46.57050039386377" lon="7.890080314595252"><ele>1887.8799743652344</ele></trkpt><trkpt lat="46.570430393796414" lon="7.890100314747542"><ele>1887.7999877929688</ele></trkpt><trkpt lat="46.57032039389014" lon="7.890090314671397"><ele>1887.8599853515625</ele></trkpt><trkpt lat="46.570310393814" lon="7.890090314671397"><ele>1887.7999877929688</ele></trkpt><trkpt lat="46.57013039337471" lon="7.890010314527899"><ele>1886.1999816894531</ele></trkpt><trkpt lat="46.570030393544585" lon="7.889950314071029"><ele>1885.8999938964844</ele></trkpt><trkpt lat="46.569970393087715" lon="7.889950314071029"><ele>1885.2899780273438</ele></trkpt><trkpt lat="46.56996039301157" lon="7.889950314071029"><ele>1885.2999877929688</ele></trkpt><trkpt lat="46.56996039301157" lon="7.8899403139948845"><ele>1885.1499938964844</ele></trkpt><trkpt lat="46.56987039279193" lon="7.889890314079821"><ele>1884.0999755859375</ele></trkpt><trkpt lat="46.569740392733365" lon="7.889870313927531"><ele>1883.7999877929688</ele></trkpt><trkpt lat="46.56970039289445" lon="7.889870313927531"><ele>1883.5</ele></trkpt><trkpt lat="46.56967039266601" lon="7.889880314003676"><ele>1883.2599792480469</ele></trkpt><trkpt lat="46.56967039266601" lon="7.889880314003676"><ele>1883.0999755859375</ele></trkpt><trkpt lat="46.56966039258987" lon="7.889880314003676"><ele>1883.3099975585938</ele></trkpt><trkpt lat="46.569630392827094" lon="7.889870313927531"><ele>1883.0899963378906</ele></trkpt><trkpt lat="46.56962039275095" lon="7.889870313927531"><ele>1883.0</ele></trkpt><trkpt lat="46.56962039275095" lon="7.889860313851386"><ele>1882.9599914550781</ele></trkpt><trkpt lat="46.56960039259866" lon="7.889850313775241"><ele>1882.7999877929688</ele></trkpt><trkpt lat="46.569590392522514" lon="7.889850313775241"><ele>1882.6599731445312</ele></trkpt><trkpt lat="46.569570392835885" lon="7.889850313775241"><ele>1882.3999938964844</ele></trkpt><trkpt lat="46.569510392379016" lon="7.88987031346187"><ele>1882.2099914550781</ele></trkpt><trkpt lat="46.569420392625034" lon="7.88989031361416"><ele>1881.8999938964844</ele></trkpt><trkpt lat="46.569380392320454" lon="7.88991031376645"><ele>1881.4499816894531</ele></trkpt><trkpt lat="46.56935039255768" lon="7.889930313453078"><ele>1881.3699951171875</ele></trkpt><trkpt lat="46.56924039218575" lon="7.889990313444287"><ele>1881.0</ele></trkpt><trkpt lat="46.56922039203346" lon="7.8900103135965765"><ele>1880.5</ele></trkpt><trkpt lat="46.56912039220333" lon="7.89004031335935"><ele>1879.8099975585938</ele></trkpt><trkpt lat="46.56908039189875" lon="7.8900603130459785"><ele>1879.3999938964844</ele></trkpt><trkpt lat="46.569070391822606" lon="7.8900603130459785"><ele>1879.1999816894531</ele></trkpt><trkpt lat="46.56906039221212" lon="7.89004031335935"><ele>1879.3999938964844</ele></trkpt><trkpt lat="46.56903039198369" lon="7.89002031320706"><ele>1879.3999938964844</ele></trkpt><trkpt lat="46.5690103918314" lon="7.890010313130915"><ele>1879.1899719238281</ele></trkpt><trkpt lat="46.568980392068624" lon="7.889990312978625"><ele>1879.0</ele></trkpt><trkpt lat="46.568940391764045" lon="7.889940313063562"><ele>1878.239990234375</ele></trkpt><trkpt lat="46.5688503915444" lon="7.889810313005"><ele>1876.6999816894531</ele></trkpt><trkpt lat="46.56882039131597" lon="7.8897803127765656"><ele>1876.1799926757812</ele></trkpt><trkpt lat="46.56880039116368" lon="7.889760312624276"><ele>1875.5999755859375</ele></trkpt><trkpt lat="46.56876039132476" lon="7.889720312785357"><ele>1875.1999816894531</ele></trkpt><trkpt lat="46.56872039102018" lon="7.889660312328488"><ele>1874.8999938964844</ele></trkpt><trkpt lat="46.568710390944034" lon="7.889600312337279"><ele>1874.7999877929688</ele></trkpt><trkpt lat="46.568670391105115" lon="7.889500312507153"><ele>1874.0399780273438</ele></trkpt><trkpt lat="46.5686003905721" lon="7.889260312076658"><ele>1872.2999877929688</ele></trkpt><trkpt lat="46.568570390343666" lon="7.88920031208545"><ele>1872.2599792480469</ele></trkpt><trkpt lat="46.56845038989559" lon="7.8890103115700185"><ele>1869.5999755859375</ele></trkpt><trkpt lat="46.568380389828235" lon="7.888890311587602"><ele>1868.0999755859375</ele></trkpt><trkpt lat="46.568300389219075" lon="7.888730310834944"><ele>1865.3999938964844</ele></trkpt><trkpt lat="46.568280389066786" lon="7.888700311072171"><ele>1864.8399963378906</ele></trkpt><trkpt lat="46.56813038839027" lon="7.88845031009987"><ele>1860.8999938964844</ele></trkpt><trkpt lat="46.56811038823798" lon="7.8884203103370965"><ele>1860.3399963378906</ele></trkpt><trkpt lat="46.56806038785726" lon="7.888370309956372"><ele>1859.0999755859375</ele></trkpt><trkpt lat="46.567970387637615" lon="7.888230309821665"><ele>1857.5599975585938</ele></trkpt><trkpt lat="46.56791038764641" lon="7.888160309754312"><ele>1856.7999877929688</ele></trkpt><trkpt lat="46.56786038726568" lon="7.888070309534669"><ele>1856.0</ele></trkpt><trkpt lat="46.56775038689375" lon="7.887860308866948"><ele>1853.7899780273438</ele></trkpt><trkpt lat="46.56775038689375" lon="7.887850309256464"><ele>1853.72998046875</ele></trkpt><trkpt lat="46.56775038689375" lon="7.887850309256464"><ele>1853.719970703125</ele></trkpt><trkpt lat="46.56773038674146" lon="7.88780030887574"><ele>1853.0999755859375</ele></trkpt><trkpt lat="46.56771038658917" lon="7.887750308960676"><ele>1852.5</ele></trkpt><trkpt lat="46.56769038643688" lon="7.887700309045613"><ele>1852.4099731445312</ele></trkpt><trkpt lat="46.56765038659796" lon="7.887600308749825"><ele>1851.989990234375</ele></trkpt><trkpt lat="46.567620386369526" lon="7.887510308530182"><ele>1851.4199829101562</ele></trkpt><trkpt lat="46.56759038614109" lon="7.887440308462828"><ele>1851.0999755859375</ele></trkpt><trkpt lat="46.56757038645446" lon="7.88740030862391"><ele>1850.8599853515625</ele></trkpt><trkpt lat="46.56754038622603" lon="7.887340308632702"><ele>1850.3999938964844</ele></trkpt><trkpt lat="46.56751038599759" lon="7.887280308641493"><ele>1850.4399719238281</ele></trkpt><trkpt lat="46.567490386310965" lon="7.88723030872643"><ele>1850.3999938964844</ele></trkpt><trkpt lat="46.567450386006385" lon="7.887090308591723"><ele>1849.969970703125</ele></trkpt><trkpt lat="46.56741038616747" lon="7.886990308295935"><ele>1849.6999816894531</ele></trkpt><trkpt lat="46.56740038609132" lon="7.886960308533162"><ele>1849.6499938964844</ele></trkpt><trkpt lat="46.56739038601518" lon="7.886930308304727"><ele>1849.5999755859375</ele></trkpt><trkpt lat="46.56737038586289" lon="7.886900308541954"><ele>1849.25</ele></trkpt><trkpt lat="46.56733038602397" lon="7.886830308008939"><ele>1848.6999816894531</ele></trkpt><trkpt lat="46.56723038572818" lon="7.8866303083486855"><ele>1848.2799987792969</ele></trkpt><trkpt lat="46.567200385499746" lon="7.886560308281332"><ele>1848.0799865722656</ele></trkpt><trkpt lat="46.56715038558468" lon="7.886460307985544"><ele>1847.5299987792969</ele></trkpt><trkpt lat="46.56712038535625" lon="7.886390307918191"><ele>1847.0</ele></trkpt><trkpt lat="46.567070385441184" lon="7.886310307774693"><ele>1846.7999877929688</ele></trkpt><trkpt lat="46.56704038521275" lon="7.886280308011919"><ele>1846.5799865722656</ele></trkpt><trkpt lat="46.56704038521275" lon="7.886270307935774"><ele>1846.5999755859375</ele></trkpt><trkpt lat="46.56702038552612" lon="7.8862403077073395"><ele>1846.739990234375</ele></trkpt><trkpt lat="46.56700038537383" lon="7.886180307716131"><ele>1846.7999877929688</ele></trkpt><trkpt lat="46.56697038561106" lon="7.886130307801068"><ele>1846.5</ele></trkpt><trkpt lat="46.56694038538262" lon="7.886000307742506"><ele>1846.3999938964844</ele></trkpt><trkpt lat="46.56689038546756" lon="7.885840307921171"><ele>1846.0999755859375</ele></trkpt><trkpt lat="46.566880385391414" lon="7.8858003076165915"><ele>1846.1299743652344</ele></trkpt><trkpt lat="46.56685038516298" lon="7.885700307786465"><ele>1846.0999755859375</ele></trkpt><trkpt lat="46.56683038501069" lon="7.885640307795256"><ele>1845.719970703125</ele></trkpt><trkpt lat="46.56681038532406" lon="7.885600307490677"><ele>1845.5</ele></trkpt><trkpt lat="46.56681038532406" lon="7.885570307727903"><ele>1845.4299926757812</ele></trkpt><trkpt lat="46.566800385247916" lon="7.885510307736695"><ele>1845.2999877929688</ele></trkpt><trkpt lat="46.56677038501948" lon="7.885420307517052"><ele>1845.2999877929688</ele></trkpt><trkpt lat="46.56674038525671" lon="7.885360307525843"><ele>1845.2999877929688</ele></trkpt><trkpt lat="46.56671038502827" lon="7.885300307534635"><ele>1845.7899780273438</ele></trkpt><trkpt lat="46.56664038542658" lon="7.885200307704508"><ele>1846.3999938964844</ele></trkpt><trkpt lat="46.56662038527429" lon="7.885150307789445"><ele>1847.0199890136719</ele></trkpt><trkpt lat="46.56660038558766" lon="7.885080308187753"><ele>1847.7999877929688</ele></trkpt><trkpt lat="46.56657038582489" lon="7.884970308281481"><ele>1848.3199768066406</ele></trkpt><trkpt lat="46.566540385596454" lon="7.88482030807063"><ele>1848.5</ele></trkpt><trkpt lat="46.566500385757536" lon="7.884680307935923"><ele>1848.7999877929688</ele></trkpt><trkpt lat="46.566500385757536" lon="7.884640308097005"><ele>1849.1999816894531</ele></trkpt><trkpt lat="46.56651038583368" lon="7.884570308495313"><ele>1849.8099975585938</ele></trkpt><trkpt lat="46.566520385909826" lon="7.884530308190733"><ele>1850.1999816894531</ele></trkpt><trkpt lat="46.56652038637549" lon="7.884470308665186"><ele>1850.7999877929688</ele></trkpt><trkpt lat="46.56652038637549" lon="7.884380308445543"><ele>1851.6999816894531</ele></trkpt><trkpt lat="46.56652038637549" lon="7.884370308369398"><ele>1851.719970703125</ele></trkpt><trkpt lat="46.56653038645163" lon="7.8843503086827695"><ele>1851.9599914550781</ele></trkpt><trkpt lat="46.56654038652778" lon="7.884260308928788"><ele>1853.0999755859375</ele></trkpt><trkpt lat="46.56653038691729" lon="7.884240308776498"><ele>1853.2099914550781</ele></trkpt><trkpt lat="46.566510386765" lon="7.884220308624208"><ele>1853.3999938964844</ele></trkpt><trkpt lat="46.566450386773795" lon="7.884200308937579"><ele>1853.3999938964844</ele></trkpt><trkpt lat="46.566430386621505" lon="7.8841903088614345"><ele>1853.3199768066406</ele></trkpt><trkpt lat="46.56642038654536" lon="7.8841903088614345"><ele>1853.3999938964844</ele></trkpt><trkpt lat="46.56639038678259" lon="7.884130308870226"><ele>1854.1599731445312</ele></trkpt><trkpt lat="46.56635038694367" lon="7.884090309031308"><ele>1854.6999816894531</ele></trkpt><trkpt lat="46.56631038710475" lon="7.884040309116244"><ele>1856.0599975585938</ele></trkpt><trkpt lat="46.56627038726583" lon="7.884010309353471"><ele>1856.8999938964844</ele></trkpt><trkpt lat="46.56616038782522" lon="7.883900309447199"><ele>1858.1999816894531</ele></trkpt><trkpt lat="46.56605038791895" lon="7.883800309617072"><ele>1859.0</ele></trkpt><trkpt lat="46.566020387690514" lon="7.883770309854299"><ele>1859.2799987792969</ele></trkpt><trkpt lat="46.56597038777545" lon="7.88373031001538"><ele>1859.7999877929688</ele></trkpt><trkpt lat="46.56588038802147" lon="7.8837103098630905"><ele>1860.5999755859375</ele></trkpt><trkpt lat="46.56580038834363" lon="7.883690310176462"><ele>1861.8799743652344</ele></trkpt><trkpt lat="46.56579038826749" lon="7.883690310176462"><ele>1862.0699768066406</ele></trkpt><trkpt lat="46.56573038874194" lon="7.883690310176462"><ele>1862.6999816894531</ele></trkpt><trkpt lat="46.56567038875073" lon="7.883730310481042"><ele>1863.5</ele></trkpt><trkpt lat="46.56564038898796" lon="7.883800310548395"><ele>1865.0</ele></trkpt><trkpt lat="46.56562038930133" lon="7.88385031092912"><ele>1866.1999816894531</ele></trkpt><trkpt lat="46.56560038914904" lon="7.8838703110814095"><ele>1866.6099853515625</ele></trkpt><trkpt lat="46.56555038969964" lon="7.883950311224908"><ele>1868.4099731445312</ele></trkpt><trkpt lat="46.56553039001301" lon="7.883980311453342"><ele>1868.8999938964844</ele></trkpt><trkpt lat="46.56548039056361" lon="7.8840803117491305"><ele>1872.0999755859375</ele></trkpt><trkpt lat="46.56546039041132" lon="7.884110311977565"><ele>1872.6899719238281</ele></trkpt><trkpt lat="46.565430390648544" lon="7.884160311892629"><ele>1873.6999816894531</ele></trkpt><trkpt lat="46.565300391521305" lon="7.884250313043594"><ele>1878.5399780273438</ele></trkpt><trkpt lat="46.565300391521305" lon="7.884250313043594"><ele>1878.5999755859375</ele></trkpt><trkpt lat="46.565300391986966" lon="7.884250313043594"><ele>1878.7099914550781</ele></trkpt><trkpt lat="46.565210392698646" lon="7.884300313424319"><ele>1882.2999877929688</ele></trkpt><trkpt lat="46.56516039278358" lon="7.884320313576609"><ele>1883.97998046875</ele></trkpt><trkpt lat="46.56515039270744" lon="7.884330313652754"><ele>1884.3999938964844</ele></trkpt><trkpt lat="46.565120392944664" lon="7.884340313728899"><ele>1885.0999755859375</ele></trkpt><trkpt lat="46.565100393258035" lon="7.88434031419456"><ele>1885.989990234375</ele></trkpt><trkpt lat="46.56507039349526" lon="7.884350314270705"><ele>1886.7699890136719</ele></trkpt><trkpt lat="46.56507039349526" lon="7.884350314270705"><ele>1886.5999755859375</ele></trkpt><trkpt lat="46.56503039365634" lon="7.8843203145079315"><ele>1888.3799743652344</ele></trkpt><trkpt lat="46.564990394283086" lon="7.884280314669013"><ele>1890.6999816894531</ele></trkpt><trkpt lat="46.56496039452031" lon="7.884260314982384"><ele>1891.8999938964844</ele></trkpt><trkpt lat="46.56491039507091" lon="7.884210315532982"><ele>1894.8999938964844</ele></trkpt><trkpt lat="46.564900394994766" lon="7.8841803153045475"><ele>1895.72998046875</ele></trkpt><trkpt lat="46.56486039562151" lon="7.884110316168517"><ele>1898.2999877929688</ele></trkpt><trkpt lat="46.56485039554536" lon="7.884100316092372"><ele>1898.22998046875</ele></trkpt><trkpt lat="46.564830395858735" lon="7.884080315940082"><ele>1898.5899963378906</ele></trkpt><trkpt lat="46.56482039578259" lon="7.884070315863937"><ele>1898.6999816894531</ele></trkpt><trkpt lat="46.56482039578259" lon="7.884070315863937"><ele>1898.6599731445312</ele></trkpt><trkpt lat="46.564790395554155" lon="7.884040316101164"><ele>1898.5199890136719</ele></trkpt><trkpt lat="46.56478039547801" lon="7.884070315863937"><ele>1898.5099792480469</ele></trkpt><trkpt lat="46.56474039563909" lon="7.884220316074789"><ele>1899.0</ele></trkpt><trkpt lat="46.56471039634198" lon="7.884430316276848"><ele>1900.6899719238281</ele></trkpt><trkpt lat="46.56471039634198" lon="7.884450316429138"><ele>1900.6999816894531</ele></trkpt><trkpt lat="46.564700396265835" lon="7.884570316411555"><ele>1901.5499877929688</ele></trkpt><trkpt lat="46.56469039665535" lon="7.884700316470116"><ele>1902.2999877929688</ele></trkpt><trkpt lat="46.56469039665535" lon="7.884740316774696"><ele>1902.4499816894531</ele></trkpt><trkpt lat="46.564680396579206" lon="7.885000316891819"><ele>1903.2899780273438</ele></trkpt><trkpt lat="46.56468039751053" lon="7.8853403171524405"><ele>1906.5699768066406</ele></trkpt><trkpt lat="46.5646603978239" lon="7.885550317820162"><ele>1908.6999816894531</ele></trkpt><trkpt lat="46.56462039845064" lon="7.885780318174511"><ele>1911.7999877929688</ele></trkpt><trkpt lat="46.56457039853558" lon="7.885930318385363"><ele>1912.7799987792969</ele></trkpt><trkpt lat="46.5644803987816" lon="7.886170318350196"><ele>1914.0999755859375</ele></trkpt><trkpt lat="46.56444039894268" lon="7.886320319026709"><ele>1915.7599792480469</ele></trkpt><trkpt lat="46.56439039949328" lon="7.8865003190003335"><ele>1917.3999938964844</ele></trkpt><trkpt lat="46.56439039949328" lon="7.8865003190003335"><ele>1917.5999755859375</ele></trkpt><trkpt lat="46.56431039981544" lon="7.886670319363475"><ele>1919.719970703125</ele></trkpt><trkpt lat="46.56425039982423" lon="7.8867203197441995"><ele>1920.5299987792969</ele></trkpt><trkpt lat="46.56422040006146" lon="7.886740319430828"><ele>1920.8999938964844</ele></trkpt><trkpt lat="46.56418040022254" lon="7.886780319735408"><ele>1920.8999938964844</ele></trkpt><trkpt lat="46.56416040007025" lon="7.886830319650471"><ele>1921.3999938964844</ele></trkpt><trkpt lat="46.564150400459766" lon="7.886870319955051"><ele>1922.219970703125</ele></trkpt><trkpt lat="46.56414040038362" lon="7.8869003197178245"><ele>1922.1999816894531</ele></trkpt><trkpt lat="46.56406040024012" lon="7.886990319937468"><ele>1922.3999938964844</ele></trkpt><trkpt lat="46.56403040047735" lon="7.887040319852531"><ele>1923.0</ele></trkpt><trkpt lat="46.56397040048614" lon="7.8871803199872375"><ele>1923.5299987792969</ele></trkpt><trkpt lat="46.56393040064722" lon="7.8872803202830255"><ele>1923.8999938964844</ele></trkpt><trkpt lat="46.56392040103674" lon="7.887320320121944"><ele>1924.5999755859375</ele></trkpt><trkpt lat="46.563930401112884" lon="7.8873803205788136"><ele>1925.3199768066406</ele></trkpt><trkpt lat="46.563930401112884" lon="7.887420320417732"><ele>1925.0999755859375</ele></trkpt><trkpt lat="46.563910400960594" lon="7.887510320171714"><ele>1925.3999938964844</ele></trkpt><trkpt lat="46.56386040104553" lon="7.887680320534855"><ele>1925.0999755859375</ele></trkpt><trkpt lat="46.563810400664806" lon="7.887770320288837"><ele>1923.6999816894531</ele></trkpt><trkpt lat="46.56377040036023" lon="7.887850319966674"><ele>1921.5999755859375</ele></trkpt><trkpt lat="46.56374039966613" lon="7.888020319398493"><ele>1919.5</ele></trkpt><trkpt lat="46.563670399133116" lon="7.88825031882152"><ele>1916.2999877929688</ele></trkpt><trkpt lat="46.56366039905697" lon="7.888280319049954"><ele>1915.8999938964844</ele></trkpt><trkpt lat="46.56366039905697" lon="7.888300318736583"><ele>1915.8599853515625</ele></trkpt><trkpt lat="46.56364039890468" lon="7.888360318727791"><ele>1915.2999877929688</ele></trkpt><trkpt lat="46.563630398828536" lon="7.888360318727791"><ele>1915.1499938964844</ele></trkpt><trkpt lat="46.56362039875239" lon="7.888370318803936"><ele>1915.0</ele></trkpt><trkpt lat="46.563610398676246" lon="7.888380318880081"><ele>1914.7999877929688</ele></trkpt><trkpt lat="46.563610398676246" lon="7.888410318642855"><ele>1914.5</ele></trkpt><trkpt lat="46.563610398676246" lon="7.888410318642855"><ele>1914.6099853515625</ele></trkpt><trkpt lat="46.563650398515165" lon="7.888450318481773"><ele>1913.8999938964844</ele></trkpt><trkpt lat="46.563670398667455" lon="7.888470318634063"><ele>1913.0299987792969</ele></trkpt><trkpt lat="46.56376039842144" lon="7.888590318150818"><ele>1911.2999877929688</ele></trkpt><trkpt lat="46.563820397946984" lon="7.8886803179048"><ele>1909.3999938964844</ele></trkpt><trkpt lat="46.56385039770976" lon="7.888710317667574"><ele>1908.9499816894531</ele></trkpt><trkpt lat="46.56385039770976" lon="7.888730317819864"><ele>1908.7099914550781</ele></trkpt><trkpt lat="46.56385039770976" lon="7.888750317972153"><ele>1908.4199829101562</ele></trkpt><trkpt lat="46.56383039755747" lon="7.888760317582637"><ele>1908.0999755859375</ele></trkpt><trkpt lat="46.56383039755747" lon="7.888770317658782"><ele>1907.9399719238281</ele></trkpt><trkpt lat="46.563830389175564" lon="7.88877030974254"><ele>1907.9399719238281</ele></trkpt><trkpt lat="46.563830389175564" lon="7.888760309666395"><ele>1908.0999755859375</ele></trkpt><trkpt lat="46.563850389327854" lon="7.8887503100559115"><ele>1908.4199829101562</ele></trkpt><trkpt lat="46.563850389327854" lon="7.888730309903622"><ele>1908.7099914550781</ele></trkpt><trkpt lat="46.563850389327854" lon="7.888710309751332"><ele>1908.9499816894531</ele></trkpt><trkpt lat="46.56382038956508" lon="7.888680309988558"><ele>1909.3999938964844</ele></trkpt><trkpt lat="46.56376039003953" lon="7.8885903102345765"><ele>1911.2999877929688</ele></trkpt><trkpt lat="46.56367039028555" lon="7.888470310717821"><ele>1913.0299987792969</ele></trkpt><trkpt lat="46.56365039013326" lon="7.888450310565531"><ele>1913.8999938964844</ele></trkpt><trkpt lat="46.56361039029434" lon="7.888410310726613"><ele>1914.6099853515625</ele></trkpt><trkpt lat="46.56361039029434" lon="7.888410310726613"><ele>1914.5</ele></trkpt><trkpt lat="46.56361039029434" lon="7.888380310963839"><ele>1914.7999877929688</ele></trkpt><trkpt lat="46.56362039037049" lon="7.888370310887694"><ele>1915.0</ele></trkpt><trkpt lat="46.56363039044663" lon="7.888360310811549"><ele>1915.1499938964844</ele></trkpt><trkpt lat="46.56364039052278" lon="7.888360310811549"><ele>1915.2999877929688</ele></trkpt><trkpt lat="46.56366039067507" lon="7.888300310820341"><ele>1915.8599853515625</ele></trkpt><trkpt lat="46.56366039067507" lon="7.8882803111337125"><ele>1915.8999938964844</ele></trkpt><trkpt lat="46.56367039075121" lon="7.888250310905278"><ele>1916.2999877929688</ele></trkpt><trkpt lat="46.56374039128423" lon="7.888020311482251"><ele>1919.5</ele></trkpt><trkpt lat="46.56377039197832" lon="7.887850312050432"><ele>1921.5999755859375</ele></trkpt><trkpt lat="46.5638103922829" lon="7.887770312372595"><ele>1923.6999816894531</ele></trkpt><trkpt lat="46.56386039266363" lon="7.887680312618613"><ele>1925.0999755859375</ele></trkpt><trkpt lat="46.56391039257869" lon="7.887510312255472"><ele>1925.3999938964844</ele></trkpt><trkpt lat="46.56393039273098" lon="7.88742031250149"><ele>1925.0999755859375</ele></trkpt><trkpt lat="46.56393039273098" lon="7.887380312662572"><ele>1925.3199768066406</ele></trkpt><trkpt lat="46.563920392654836" lon="7.887320312205702"><ele>1924.5999755859375</ele></trkpt><trkpt lat="46.56393039226532" lon="7.887280312366784"><ele>1923.8999938964844</ele></trkpt><trkpt lat="46.56397039210424" lon="7.887180312070996"><ele>1923.5299987792969</ele></trkpt><trkpt lat="46.56403039209545" lon="7.887040311936289"><ele>1923.0</ele></trkpt><trkpt lat="46.56406039185822" lon="7.886990312021226"><ele>1922.3999938964844</ele></trkpt><trkpt lat="46.56414039200172" lon="7.886900311801583"><ele>1922.1999816894531</ele></trkpt><trkpt lat="46.56415039207786" lon="7.886870312038809"><ele>1922.219970703125</ele></trkpt><trkpt lat="46.56416039168835" lon="7.886830311734229"><ele>1921.3999938964844</ele></trkpt><trkpt lat="46.56418039184064" lon="7.886780311819166"><ele>1920.8999938964844</ele></trkpt><trkpt lat="46.564220391679555" lon="7.886740311514586"><ele>1920.8999938964844</ele></trkpt><trkpt lat="46.56425039144233" lon="7.886720311827958"><ele>1920.5299987792969</ele></trkpt><trkpt lat="46.56431039143354" lon="7.886670311447233"><ele>1919.719970703125</ele></trkpt><trkpt lat="46.564390391111374" lon="7.886500311084092"><ele>1917.5999755859375</ele></trkpt><trkpt lat="46.564390391111374" lon="7.886500311084092"><ele>1917.3999938964844</ele></trkpt><trkpt lat="46.564440390560776" lon="7.886320311110467"><ele>1915.7599792480469</ele></trkpt><trkpt lat="46.564480390399694" lon="7.886170310433954"><ele>1914.0999755859375</ele></trkpt><trkpt lat="46.564570390153676" lon="7.885930310469121"><ele>1912.7799987792969</ele></trkpt><trkpt lat="46.56462039006874" lon="7.885780310258269"><ele>1911.7999877929688</ele></trkpt><trkpt lat="46.564660389442" lon="7.88555030990392"><ele>1908.6999816894531</ele></trkpt><trkpt lat="46.564680389128625" lon="7.885340309236199"><ele>1906.5699768066406</ele></trkpt><trkpt lat="46.5646803881973" lon="7.885000308975577"><ele>1903.2899780273438</ele></trkpt><trkpt lat="46.56469038827345" lon="7.884740308858454"><ele>1902.4499816894531</ele></trkpt><trkpt lat="46.56469038827345" lon="7.8847003085538745"><ele>1902.2999877929688</ele></trkpt><trkpt lat="46.56470038788393" lon="7.884570308495313"><ele>1901.5499877929688</ele></trkpt><trkpt lat="46.564710387960076" lon="7.884450308512896"><ele>1900.6999816894531</ele></trkpt><trkpt lat="46.564710387960076" lon="7.884430308360606"><ele>1900.6899719238281</ele></trkpt><trkpt lat="46.56474038725719" lon="7.884220308158547"><ele>1899.0</ele></trkpt><trkpt lat="46.56478038709611" lon="7.884070307947695"><ele>1898.5099792480469</ele></trkpt><trkpt lat="46.56478038709611" lon="7.884030308108777"><ele>1898.4599914550781</ele></trkpt><trkpt lat="46.56468038726598" lon="7.884070307947695"><ele>1897.4099731445312</ele></trkpt><trkpt lat="46.5646403869614" lon="7.884110307786614"><ele>1896.4199829101562</ele></trkpt><trkpt lat="46.564610386732966" lon="7.884160307701677"><ele>1895.5899963378906</ele></trkpt><trkpt lat="46.56458038650453" lon="7.884190307464451"><ele>1894.8799743652344</ele></trkpt><trkpt lat="46.564510385971516" lon="7.884300307370722"><ele>1892.989990234375</ele></trkpt><trkpt lat="46.56440038559958" lon="7.884470306802541"><ele>1890.1199951171875</ele></trkpt><trkpt lat="46.56437038537115" lon="7.884580306708813"><ele>1888.469970703125</ele></trkpt><trkpt lat="46.564340385142714" lon="7.884690306149423"><ele>1887.1399841308594</ele></trkpt><trkpt lat="46.564340385142714" lon="7.884700306225568"><ele>1886.8999938964844</ele></trkpt><trkpt lat="46.56433038460091" lon="7.884780305903405"><ele>1885.8099975585938</ele></trkpt><trkpt lat="46.56431038491428" lon="7.884820306207985"><ele>1885.4599914550781</ele></trkpt><trkpt lat="46.56431038444862" lon="7.884820306207985"><ele>1885.4499816894531</ele></trkpt><trkpt lat="46.56429038476199" lon="7.88479030597955"><ele>1885.219970703125</ele></trkpt><trkpt lat="46.564280384685844" lon="7.884710305836052"><ele>1884.8799743652344</ele></trkpt><trkpt lat="46.564280384685844" lon="7.884680306073278"><ele>1884.739990234375</ele></trkpt><trkpt lat="46.5642703846097" lon="7.884500305633992"><ele>1883.9599914550781</ele></trkpt><trkpt lat="46.56427038414404" lon="7.884470305871218"><ele>1883.8099975585938</ele></trkpt><trkpt lat="46.56427038414404" lon="7.884410305414349"><ele>1883.1899719238281</ele></trkpt><trkpt lat="46.56427038414404" lon="7.884400305803865"><ele>1883.1799926757812</ele></trkpt><trkpt lat="46.56427038414404" lon="7.8843603054992855"><ele>1883.0999755859375</ele></trkpt><trkpt lat="46.56429038383067" lon="7.884270305279642"><ele>1881.969970703125</ele></trkpt><trkpt lat="46.56429038383067" lon="7.884230305440724"><ele>1881.3999938964844</ele></trkpt><trkpt lat="46.564310383982956" lon="7.884120305534452"><ele>1881.1899719238281</ele></trkpt><trkpt lat="46.56434038374573" lon="7.883980304934084"><ele>1880.1499938964844</ele></trkpt><trkpt lat="46.56436038343236" lon="7.883910304866731"><ele>1879.6799926757812</ele></trkpt><trkpt lat="46.56438038311899" lon="7.883810305036604"><ele>1878.6999816894531</ele></trkpt><trkpt lat="46.56440038327128" lon="7.883720304816961"><ele>1878.0899963378906</ele></trkpt><trkpt lat="46.56441038334742" lon="7.883680304978043"><ele>1877.7899780273438</ele></trkpt><trkpt lat="46.564420382957906" lon="7.883640304673463"><ele>1877.4199829101562</ele></trkpt><trkpt lat="46.56445038272068" lon="7.883430304471403"><ele>1874.8699951171875</ele></trkpt><trkpt lat="46.56448038248345" lon="7.883210304193199"><ele>1873.2699890136719</ele></trkpt><trkpt lat="46.56448038248345" lon="7.883210304193199"><ele>1873.2699890136719</ele></trkpt><trkpt lat="46.564490382093936" lon="7.883160303812474"><ele>1872.8999938964844</ele></trkpt><trkpt lat="46.564490382093936" lon="7.8830303037539124"><ele>1871.8799743652344</ele></trkpt><trkpt lat="46.56450038170442" lon="7.882930303458124"><ele>1871.1299743652344</ele></trkpt><trkpt lat="46.56450038170442" lon="7.882880303543061"><ele>1870.719970703125</ele></trkpt><trkpt lat="46.56450038123876" lon="7.88250030297786"><ele>1867.9199829101562</ele></trkpt><trkpt lat="46.5645003807731" lon="7.882200302556157"><ele>1865.4299926757812</ele></trkpt><trkpt lat="46.564500380307436" lon="7.882040302734822"><ele>1864.3999938964844</ele></trkpt><trkpt lat="46.56449038023129" lon="7.881930302362889"><ele>1863.3099975585938</ele></trkpt><trkpt lat="46.564480380155146" lon="7.881830302067101"><ele>1862.4499816894531</ele></trkpt><trkpt lat="46.564460380002856" lon="7.881730302236974"><ele>1861.6399841308594</ele></trkpt><trkpt lat="46.564440379850566" lon="7.881650302093476"><ele>1860.9099731445312</ele></trkpt><trkpt lat="46.56441037962213" lon="7.881560301873833"><ele>1860.2899780273438</ele></trkpt><trkpt lat="46.5643003792502" lon="7.881330301519483"><ele>1858.219970703125</ele></trkpt><trkpt lat="46.56428037909791" lon="7.881290301680565"><ele>1857.8699951171875</ele></trkpt><trkpt lat="46.56428037909791" lon="7.881270301528275"><ele>1857.739990234375</ele></trkpt><trkpt lat="46.564270379021764" lon="7.881270301528275"><ele>1857.72998046875</ele></trkpt><trkpt lat="46.564270379021764" lon="7.881250301375985"><ele>1857.5799865722656</ele></trkpt><trkpt lat="46.564250378869474" lon="7.881170301232487"><ele>1856.9299926757812</ele></trkpt><trkpt lat="46.564230378717184" lon="7.88107030140236"><ele>1856.2899780273438</ele></trkpt><trkpt lat="46.564230378717184" lon="7.88105030125007"><ele>1856.0499877929688</ele></trkpt><trkpt lat="46.56422037864104" lon="7.880990301258862"><ele>1855.4399719238281</ele></trkpt><trkpt lat="46.564210378564894" lon="7.880960301030427"><ele>1855.0799865722656</ele></trkpt><trkpt lat="46.564190378412604" lon="7.880830300971866"><ele>1853.6499938964844</ele></trkpt><trkpt lat="46.564150378108025" lon="7.880620300304145"><ele>1851.3499755859375</ele></trkpt><trkpt lat="46.56414037803188" lon="7.880610300228"><ele>1851.3099975585938</ele></trkpt><trkpt lat="46.56414037803188" lon="7.880610300228"><ele>1851.2899780273438</ele></trkpt><trkpt lat="46.564090377651155" lon="7.880270299967378"><ele>1849.5499877929688</ele></trkpt><trkpt lat="46.56406037742272" lon="7.880170300137252"><ele>1848.8399963378906</ele></trkpt><trkpt lat="46.564030377194285" lon="7.8800802999176085"><ele>1848.0299987792969</ele></trkpt><trkpt lat="46.56400037696585" lon="7.88000029977411"><ele>1847.4499816894531</ele></trkpt><trkpt lat="46.56396037712693" lon="7.879950299859047"><ele>1847.0499877929688</ele></trkpt><trkpt lat="46.56391037674621" lon="7.879900299478322"><ele>1846.5499877929688</ele></trkpt><trkpt lat="46.563850376755" lon="7.879860299639404"><ele>1845.9299926757812</ele></trkpt><trkpt lat="46.56381037691608" lon="7.879850299563259"><ele>1845.5</ele></trkpt><trkpt lat="46.563760376535356" lon="7.879840299487114"><ele>1845.1599731445312</ele></trkpt><trkpt lat="46.56370037654415" lon="7.879840299487114"><ele>1844.7799987792969</ele></trkpt><trkpt lat="46.56364037655294" lon="7.879850299097598"><ele>1844.3299865722656</ele></trkpt><trkpt lat="46.56362037640065" lon="7.8798602991737425"><ele>1844.219970703125</ele></trkpt><trkpt lat="46.56360037624836" lon="7.8798602991737425"><ele>1844.0599975585938</ele></trkpt><trkpt lat="46.56348037626594" lon="7.879900299012661"><ele>1843.2999877929688</ele></trkpt><trkpt lat="46.563400376122445" lon="7.879940298851579"><ele>1842.8999938964844</ele></trkpt><trkpt lat="46.5633103759028" lon="7.880010298918933"><ele>1842.2999877929688</ele></trkpt><trkpt lat="46.563210376072675" lon="7.8801002986729145"><ele>1841.3999938964844</ele></trkpt><trkpt lat="46.563190375920385" lon="7.880120298825204"><ele>1841.5199890136719</ele></trkpt><trkpt lat="46.56308037554845" lon="7.8802702985703945"><ele>1840.5</ele></trkpt><trkpt lat="46.563020375557244" lon="7.880360298790038"><ele>1840.0799865722656</ele></trkpt><trkpt lat="46.563020375557244" lon="7.880330298561603"><ele>1840.22998046875</ele></trkpt><trkpt lat="46.563020375557244" lon="7.880360298790038"><ele>1840.0799865722656</ele></trkpt><trkpt lat="46.563020375557244" lon="7.880370298400521"><ele>1840.0399780273438</ele></trkpt><trkpt lat="46.563000375404954" lon="7.880480298772454"><ele>1839.7099914550781</ele></trkpt><trkpt lat="46.563000375404954" lon="7.880540298763663"><ele>1839.4299926757812</ele></trkpt><trkpt lat="46.563000375404954" lon="7.880590298678726"><ele>1839.1999816894531</ele></trkpt><trkpt lat="46.563070375006646" lon="7.881100297905505"><ele>1836.5</ele></trkpt><trkpt lat="46.56308037461713" lon="7.88128029787913"><ele>1834.5</ele></trkpt><trkpt lat="46.56308037461713" lon="7.881330297794193"><ele>1834.3199768066406</ele></trkpt><trkpt lat="46.563070374540985" lon="7.88145029777661"><ele>1833.8999938964844</ele></trkpt><trkpt lat="46.56308037415147" lon="7.881580297835171"><ele>1833.3999938964844</ele></trkpt><trkpt lat="46.56311037391424" lon="7.88179029757157"><ele>1832.0999755859375</ele></trkpt><trkpt lat="46.5631003738381" lon="7.881860297173262"><ele>1831.2999877929688</ele></trkpt><trkpt lat="46.5631003738381" lon="7.88190029701218"><ele>1830.7999877929688</ele></trkpt><trkpt lat="46.56298037292436" lon="7.882170296739787"><ele>1826.3999938964844</ele></trkpt><trkpt lat="46.56292037200183" lon="7.882390296086669"><ele>1823.2599792480469</ele></trkpt><trkpt lat="46.56292037246749" lon="7.882400296162814"><ele>1823.2899780273438</ele></trkpt><trkpt lat="46.56291037192568" lon="7.882430295925587"><ele>1822.7799987792969</ele></trkpt><trkpt lat="46.56288037169725" lon="7.882510295603424"><ele>1821.0999755859375</ele></trkpt><trkpt lat="46.56281037116423" lon="7.8826602953486145"><ele>1818.4399719238281</ele></trkpt><trkpt lat="46.56277037085965" lon="7.882740295026451"><ele>1816.97998046875</ele></trkpt><trkpt lat="46.56276037078351" lon="7.882750295102596"><ele>1816.8499755859375</ele></trkpt><trkpt lat="46.562650370411575" lon="7.882920294534415"><ele>1814.3999938964844</ele></trkpt><trkpt lat="46.56264037033543" lon="7.882940294686705"><ele>1814.0499877929688</ele></trkpt><trkpt lat="46.562630370259285" lon="7.882970294449478"><ele>1813.6499938964844</ele></trkpt><trkpt lat="46.562630370259285" lon="7.882970294449478"><ele>1813.6099853515625</ele></trkpt><trkpt lat="46.562630370259285" lon="7.882970294449478"><ele>1813.5899963378906</ele></trkpt><trkpt lat="46.56257037026808" lon="7.8829602943733335"><ele>1813.22998046875</ele></trkpt><trkpt lat="46.56252037035301" lon="7.8829602943733335"><ele>1812.8499755859375</ele></trkpt><trkpt lat="46.562460369896144" lon="7.882990294136107"><ele>1812.2699890136719</ele></trkpt><trkpt lat="46.562400369904935" lon="7.883020294364542"><ele>1811.75</ele></trkpt><trkpt lat="46.56234036991373" lon="7.883050294127315"><ele>1811.1999816894531</ele></trkpt><trkpt lat="46.56226036977023" lon="7.883100294042379"><ele>1810.3899841308594</ele></trkpt><trkpt lat="46.562130369246006" lon="7.883180293720216"><ele>1809.0399780273438</ele></trkpt><trkpt lat="46.56204036902636" lon="7.883240293711424"><ele>1808.1399841308594</ele></trkpt><trkpt lat="46.56197036895901" lon="7.883270293474197"><ele>1807.6199951171875</ele></trkpt><trkpt lat="46.56195036927238" lon="7.8832602933980525"><ele>1807.4399719238281</ele></trkpt><trkpt lat="46.561900368891656" lon="7.8832602933980525"><ele>1807.1499938964844</ele></trkpt><trkpt lat="46.56188036873937" lon="7.8832502933219075"><ele>1806.9599914550781</ele></trkpt><trkpt lat="46.561770368833095" lon="7.883190293330699"><ele>1806.0699768066406</ele></trkpt><trkpt lat="46.56166036846116" lon="7.883090293034911"><ele>1804.5699768066406</ele></trkpt><trkpt lat="46.561580368317664" lon="7.883000292815268"><ele>1803.8099975585938</ele></trkpt><trkpt lat="46.561520368326455" lon="7.882920293137431"><ele>1803.1599731445312</ele></trkpt><trkpt lat="46.56143036810681" lon="7.882840292993933"><ele>1802.9199829101562</ele></trkpt><trkpt lat="46.561370368115604" lon="7.882790292613208"><ele>1802.75</ele></trkpt><trkpt lat="46.56126036774367" lon="7.882730292622"><ele>1802.0599975585938</ele></trkpt><trkpt lat="46.5611503678374" lon="7.88271029246971"><ele>1801.47998046875</ele></trkpt><trkpt lat="46.56102036777884" lon="7.882700292393565"><ele>1800.8599853515625</ele></trkpt><trkpt lat="46.560910367406905" lon="7.882700292393565"><ele>1800.3899841308594</ele></trkpt><trkpt lat="46.560760367661715" lon="7.882720292545855"><ele>1800.0699768066406</ele></trkpt><trkpt lat="46.56063036713749" lon="7.882750292308629"><ele>1798.5999755859375</ele></trkpt><trkpt lat="46.56055036699399" lon="7.882780292071402"><ele>1798.1399841308594</ele></trkpt><trkpt lat="46.560530367307365" lon="7.882790292147547"><ele>1797.989990234375</ele></trkpt><trkpt lat="46.560530367307365" lon="7.882790292147547"><ele>1797.969970703125</ele></trkpt><trkpt lat="46.56044036708772" lon="7.8828202919103205"><ele>1797.469970703125</ele></trkpt><trkpt lat="46.56027036672458" lon="7.882880291901529"><ele>1797.0699768066406</ele></trkpt><trkpt lat="46.56027036672458" lon="7.882900292053819"><ele>1796.75</ele></trkpt><trkpt lat="46.560260366648436" lon="7.882950291968882"><ele>1796.1399841308594</ele></trkpt><trkpt lat="46.56021036626771" lon="7.883020291570574"><ele>1794.97998046875</ele></trkpt><trkpt lat="46.56017036642879" lon="7.883090291172266"><ele>1793.5799865722656</ele></trkpt><trkpt lat="46.560140365734696" lon="7.883200291078538"><ele>1791.719970703125</ele></trkpt><trkpt lat="46.56010036543012" lon="7.8832902908325195"><ele>1790.3199768066406</ele></trkpt><trkpt lat="46.56007036520168" lon="7.883370290510356"><ele>1788.6899719238281</ele></trkpt><trkpt lat="46.56007036520168" lon="7.883410290349275"><ele>1787.7599792480469</ele></trkpt><trkpt lat="46.560100364964455" lon="7.8834602907299995"><ele>1787.8399963378906</ele></trkpt><trkpt lat="46.56018036464229" lon="7.883540290407836"><ele>1786.6699829101562</ele></trkpt><trkpt lat="46.56021036487073" lon="7.883560290094465"><ele>1785.9599914550781</ele></trkpt><trkpt lat="46.56026036478579" lon="7.88357029017061"><ele>1785.3799743652344</ele></trkpt><trkpt lat="46.56030036462471" lon="7.8835902898572385"><ele>1784.5499877929688</ele></trkpt><trkpt lat="46.56033036438748" lon="7.8836002899333835"><ele>1783.739990234375</ele></trkpt><trkpt lat="46.560380363836884" lon="7.883640289772302"><ele>1782.6699829101562</ele></trkpt><trkpt lat="46.560400363989174" lon="7.8836602894589305"><ele>1782.5499877929688</ele></trkpt><trkpt lat="46.560400363989174" lon="7.88370028976351"><ele>1781.6799926757812</ele></trkpt><trkpt lat="46.56039036391303" lon="7.883720289450139"><ele>1781.1199951171875</ele></trkpt><trkpt lat="46.560280363075435" lon="7.883800289127976"><ele>1777.6399841308594</ele></trkpt><trkpt lat="46.56021036254242" lon="7.883870288729668"><ele>1775.4399719238281</ele></trkpt><trkpt lat="46.56017036223784" lon="7.883910288568586"><ele>1774.4499816894531</ele></trkpt><trkpt lat="46.56013036193326" lon="7.884000288322568"><ele>1772.989990234375</ele></trkpt><trkpt lat="46.56009036162868" lon="7.88407028792426"><ele>1771.5899963378906</ele></trkpt><trkpt lat="46.56007036194205" lon="7.884080288000405"><ele>1771.1199951171875</ele></trkpt><trkpt lat="46.56005036178976" lon="7.884080288000405"><ele>1771.1199951171875</ele></trkpt><trkpt lat="46.559970361646265" lon="7.884060287848115"><ele>1771.1199951171875</ele></trkpt><trkpt lat="46.55994036188349" lon="7.88407028792426"><ele>1771.1199951171875</ele></trkpt><trkpt lat="46.559930361807346" lon="7.884100287687033"><ele>1770.8899841308594</ele></trkpt><trkpt lat="46.55989036150277" lon="7.884280287660658"><ele>1770.8899841308594</ele></trkpt><trkpt lat="46.55989036150277" lon="7.884310287889093"><ele>1770.8899841308594</ele></trkpt><trkpt lat="46.55990036157891" lon="7.884350287728012"><ele>1770.8899841308594</ele></trkpt><trkpt lat="46.559950361028314" lon="7.884440287481993"><ele>1768.2699890136719</ele></trkpt><trkpt lat="46.559910361189395" lon="7.884490287397057"><ele>1768.0199890136719</ele></trkpt><trkpt lat="46.559870360884815" lon="7.884550287388265"><ele>1766.9299926757812</ele></trkpt><trkpt lat="46.559830360114574" lon="7.884680286515504"><ele>1763.6399841308594</ele></trkpt><trkpt lat="46.559770359657705" lon="7.884850285947323"><ele>1759.7699890136719</ele></trkpt><trkpt lat="46.55974035896361" lon="7.884910285938531"><ele>1757.5999755859375</ele></trkpt><trkpt lat="46.55970035865903" lon="7.88495028577745"><ele>1756.1899719238281</ele></trkpt><trkpt lat="46.55958035821095" lon="7.885000285226852"><ele>1753.0599975585938</ele></trkpt><trkpt lat="46.559550357982516" lon="7.885030284989625"><ele>1752.2099914550781</ele></trkpt><trkpt lat="46.55951035767794" lon="7.885080284904689"><ele>1751.3599853515625</ele></trkpt><trkpt lat="46.55950035760179" lon="7.8850902849808335"><ele>1751.1599731445312</ele></trkpt><trkpt lat="46.55947035737336" lon="7.885130284819752"><ele>1750.4399719238281</ele></trkpt><trkpt lat="46.55944035714492" lon="7.885230284649879"><ele>1748.9099731445312</ele></trkpt><trkpt lat="46.55942035699263" lon="7.885330284014344"><ele>1747.5899963378906</ele></trkpt><trkpt lat="46.55942035699263" lon="7.885410284157842"><ele>1746.7599792480469</ele></trkpt><trkpt lat="46.55942035652697" lon="7.885510283987969"><ele>1745.9299926757812</ele></trkpt><trkpt lat="46.55944035667926" lon="7.885610283818096"><ele>1745.2799987792969</ele></trkpt><trkpt lat="46.55944035667926" lon="7.885630283970386"><ele>1745.1699829101562</ele></trkpt><trkpt lat="46.55949035612866" lon="7.885830283630639"><ele>1743.6499938964844</ele></trkpt><trkpt lat="46.55953035596758" lon="7.885940283536911"><ele>1743.0799865722656</ele></trkpt><trkpt lat="46.559580355882645" lon="7.886070283595473"><ele>1742.1099853515625</ele></trkpt><trkpt lat="46.55962035572156" lon="7.886160283349454"><ele>1741.5999755859375</ele></trkpt><trkpt lat="46.559690355788916" lon="7.886270283255726"><ele>1740.4099731445312</ele></trkpt><trkpt lat="46.55975035531446" lon="7.886360283009708"><ele>1739.4199829101562</ele></trkpt><trkpt lat="46.55975035531446" lon="7.886360283009708"><ele>1739.3899841308594</ele></trkpt><trkpt lat="46.559690355323255" lon="7.886370282620192"><ele>1738.22998046875</ele></trkpt><trkpt lat="46.55962035479024" lon="7.886340282857418"><ele>1737.2999877929688</ele></trkpt><trkpt lat="46.55951035488397" lon="7.8862702823244035"><ele>1736.25</ele></trkpt><trkpt lat="46.55943035474047" lon="7.88622028240934"><ele>1735.1799926757812</ele></trkpt><trkpt lat="46.559400354512036" lon="7.88622028240934"><ele>1734.5999755859375</ele></trkpt><trkpt lat="46.559380354359746" lon="7.886230282019824"><ele>1734.3199768066406</ele></trkpt><trkpt lat="46.5593703542836" lon="7.886280281934887"><ele>1733.72998046875</ele></trkpt><trkpt lat="46.559360354207456" lon="7.886310282163322"><ele>1733.0299987792969</ele></trkpt><trkpt lat="46.55935035413131" lon="7.886310281697661"><ele>1732.5899963378906</ele></trkpt><trkpt lat="46.55933035397902" lon="7.886290282011032"><ele>1732.0499877929688</ele></trkpt><trkpt lat="46.55930035375059" lon="7.886270281858742"><ele>1731.2099914550781</ele></trkpt><trkpt lat="46.55925035336986" lon="7.886250281240791"><ele>1729.8399963378906</ele></trkpt><trkpt lat="46.55922035314143" lon="7.886240281164646"><ele>1729.2099914550781</ele></trkpt><trkpt lat="46.55919035337865" lon="7.886250281240791"><ele>1728.5899963378906</ele></trkpt><trkpt lat="46.55918035330251" lon="7.886260281316936"><ele>1728.1999816894531</ele></trkpt><trkpt lat="46.55916035315022" lon="7.8862902810797095"><ele>1727.2799987792969</ele></trkpt><trkpt lat="46.55911035230383" lon="7.886410280596465"><ele>1724.9299926757812</ele></trkpt><trkpt lat="46.55909035215154" lon="7.886460280511528"><ele>1723.8699951171875</ele></trkpt><trkpt lat="46.55906035238877" lon="7.886510280426592"><ele>1724.3299865722656</ele></trkpt><trkpt lat="46.55904035223648" lon="7.886550280731171"><ele>1724.2999877929688</ele></trkpt><trkpt lat="46.5590003519319" lon="7.886630280409008"><ele>1722.2799987792969</ele></trkpt><trkpt lat="46.558990351855755" lon="7.8867002800107"><ele>1721.25</ele></trkpt><trkpt lat="46.55896035116166" lon="7.8868302796036005"><ele>1718.8199768066406</ele></trkpt><trkpt lat="46.558950351085514" lon="7.886870279442519"><ele>1717.5</ele></trkpt><trkpt lat="46.55893035046756" lon="7.886920279357582"><ele>1715.5199890136719</ele></trkpt><trkpt lat="46.55892035039142" lon="7.886980278883129"><ele>1713.75</ele></trkpt><trkpt lat="46.55891034984961" lon="7.887040278408676"><ele>1711.6299743652344</ele></trkpt><trkpt lat="46.55888034962118" lon="7.887100278399885"><ele>1710.6499938964844</ele></trkpt><trkpt lat="46.55882034916431" lon="7.887150277849287"><ele>1708.3299865722656</ele></trkpt><trkpt lat="46.55881034908816" lon="7.887170278001577"><ele>1707.6999816894531</ele></trkpt><trkpt lat="46.558800348546356" lon="7.887210277840495"><ele>1706.239990234375</ele></trkpt><trkpt lat="46.55877034785226" lon="7.887300277128816"><ele>1702.6899719238281</ele></trkpt><trkpt lat="46.558740347623825" lon="7.8873802768066525"><ele>1699.6699829101562</ele></trkpt><trkpt lat="46.55871034692973" lon="7.887420276645571"><ele>1698.1699829101562</ele></trkpt><trkpt lat="46.55867034709081" lon="7.8874502764083445"><ele>1697.3999938964844</ele></trkpt><trkpt lat="46.55865034693852" lon="7.887490276247263"><ele>1696.4499816894531</ele></trkpt><trkpt lat="46.558660346549004" lon="7.8875202760100365"><ele>1695.969970703125</ele></trkpt><trkpt lat="46.55867034662515" lon="7.887550276238471"><ele>1695.75</ele></trkpt><trkpt lat="46.558660346549004" lon="7.887580276001245"><ele>1695.0399780273438</ele></trkpt><trkpt lat="46.558640346396714" lon="7.887620275840163"><ele>1694.1199951171875</ele></trkpt><trkpt lat="46.558560345787555" lon="7.887730275746435"><ele>1692.0699768066406</ele></trkpt><trkpt lat="46.55855034571141" lon="7.887740275356919"><ele>1691.8299865722656</ele></trkpt><trkpt lat="46.55853034555912" lon="7.887780275195837"><ele>1690.9499816894531</ele></trkpt><trkpt lat="46.55851034540683" lon="7.887840275187045"><ele>1689.5399780273438</ele></trkpt><trkpt lat="46.558500344865024" lon="7.887890274636447"><ele>1687.6999816894531</ele></trkpt><trkpt lat="46.55849034432322" lon="7.887990274466574"><ele>1684.8899841308594</ele></trkpt><trkpt lat="46.55848034424707" lon="7.888070274144411"><ele>1683.0299987792969</ele></trkpt><trkpt lat="46.55848034378141" lon="7.888130274135619"><ele>1682.5299987792969</ele></trkpt><trkpt lat="46.55847034370527" lon="7.888190274126828"><ele>1681.6499938964844</ele></trkpt><trkpt lat="46.55846034362912" lon="7.88824027357623"><ele>1680.8799743652344</ele></trkpt><trkpt lat="46.55846034362912" lon="7.888270273804665"><ele>1680.1599731445312</ele></trkpt><trkpt lat="46.55845034355298" lon="7.888310273643583"><ele>1679.5099792480469</ele></trkpt><trkpt lat="46.55840034317225" lon="7.888320273719728"><ele>1679.5</ele></trkpt><trkpt lat="46.55839034309611" lon="7.8883502734825015"><ele>1679.0299987792969</ele></trkpt><trkpt lat="46.55837034294382" lon="7.888400273397565"><ele>1678.219970703125</ele></trkpt><trkpt lat="46.55834034271538" lon="7.888430273160338"><ele>1677.239990234375</ele></trkpt><trkpt lat="46.558280342724174" lon="7.888510272838175"><ele>1675.7699890136719</ele></trkpt><trkpt lat="46.55813034204766" lon="7.8887202721089125"><ele>1671.6899719238281</ele></trkpt><trkpt lat="46.55807034159079" lon="7.888780272100121"><ele>1669.75</ele></trkpt><trkpt lat="46.55800034105778" lon="7.888840271625668"><ele>1667.739990234375</ele></trkpt><trkpt lat="46.55798034090549" lon="7.888870271854103"><ele>1667.1899719238281</ele></trkpt><trkpt lat="46.55797034082934" lon="7.888900271616876"><ele>1666.739990234375</ele></trkpt><trkpt lat="46.55798034090549" lon="7.88893027137965"><ele>1666.3199768066406</ele></trkpt><trkpt lat="46.558000340592116" lon="7.888960271608084"><ele>1665.739990234375</ele></trkpt><trkpt lat="46.55808034026995" lon="7.8890102710574865"><ele>1663.3499755859375</ele></trkpt><trkpt lat="46.55810033995658" lon="7.889050270896405"><ele>1662.6499938964844</ele></trkpt><trkpt lat="46.558110339567065" lon="7.889130270574242"><ele>1661.4299926757812</ele></trkpt><trkpt lat="46.55812033917755" lon="7.8892502705566585"><ele>1659.3499755859375</ele></trkpt><trkpt lat="46.55812033917755" lon="7.88934027031064"><ele>1657.969970703125</ele></trkpt><trkpt lat="46.558110339101404" lon="7.889400269836187"><ele>1657.0099792480469</ele></trkpt><trkpt lat="46.558090338949114" lon="7.889440270140767"><ele>1656.2699890136719</ele></trkpt><trkpt lat="46.558050338644534" lon="7.889500269666314"><ele>1655.22998046875</ele></trkpt><trkpt lat="46.55792033812031" lon="7.8896202691830695"><ele>1652.4399719238281</ele></trkpt><trkpt lat="46.55786033766344" lon="7.889690269250423"><ele>1651.3599853515625</ele></trkpt><trkpt lat="46.55779033759609" lon="7.88975026877597"><ele>1649.97998046875</ele></trkpt><trkpt lat="46.55775033729151" lon="7.889800268691033"><ele>1648.8299865722656</ele></trkpt><trkpt lat="46.55773033713922" lon="7.889830268453807"><ele>1648.219970703125</ele></trkpt><trkpt lat="46.55773033713922" lon="7.889870268758386"><ele>1647.5899963378906</ele></trkpt><trkpt lat="46.557720337063074" lon="7.889910268597305"><ele>1646.8499755859375</ele></trkpt><trkpt lat="46.55773033667356" lon="7.889930268283933"><ele>1646.3999938964844</ele></trkpt><trkpt lat="46.557750336360186" lon="7.890060267876834"><ele>1643.7599792480469</ele></trkpt><trkpt lat="46.557770336046815" lon="7.890110267791897"><ele>1642.469970703125</ele></trkpt><trkpt lat="46.55780033580959" lon="7.890130267478526"><ele>1641.5399780273438</ele></trkpt><trkpt lat="46.557860335335135" lon="7.890110267326236"><ele>1640.0899963378906</ele></trkpt><trkpt lat="46.557880335487425" lon="7.890120267402381"><ele>1639.8099975585938</ele></trkpt><trkpt lat="46.55789033556357" lon="7.890130267478526"><ele>1639.6999816894531</ele></trkpt><trkpt lat="46.55793033540249" lon="7.890130267478526"><ele>1639.7099914550781</ele></trkpt><trkpt lat="46.55796033563092" lon="7.890140267554671"><ele>1639.6899719238281</ele></trkpt><trkpt lat="46.55798033531755" lon="7.890150267165154"><ele>1639.5</ele></trkpt><trkpt lat="46.55798033531755" lon="7.890150267165154"><ele>1639.6699829101562</ele></trkpt><trkpt lat="46.55798033531755" lon="7.890160267241299"><ele>1639.6699829101562</ele></trkpt><trkpt lat="46.5579903353937" lon="7.890160267241299"><ele>1639.47998046875</ele></trkpt><trkpt lat="46.55801033554599" lon="7.890200267080218"><ele>1639.3999938964844</ele></trkpt><trkpt lat="46.558030335232615" lon="7.890300267376006"><ele>1639.1999816894531</ele></trkpt><trkpt lat="46.55804033530876" lon="7.890410267282277"><ele>1639.3999938964844</ele></trkpt><trkpt lat="46.55804033530876" lon="7.8905002675019205"><ele>1639.7999877929688</ele></trkpt><trkpt lat="46.55804033530876" lon="7.890580267645419"><ele>1640.1199951171875</ele></trkpt><trkpt lat="46.55804033530876" lon="7.890600267332047"><ele>1640.1999816894531</ele></trkpt><trkpt lat="46.558050335384905" lon="7.8906602673232555"><ele>1640.3999938964844</ele></trkpt><trkpt lat="46.55806033546105" lon="7.890680267475545"><ele>1640.5</ele></trkpt><trkpt lat="46.558110335841775" lon="7.8908402672968805"><ele>1640.6999816894531</ele></trkpt><trkpt lat="46.55819033551961" lon="7.891090267337859"><ele>1640.5399780273438</ele></trkpt></trkseg></trk></gpx>