<?xml version="1.0" encoding="utf-8"?><gpx version="1.1" creator="MySchweizMobil - https://map.schweizmobil.ch/" xmlns:xsi="http://www.w3.org/2001/XMLSchema-instance" xmlns="http://www.topografix.com/GPX/1/1" xsi:schemaLocation="http://www.topografix.com/GPX/1/1 http://www.topografix.com/GPX/1/1/gpx.xsd"><metadata><name>Brienz to Rothorn</name><bounds minlat="46.75746013130993" minlon="8.018320234958082" maxlat="46.787490468937904" maxlon="8.046280367765576" /></metadata><trk><name>Brienz to Rothorn</name><trkseg><trkpt lat="46.75746013130993" lon="8.029490105807781"><ele>604.2699890136719</ele></trkpt><trkpt lat="46.75746013130993" lon="8.029500105883926"><ele>604.7699890136719</ele></trkpt><trkpt lat="46.75749013153836" lon="8.029540106188506"><ele>605.5</ele></trkpt><trkpt lat="46.757580131758004" lon="8.02959010656923"><ele>607.22998046875</ele></trkpt><trkpt lat="46.75769013212994" lon="8.029680106788874"><ele>609.5799865722656</ele></trkpt><trkpt lat="46.75773013243452" lon="8.029720107093453"><ele>610.4199829101562</ele></trkpt><trkpt lat="46.7577701327391" lon="8.029770107008517"><ele>611.3099975585938</ele></trkpt><trkpt lat="46.75779013289139" lon="8.02986010722816"><ele>612.3299865722656</ele></trkpt><trkpt lat="46.75781013304368" lon="8.029960107523948"><ele>613.4399719238281</ele></trkpt><trkpt lat="46.75782013358548" lon="8.030160107649863"><ele>615.239990234375</ele></trkpt><trkpt lat="46.75782013358548" lon="8.030220107641071"><ele>615.7999877929688</ele></trkpt><trkpt lat="46.75784013373777" lon="8.030340108089149"><ele>616.969970703125</ele></trkpt><trkpt lat="46.75788013404235" lon="8.030600108206272"><ele>619.1999816894531</ele></trkpt><trkpt lat="46.75791013473645" lon="8.030840108636767"><ele>621.219970703125</ele></trkpt><trkpt lat="46.75793013488874" lon="8.030920108780265"><ele>622.0199890136719</ele></trkpt><trkpt lat="46.75800013542175" lon="8.031120109371841"><ele>624.22998046875</ele></trkpt><trkpt lat="46.75813013641164" lon="8.031530109699816"><ele>629.0599975585938</ele></trkpt><trkpt lat="46.75814013648778" lon="8.031570110004395"><ele>629.4399719238281</ele></trkpt><trkpt lat="46.75820013647899" lon="8.031730110291392"><ele>631.4199829101562</ele></trkpt><trkpt lat="46.758270137012005" lon="8.03185011073947"><ele>633.2899780273438</ele></trkpt><trkpt lat="46.75830013724044" lon="8.031890110578388"><ele>633.9099731445312</ele></trkpt><trkpt lat="46.75836013769731" lon="8.03202011110261"><ele>635.9399719238281</ele></trkpt><trkpt lat="46.75842013768852" lon="8.032090111169964"><ele>637.5299987792969</ele></trkpt><trkpt lat="46.75854013860226" lon="8.032190111931413"><ele>640.5499877929688</ele></trkpt><trkpt lat="46.75861013866961" lon="8.032240112312138"><ele>642.3599853515625</ele></trkpt><trkpt lat="46.758680139202625" lon="8.032260112464428"><ele>643.7999877929688</ele></trkpt><trkpt lat="46.75875013926998" lon="8.032270112540573"><ele>644.969970703125</ele></trkpt><trkpt lat="46.75879013957456" lon="8.032260112464428"><ele>645.6799926757812</ele></trkpt><trkpt lat="46.75883013987914" lon="8.032250112853944"><ele>646.3899841308594</ele></trkpt><trkpt lat="46.75883013987914" lon="8.03226011293009"><ele>646.3599853515625</ele></trkpt><trkpt lat="46.758850139565766" lon="8.032360112760216"><ele>646.3199768066406</ele></trkpt><trkpt lat="46.758850139565766" lon="8.03245011297986"><ele>646.6099853515625</ele></trkpt><trkpt lat="46.758850139565766" lon="8.032520112581551"><ele>646.6999816894531</ele></trkpt><trkpt lat="46.75884013995528" lon="8.03262011287734"><ele>646.7699890136719</ele></trkpt><trkpt lat="46.75882013980299" lon="8.0327501129359"><ele>647.0999755859375</ele></trkpt><trkpt lat="46.75881013972685" lon="8.032850112766027"><ele>647.3599853515625</ele></trkpt><trkpt lat="46.758800140116364" lon="8.032930112909526"><ele>647.7599792480469</ele></trkpt><trkpt lat="46.758800140116364" lon="8.033000112976879"><ele>647.8299865722656</ele></trkpt><trkpt lat="46.75882013980299" lon="8.033200113102794"><ele>647.8399963378906</ele></trkpt><trkpt lat="46.75882013980299" lon="8.03328011278063"><ele>647.739990234375</ele></trkpt><trkpt lat="46.75885014003143" lon="8.033380113076419"><ele>648.0</ele></trkpt><trkpt lat="46.75886014010757" lon="8.033410112839192"><ele>648.0899963378906</ele></trkpt><trkpt lat="46.75888014025986" lon="8.033440113067627"><ele>648.3899841308594</ele></trkpt><trkpt lat="46.75890014041215" lon="8.033520113211125"><ele>649.2699890136719</ele></trkpt><trkpt lat="46.7589101404883" lon="8.033580113202333"><ele>650.1499938964844</ele></trkpt><trkpt lat="46.7589101404883" lon="8.033620113506913"><ele>650.6699829101562</ele></trkpt><trkpt lat="46.7589101404883" lon="8.033660113811493"><ele>651.3699951171875</ele></trkpt><trkpt lat="46.75890014087781" lon="8.033680113498122"><ele>651.5999755859375</ele></trkpt><trkpt lat="46.75887014064938" lon="8.033690113574266"><ele>651.7799987792969</ele></trkpt><trkpt lat="46.75886014057323" lon="8.033710113726556"><ele>651.7599792480469</ele></trkpt><trkpt lat="46.758860141038895" lon="8.033750113565475"><ele>651.8199768066406</ele></trkpt><trkpt lat="46.75890014087781" lon="8.033750113565475"><ele>652.3099975585938</ele></trkpt><trkpt lat="46.75891014095396" lon="8.03376011364162"><ele>652.3799743652344</ele></trkpt><trkpt lat="46.75891014095396" lon="8.03378011379391"><ele>652.5299987792969</ele></trkpt><trkpt lat="46.75888014072552" lon="8.033980113919824"><ele>652.5099792480469</ele></trkpt><trkpt lat="46.75887014111504" lon="8.034100113902241"><ele>653.5899963378906</ele></trkpt><trkpt lat="46.75872014230117" lon="8.034340114798397"><ele>659.1899719238281</ele></trkpt><trkpt lat="46.75871014269069" lon="8.034380115102977"><ele>660.0999755859375</ele></trkpt><trkpt lat="46.75870014261454" lon="8.034460115246475"><ele>661.5199890136719</ele></trkpt><trkpt lat="46.758740143850446" lon="8.03468011599034"><ele>666.0599975585938</ele></trkpt><trkpt lat="46.758740143850446" lon="8.034750116057694"><ele>667.6099853515625</ele></trkpt><trkpt lat="46.75874014431611" lon="8.034820116590708"><ele>668.739990234375</ele></trkpt><trkpt lat="46.75872014509514" lon="8.03499011695385"><ele>672.0499877929688</ele></trkpt><trkpt lat="46.758710145018995" lon="8.035090117249638"><ele>673.6799926757812</ele></trkpt><trkpt lat="46.75871014595032" lon="8.03524011792615"><ele>676.5999755859375</ele></trkpt><trkpt lat="46.75871014641598" lon="8.035370117984712"><ele>678.739990234375</ele></trkpt><trkpt lat="46.758720146492124" lon="8.035440118052065"><ele>679.72998046875</ele></trkpt><trkpt lat="46.75875014672056" lon="8.035600118339062"><ele>681.6899719238281</ele></trkpt><trkpt lat="46.758800147566944" lon="8.035770118702203"><ele>684.0499877929688</ele></trkpt><trkpt lat="46.75883014732972" lon="8.035830119159073"><ele>684.6099853515625</ele></trkpt><trkpt lat="46.75883014779538" lon="8.035840119235218"><ele>685.1699829101562</ele></trkpt><trkpt lat="46.75889014778659" lon="8.035770119633526"><ele>687.1799926757812</ele></trkpt><trkpt lat="46.75906014908105" lon="8.035570120438933"><ele>692.97998046875</ele></trkpt><trkpt lat="46.759090149309486" lon="8.035570120438933"><ele>693.7599792480469</ele></trkpt><trkpt lat="46.75912015000358" lon="8.035690120887011"><ele>696.5399780273438</ele></trkpt><trkpt lat="46.75921015068889" lon="8.035890121478587"><ele>700.5999755859375</ele></trkpt><trkpt lat="46.75922015076503" lon="8.035910121630877"><ele>701.2099914550781</ele></trkpt><trkpt lat="46.759410152211785" lon="8.035710122901946"><ele>707.239990234375</ele></trkpt><trkpt lat="46.75957015296444" lon="8.035590123385191"><ele>712.1199951171875</ele></trkpt><trkpt lat="46.75964015349746" lon="8.035510123707354"><ele>714.2799987792969</ele></trkpt><trkpt lat="46.75966015364975" lon="8.03548012394458"><ele>715.0899963378906</ele></trkpt><trkpt lat="46.7597601544112" lon="8.03539012465626"><ele>718.3799743652344</ele></trkpt><trkpt lat="46.75981015479192" lon="8.035320124588907"><ele>720.3299865722656</ele></trkpt><trkpt lat="46.75989015540108" lon="8.035220125224441"><ele>723.4599914550781</ele></trkpt><trkpt lat="46.759920155629516" lon="8.035210125613958"><ele>724.3899841308594</ele></trkpt><trkpt lat="46.75995015585795" lon="8.035250125452876"><ele>725.6299743652344</ele></trkpt><trkpt lat="46.759980156086385" lon="8.035360125824809"><ele>727.75</ele></trkpt><trkpt lat="46.76001015678048" lon="8.035410126205534"><ele>729.3099975585938</ele></trkpt><trkpt lat="46.760040156543255" lon="8.035450126510113"><ele>729.8299865722656</ele></trkpt><trkpt lat="46.76007015677169" lon="8.035470126196742"><ele>730.0599975585938</ele></trkpt><trkpt lat="46.76010015653446" lon="8.035480126272887"><ele>730.1199951171875</ele></trkpt><trkpt lat="46.7601301567629" lon="8.035500126425177"><ele>730.0699768066406</ele></trkpt><trkpt lat="46.760210156906396" lon="8.035540126264095"><ele>730.1799926757812</ele></trkpt><trkpt lat="46.76026015682146" lon="8.03557012649253"><ele>730.5</ele></trkpt><trkpt lat="46.76037015719339" lon="8.035650126636028"><ele>732.1599731445312</ele></trkpt><trkpt lat="46.76047015748918" lon="8.035720127169043"><ele>734.5899963378906</ele></trkpt><trkpt lat="46.76049015764147" lon="8.035750127397478"><ele>735.47998046875</ele></trkpt><trkpt lat="46.760500157717615" lon="8.035790127236396"><ele>736.1299743652344</ele></trkpt><trkpt lat="46.76051015825942" lon="8.035850127693266"><ele>737.0199890136719</ele></trkpt><trkpt lat="46.76042015943676" lon="8.036290128715336"><ele>743.9199829101562</ele></trkpt><trkpt lat="46.76041015982628" lon="8.036440128926188"><ele>746.0999755859375</ele></trkpt><trkpt lat="46.760400160681456" lon="8.036690129432827"><ele>749.8399963378906</ele></trkpt><trkpt lat="46.76039016246796" lon="8.0373001312837"><ele>758.5599975585938</ele></trkpt><trkpt lat="46.760400163475424" lon="8.037630131933838"><ele>763.47998046875</ele></trkpt><trkpt lat="46.76042016455904" lon="8.03795013250783"><ele>768.5699768066406</ele></trkpt><trkpt lat="46.76045016478747" lon="8.03803013311699"><ele>770.469970703125</ele></trkpt><trkpt lat="46.76048016548157" lon="8.038100133184344"><ele>772.1599731445312</ele></trkpt><trkpt lat="46.760520165320486" lon="8.038140133488923"><ele>773.5799865722656</ele></trkpt><trkpt lat="46.76061016600579" lon="8.038160134106874"><ele>776.1499938964844</ele></trkpt><trkpt lat="46.760640166234225" lon="8.038180134259164"><ele>777.1699829101562</ele></trkpt><trkpt lat="46.760660166386515" lon="8.0382101344876"><ele>778.1999816894531</ele></trkpt><trkpt lat="46.76069016661495" lon="8.038250134326518"><ele>779.2099914550781</ele></trkpt><trkpt lat="46.760720167309046" lon="8.038390134926885"><ele>782.0799865722656</ele></trkpt><trkpt lat="46.76073016738519" lon="8.038450134918094"><ele>783.2099914550781</ele></trkpt><trkpt lat="46.76072016824037" lon="8.038610135670751"><ele>786.5399780273438</ele></trkpt><trkpt lat="46.760730168782175" lon="8.03869013581425"><ele>788.5999755859375</ele></trkpt><trkpt lat="46.760730168782175" lon="8.038780136499554"><ele>790.5899963378906</ele></trkpt><trkpt lat="46.760750169400126" lon="8.038840136490762"><ele>792.8799743652344</ele></trkpt><trkpt lat="46.76075016986579" lon="8.038970137014985"><ele>794.4399719238281</ele></trkpt><trkpt lat="46.76078017055988" lon="8.03923013759777"><ele>799.2699890136719</ele></trkpt><trkpt lat="46.76081017125398" lon="8.039300138130784"><ele>801.4099731445312</ele></trkpt><trkpt lat="46.760840171482414" lon="8.039290138054639"><ele>801.6699829101562</ele></trkpt><trkpt lat="46.760860171634704" lon="8.03946013841778"><ele>803.9399719238281</ele></trkpt><trkpt lat="46.760880172252655" lon="8.039570138789713"><ele>806.2599792480469</ele></trkpt><trkpt lat="46.760880172718316" lon="8.039670139085501"><ele>808.0799865722656</ele></trkpt><trkpt lat="46.76089017279446" lon="8.03977013938129"><ele>809.989990234375</ele></trkpt><trkpt lat="46.76089017326012" lon="8.039860139600933"><ele>811.1099853515625</ele></trkpt><trkpt lat="46.761000173632056" lon="8.039690139703453"><ele>812.72998046875</ele></trkpt><trkpt lat="46.761000173632056" lon="8.03979013999924"><ele>814.3399963378906</ele></trkpt><trkpt lat="46.76099017402157" lon="8.039860140532255"><ele>816.2599792480469</ele></trkpt><trkpt lat="46.76099017448723" lon="8.039920140523463"><ele>817.3299865722656</ele></trkpt><trkpt lat="46.76103017479181" lon="8.039980140980333"><ele>818.719970703125</ele></trkpt><trkpt lat="46.76108017517254" lon="8.040000141132623"><ele>820.1899719238281</ele></trkpt><trkpt lat="46.76113017555326" lon="8.04001014167443"><ele>822.1099853515625</ele></trkpt><trkpt lat="46.761200175620615" lon="8.040030141826719"><ele>823.6299743652344</ele></trkpt><trkpt lat="46.761240175925195" lon="8.040080141741782"><ele>824.8899841308594</ele></trkpt><trkpt lat="46.76127017615363" lon="8.040140142198652"><ele>826.1099853515625</ele></trkpt><trkpt lat="46.76127017615363" lon="8.040170141961426"><ele>826.5799865722656</ele></trkpt><trkpt lat="46.76126017700881" lon="8.040370142553002"><ele>829.2899780273438</ele></trkpt><trkpt lat="46.76124017732218" lon="8.040440142620355"><ele>830.6999816894531</ele></trkpt><trkpt lat="46.761230177711695" lon="8.04051014315337"><ele>832.4099731445312</ele></trkpt><trkpt lat="46.761230177711695" lon="8.040580143220723"><ele>834.1099853515625</ele></trkpt><trkpt lat="46.76126017840579" lon="8.040640143677592"><ele>835.7899780273438</ele></trkpt><trkpt lat="46.76130017871037" lon="8.04076014412567"><ele>839.2899780273438</ele></trkpt><trkpt lat="46.76133017940447" lon="8.040900144726038"><ele>842.7699890136719</ele></trkpt><trkpt lat="46.76135018002242" lon="8.041040145326406"><ele>845.7099914550781</ele></trkpt><trkpt lat="46.76147018186748" lon="8.041370146442205"><ele>853.0699768066406</ele></trkpt><trkpt lat="46.76151018217206" lon="8.041530147194862"><ele>855.9399719238281</ele></trkpt><trkpt lat="46.761540182866156" lon="8.041650147177279"><ele>857.9299926757812</ele></trkpt><trkpt lat="46.76161018339917" lon="8.041760148014873"><ele>861.239990234375</ele></trkpt><trkpt lat="46.76173018477857" lon="8.04194014891982"><ele>868.1699829101562</ele></trkpt><trkpt lat="46.76184018608183" lon="8.042110150214285"><ele>875.1799926757812</ele></trkpt><trkpt lat="46.76192018715665" lon="8.042280151043087"><ele>880.8199768066406</ele></trkpt><trkpt lat="46.76197018800303" lon="8.04241015156731"><ele>884.7899780273438</ele></trkpt><trkpt lat="46.76202018884942" lon="8.04249015217647"><ele>887.4599914550781</ele></trkpt><trkpt lat="46.762070189230144" lon="8.04253015248105"><ele>889.739990234375</ele></trkpt><trkpt lat="46.76208018930629" lon="8.042600152548403"><ele>891.0799865722656</ele></trkpt><trkpt lat="46.76210018945858" lon="8.0426801526919"><ele>892.0399780273438</ele></trkpt><trkpt lat="46.762130190152675" lon="8.04276015330106"><ele>895.0499877929688</ele></trkpt><trkpt lat="46.76217019138858" lon="8.042910153977573"><ele>899.719970703125</ele></trkpt><trkpt lat="46.76219019154087" lon="8.042950154282153"><ele>900.4399719238281</ele></trkpt><trkpt lat="46.76222019130364" lon="8.042980154510587"><ele>901.0299987792969</ele></trkpt><trkpt lat="46.762230191379786" lon="8.04307015426457"><ele>901.7799987792969</ele></trkpt><trkpt lat="46.76231019292027" lon="8.04336015554145"><ele>908.4399719238281</ele></trkpt><trkpt lat="46.762340193614364" lon="8.043470155913383"><ele>911.6399841308594</ele></trkpt><trkpt lat="46.762340194545686" lon="8.043690156657249"><ele>915.9199829101562</ele></trkpt><trkpt lat="46.76238019531593" lon="8.043800157494843"><ele>918.9599914550781</ele></trkpt><trkpt lat="46.7624401957728" lon="8.043970157857984"><ele>922.1999816894531</ele></trkpt><trkpt lat="46.76248019607738" lon="8.044080158229917"><ele>923.4099731445312</ele></trkpt><trkpt lat="46.762520196381956" lon="8.04417015844956"><ele>924.9099731445312</ele></trkpt><trkpt lat="46.762560196686536" lon="8.044220158364624"><ele>926.5099792480469</ele></trkpt><trkpt lat="46.76261019706726" lon="8.044280158821493"><ele>929.0</ele></trkpt><trkpt lat="46.762660197447985" lon="8.044300158973783"><ele>930.4499816894531</ele></trkpt><trkpt lat="46.762700197752565" lon="8.04431015951559"><ele>931.4299926757812</ele></trkpt><trkpt lat="46.762740197591484" lon="8.044300159439445"><ele>931.7999877929688</ele></trkpt><trkpt lat="46.76277019781992" lon="8.044300159439445"><ele>931.969970703125</ele></trkpt><trkpt lat="46.76284019835293" lon="8.044300159905106"><ele>933.9499816894531</ele></trkpt><trkpt lat="46.76288019819185" lon="8.044300159905106"><ele>935.2599792480469</ele></trkpt><trkpt lat="46.76290019834414" lon="8.04433016013354"><ele>935.97998046875</ele></trkpt><trkpt lat="46.762930198572576" lon="8.044370159972459"><ele>936.6699829101562</ele></trkpt><trkpt lat="46.76296019880101" lon="8.044400160200894"><ele>937.989990234375</ele></trkpt><trkpt lat="46.763010199181736" lon="8.044440160505474"><ele>939.4499816894531</ele></trkpt><trkpt lat="46.763030199334025" lon="8.044440160971135"><ele>940.3999938964844</ele></trkpt><trkpt lat="46.76304019941017" lon="8.044420160818845"><ele>941.3099975585938</ele></trkpt><trkpt lat="46.76304019987583" lon="8.044370160903782"><ele>942.2099914550781</ele></trkpt><trkpt lat="46.76305019995198" lon="8.04430016130209"><ele>943.219970703125</ele></trkpt><trkpt lat="46.76305020041764" lon="8.044260161463171"><ele>944.1799926757812</ele></trkpt><trkpt lat="46.76307020056993" lon="8.044260161463171"><ele>944.9399719238281</ele></trkpt><trkpt lat="46.76311020087451" lon="8.044310161843896"><ele>946.3799743652344</ele></trkpt><trkpt lat="46.76316020078957" lon="8.04436016222462"><ele>947.97998046875</ele></trkpt><trkpt lat="46.76318020140752" lon="8.044330162461847"><ele>949.3699951171875</ele></trkpt><trkpt lat="46.76320020155981" lon="8.044330162461847"><ele>949.7599792480469</ele></trkpt><trkpt lat="46.76323020178825" lon="8.044330162461847"><ele>950.9299926757812</ele></trkpt><trkpt lat="46.76328020170331" lon="8.044330162461847"><ele>952.1099853515625</ele></trkpt><trkpt lat="46.763310201931745" lon="8.044320162851363"><ele>952.97998046875</ele></trkpt><trkpt lat="46.763330202084035" lon="8.044300163164735"><ele>953.8699951171875</ele></trkpt><trkpt lat="46.76334020262584" lon="8.044260163325816"><ele>954.989990234375</ele></trkpt><trkpt lat="46.76334020262584" lon="8.044210163410753"><ele>956.3199768066406</ele></trkpt><trkpt lat="46.7633402030915" lon="8.044110163580626"><ele>958.2599792480469</ele></trkpt><trkpt lat="46.76335020363331" lon="8.043990164063871"><ele>960.8999938964844</ele></trkpt><trkpt lat="46.7633702037856" lon="8.043980164453387"><ele>961.8299865722656</ele></trkpt><trkpt lat="46.76343020424247" lon="8.044040164444596"><ele>964.1799926757812</ele></trkpt><trkpt lat="46.76347020454705" lon="8.044050164986402"><ele>965.6299743652344</ele></trkpt><trkpt lat="46.7636602059938" lon="8.043940166011453"><ele>973.0599975585938</ele></trkpt><trkpt lat="46.76378020690754" lon="8.043870166875422"><ele>978.0799865722656</ele></trkpt><trkpt lat="46.76382020767778" lon="8.043810167349875"><ele>980.219970703125</ele></trkpt><trkpt lat="46.76384020783007" lon="8.043740167282522"><ele>981.8999938964844</ele></trkpt><trkpt lat="46.76393020898104" lon="8.043520168401301"><ele>987.5999755859375</ele></trkpt><trkpt lat="46.76400020904839" lon="8.043510168325156"><ele>987.5699768066406</ele></trkpt><trkpt lat="46.76393020898104" lon="8.043520168401301"><ele>987.5999755859375</ele></trkpt><trkpt lat="46.76401021005586" lon="8.043400168884546"><ele>991.72998046875</ele></trkpt><trkpt lat="46.764080211054534" lon="8.043240169994533"><ele>997.0099792480469</ele></trkpt><trkpt lat="46.76415021158755" lon="8.043150170706213"><ele>1000.3399963378906</ele></trkpt><trkpt lat="46.764250212349" lon="8.043060171417892"><ele>1004.8799743652344</ele></trkpt><trkpt lat="46.76435021404177" lon="8.042960172053427"><ele>1011.0999755859375</ele></trkpt><trkpt lat="46.76443021465093" lon="8.042790173087269"><ele>1015.6799926757812</ele></trkpt><trkpt lat="46.76450021518394" lon="8.042720173019916"><ele>1016.7599792480469</ele></trkpt><trkpt lat="46.76456021517515" lon="8.042640173342079"><ele>1018.5699768066406</ele></trkpt><trkpt lat="46.764630215708166" lon="8.04262017365545"><ele>1020.97998046875</ele></trkpt><trkpt lat="46.76468021655455" lon="8.042600174434483"><ele>1023.3999938964844</ele></trkpt><trkpt lat="46.76472021685913" lon="8.04257017467171"><ele>1025.6699829101562</ele></trkpt><trkpt lat="46.76476021716371" lon="8.042520175222307"><ele>1028.25</ele></trkpt><trkpt lat="46.76478021778166" lon="8.042470175307244"><ele>1029.3799743652344</ele></trkpt><trkpt lat="46.76484021823853" lon="8.04246017569676"><ele>1032.3199768066406</ele></trkpt><trkpt lat="46.76489021861926" lon="8.042410176247358"><ele>1034.5899963378906</ele></trkpt><trkpt lat="46.76493021892384" lon="8.04235017625615"><ele>1036.3099975585938</ele></trkpt><trkpt lat="46.76535022165626" lon="8.042080178391188"><ele>1049.5999755859375</ele></trkpt><trkpt lat="46.76552022295073" lon="8.041910179425031"><ele>1056.1599731445312</ele></trkpt><trkpt lat="46.765700224321336" lon="8.041750180535018"><ele>1063.3599853515625</ele></trkpt><trkpt lat="46.765760224778205" lon="8.041690181009471"><ele>1065.0099792480469</ele></trkpt><trkpt lat="46.765950224362314" lon="8.041560180485249"><ele>1062.8999938964844</ele></trkpt><trkpt lat="46.76599022420123" lon="8.041510180570185"><ele>1061.6399841308594</ele></trkpt><trkpt lat="46.766020223964006" lon="8.041450180578977"><ele>1061.5599975585938</ele></trkpt><trkpt lat="46.766040224116296" lon="8.041390180587769"><ele>1061.75</ele></trkpt><trkpt lat="46.766080224420875" lon="8.041280180681497"><ele>1063.3999938964844</ele></trkpt><trkpt lat="46.76628022501245" lon="8.041260180994868"><ele>1066.1299743652344</ele></trkpt><trkpt lat="46.766410225536674" lon="8.04124018130824"><ele>1067.9199829101562</ele></trkpt><trkpt lat="46.76648022560403" lon="8.041220181621611"><ele>1068.8599853515625</ele></trkpt><trkpt lat="46.76655022567138" lon="8.041180181782693"><ele>1069.969970703125</ele></trkpt><trkpt lat="46.76663022628054" lon="8.04113018186763"><ele>1071.3099975585938</ele></trkpt><trkpt lat="46.76670022634789" lon="8.041100182104856"><ele>1072.3599853515625</ele></trkpt><trkpt lat="46.76680022664368" lon="8.041060182265937"><ele>1073.8699951171875</ele></trkpt><trkpt lat="46.766930227167904" lon="8.041040182579309"><ele>1075.5899963378906</ele></trkpt><trkpt lat="46.767020226921886" lon="8.04100018274039"><ele>1076.0599975585938</ele></trkpt><trkpt lat="46.76717022713274" lon="8.040900182444602"><ele>1075.469970703125</ele></trkpt><trkpt lat="46.76732022687793" lon="8.040830182377249"><ele>1074.489990234375</ele></trkpt><trkpt lat="46.767420226708055" lon="8.04077018238604"><ele>1073.489990234375</ele></trkpt><trkpt lat="46.76747022662312" lon="8.040760182309896"><ele>1073.0499877929688</ele></trkpt><trkpt lat="46.767570226453245" lon="8.040760182309896"><ele>1072.0</ele></trkpt><trkpt lat="46.76767022628337" lon="8.04075018176809"><ele>1071.0199890136719</ele></trkpt><trkpt lat="46.76775022596121" lon="8.0407301816158"><ele>1070.47998046875</ele></trkpt><trkpt lat="46.76778022572398" lon="8.040720182005316"><ele>1070.25</ele></trkpt><trkpt lat="46.76788022601977" lon="8.040670181624591"><ele>1070.5199890136719</ele></trkpt><trkpt lat="46.76800022600219" lon="8.040630181785673"><ele>1071.25</ele></trkpt><trkpt lat="46.76807022606954" lon="8.0406001820229"><ele>1071.97998046875</ele></trkpt><trkpt lat="46.76813022652641" lon="8.040590182412416"><ele>1072.7699890136719</ele></trkpt><trkpt lat="46.76816022628918" lon="8.040590182412416"><ele>1073.0899963378906</ele></trkpt><trkpt lat="46.76824022689834" lon="8.04062018264085"><ele>1074.2899780273438</ele></trkpt><trkpt lat="46.76834022719413" lon="8.040680182632059"><ele>1075.5199890136719</ele></trkpt><trkpt lat="46.76843022741377" lon="8.040710182860494"><ele>1076.5999755859375</ele></trkpt><trkpt lat="46.768540227320045" lon="8.040710182860494"><ele>1077.6699829101562</ele></trkpt><trkpt lat="46.76862022746354" lon="8.040720182936639"><ele>1078.5799865722656</ele></trkpt><trkpt lat="46.76868022792041" lon="8.040740183088928"><ele>1079.1199951171875</ele></trkpt><trkpt lat="46.768770227674395" lon="8.040800183545798"><ele>1079.8299865722656</ele></trkpt><trkpt lat="46.76891022827476" lon="8.041030183434486"><ele>1081.1099853515625</ele></trkpt><trkpt lat="46.769000228494406" lon="8.041150183882564"><ele>1081.7699890136719</ele></trkpt><trkpt lat="46.76914022862911" lon="8.041320184245706"><ele>1083.72998046875</ele></trkpt><trkpt lat="46.76922022877261" lon="8.041440184228122"><ele>1084.72998046875</ele></trkpt><trkpt lat="46.76922022877261" lon="8.041420184075832"><ele>1084.9199829101562</ele></trkpt><trkpt lat="46.769230228848755" lon="8.041360184084624"><ele>1085.5199890136719</ele></trkpt><trkpt lat="46.76921022916213" lon="8.041300184559077"><ele>1087.0199890136719</ele></trkpt><trkpt lat="46.76922022923827" lon="8.041290184482932"><ele>1087.489990234375</ele></trkpt><trkpt lat="46.76926022954285" lon="8.041300184559077"><ele>1088.0499877929688</ele></trkpt><trkpt lat="46.769370229914784" lon="8.041330185253173"><ele>1090.8899841308594</ele></trkpt><trkpt lat="46.76940023014322" lon="8.041330185253173"><ele>1091.6499938964844</ele></trkpt><trkpt lat="46.769410230219364" lon="8.0413001854904"><ele>1092.2099914550781</ele></trkpt><trkpt lat="46.769410230685025" lon="8.041260185651481"><ele>1093.47998046875</ele></trkpt><trkpt lat="46.769410230685025" lon="8.041230185888708"><ele>1094.1399841308594</ele></trkpt><trkpt lat="46.7693902309984" lon="8.0411701858975"><ele>1095.4199829101562</ele></trkpt><trkpt lat="46.76935023162514" lon="8.041040186304599"><ele>1098.5899963378906</ele></trkpt><trkpt lat="46.769340232014656" lon="8.041010186541826"><ele>1099.0299987792969</ele></trkpt><trkpt lat="46.7693502320908" lon="8.040950186550617"><ele>1100.0299987792969</ele></trkpt><trkpt lat="46.769360232166946" lon="8.04087018687278"><ele>1101.4099731445312</ele></trkpt><trkpt lat="46.76939023286104" lon="8.040690187364817"><ele>1103.9099731445312</ele></trkpt><trkpt lat="46.76938023325056" lon="8.040600187610835"><ele>1105.1199951171875</ele></trkpt><trkpt lat="46.76938023325056" lon="8.040500187780708"><ele>1106.8699951171875</ele></trkpt><trkpt lat="46.76938023371622" lon="8.040410188026726"><ele>1107.969970703125</ele></trkpt><trkpt lat="46.7693702345714" lon="8.040270188357681"><ele>1111.7599792480469</ele></trkpt><trkpt lat="46.76936023449525" lon="8.040220188908279"><ele>1112.5999755859375</ele></trkpt><trkpt lat="46.7694602352567" lon="8.040020189248025"><ele>1117.1499938964844</ele></trkpt><trkpt lat="46.76951023610309" lon="8.039910189807415"><ele>1119.0899963378906</ele></trkpt><trkpt lat="46.76957023655996" lon="8.039710190612823"><ele>1123.2099914550781</ele></trkpt><trkpt lat="46.76959023717791" lon="8.039650190621614"><ele>1124.9199829101562</ele></trkpt><trkpt lat="46.7696102373302" lon="8.03964019101113"><ele>1125.6699829101562</ele></trkpt><trkpt lat="46.76964023755863" lon="8.03970019100234"><ele>1127.3599853515625</ele></trkpt><trkpt lat="46.76965023763478" lon="8.039800191298127"><ele>1128.1099853515625</ele></trkpt><trkpt lat="46.769680238328874" lon="8.039960191585124"><ele>1130.9499816894531</ele></trkpt><trkpt lat="46.76971023855731" lon="8.040060191880912"><ele>1132.9199829101562</ele></trkpt><trkpt lat="46.76978023909032" lon="8.040170192252845"><ele>1135.4499816894531</ele></trkpt><trkpt lat="46.7698202393949" lon="8.040250192396343"><ele>1136.8099975585938</ele></trkpt><trkpt lat="46.76986023969948" lon="8.040290192700922"><ele>1137.4499816894531</ele></trkpt><trkpt lat="46.769910239614546" lon="8.040330193005502"><ele>1138.3199768066406</ele></trkpt><trkpt lat="46.76998024061322" lon="8.040480193216354"><ele>1141.5299987792969</ele></trkpt><trkpt lat="46.77004024107009" lon="8.040560193825513"><ele>1143.7699890136719</ele></trkpt><trkpt lat="46.77008024137467" lon="8.040630193892866"><ele>1145.469970703125</ele></trkpt><trkpt lat="46.770110241137445" lon="8.040660194121301"><ele>1145.9099731445312</ele></trkpt><trkpt lat="46.770130241289735" lon="8.040660194121301"><ele>1146.5099792480469</ele></trkpt><trkpt lat="46.77011024253443" lon="8.040410195011646"><ele>1152.489990234375</ele></trkpt><trkpt lat="46.77010024338961" lon="8.040210195817053"><ele>1156.469970703125</ele></trkpt><trkpt lat="46.77012024400756" lon="8.040050195995718"><ele>1158.7699890136719</ele></trkpt><trkpt lat="46.77014024415985" lon="8.039950196631253"><ele>1160.6099853515625</ele></trkpt><trkpt lat="46.77015024423599" lon="8.039950196631253"><ele>1160.989990234375</ele></trkpt><trkpt lat="46.77019024454057" lon="8.040020196698606"><ele>1162.6599731445312</ele></trkpt><trkpt lat="46.77026024553925" lon="8.040150197222829"><ele>1165.8299865722656</ele></trkpt><trkpt lat="46.77030024584383" lon="8.040200197603554"><ele>1167.3199768066406</ele></trkpt><trkpt lat="46.77032024599612" lon="8.040220197755843"><ele>1167.75</ele></trkpt><trkpt lat="46.77035024575889" lon="8.040220197755843"><ele>1168.5099792480469</ele></trkpt><trkpt lat="46.7703602463007" lon="8.040200198069215"><ele>1169.1999816894531</ele></trkpt><trkpt lat="46.77037024637684" lon="8.04017019784078"><ele>1169.8799743652344</ele></trkpt><trkpt lat="46.7703602463007" lon="8.040140198078007"><ele>1170.7599792480469</ele></trkpt><trkpt lat="46.77034024661407" lon="8.040100198239088"><ele>1171.72998046875</ele></trkpt><trkpt lat="46.77032024692744" lon="8.040070198476315"><ele>1172.5699768066406</ele></trkpt><trkpt lat="46.77032024692744" lon="8.040020198561251"><ele>1172.9499816894531</ele></trkpt><trkpt lat="46.770310246851295" lon="8.039970198646188"><ele>1173.5899963378906</ele></trkpt><trkpt lat="46.77032024692744" lon="8.039950198493898"><ele>1173.9299926757812</ele></trkpt><trkpt lat="46.770330247003585" lon="8.03995019895956"><ele>1174.47998046875</ele></trkpt><trkpt lat="46.770350247155875" lon="8.039970198646188"><ele>1174.7899780273438</ele></trkpt><trkpt lat="46.770370247308165" lon="8.039990198798478"><ele>1175.8599853515625</ele></trkpt><trkpt lat="46.7704002475366" lon="8.040000198874623"><ele>1176.719970703125</ele></trkpt><trkpt lat="46.770430247765034" lon="8.039960199501365"><ele>1177.8299865722656</ele></trkpt><trkpt lat="46.770490248687565" lon="8.039850200060755"><ele>1182.0</ele></trkpt><trkpt lat="46.77049024915323" lon="8.039770200382918"><ele>1183.8399963378906</ele></trkpt><trkpt lat="46.77050024922937" lon="8.039730200544"><ele>1184.8699951171875</ele></trkpt><trkpt lat="46.770530249457806" lon="8.039710200857371"><ele>1186.5399780273438</ele></trkpt><trkpt lat="46.7705602501519" lon="8.039650200866163"><ele>1188.3499755859375</ele></trkpt><trkpt lat="46.77058025030419" lon="8.03962020110339"><ele>1189.3899841308594</ele></trkpt><trkpt lat="46.77063025068492" lon="8.03962020156905"><ele>1190.8699951171875</ele></trkpt><trkpt lat="46.77064025076106" lon="8.039590201340616"><ele>1191.9399719238281</ele></trkpt><trkpt lat="46.77065025083721" lon="8.039530201815069"><ele>1193.0799865722656</ele></trkpt><trkpt lat="46.7706702509895" lon="8.039460201747715"><ele>1193.239990234375</ele></trkpt><trkpt lat="46.77070025121793" lon="8.039370201993734"><ele>1193.2899780273438</ele></trkpt><trkpt lat="46.77078025089577" lon="8.039290201850235"><ele>1193.6799926757812</ele></trkpt><trkpt lat="46.77082025120035" lon="8.039250202011317"><ele>1194.3799743652344</ele></trkpt><trkpt lat="46.77086025150493" lon="8.03915020218119"><ele>1196.25</ele></trkpt><trkpt lat="46.77090025180951" lon="8.03902020258829"><ele>1197.72998046875</ele></trkpt><trkpt lat="46.77094025257975" lon="8.038920202758163"><ele>1200.2099914550781</ele></trkpt><trkpt lat="46.77094025257975" lon="8.038880202919245"><ele>1201.1199951171875</ele></trkpt><trkpt lat="46.770950252655894" lon="8.038860203232616"><ele>1201.8599853515625</ele></trkpt><trkpt lat="46.77097025280818" lon="8.038820203393698"><ele>1202.6899719238281</ele></trkpt><trkpt lat="46.77099025296047" lon="8.038800203241408"><ele>1203.0899963378906</ele></trkpt><trkpt lat="46.77103025326505" lon="8.038750203792006"><ele>1204.5999755859375</ele></trkpt><trkpt lat="46.77107025356963" lon="8.03874020371586"><ele>1205.47998046875</ele></trkpt><trkpt lat="46.771140253636986" lon="8.038730204105377"><ele>1206.9299926757812</ele></trkpt><trkpt lat="46.771200254093856" lon="8.038700204342604"><ele>1207.8499755859375</ele></trkpt><trkpt lat="46.77123025385663" lon="8.038680204190314"><ele>1208.2599792480469</ele></trkpt><trkpt lat="46.771240253932774" lon="8.038680204190314"><ele>1208.1099853515625</ele></trkpt><trkpt lat="46.7712902543135" lon="8.038570204284042"><ele>1208.739990234375</ele></trkpt><trkpt lat="46.77135025430471" lon="8.038520204368979"><ele>1209.0999755859375</ele></trkpt><trkpt lat="46.771390254143625" lon="8.03844020422548"><ele>1209.7899780273438</ele></trkpt><trkpt lat="46.77141025476158" lon="8.038370204623789"><ele>1211.7799987792969</ele></trkpt><trkpt lat="46.77140025515109" lon="8.038210205268115"><ele>1214.3499755859375</ele></trkpt><trkpt lat="46.771380255930126" lon="8.037950205616653"><ele>1218.0499877929688</ele></trkpt><trkpt lat="46.77138025639579" lon="8.037870205938816"><ele>1218.739990234375</ele></trkpt><trkpt lat="46.77134025655687" lon="8.037790205795318"><ele>1219.5199890136719</ele></trkpt><trkpt lat="46.771310256794095" lon="8.037710206583142"><ele>1221.8799743652344</ele></trkpt><trkpt lat="46.771310257259756" lon="8.037670206744224"><ele>1223.0399780273438</ele></trkpt><trkpt lat="46.771330257412046" lon="8.037650206591934"><ele>1224.4299926757812</ele></trkpt><trkpt lat="46.771410257555544" lon="8.03768020728603"><ele>1226.3599853515625</ele></trkpt><trkpt lat="46.77148025808856" lon="8.037690207362175"><ele>1228.5099792480469</ele></trkpt><trkpt lat="46.771490258164704" lon="8.037670207675546"><ele>1229.0899963378906</ele></trkpt><trkpt lat="46.771490258164704" lon="8.037660207599401"><ele>1229.5</ele></trkpt><trkpt lat="46.77141025895253" lon="8.03757020784542"><ele>1231.6199951171875</ele></trkpt><trkpt lat="46.77140025887638" lon="8.037540208082646"><ele>1232.5899963378906</ele></trkpt><trkpt lat="46.77140025887638" lon="8.037510208319873"><ele>1233.0899963378906</ele></trkpt><trkpt lat="46.77142025902867" lon="8.03746020840481"><ele>1233.75</ele></trkpt><trkpt lat="46.77144025918096" lon="8.037390208337456"><ele>1234.5699768066406</ele></trkpt><trkpt lat="46.771440259646624" lon="8.0372702088207"><ele>1235.969970703125</ele></trkpt><trkpt lat="46.771460260264575" lon="8.037110208999366"><ele>1238.1799926757812</ele></trkpt><trkpt lat="46.77141026081517" lon="8.03686020988971"><ele>1242.3299865722656</ele></trkpt><trkpt lat="46.771430261433125" lon="8.036720210220665"><ele>1245.3099975585938</ele></trkpt><trkpt lat="46.77144026197493" lon="8.036640210542828"><ele>1246.3399963378906</ele></trkpt><trkpt lat="46.771470262203366" lon="8.036540210712701"><ele>1247.5599975585938</ele></trkpt><trkpt lat="46.771490262355655" lon="8.036420210730284"><ele>1249.8499755859375</ele></trkpt><trkpt lat="46.77149026282132" lon="8.036320211365819"><ele>1251.5799865722656</ele></trkpt><trkpt lat="46.77149026328698" lon="8.036160211544484"><ele>1254.8099975585938</ele></trkpt><trkpt lat="46.771560264285654" lon="8.035970212426037"><ele>1258.4099731445312</ele></trkpt><trkpt lat="46.771580264437944" lon="8.035890212282538"><ele>1259.3899841308594</ele></trkpt><trkpt lat="46.77161026466638" lon="8.035860212519765"><ele>1259.3899841308594</ele></trkpt><trkpt lat="46.77179026370868" lon="8.03573021152988"><ele>1255.0899963378906</ele></trkpt><trkpt lat="46.77181026339531" lon="8.035720211453736"><ele>1254.6099853515625</ele></trkpt><trkpt lat="46.77196026267484" lon="8.035680211149156"><ele>1251.6999816894531</ele></trkpt><trkpt lat="46.77202026313171" lon="8.035670211538672"><ele>1252.97998046875</ele></trkpt><trkpt lat="46.77207026304677" lon="8.035670211538672"><ele>1253.469970703125</ele></trkpt><trkpt lat="46.772140263114125" lon="8.035680211149156"><ele>1252.3899841308594</ele></trkpt><trkpt lat="46.7721702628769" lon="8.035660211462528"><ele>1252.3699951171875</ele></trkpt><trkpt lat="46.77219026302919" lon="8.035650211386383"><ele>1251.8799743652344</ele></trkpt><trkpt lat="46.77221026271582" lon="8.035620211157948"><ele>1251.72998046875</ele></trkpt><trkpt lat="46.77222026279196" lon="8.035590210929513"><ele>1251.6999816894531</ele></trkpt><trkpt lat="46.7722202623263" lon="8.035550210624933"><ele>1249.2099914550781</ele></trkpt><trkpt lat="46.77221026271582" lon="8.035500211175531"><ele>1250.8699951171875</ele></trkpt><trkpt lat="46.77220026310533" lon="8.035450211260468"><ele>1252.7899780273438</ele></trkpt><trkpt lat="46.77219026349485" lon="8.03543021157384"><ele>1253.739990234375</ele></trkpt><trkpt lat="46.77219026349485" lon="8.03539021173492"><ele>1253.989990234375</ele></trkpt><trkpt lat="46.77219026349485" lon="8.035350211430341"><ele>1254.4499816894531</ele></trkpt><trkpt lat="46.772180263418704" lon="8.035320211667567"><ele>1254.97998046875</ele></trkpt><trkpt lat="46.772180263884366" lon="8.035290211904794"><ele>1255.4299926757812</ele></trkpt><trkpt lat="46.77217026380822" lon="8.03526021167636"><ele>1256.1099853515625</ele></trkpt><trkpt lat="46.77217026427388" lon="8.035160212311894"><ele>1258.3999938964844</ele></trkpt><trkpt lat="46.77216026419774" lon="8.035130212083459"><ele>1258.72998046875</ele></trkpt><trkpt lat="46.77217026427388" lon="8.035050212405622"><ele>1259.3999938964844</ele></trkpt><trkpt lat="46.77214026404545" lon="8.034930212423205"><ele>1258.4299926757812</ele></trkpt><trkpt lat="46.77213026443496" lon="8.03490021219477"><ele>1258.3699951171875</ele></trkpt><trkpt lat="46.772110264282674" lon="8.034870212431997"><ele>1258.5099792480469</ele></trkpt><trkpt lat="46.772090264130384" lon="8.034840212203562"><ele>1258.6999816894531</ele></trkpt><trkpt lat="46.7720802645199" lon="8.034810212440789"><ele>1259.1699829101562</ele></trkpt><trkpt lat="46.7720802645199" lon="8.034760212525725"><ele>1259.3099975585938</ele></trkpt><trkpt lat="46.772050264291465" lon="8.034670212306082"><ele>1259.1799926757812</ele></trkpt><trkpt lat="46.77204026468098" lon="8.034650212153792"><ele>1259.4499816894531</ele></trkpt><trkpt lat="46.77203026460484" lon="8.034630212467164"><ele>1260.2799987792969</ele></trkpt><trkpt lat="46.77203026460484" lon="8.03460021270439"><ele>1261.1099853515625</ele></trkpt><trkpt lat="46.77204026468098" lon="8.034590212628245"><ele>1261.22998046875</ele></trkpt><trkpt lat="46.77208026498556" lon="8.03460021270439"><ele>1262.0699768066406</ele></trkpt><trkpt lat="46.772090265061706" lon="8.03460021270439"><ele>1262.3499755859375</ele></trkpt><trkpt lat="46.77205026522279" lon="8.034550212789327"><ele>1263.239990234375</ele></trkpt><trkpt lat="46.772040265612304" lon="8.034520213026553"><ele>1263.9299926757812</ele></trkpt><trkpt lat="46.77205026522279" lon="8.034480213187635"><ele>1264.1799926757812</ele></trkpt><trkpt lat="46.77207026537508" lon="8.034430213272572"><ele>1265.0399780273438</ele></trkpt><trkpt lat="46.772080265916884" lon="8.034380213357508"><ele>1265.8599853515625</ele></trkpt><trkpt lat="46.772080265916884" lon="8.034280213527381"><ele>1267.1899719238281</ele></trkpt><trkpt lat="46.772060266230255" lon="8.034250213764608"><ele>1267.4299926757812</ele></trkpt><trkpt lat="46.77201026631519" lon="8.034220214001834"><ele>1268.7799987792969</ele></trkpt><trkpt lat="46.77185026649386" lon="8.034170214086771"><ele>1270.3599853515625</ele></trkpt><trkpt lat="46.77182026673108" lon="8.034150213934481"><ele>1270.0899963378906</ele></trkpt><trkpt lat="46.771740266587585" lon="8.034120214171708"><ele>1269.4499816894531</ele></trkpt><trkpt lat="46.77158026723191" lon="8.03404021449387"><ele>1272.0699768066406</ele></trkpt><trkpt lat="46.77149026747793" lon="8.033980214502662"><ele>1273.5899963378906</ele></trkpt><trkpt lat="46.77139026718214" lon="8.033800214529037"><ele>1272.4399719238281</ele></trkpt><trkpt lat="46.77134026726708" lon="8.03374021453783"><ele>1272.4399719238281</ele></trkpt><trkpt lat="46.771290267352015" lon="8.033670214470476"><ele>1273.3999938964844</ele></trkpt><trkpt lat="46.77119026798755" lon="8.033540214877576"><ele>1276.0599975585938</ele></trkpt><trkpt lat="46.77119026798755" lon="8.033510215114802"><ele>1276.4599914550781</ele></trkpt><trkpt lat="46.771160268224776" lon="8.03342021536082"><ele>1277.9599914550781</ele></trkpt><trkpt lat="46.77115026861429" lon="8.033310215454549"><ele>1279.8899841308594</ele></trkpt><trkpt lat="46.77114026946947" lon="8.033120216336101"><ele>1283.2699890136719</ele></trkpt><trkpt lat="46.77114026946947" lon="8.033090216107666"><ele>1283.739990234375</ele></trkpt><trkpt lat="46.771150269545615" lon="8.033060216344893"><ele>1284.3599853515625</ele></trkpt><trkpt lat="46.771150269545615" lon="8.032990216743201"><ele>1285.4499816894531</ele></trkpt><trkpt lat="46.77116027008742" lon="8.032960216514766"><ele>1286.1399841308594</ele></trkpt><trkpt lat="46.77116027008742" lon="8.032940216828138"><ele>1286.4499816894531</ele></trkpt><trkpt lat="46.771190270315856" lon="8.032820216845721"><ele>1288.4599914550781</ele></trkpt><trkpt lat="46.771230270154774" lon="8.032730216626078"><ele>1286.8599853515625</ele></trkpt><trkpt lat="46.771280269604176" lon="8.03265021648258"><ele>1285.7099914550781</ele></trkpt><trkpt lat="46.77131026983261" lon="8.032580216415226"><ele>1284.97998046875</ele></trkpt><trkpt lat="46.77141027059406" lon="8.032480217516422"><ele>1290.6999816894531</ele></trkpt><trkpt lat="46.77150027034804" lon="8.032390216831118"><ele>1288.1799926757812</ele></trkpt><trkpt lat="46.77156027033925" lon="8.032340216916054"><ele>1287.3199768066406</ele></trkpt><trkpt lat="46.7716202698648" lon="8.032300216611475"><ele>1286.5499877929688</ele></trkpt><trkpt lat="46.77165027009323" lon="8.032270216848701"><ele>1286.2999877929688</ele></trkpt><trkpt lat="46.77167026977986" lon="8.032240216620266"><ele>1286.1199951171875</ele></trkpt><trkpt lat="46.77167026977986" lon="8.032200216781348"><ele>1285.7799987792969</ele></trkpt><trkpt lat="46.77167026977986" lon="8.032150216400623"><ele>1285.1199951171875</ele></trkpt><trkpt lat="46.77167026977986" lon="8.032110216561705"><ele>1284.8299865722656</ele></trkpt><trkpt lat="46.77169026946649" lon="8.03208021633327"><ele>1284.0799865722656</ele></trkpt><trkpt lat="46.77172026922926" lon="8.032050216104835"><ele>1283.6099853515625</ele></trkpt><trkpt lat="46.77175026899204" lon="8.0320202158764"><ele>1282.6799926757812</ele></trkpt><trkpt lat="46.77177026914433" lon="8.03200021572411"><ele>1281.8699951171875</ele></trkpt><trkpt lat="46.771790268830955" lon="8.031990215647966"><ele>1281.3099975585938</ele></trkpt><trkpt lat="46.77182026859373" lon="8.031960215885192"><ele>1280.6999816894531</ele></trkpt><trkpt lat="46.77183026866987" lon="8.031920215580612"><ele>1279.6299743652344</ele></trkpt><trkpt lat="46.77184026828036" lon="8.031880215276033"><ele>1278.4299926757812</ele></trkpt><trkpt lat="46.77184026828036" lon="8.031820215284824"><ele>1277.1499938964844</ele></trkpt><trkpt lat="46.77184026828036" lon="8.031780215445906"><ele>1277.5999755859375</ele></trkpt><trkpt lat="46.77187026804313" lon="8.031740215141326"><ele>1277.3399963378906</ele></trkpt><trkpt lat="46.77191026788205" lon="8.031730215065181"><ele>1277.1499938964844</ele></trkpt><trkpt lat="46.771920267958194" lon="8.031700215302408"><ele>1276.8399963378906</ele></trkpt><trkpt lat="46.77193026803434" lon="8.031680215150118"><ele>1276.8399963378906</ele></trkpt><trkpt lat="46.77191026788205" lon="8.031540215015411"><ele>1277.2999877929688</ele></trkpt><trkpt lat="46.77189026819542" lon="8.031500215176493"><ele>1278.2899780273438</ele></trkpt><trkpt lat="46.77190026873723" lon="8.031400215812027"><ele>1279.8999938964844</ele></trkpt><trkpt lat="46.77190026873723" lon="8.03134021582082"><ele>1281.3799743652344</ele></trkpt><trkpt lat="46.77190026920289" lon="8.03132021566853"><ele>1281.6799926757812</ele></trkpt><trkpt lat="46.77190026920289" lon="8.03128021582961"><ele>1281.969970703125</ele></trkpt><trkpt lat="46.77189026912674" lon="8.031250216066837"><ele>1282.6299743652344</ele></trkpt><trkpt lat="46.77191026927903" lon="8.031190216075629"><ele>1283.3199768066406</ele></trkpt><trkpt lat="46.77190026920289" lon="8.03115021623671"><ele>1283.5799865722656</ele></trkpt><trkpt lat="46.77188026951626" lon="8.031120216008276"><ele>1283.5199890136719</ele></trkpt><trkpt lat="46.771870269440114" lon="8.031080216169357"><ele>1283.3999938964844</ele></trkpt><trkpt lat="46.771850269287825" lon="8.031010216102004"><ele>1283.2999877929688</ele></trkpt><trkpt lat="46.77184026921168" lon="8.03098021633923"><ele>1283.1899719238281</ele></trkpt><trkpt lat="46.77184026921168" lon="8.03096021618694"><ele>1283.3699951171875</ele></trkpt><trkpt lat="46.771830269601196" lon="8.030910216271877"><ele>1283.7699890136719</ele></trkpt><trkpt lat="46.771790269296616" lon="8.030890216119587"><ele>1282.719970703125</ele></trkpt><trkpt lat="46.77177026914433" lon="8.030850215815008"><ele>1281.6499938964844</ele></trkpt><trkpt lat="46.77177026914433" lon="8.03081021597609"><ele>1281.8799743652344</ele></trkpt><trkpt lat="46.77174026891589" lon="8.030780215747654"><ele>1281.4499816894531</ele></trkpt><trkpt lat="46.77173026883975" lon="8.03077021567151"><ele>1281.5099792480469</ele></trkpt><trkpt lat="46.77173026883975" lon="8.030730215832591"><ele>1281.9499816894531</ele></trkpt><trkpt lat="46.77171026915312" lon="8.030680215917528"><ele>1282.5499877929688</ele></trkpt><trkpt lat="46.77171026915312" lon="8.030650216154754"><ele>1282.6999816894531</ele></trkpt><trkpt lat="46.771660269238055" lon="8.030560215935111"><ele>1282.7699890136719</ele></trkpt><trkpt lat="46.771620268933475" lon="8.030500215943903"><ele>1282.22998046875</ele></trkpt><trkpt lat="46.77157026901841" lon="8.030330215580761"><ele>1281.4099731445312</ele></trkpt><trkpt lat="46.77155026840046" lon="8.030270215589553"><ele>1279.9199829101562</ele></trkpt><trkpt lat="46.771500268019736" lon="8.030130214989185"><ele>1276.8399963378906</ele></trkpt><trkpt lat="46.77143026748672" lon="8.029940214473754"><ele>1273.72998046875</ele></trkpt><trkpt lat="46.77134026680142" lon="8.029810213949531"><ele>1270.0699768066406</ele></trkpt><trkpt lat="46.77125026565045" lon="8.029610213357955"><ele>1265.8499755859375</ele></trkpt><trkpt lat="46.77111026458442" lon="8.029290212318301"><ele>1259.6299743652344</ele></trkpt><trkpt lat="46.77105026412755" lon="8.029170211870223"><ele>1256.75</ele></trkpt><trkpt lat="46.77102026389912" lon="8.02908021165058"><ele>1255.6899719238281</ele></trkpt><trkpt lat="46.7708602626808" lon="8.028840210754424"><ele>1250.1299743652344</ele></trkpt><trkpt lat="46.770850262604654" lon="8.028790210839361"><ele>1250.2699890136719</ele></trkpt><trkpt lat="46.770870262756944" lon="8.028730210848153"><ele>1249.989990234375</ele></trkpt><trkpt lat="46.77091026259586" lon="8.028670210856944"><ele>1250.47998046875</ele></trkpt><trkpt lat="46.77090026251972" lon="8.028620210941881"><ele>1250.3799743652344</ele></trkpt><trkpt lat="46.770850262604654" lon="8.028550210874528"><ele>1250.8699951171875</ele></trkpt><trkpt lat="46.77076026238501" lon="8.028460210654885"><ele>1248.6799926757812</ele></trkpt><trkpt lat="46.770730262156576" lon="8.028420210350305"><ele>1247.8099975585938</ele></trkpt><trkpt lat="46.77060026116669" lon="8.028250209521502"><ele>1243.469970703125</ele></trkpt><trkpt lat="46.77052026055753" lon="8.02812020899728"><ele>1240.0699768066406</ele></trkpt><trkpt lat="46.77041025971994" lon="8.028020208701491"><ele>1237.3099975585938</ele></trkpt><trkpt lat="46.770340259652585" lon="8.027910208329558"><ele>1234.8699951171875</ele></trkpt><trkpt lat="46.770240258891135" lon="8.027740207500756"><ele>1231.5099792480469</ele></trkpt><trkpt lat="46.77019025851041" lon="8.027690207585692"><ele>1230.7799987792969</ele></trkpt><trkpt lat="46.7701302585192" lon="8.027660207357258"><ele>1230.6699829101562</ele></trkpt><trkpt lat="46.77010025875643" lon="8.027630207594484"><ele>1231.219970703125</ele></trkpt><trkpt lat="46.77008025860414" lon="8.027570207603276"><ele>1231.0499877929688</ele></trkpt><trkpt lat="46.77006025891751" lon="8.027480207849294"><ele>1232.5</ele></trkpt><trkpt lat="46.77005025977269" lon="8.027240208350122"><ele>1236.0799865722656</ele></trkpt><trkpt lat="46.77005026023835" lon="8.027140208519995"><ele>1237.8199768066406</ele></trkpt><trkpt lat="46.77005026023835" lon="8.027100208681077"><ele>1238.8799743652344</ele></trkpt><trkpt lat="46.77005026023835" lon="8.027070208918303"><ele>1239.3299865722656</ele></trkpt><trkpt lat="46.77002026094124" lon="8.026960209477693"><ele>1242.219970703125</ele></trkpt><trkpt lat="46.769990261178464" lon="8.026860209647566"><ele>1244.0399780273438</ele></trkpt><trkpt lat="46.769940262660384" lon="8.026550210546702"><ele>1250.1499938964844</ele></trkpt><trkpt lat="46.76993026258424" lon="8.026490210555494"><ele>1250.489990234375</ele></trkpt><trkpt lat="46.769940262660384" lon="8.02644021064043"><ele>1250.97998046875</ele></trkpt><trkpt lat="46.769940262660384" lon="8.026390210725367"><ele>1251.3799743652344</ele></trkpt><trkpt lat="46.76995026273653" lon="8.026330210734159"><ele>1251.97998046875</ele></trkpt><trkpt lat="46.769940263126045" lon="8.026270211208612"><ele>1252.6099853515625</ele></trkpt><trkpt lat="46.76990026328713" lon="8.026210211217403"><ele>1254.0499877929688</ele></trkpt><trkpt lat="46.769830264151096" lon="8.026080211624503"><ele>1257.72998046875</ele></trkpt><trkpt lat="46.76977026462555" lon="8.025970212183893"><ele>1260.8699951171875</ele></trkpt><trkpt lat="46.769760265015066" lon="8.02594021242112"><ele>1261.8199768066406</ele></trkpt><trkpt lat="46.769780265167356" lon="8.025870212819427"><ele>1264.0199890136719</ele></trkpt><trkpt lat="46.76980026578531" lon="8.025830212980509"><ele>1265.47998046875</ele></trkpt><trkpt lat="46.7698202659376" lon="8.025780213065445"><ele>1266.5399780273438</ele></trkpt><trkpt lat="46.76982026640326" lon="8.025690213777125"><ele>1268.4099731445312</ele></trkpt><trkpt lat="46.76981026632711" lon="8.025650213472545"><ele>1269.1199951171875</ele></trkpt><trkpt lat="46.76982026640326" lon="8.025620213709772"><ele>1269.1799926757812</ele></trkpt><trkpt lat="46.76982026640326" lon="8.025610213633627"><ele>1268.8399963378906</ele></trkpt><trkpt lat="46.76986026670784" lon="8.025690213777125"><ele>1269.6499938964844</ele></trkpt><trkpt lat="46.769940266851336" lon="8.025810213759542"><ele>1270.5899963378906</ele></trkpt><trkpt lat="46.7699902667664" lon="8.02589021390304"><ele>1271.1599731445312</ele></trkpt><trkpt lat="46.7700702669099" lon="8.025960213970393"><ele>1271.4099731445312</ele></trkpt><trkpt lat="46.770130266901106" lon="8.025980214122683"><ele>1272.22998046875</ele></trkpt><trkpt lat="46.770210267044604" lon="8.026040214113891"><ele>1273.2099914550781</ele></trkpt><trkpt lat="46.77027026750147" lon="8.026040214579552"><ele>1274.5699768066406</ele></trkpt><trkpt lat="46.77040026849136" lon="8.026060215197504"><ele>1278.3199768066406</ele></trkpt><trkpt lat="46.770440268330276" lon="8.026080215349793"><ele>1279.1599731445312</ele></trkpt><trkpt lat="46.770480268634856" lon="8.026100215502083"><ele>1280.2599792480469</ele></trkpt><trkpt lat="46.77047026855871" lon="8.02605021558702"><ele>1280.6299743652344</ele></trkpt><trkpt lat="46.77046026894823" lon="8.026010215748101"><ele>1281.25</ele></trkpt><trkpt lat="46.77042026910931" lon="8.025970215909183"><ele>1282.0</ele></trkpt><trkpt lat="46.77038026927039" lon="8.025950215756893"><ele>1282.969970703125</ele></trkpt><trkpt lat="46.7703102696687" lon="8.025890216231346"><ele>1285.2699890136719</ele></trkpt><trkpt lat="46.77027026982978" lon="8.025840216316283"><ele>1285.9399719238281</ele></trkpt><trkpt lat="46.77025027014315" lon="8.025740216951817"><ele>1288.2699890136719</ele></trkpt><trkpt lat="46.77024027053267" lon="8.025690217036754"><ele>1289.0699768066406</ele></trkpt><trkpt lat="46.77025027060881" lon="8.02566021727398"><ele>1290.0399780273438</ele></trkpt><trkpt lat="46.77026027068496" lon="8.025650217197835"><ele>1290.4399719238281</ele></trkpt><trkpt lat="46.77029027091339" lon="8.025670217350125"><ele>1290.97998046875</ele></trkpt><trkpt lat="46.77030027098954" lon="8.02570021757856"><ele>1292.0199890136719</ele></trkpt><trkpt lat="46.77034027129412" lon="8.025730217806995"><ele>1293.4499816894531</ele></trkpt><trkpt lat="46.77035027137026" lon="8.02574021788314"><ele>1293.72998046875</ele></trkpt><trkpt lat="46.77036027144641" lon="8.025730217806995"><ele>1294.3999938964844</ele></trkpt><trkpt lat="46.77037027198821" lon="8.025650218129158"><ele>1296.1199951171875</ele></trkpt><trkpt lat="46.77036027237773" lon="8.025550218299031"><ele>1298.1299743652344</ele></trkpt><trkpt lat="46.77035027323291" lon="8.025390218943357"><ele>1301.5399780273438</ele></trkpt><trkpt lat="46.77034027315676" lon="8.02533021895215"><ele>1301.5899963378906</ele></trkpt><trkpt lat="46.77035027323291" lon="8.025320218876004"><ele>1301.8299865722656</ele></trkpt><trkpt lat="46.77036027330905" lon="8.02529021911323"><ele>1302.1799926757812</ele></trkpt><trkpt lat="46.77036027330905" lon="8.025250219274312"><ele>1302.5</ele></trkpt><trkpt lat="46.77032027347013" lon="8.025110219139606"><ele>1304.1899719238281</ele></trkpt><trkpt lat="46.77029027370736" lon="8.025030219461769"><ele>1305.3199768066406</ele></trkpt><trkpt lat="46.77027027402073" lon="8.024910219945014"><ele>1306.6999816894531</ele></trkpt><trkpt lat="46.7702502743341" lon="8.024830219801515"><ele>1308.25</ele></trkpt><trkpt lat="46.77022027457133" lon="8.024760220199823"><ele>1309.3799743652344</ele></trkpt><trkpt lat="46.77018027473241" lon="8.024670220445842"><ele>1310.5199890136719</ele></trkpt><trkpt lat="46.770120275206864" lon="8.024570220615715"><ele>1313.25</ele></trkpt><trkpt lat="46.769990276545286" lon="8.024310221895576"><ele>1318.8499755859375</ele></trkpt><trkpt lat="46.769920276943594" lon="8.024190221913159"><ele>1320.5699768066406</ele></trkpt><trkpt lat="46.769900276791304" lon="8.02415022207424"><ele>1320.739990234375</ele></trkpt><trkpt lat="46.769900277256966" lon="8.024090222083032"><ele>1321.75</ele></trkpt><trkpt lat="46.76991027733311" lon="8.023990222252905"><ele>1323.1799926757812</ele></trkpt><trkpt lat="46.76993027795106" lon="8.023880222812295"><ele>1325.0399780273438</ele></trkpt><trkpt lat="46.76994027802721" lon="8.023810222744942"><ele>1325.989990234375</ele></trkpt><trkpt lat="46.76994027849287" lon="8.023710222914815"><ele>1327.7799987792969</ele></trkpt><trkpt lat="46.76995027856901" lon="8.023660222999752"><ele>1328.4399719238281</ele></trkpt><trkpt lat="46.7699702787213" lon="8.02361022355035"><ele>1329.2599792480469</ele></trkpt><trkpt lat="46.76999027887359" lon="8.02357022324577"><ele>1329.9299926757812</ele></trkpt><trkpt lat="46.77003027871251" lon="8.023530223406851"><ele>1330.219970703125</ele></trkpt><trkpt lat="46.77009027916938" lon="8.023480223491788"><ele>1330.7899780273438</ele></trkpt><trkpt lat="46.770230278838426" lon="8.023370223585516"><ele>1331.2099914550781</ele></trkpt><trkpt lat="46.770310278981924" lon="8.023310223594308"><ele>1331.2699890136719</ele></trkpt><trkpt lat="46.77040027920157" lon="8.0232502236031"><ele>1331.0599975585938</ele></trkpt><trkpt lat="46.77053027879447" lon="8.023200223688036"><ele>1330.72998046875</ele></trkpt><trkpt lat="46.770590278785676" lon="8.023160223383456"><ele>1330.7099914550781</ele></trkpt><trkpt lat="46.7706402791664" lon="8.023110223468393"><ele>1330.7599792480469</ele></trkpt><trkpt lat="46.77076027914882" lon="8.02293022396043"><ele>1332.22998046875</ele></trkpt><trkpt lat="46.770880279596895" lon="8.022790223825723"><ele>1333.6599731445312</ele></trkpt><trkpt lat="46.77097027981654" lon="8.022670224308968"><ele>1334.989990234375</ele></trkpt><trkpt lat="46.77102028019726" lon="8.02263022447005"><ele>1335.8399963378906</ele></trkpt><trkpt lat="46.77110028034076" lon="8.02259022463113"><ele>1336.8899841308594</ele></trkpt><trkpt lat="46.77114028064534" lon="8.022550224792212"><ele>1337.969970703125</ele></trkpt><trkpt lat="46.771210280712694" lon="8.022500224877149"><ele>1339.5499877929688</ele></trkpt><trkpt lat="46.77135028131306" lon="8.022380225360394"><ele>1342.6799926757812</ele></trkpt><trkpt lat="46.77141028176993" lon="8.022340225521475"><ele>1343.5799865722656</ele></trkpt><trkpt lat="46.771460281684995" lon="8.022310225758702"><ele>1344.6799926757812</ele></trkpt><trkpt lat="46.77149028191343" lon="8.022290226072073"><ele>1345.1399841308594</ele></trkpt><trkpt lat="46.7715502823703" lon="8.02222022600472"><ele>1346.5499877929688</ele></trkpt><trkpt lat="46.77166028274223" lon="8.022100226487964"><ele>1349.219970703125</ele></trkpt><trkpt lat="46.77168028289452" lon="8.02207022672519"><ele>1349.6099853515625</ele></trkpt><trkpt lat="46.77169028297067" lon="8.022040226496756"><ele>1349.8499755859375</ele></trkpt><trkpt lat="46.77170028304681" lon="8.022010226733983"><ele>1350.1499938964844</ele></trkpt><trkpt lat="46.771770283114165" lon="8.021820226684213"><ele>1351.3499755859375</ele></trkpt><trkpt lat="46.77181028295308" lon="8.021720226854086"><ele>1350.8999938964844</ele></trkpt><trkpt lat="46.77185028325766" lon="8.021660226862878"><ele>1350.9599914550781</ele></trkpt><trkpt lat="46.77188028302044" lon="8.021610226947814"><ele>1350.8599853515625</ele></trkpt><trkpt lat="46.77195028308779" lon="8.021510226652026"><ele>1350.6799926757812</ele></trkpt><trkpt lat="46.77204028284177" lon="8.02137022651732"><ele>1350.6299743652344</ele></trkpt><trkpt lat="46.772430282551795" lon="8.020680226385593"><ele>1348.6999816894531</ele></trkpt><trkpt lat="46.77248028246686" lon="8.020560226403177"><ele>1348.8699951171875</ele></trkpt><trkpt lat="46.77254028292373" lon="8.02044022642076"><ele>1349.5999755859375</ele></trkpt><trkpt lat="46.77255028299987" lon="8.020420226734132"><ele>1349.7099914550781</ele></trkpt><trkpt lat="46.77258028276265" lon="8.020350226666778"><ele>1350.2999877929688</ele></trkpt><trkpt lat="46.77261028299108" lon="8.02027022652328"><ele>1350.6099853515625</ele></trkpt><trkpt lat="46.77263028314337" lon="8.020240226760507"><ele>1350.7699890136719</ele></trkpt><trkpt lat="46.77267028298229" lon="8.020210226532072"><ele>1350.4299926757812</ele></trkpt><trkpt lat="46.77271028282121" lon="8.020190226845443"><ele>1350.3999938964844</ele></trkpt><trkpt lat="46.77272028289735" lon="8.020160226617008"><ele>1350.3199768066406</ele></trkpt><trkpt lat="46.77274028304964" lon="8.020130226854235"><ele>1350.239990234375</ele></trkpt><trkpt lat="46.77274028304964" lon="8.020060226786882"><ele>1350.1099853515625</ele></trkpt><trkpt lat="46.77276028320193" lon="8.01993022672832"><ele>1350.2899780273438</ele></trkpt><trkpt lat="46.77278028288856" lon="8.019870226737112"><ele>1349.8199768066406</ele></trkpt><trkpt lat="46.772810282651335" lon="8.019790226593614"><ele>1349.47998046875</ele></trkpt><trkpt lat="46.77282028272748" lon="8.019760226365179"><ele>1349.4099731445312</ele></trkpt><trkpt lat="46.7729402827099" lon="8.019650226458907"><ele>1348.7099914550781</ele></trkpt><trkpt lat="46.77297028293833" lon="8.019610226619989"><ele>1349.0</ele></trkpt><trkpt lat="46.773000282701105" lon="8.01955022662878"><ele>1349.5499877929688</ele></trkpt><trkpt lat="46.773040283005685" lon="8.019490226637572"><ele>1349.6099853515625</ele></trkpt><trkpt lat="46.77307028276846" lon="8.019390226341784"><ele>1349.5</ele></trkpt><trkpt lat="46.77307028276846" lon="8.019350226502866"><ele>1350.1499938964844</ele></trkpt><trkpt lat="46.77305028308183" lon="8.019250226672739"><ele>1351.239990234375</ele></trkpt><trkpt lat="46.773020283319056" lon="8.019190227147192"><ele>1352.1899719238281</ele></trkpt><trkpt lat="46.77298028348014" lon="8.019100226927549"><ele>1353.3099975585938</ele></trkpt><trkpt lat="46.77294028364122" lon="8.019030227325857"><ele>1354.469970703125</ele></trkpt><trkpt lat="46.77289028419182" lon="8.018990227486938"><ele>1355.469970703125</ele></trkpt><trkpt lat="46.772840284276754" lon="8.018960227724165"><ele>1356.5099792480469</ele></trkpt><trkpt lat="46.772820284124464" lon="8.01893022749573"><ele>1356.8699951171875</ele></trkpt><trkpt lat="46.772820284590125" lon="8.018910227809101"><ele>1357.1399841308594</ele></trkpt><trkpt lat="46.772820284590125" lon="8.018880227580667"><ele>1357.469970703125</ele></trkpt><trkpt lat="46.77283028466627" lon="8.018860227894038"><ele>1357.9399719238281</ele></trkpt><trkpt lat="46.77285028481856" lon="8.018840227741748"><ele>1358.2999877929688</ele></trkpt><trkpt lat="46.77288028458133" lon="8.018830228131264"><ele>1358.7999877929688</ele></trkpt><trkpt lat="46.77297028480098" lon="8.01882022805512"><ele>1360.2799987792969</ele></trkpt><trkpt lat="46.7730202851817" lon="8.018810228444636"><ele>1361.3499755859375</ele></trkpt><trkpt lat="46.773110285867006" lon="8.018780228681862"><ele>1363.3299865722656</ele></trkpt><trkpt lat="46.77316028578207" lon="8.018750228919089"><ele>1364.2999877929688</ele></trkpt><trkpt lat="46.77320028608665" lon="8.01871022908017"><ele>1365.1799926757812</ele></trkpt><trkpt lat="46.77328028623015" lon="8.018630229402333"><ele>1366.9199829101562</ele></trkpt><trkpt lat="46.77330028638244" lon="8.018620229326189"><ele>1367.4299926757812</ele></trkpt><trkpt lat="46.77333028661087" lon="8.018620229326189"><ele>1367.97998046875</ele></trkpt><trkpt lat="46.77339028706774" lon="8.018640229478478"><ele>1369.3999938964844</ele></trkpt><trkpt lat="46.773440286982805" lon="8.018670229706913"><ele>1370.5899963378906</ele></trkpt><trkpt lat="46.77366028819233" lon="8.018710230477154"><ele>1375.3999938964844</ele></trkpt><trkpt lat="46.773730288259685" lon="8.018710230942816"><ele>1376.5699768066406</ele></trkpt><trkpt lat="46.77381028840318" lon="8.01870023086667"><ele>1377.8599853515625</ele></trkpt><trkpt lat="46.77387028886005" lon="8.018690231256187"><ele>1378.8999938964844</ele></trkpt><trkpt lat="46.773920288775116" lon="8.018700231332332"><ele>1379.6699829101562</ele></trkpt><trkpt lat="46.77399028930813" lon="8.018730231560767"><ele>1381.0999755859375</ele></trkpt><trkpt lat="46.774050289765" lon="8.018740231636912"><ele>1382.469970703125</ele></trkpt><trkpt lat="46.77414028998464" lon="8.018750232178718"><ele>1384.22998046875</ele></trkpt><trkpt lat="46.774250290356576" lon="8.018760232254863"><ele>1386.4199829101562</ele></trkpt><trkpt lat="46.774310290813446" lon="8.01875023264438"><ele>1387.6499938964844</ele></trkpt><trkpt lat="46.7743802908808" lon="8.018740233033895"><ele>1388.97998046875</ele></trkpt><trkpt lat="46.774430291261524" lon="8.01871023280546"><ele>1389.8599853515625</ele></trkpt><trkpt lat="46.77453029155731" lon="8.018650233279914"><ele>1392.0</ele></trkpt><trkpt lat="46.774600291624665" lon="8.018610233440995"><ele>1393.6799926757812</ele></trkpt><trkpt lat="46.77465029200539" lon="8.018570233602077"><ele>1394.75</ele></trkpt><trkpt lat="46.77469029230997" lon="8.018530233763158"><ele>1395.489990234375</ele></trkpt><trkpt lat="46.774740292690694" lon="8.018450234085321"><ele>1396.6499938964844</ele></trkpt><trkpt lat="46.77481029275805" lon="8.01836023433134"><ele>1397.6299743652344</ele></trkpt><trkpt lat="46.77486029267311" lon="8.018330234102905"><ele>1397.5799865722656</ele></trkpt><trkpt lat="46.774890292435884" lon="8.018330234102905"><ele>1397.5199890136719</ele></trkpt><trkpt lat="46.774910292588174" lon="8.01834023417905"><ele>1397.6099853515625</ele></trkpt><trkpt lat="46.77499029273167" lon="8.018390234559774"><ele>1399.0899963378906</ele></trkpt><trkpt lat="46.7750402931124" lon="8.018410234712064"><ele>1399.9099731445312</ele></trkpt><trkpt lat="46.77509029349312" lon="8.01840023463592"><ele>1400.6199951171875</ele></trkpt><trkpt lat="46.77521029347554" lon="8.018340235110372"><ele>1402.3499755859375</ele></trkpt><trkpt lat="46.77527029393241" lon="8.018320234958082"><ele>1402.6799926757812</ele></trkpt><trkpt lat="46.77530029369518" lon="8.018320234958082"><ele>1402.5599975585938</ele></trkpt><trkpt lat="46.775330293457955" lon="8.018340235110372"><ele>1402.4099731445312</ele></trkpt><trkpt lat="46.775350293610245" lon="8.018350235186517"><ele>1402.3099975585938</ele></trkpt><trkpt lat="46.775370293762535" lon="8.01838023494929"><ele>1402.1599731445312</ele></trkpt><trkpt lat="46.77538029383868" lon="8.018410235177726"><ele>1402.219970703125</ele></trkpt><trkpt lat="46.77539029344916" lon="8.018430234864354"><ele>1402.3599853515625</ele></trkpt><trkpt lat="46.775390293914825" lon="8.018480235245079"><ele>1402.8099975585938</ele></trkpt><trkpt lat="46.77538029383868" lon="8.01861023530364"><ele>1404.1699829101562</ele></trkpt><trkpt lat="46.775370294228196" lon="8.018710235599428"><ele>1404.8699951171875</ele></trkpt><trkpt lat="46.77538029430434" lon="8.018910235725343"><ele>1406.1799926757812</ele></trkpt><trkpt lat="46.775390294380486" lon="8.018970235716552"><ele>1406.5699768066406</ele></trkpt><trkpt lat="46.77544029476121" lon="8.01903023570776"><ele>1407.1499938964844</ele></trkpt><trkpt lat="46.775550295133144" lon="8.019080236088485"><ele>1408.5599975585938</ele></trkpt><trkpt lat="46.77566029550508" lon="8.019160236231983"><ele>1410.3699951171875</ele></trkpt><trkpt lat="46.775700295343995" lon="8.019160236231983"><ele>1410.9399719238281</ele></trkpt><trkpt lat="46.77573029557243" lon="8.019140236545354"><ele>1411.4499816894531</ele></trkpt><trkpt lat="46.775740295648575" lon="8.01911023678258"><ele>1411.9199829101562</ele></trkpt><trkpt lat="46.775740295648575" lon="8.019070236478"><ele>1412.3099975585938</ele></trkpt><trkpt lat="46.7757102958858" lon="8.019030236639082"><ele>1413.1299743652344</ele></trkpt><trkpt lat="46.77564029581845" lon="8.018950236961246"><ele>1414.1799926757812</ele></trkpt><trkpt lat="46.775590296369046" lon="8.018880236893892"><ele>1415.1299743652344</ele></trkpt><trkpt lat="46.7755802962929" lon="8.018830236978829"><ele>1415.6099853515625</ele></trkpt><trkpt lat="46.775590296369046" lon="8.018780237063766"><ele>1416.0899963378906</ele></trkpt><trkpt lat="46.77560029644519" lon="8.018750237300992"><ele>1416.4099731445312</ele></trkpt><trkpt lat="46.775630296673626" lon="8.018750237300992"><ele>1416.7799987792969</ele></trkpt><trkpt lat="46.775650296825916" lon="8.018750237300992"><ele>1417.1499938964844</ele></trkpt><trkpt lat="46.775730296969414" lon="8.018830237910151"><ele>1418.8199768066406</ele></trkpt><trkpt lat="46.775900297798216" lon="8.018900238443166"><ele>1421.8699951171875</ele></trkpt><trkpt lat="46.77597029786557" lon="8.018940238282084"><ele>1423.2999877929688</ele></trkpt><trkpt lat="46.77605029847473" lon="8.01899023866281"><ele>1425.0099792480469</ele></trkpt><trkpt lat="46.77616029884666" lon="8.019070239271969"><ele>1427.1099853515625</ele></trkpt><trkpt lat="46.776210298761725" lon="8.019110239110887"><ele>1428.2899780273438</ele></trkpt><trkpt lat="46.776250299066305" lon="8.019130239263177"><ele>1429.1799926757812</ele></trkpt><trkpt lat="46.776310299523175" lon="8.019140239804983"><ele>1430.3499755859375</ele></trkpt><trkpt lat="46.77643029997125" lon="8.019130239728838"><ele>1432.5599975585938</ele></trkpt><trkpt lat="46.776480299886316" lon="8.019140240270644"><ele>1433.5499877929688</ele></trkpt><trkpt lat="46.77655030041933" lon="8.019160240422934"><ele>1434.6799926757812</ele></trkpt><trkpt lat="46.77667030086741" lon="8.019220240414143"><ele>1436.739990234375</ele></trkpt><trkpt lat="46.77680030139163" lon="8.019300241023302"><ele>1439.1699829101562</ele></trkpt><trkpt lat="46.776890301611274" lon="8.019390241242945"><ele>1440.97998046875</ele></trkpt><trkpt lat="46.77694030152634" lon="8.01942024147138"><ele>1441.7999877929688</ele></trkpt><trkpt lat="46.77701030205935" lon="8.01946024177596"><ele>1443.219970703125</ele></trkpt><trkpt lat="46.777060301974416" lon="8.019490242004395"><ele>1444.1299743652344</ele></trkpt><trkpt lat="46.777120302431285" lon="8.019570242147893"><ele>1445.5299987792969</ele></trkpt><trkpt lat="46.77717030281201" lon="8.019610242452472"><ele>1446.47998046875</ele></trkpt><trkpt lat="46.77721030265093" lon="8.019630242604762"><ele>1447.4299926757812</ele></trkpt><trkpt lat="46.77725030295551" lon="8.019630242604762"><ele>1448.1499938964844</ele></trkpt><trkpt lat="46.7772703031078" lon="8.019620242528617"><ele>1448.5899963378906</ele></trkpt><trkpt lat="46.77730030333623" lon="8.019590242765844"><ele>1449.4399719238281</ele></trkpt><trkpt lat="46.777430303860456" lon="8.019430242944509"><ele>1452.219970703125</ele></trkpt><trkpt lat="46.777470303699374" lon="8.01941024325788"><ele>1452.1399841308594</ele></trkpt><trkpt lat="46.77750030392781" lon="8.01941024325788"><ele>1451.8399963378906</ele></trkpt><trkpt lat="46.77753030369058" lon="8.019420242868364"><ele>1451.7099914550781</ele></trkpt><trkpt lat="46.77755030384287" lon="8.019460243172944"><ele>1451.8599853515625</ele></trkpt><trkpt lat="46.77758030407131" lon="8.019540243316442"><ele>1452.5199890136719</ele></trkpt><trkpt lat="46.77762030437589" lon="8.019740243442357"><ele>1454.6999816894531</ele></trkpt><trkpt lat="46.77765030460432" lon="8.019840243738145"><ele>1455.97998046875</ele></trkpt><trkpt lat="46.77767030475661" lon="8.01987024396658"><ele>1456.489990234375</ele></trkpt><trkpt lat="46.777700304985046" lon="8.019900244195014"><ele>1457.2099914550781</ele></trkpt><trkpt lat="46.77773030474782" lon="8.019920243881643"><ele>1457.7899780273438</ele></trkpt><trkpt lat="46.77787030534819" lon="8.019950244575739"><ele>1460.4299926757812</ele></trkpt><trkpt lat="46.77796030603349" lon="8.020000244956464"><ele>1462.2599792480469</ele></trkpt><trkpt lat="46.7780203060247" lon="8.020030245184898"><ele>1463.6699829101562</ele></trkpt><trkpt lat="46.778090306557715" lon="8.020090245176107"><ele>1465.0799865722656</ele></trkpt><trkpt lat="46.77812030678615" lon="8.020140245556831"><ele>1465.9099731445312</ele></trkpt><trkpt lat="46.77817030670121" lon="8.02022024570033"><ele>1467.219970703125</ele></trkpt><trkpt lat="46.7781903068535" lon="8.020230245776474"><ele>1467.6999816894531</ele></trkpt><trkpt lat="46.77822030708194" lon="8.020230245776474"><ele>1468.1499938964844</ele></trkpt><trkpt lat="46.77825030731037" lon="8.02022024570033"><ele>1468.8699951171875</ele></trkpt><trkpt lat="46.77828030753881" lon="8.020180245861411"><ele>1469.5199890136719</ele></trkpt><trkpt lat="46.77831030730158" lon="8.020200246013701"><ele>1470.2599792480469</ele></trkpt><trkpt lat="46.77837030775845" lon="8.020200246479362"><ele>1472.0199890136719</ele></trkpt><trkpt lat="46.77851030835882" lon="8.020250246860087"><ele>1474.489990234375</ele></trkpt><trkpt lat="46.7785503086634" lon="8.020270247012377"><ele>1475.1499938964844</ele></trkpt><trkpt lat="46.77859030896798" lon="8.020310247316957"><ele>1476.5799865722656</ele></trkpt><trkpt lat="46.77864030888304" lon="8.020320247393101"><ele>1477.6199951171875</ele></trkpt><trkpt lat="46.77868030918762" lon="8.020300247240812"><ele>1478.3499755859375</ele></trkpt><trkpt lat="46.778750309254974" lon="8.020260247401893"><ele>1479.239990234375</ele></trkpt><trkpt lat="46.778770309407264" lon="8.020260247401893"><ele>1479.4599914550781</ele></trkpt><trkpt lat="46.778770309407264" lon="8.020260247401893"><ele>1479.469970703125</ele></trkpt><trkpt lat="46.7788003096357" lon="8.020280247554183"><ele>1479.8599853515625</ele></trkpt><trkpt lat="46.7788003096357" lon="8.020290247630328"><ele>1479.739990234375</ele></trkpt><trkpt lat="46.778810309711844" lon="8.020310247782618"><ele>1479.8299865722656</ele></trkpt><trkpt lat="46.77882030932233" lon="8.020330247469246"><ele>1479.7999877929688</ele></trkpt><trkpt lat="46.77881030924618" lon="8.0204002475366"><ele>1479.6099853515625</ele></trkpt><trkpt lat="46.77881030924618" lon="8.020430247765034"><ele>1479.72998046875</ele></trkpt><trkpt lat="46.77882030932233" lon="8.020470247603953"><ele>1479.97998046875</ele></trkpt><trkpt lat="46.77883030939847" lon="8.020500247832388"><ele>1480.5399780273438</ele></trkpt><trkpt lat="46.77888031024486" lon="8.02061024820432"><ele>1482.469970703125</ele></trkpt><trkpt lat="46.77893031015992" lon="8.020690248347819"><ele>1484.2999877929688</ele></trkpt><trkpt lat="46.77894031070173" lon="8.020730248652399"><ele>1485.0899963378906</ele></trkpt><trkpt lat="46.77895031077787" lon="8.020780248567462"><ele>1486.2599792480469</ele></trkpt><trkpt lat="46.77895031077787" lon="8.020820248872042"><ele>1486.969970703125</ele></trkpt><trkpt lat="46.778950311243534" lon="8.020840249024332"><ele>1487.5099792480469</ele></trkpt><trkpt lat="46.778950311243534" lon="8.020870248787105"><ele>1487.9399719238281</ele></trkpt><trkpt lat="46.778970311395824" lon="8.02090024901554"><ele>1488.9299926757812</ele></trkpt><trkpt lat="46.77898031147197" lon="8.020910249091685"><ele>1489.2099914550781</ele></trkpt><trkpt lat="46.77898031147197" lon="8.020970249548554"><ele>1489.8499755859375</ele></trkpt><trkpt lat="46.778990311548114" lon="8.021020249463618"><ele>1490.0999755859375</ele></trkpt><trkpt lat="46.779010311700404" lon="8.021080249454826"><ele>1490.6299743652344</ele></trkpt><trkpt lat="46.779030311852694" lon="8.021120249293745"><ele>1491.0199890136719</ele></trkpt><trkpt lat="46.77908031223342" lon="8.021220249589533"><ele>1492.4199829101562</ele></trkpt><trkpt lat="46.77911031199619" lon="8.021260249894112"><ele>1492.9299926757812</ele></trkpt><trkpt lat="46.77914031222463" lon="8.021290250122547"><ele>1493.47998046875</ele></trkpt><trkpt lat="46.77923031244427" lon="8.02134025003761"><ele>1494.6299743652344</ele></trkpt><trkpt lat="46.779240312520415" lon="8.0213602501899"><ele>1494.8899841308594</ele></trkpt><trkpt lat="46.77930031251162" lon="8.021440250333399"><ele>1495.5499877929688</ele></trkpt><trkpt lat="46.77931031258777" lon="8.021460250485688"><ele>1495.5999755859375</ele></trkpt><trkpt lat="46.77933031274006" lon="8.021540250163525"><ele>1495.97998046875</ele></trkpt><trkpt lat="46.7793403128162" lon="8.021620250772685"><ele>1497.25</ele></trkpt><trkpt lat="46.779360313434154" lon="8.021700250916183"><ele>1498.1799926757812</ele></trkpt><trkpt lat="46.77939031319693" lon="8.021750250831246"><ele>1498.8599853515625</ele></trkpt><trkpt lat="46.77940031327307" lon="8.021770250983536"><ele>1499.1499938964844</ele></trkpt><trkpt lat="46.77943031350151" lon="8.021770250983536"><ele>1499.5</ele></trkpt><trkpt lat="46.7794503136538" lon="8.021770250983536"><ele>1499.8299865722656</ele></trkpt><trkpt lat="46.77950031356886" lon="8.021790251135826"><ele>1500.3599853515625</ele></trkpt><trkpt lat="46.779510313645005" lon="8.0218202508986"><ele>1500.4299926757812</ele></trkpt><trkpt lat="46.77958031417802" lon="8.021960251498967"><ele>1501.7799987792969</ele></trkpt><trkpt lat="46.77960031433031" lon="8.022020251490176"><ele>1502.5599975585938</ele></trkpt><trkpt lat="46.779610314406455" lon="8.02203025156632"><ele>1502.8699951171875</ele></trkpt><trkpt lat="46.7796203144826" lon="8.022100251633674"><ele>1503.6599731445312</ele></trkpt><trkpt lat="46.779630314558744" lon="8.022160251624882"><ele>1504.5999755859375</ele></trkpt><trkpt lat="46.77968031540513" lon="8.022310252301395"><ele>1507.7899780273438</ele></trkpt><trkpt lat="46.779710315633565" lon="8.022380252368748"><ele>1509.3599853515625</ele></trkpt><trkpt lat="46.77978031616658" lon="8.022460252977908"><ele>1511.5099792480469</ele></trkpt><trkpt lat="46.77984031615779" lon="8.022530253045261"><ele>1513.25</ele></trkpt><trkpt lat="46.77986031631008" lon="8.022560253273696"><ele>1513.9099731445312</ele></trkpt><trkpt lat="46.77992031676695" lon="8.022670253645629"><ele>1516.1199951171875</ele></trkpt><trkpt lat="46.78000031737611" lon="8.022800254169852"><ele>1518.969970703125</ele></trkpt><trkpt lat="46.78003031760454" lon="8.022870254237205"><ele>1520.5</ele></trkpt><trkpt lat="46.780080317985266" lon="8.022980254609138"><ele>1522.0499877929688</ele></trkpt><trkpt lat="46.78009031806141" lon="8.023040254600346"><ele>1522.8499755859375</ele></trkpt><trkpt lat="46.78010031860322" lon="8.0231102546677"><ele>1523.47998046875</ele></trkpt><trkpt lat="46.78009031852707" lon="8.023160255048424"><ele>1524.1499938964844</ele></trkpt><trkpt lat="46.7800603187643" lon="8.023190255276859"><ele>1524.6899719238281</ele></trkpt><trkpt lat="46.780030319001526" lon="8.023200255353004"><ele>1525.6199951171875</ele></trkpt><trkpt lat="46.77998031908646" lon="8.023250255268067"><ele>1526.9299926757812</ele></trkpt><trkpt lat="46.77998031908646" lon="8.023270255420357"><ele>1527.1399841308594</ele></trkpt><trkpt lat="46.77998031908646" lon="8.023280255496502"><ele>1527.2999877929688</ele></trkpt><trkpt lat="46.7800103193149" lon="8.023290255572647"><ele>1527.9199829101562</ele></trkpt><trkpt lat="46.78008031984791" lon="8.023280255962163"><ele>1529.75</ele></trkpt><trkpt lat="46.78009031992406" lon="8.023290256038308"><ele>1530.0299987792969</ele></trkpt><trkpt lat="46.78012031968683" lon="8.023320256266743"><ele>1530.9599914550781</ele></trkpt><trkpt lat="46.780150319915265" lon="8.023330256342888"><ele>1531.75</ele></trkpt><trkpt lat="46.780170320067555" lon="8.023320256266743"><ele>1532.3199768066406</ele></trkpt><trkpt lat="46.780190320219845" lon="8.023310256190598"><ele>1532.8199768066406</ele></trkpt><trkpt lat="46.78020032029599" lon="8.02331025665626"><ele>1533.1799926757812</ele></trkpt><trkpt lat="46.78030032105744" lon="8.02331025665626"><ele>1535.6499938964844</ele></trkpt><trkpt lat="46.78036032104865" lon="8.023320257198066"><ele>1537.5599975585938</ele></trkpt><trkpt lat="46.78038032120094" lon="8.023320257198066"><ele>1538.2599792480469</ele></trkpt><trkpt lat="46.78042032150552" lon="8.023320257663727"><ele>1539.5899963378906</ele></trkpt><trkpt lat="46.78044032165781" lon="8.023330257739872"><ele>1540.2999877929688</ele></trkpt><trkpt lat="46.78045032173395" lon="8.023340257816017"><ele>1540.8299865722656</ele></trkpt><trkpt lat="46.7804603218101" lon="8.023350257892162"><ele>1541.1999816894531</ele></trkpt><trkpt lat="46.78046032227576" lon="8.023360257968307"><ele>1541.4099731445312</ele></trkpt><trkpt lat="46.78043032204732" lon="8.02339025773108"><ele>1542.3599853515625</ele></trkpt><trkpt lat="46.780430322512984" lon="8.023400257807225"><ele>1542.6399841308594</ele></trkpt><trkpt lat="46.780430322512984" lon="8.02341025788337"><ele>1542.7799987792969</ele></trkpt><trkpt lat="46.78045032219961" lon="8.023420257959515"><ele>1543.1899719238281</ele></trkpt><trkpt lat="46.78050032258034" lon="8.023410258349031"><ele>1544.6999816894531</ele></trkpt><trkpt lat="46.78050032258034" lon="8.023420258425176"><ele>1544.9599914550781</ele></trkpt><trkpt lat="46.780490322969854" lon="8.023450258653611"><ele>1545.75</ele></trkpt><trkpt lat="46.780500323046" lon="8.023460258729756"><ele>1545.9099731445312</ele></trkpt><trkpt lat="46.780530323274434" lon="8.0234702588059"><ele>1546.8999938964844</ele></trkpt><trkpt lat="46.780530323274434" lon="8.0234702588059"><ele>1547.1299743652344</ele></trkpt><trkpt lat="46.780530323274434" lon="8.023500258568674"><ele>1547.6599731445312</ele></trkpt><trkpt lat="46.78054032335058" lon="8.023500259034336"><ele>1548.0899963378906</ele></trkpt><trkpt lat="46.78056032350287" lon="8.02351025911048"><ele>1548.5999755859375</ele></trkpt><trkpt lat="46.78057032357901" lon="8.02353025879711"><ele>1548.9199829101562</ele></trkpt><trkpt lat="46.78058032365516" lon="8.023570259101689"><ele>1549.7999877929688</ele></trkpt><trkpt lat="46.78060032380745" lon="8.023640259169042"><ele>1551.1399841308594</ele></trkpt><trkpt lat="46.78064032411203" lon="8.023700259625912"><ele>1552.25</ele></trkpt><trkpt lat="46.78065032418817" lon="8.023720259778202"><ele>1552.6699829101562</ele></trkpt><trkpt lat="46.78064032457769" lon="8.023750259540975"><ele>1553.47998046875</ele></trkpt><trkpt lat="46.78064032457769" lon="8.023790259845555"><ele>1554.239990234375</ele></trkpt><trkpt lat="46.78068032488227" lon="8.02384026022628"><ele>1555.4499816894531</ele></trkpt><trkpt lat="46.780730325262994" lon="8.023870260454714"><ele>1556.97998046875</ele></trkpt><trkpt lat="46.78075032541528" lon="8.023870260454714"><ele>1557.3799743652344</ele></trkpt><trkpt lat="46.78077032556757" lon="8.023830260615796"><ele>1558.0899963378906</ele></trkpt><trkpt lat="46.78081032587215" lon="8.023830260615796"><ele>1559.22998046875</ele></trkpt><trkpt lat="46.78083032555878" lon="8.02384026069194"><ele>1559.72998046875</ele></trkpt><trkpt lat="46.78085032571107" lon="8.02386026084423"><ele>1560.2599792480469</ele></trkpt><trkpt lat="46.78087032586336" lon="8.02386026084423"><ele>1561.2099914550781</ele></trkpt><trkpt lat="46.78087032632902" lon="8.02386026084423"><ele>1561.3299865722656</ele></trkpt><trkpt lat="46.780880325939506" lon="8.023870260920376"><ele>1561.5899963378906</ele></trkpt><trkpt lat="46.78089032648131" lon="8.023930261377245"><ele>1562.5699768066406</ele></trkpt><trkpt lat="46.780940326396376" lon="8.023980261292309"><ele>1563.6099853515625</ele></trkpt><trkpt lat="46.780960326548666" lon="8.023990261368454"><ele>1564.3399963378906</ele></trkpt><trkpt lat="46.78097032662481" lon="8.024010261520743"><ele>1564.5999755859375</ele></trkpt><trkpt lat="46.78097032709047" lon="8.024040261749178"><ele>1565.0399780273438</ele></trkpt><trkpt lat="46.78097032709047" lon="8.024100261740386"><ele>1565.6599731445312</ele></trkpt><trkpt lat="46.78099032724276" lon="8.024140262044966"><ele>1566.3599853515625</ele></trkpt><trkpt lat="46.78100032731891" lon="8.024160261731595"><ele>1566.6999816894531</ele></trkpt><trkpt lat="46.78101032739505" lon="8.024130261968821"><ele>1567.1399841308594</ele></trkpt><trkpt lat="46.78100032731891" lon="8.024160261731595"><ele>1566.6999816894531</ele></trkpt><trkpt lat="46.78101032739505" lon="8.02419026196003"><ele>1566.7799987792969</ele></trkpt><trkpt lat="46.7810203274712" lon="8.024220262188464"><ele>1567.0299987792969</ele></trkpt><trkpt lat="46.7810203274712" lon="8.024310262408108"><ele>1568.5499877929688</ele></trkpt><trkpt lat="46.78105032769963" lon="8.024410262238234"><ele>1569.7799987792969</ele></trkpt><trkpt lat="46.781080327928066" lon="8.024520262610167"><ele>1571.1399841308594</ele></trkpt><trkpt lat="46.78117032907903" lon="8.02486026333645"><ele>1575.0299987792969</ele></trkpt><trkpt lat="46.78117032907903" lon="8.024950263556093"><ele>1576.2799987792969</ele></trkpt><trkpt lat="46.78118032915518" lon="8.025020263623446"><ele>1577.3899841308594</ele></trkpt><trkpt lat="46.78120032977313" lon="8.02511026384309"><ele>1579.1899719238281</ele></trkpt><trkpt lat="46.78123033000156" lon="8.025200264062732"><ele>1580.739990234375</ele></trkpt><trkpt lat="46.78126033023" lon="8.02530026435852"><ele>1581.0</ele></trkpt><trkpt lat="46.78127033030614" lon="8.025420264340937"><ele>1581.8699951171875</ele></trkpt><trkpt lat="46.78130033053458" lon="8.025470264721662"><ele>1582.3899841308594</ele></trkpt><trkpt lat="46.78133033029735" lon="8.02551026456058"><ele>1582.97998046875</ele></trkpt><trkpt lat="46.78135033044964" lon="8.02553026471287"><ele>1583.1399841308594</ele></trkpt><trkpt lat="46.78135033044964" lon="8.025550264399499"><ele>1583.1499938964844</ele></trkpt><trkpt lat="46.78135033044964" lon="8.025580264627934"><ele>1583.1399841308594</ele></trkpt><trkpt lat="46.781340330373496" lon="8.025630264542997"><ele>1583.22998046875</ele></trkpt><trkpt lat="46.781340330373496" lon="8.025670264381915"><ele>1582.5999755859375</ele></trkpt><trkpt lat="46.78133033029735" lon="8.025710264686495"><ele>1582.489990234375</ele></trkpt><trkpt lat="46.78132033068687" lon="8.02572026476264"><ele>1582.8199768066406</ele></trkpt><trkpt lat="46.78132033068687" lon="8.025800264440477"><ele>1583.1699829101562</ele></trkpt><trkpt lat="46.78130033053458" lon="8.025960264727473"><ele>1583.3799743652344</ele></trkpt><trkpt lat="46.78128033038229" lon="8.026110264472663"><ele>1583.0899963378906</ele></trkpt><trkpt lat="46.781270330771804" lon="8.026180264540017"><ele>1583.4099731445312</ele></trkpt><trkpt lat="46.781270330771804" lon="8.026220264844596"><ele>1583.6899719238281</ele></trkpt><trkpt lat="46.78128033084795" lon="8.02627026475966"><ele>1584.1199951171875</ele></trkpt><trkpt lat="46.78130033100024" lon="8.026340264827013"><ele>1584.5599975585938</ele></trkpt><trkpt lat="46.78130033100024" lon="8.026370265055448"><ele>1584.8599853515625</ele></trkpt><trkpt lat="46.78130033100024" lon="8.026420264970511"><ele>1584.6399841308594</ele></trkpt><trkpt lat="46.78128033084795" lon="8.02646026480943"><ele>1584.8599853515625</ele></trkpt><trkpt lat="46.78126033116132" lon="8.026470264885575"><ele>1585.7799987792969</ele></trkpt><trkpt lat="46.78122033085674" lon="8.02650026511401"><ele>1584.989990234375</ele></trkpt><trkpt lat="46.78120033117011" lon="8.026490265037864"><ele>1585.1799926757812</ele></trkpt><trkpt lat="46.78117033094168" lon="8.026430265046656"><ele>1585.6699829101562</ele></trkpt><trkpt lat="46.78115033125505" lon="8.026360264979303"><ele>1585.5299987792969</ele></trkpt><trkpt lat="46.781140331178904" lon="8.026350264903158"><ele>1585.5899963378906</ele></trkpt><trkpt lat="46.780970331747085" lon="8.02616026578471"><ele>1589.2999877929688</ele></trkpt><trkpt lat="46.78092033229768" lon="8.026110265869647"><ele>1590.6699829101562</ele></trkpt><trkpt lat="46.78090033214539" lon="8.026110265869647"><ele>1591.1299743652344</ele></trkpt><trkpt lat="46.78089033206925" lon="8.026130266021937"><ele>1591.3599853515625</ele></trkpt><trkpt lat="46.78090033214539" lon="8.026160266250372"><ele>1591.6099853515625</ele></trkpt><trkpt lat="46.78093033237383" lon="8.02624026639387"><ele>1592.7799987792969</ele></trkpt><trkpt lat="46.78095033299178" lon="8.026350266765803"><ele>1594.8099975585938</ele></trkpt><trkpt lat="46.78097033314407" lon="8.02647026674822"><ele>1596.47998046875</ele></trkpt><trkpt lat="46.7810003333725" lon="8.026560266967863"><ele>1597.7699890136719</ele></trkpt><trkpt lat="46.78105033375323" lon="8.026670267339796"><ele>1599.5899963378906</ele></trkpt><trkpt lat="46.78109033405781" lon="8.026750267483294"><ele>1601.2899780273438</ele></trkpt><trkpt lat="46.78111033467576" lon="8.026820268016309"><ele>1602.6299743652344</ele></trkpt><trkpt lat="46.781140334904194" lon="8.026890268083662"><ele>1604.2599792480469</ele></trkpt><trkpt lat="46.78115033498034" lon="8.026930268388242"><ele>1605.0599975585938</ele></trkpt><trkpt lat="46.781160335522145" lon="8.027000268455595"><ele>1607.1799926757812</ele></trkpt><trkpt lat="46.78117033559829" lon="8.02707026898861"><ele>1609.1099853515625</ele></trkpt><trkpt lat="46.78119033621624" lon="8.027150269132107"><ele>1610.1499938964844</ele></trkpt><trkpt lat="46.78121033636853" lon="8.027190269436687"><ele>1611.4499816894531</ele></trkpt><trkpt lat="46.781240336596966" lon="8.027250269427896"><ele>1612.469970703125</ele></trkpt><trkpt lat="46.781360337045044" lon="8.027430269867182"><ele>1615.0899963378906</ele></trkpt><trkpt lat="46.78141033742577" lon="8.02749026985839"><ele>1616.1899719238281</ele></trkpt><trkpt lat="46.78145033726469" lon="8.027570270001888"><ele>1617.0299987792969</ele></trkpt><trkpt lat="46.78148033749312" lon="8.027660270221531"><ele>1617.8599853515625</ele></trkpt><trkpt lat="46.78149033756927" lon="8.027720270678401"><ele>1618.5199890136719</ele></trkpt><trkpt lat="46.78148033795878" lon="8.027840270660818"><ele>1620.0199890136719</ele></trkpt><trkpt lat="46.781480338424444" lon="8.027920270804316"><ele>1621.0299987792969</ele></trkpt><trkpt lat="46.781460338737816" lon="8.028050271328539"><ele>1622.9399719238281</ele></trkpt><trkpt lat="46.78145033912733" lon="8.028150271624327"><ele>1625.1099853515625</ele></trkpt><trkpt lat="46.78145033912733" lon="8.028210271615535"><ele>1625.5099792480469</ele></trkpt><trkpt lat="46.78146033920348" lon="8.028270271606743"><ele>1626.3099975585938</ele></trkpt><trkpt lat="46.78150033997372" lon="8.028500272426754"><ele>1629.2099914550781</ele></trkpt><trkpt lat="46.78150033997372" lon="8.028590272180736"><ele>1630.239990234375</ele></trkpt><trkpt lat="46.78150034043938" lon="8.028630272485316"><ele>1630.6899719238281</ele></trkpt><trkpt lat="46.78150034043938" lon="8.028710272628814"><ele>1631.1699829101562</ele></trkpt><trkpt lat="46.78150034043938" lon="8.028820273000747"><ele>1632.8999938964844</ele></trkpt><trkpt lat="46.78147034114227" lon="8.028900273144245"><ele>1634.1099853515625</ele></trkpt><trkpt lat="46.78145034145564" lon="8.029000273440033"><ele>1635.6999816894531</ele></trkpt><trkpt lat="46.78143034130335" lon="8.029040273278952"><ele>1636.1799926757812</ele></trkpt><trkpt lat="46.78138034185395" lon="8.029130273498595"><ele>1637.8499755859375</ele></trkpt><trkpt lat="46.7813703417778" lon="8.029190273955464"><ele>1638.8299865722656</ele></trkpt><trkpt lat="46.78138034231961" lon="8.029270274098963"><ele>1639.969970703125</ele></trkpt><trkpt lat="46.7814003424719" lon="8.029320274014026"><ele>1641.0899963378906</ele></trkpt><trkpt lat="46.7814003424719" lon="8.029340274166316"><ele>1641.4599914550781</ele></trkpt><trkpt lat="46.78139034239575" lon="8.029380274470896"><ele>1642.3899841308594</ele></trkpt><trkpt lat="46.78136034309864" lon="8.029480274766684"><ele>1644.1699829101562</ele></trkpt><trkpt lat="46.78130034357309" lon="8.02962027490139"><ele>1646.2899780273438</ele></trkpt><trkpt lat="46.78125034365803" lon="8.029700275044888"><ele>1647.47998046875</ele></trkpt><trkpt lat="46.78120034420863" lon="8.029790275730193"><ele>1649.25</ele></trkpt><trkpt lat="46.78120034420863" lon="8.029850275721401"><ele>1650.2699890136719</ele></trkpt><trkpt lat="46.78116034436971" lon="8.029900275636464"><ele>1651.2099914550781</ele></trkpt><trkpt lat="46.78116034436971" lon="8.029940275941044"><ele>1651.8199768066406</ele></trkpt><trkpt lat="46.781170344445854" lon="8.030000275932252"><ele>1652.6299743652344</ele></trkpt><trkpt lat="46.78116034483537" lon="8.030010276008397"><ele>1653.0399780273438</ele></trkpt><trkpt lat="46.7811303450726" lon="8.030040276236832"><ele>1653.8099975585938</ele></trkpt><trkpt lat="46.7811303450726" lon="8.030080276541412"><ele>1654.3399963378906</ele></trkpt><trkpt lat="46.78114034514874" lon="8.030130276456475"><ele>1655.1699829101562</ele></trkpt><trkpt lat="46.78113034553826" lon="8.0301802768372"><ele>1656.9499816894531</ele></trkpt><trkpt lat="46.780990346800536" lon="8.0304302778095"><ele>1662.3599853515625</ele></trkpt><trkpt lat="46.78096034703776" lon="8.030490277800709"><ele>1663.6699829101562</ele></trkpt><trkpt lat="46.780920347198844" lon="8.030560278333724"><ele>1665.3399963378906</ele></trkpt><trkpt lat="46.780900347512215" lon="8.030580278020352"><ele>1665.7899780273438</ele></trkpt><trkpt lat="46.780880347359926" lon="8.030620278324932"><ele>1666.5</ele></trkpt><trkpt lat="46.78087034774944" lon="8.030660278629512"><ele>1667.2999877929688</ele></trkpt><trkpt lat="46.78087034774944" lon="8.030690278392285"><ele>1667.7699890136719</ele></trkpt><trkpt lat="46.78088034829125" lon="8.030800278764218"><ele>1670.0199890136719</ele></trkpt><trkpt lat="46.78088034829125" lon="8.030830278992653"><ele>1670.2599792480469</ele></trkpt><trkpt lat="46.7808703482151" lon="8.030860279221088"><ele>1670.5299987792969</ele></trkpt><trkpt lat="46.780850348528475" lon="8.030900279060006"><ele>1670.8499755859375</ele></trkpt><trkpt lat="46.780830348376185" lon="8.030910279136151"><ele>1671.0199890136719</ele></trkpt><trkpt lat="46.78082034830004" lon="8.030910279136151"><ele>1671.0999755859375</ele></trkpt><trkpt lat="46.78078034892678" lon="8.03101027943194"><ele>1672.8399963378906</ele></trkpt><trkpt lat="46.780740349087864" lon="8.031100279651582"><ele>1673.969970703125</ele></trkpt><trkpt lat="46.780720348935574" lon="8.031130279880017"><ele>1674.6999816894531</ele></trkpt><trkpt lat="46.780720349401236" lon="8.031170279718935"><ele>1675.3199768066406</ele></trkpt><trkpt lat="46.78073034947738" lon="8.031190279871225"><ele>1675.719970703125</ele></trkpt><trkpt lat="46.78073034947738" lon="8.031210280023515"><ele>1676.2099914550781</ele></trkpt><trkpt lat="46.78071034932509" lon="8.031230280175805"><ele>1676.6999816894531</ele></trkpt><trkpt lat="46.78069034963846" lon="8.031270280014724"><ele>1677.1899719238281</ele></trkpt><trkpt lat="46.78068034956232" lon="8.031290280167013"><ele>1677.9199829101562</ele></trkpt><trkpt lat="46.78068035002798" lon="8.031320280395448"><ele>1678.4599914550781</ele></trkpt><trkpt lat="46.78067034995183" lon="8.031350280623883"><ele>1679.2699890136719</ele></trkpt><trkpt lat="46.78066035034135" lon="8.031400280538946"><ele>1680.0</ele></trkpt><trkpt lat="46.78066035034135" lon="8.031410280615091"><ele>1680.0599975585938</ele></trkpt><trkpt lat="46.780670350417495" lon="8.031410280615091"><ele>1680.22998046875</ele></trkpt><trkpt lat="46.78068035049364" lon="8.031410280615091"><ele>1680.3999938964844</ele></trkpt><trkpt lat="46.78072035079822" lon="8.031360280700028"><ele>1681.7599792480469</ele></trkpt><trkpt lat="46.78077035071328" lon="8.031330280937254"><ele>1683.0699768066406</ele></trkpt><trkpt lat="46.78078035078943" lon="8.031310281250626"><ele>1683.5799865722656</ele></trkpt><trkpt lat="46.78079035086557" lon="8.031300281174481"><ele>1683.7599792480469</ele></trkpt><trkpt lat="46.78081035101786" lon="8.031290281098336"><ele>1684.0999755859375</ele></trkpt><trkpt lat="46.78083035117015" lon="8.031280281487852"><ele>1684.47998046875</ele></trkpt><trkpt lat="46.7808403512463" lon="8.031270281411707"><ele>1684.9399719238281</ele></trkpt><trkpt lat="46.78086035139859" lon="8.031250281259418"><ele>1685.2099914550781</ele></trkpt><trkpt lat="46.78087035147473" lon="8.031240281648934"><ele>1685.6099853515625</ele></trkpt><trkpt lat="46.78089035162702" lon="8.031230281572789"><ele>1686.239990234375</ele></trkpt><trkpt lat="46.78091035177931" lon="8.03121028188616"><ele>1687.1099853515625</ele></trkpt><trkpt lat="46.78091035177931" lon="8.03121028188616"><ele>1687.3699951171875</ele></trkpt><trkpt lat="46.78092035185546" lon="8.03121028188616"><ele>1687.5499877929688</ele></trkpt><trkpt lat="46.7809303519316" lon="8.031220281962305"><ele>1687.7699890136719</ele></trkpt><trkpt lat="46.7809303519316" lon="8.03123028203845"><ele>1688.3399963378906</ele></trkpt><trkpt lat="46.7809303519316" lon="8.03125028219074"><ele>1688.7799987792969</ele></trkpt><trkpt lat="46.78092035232112" lon="8.031300282105803"><ele>1689.8199768066406</ele></trkpt><trkpt lat="46.780910352710634" lon="8.031400282401592"><ele>1692.5999755859375</ele></trkpt><trkpt lat="46.780910353176296" lon="8.031470282934606"><ele>1694.3899841308594</ele></trkpt><trkpt lat="46.78090035310015" lon="8.031510282773525"><ele>1694.7899780273438</ele></trkpt><trkpt lat="46.78089035348967" lon="8.031570283230394"><ele>1695.5499877929688</ele></trkpt><trkpt lat="46.78089035348967" lon="8.031620283145458"><ele>1696.1399841308594</ele></trkpt><trkpt lat="46.780860353726894" lon="8.031660283450037"><ele>1696.6499938964844</ele></trkpt><trkpt lat="46.78085035365075" lon="8.0317102833651"><ele>1697.22998046875</ele></trkpt><trkpt lat="46.780840353574604" lon="8.031750283204019"><ele>1697.2899780273438</ele></trkpt><trkpt lat="46.78083035396412" lon="8.031760283280164"><ele>1697.4599914550781</ele></trkpt><trkpt lat="46.78081035381183" lon="8.031790283508599"><ele>1697.6999816894531</ele></trkpt><trkpt lat="46.780800353735685" lon="8.031820283737034"><ele>1698.239990234375</ele></trkpt><trkpt lat="46.78080035420135" lon="8.031860283575952"><ele>1698.7599792480469</ele></trkpt><trkpt lat="46.7807903541252" lon="8.031890283804387"><ele>1699.3299865722656</ele></trkpt><trkpt lat="46.78080035420135" lon="8.031900283880532"><ele>1699.8699951171875</ele></trkpt><trkpt lat="46.78081035427749" lon="8.031910283956677"><ele>1700.469970703125</ele></trkpt><trkpt lat="46.78083035442978" lon="8.031910283956677"><ele>1701.0999755859375</ele></trkpt><trkpt lat="46.780860354658216" lon="8.031900284346193"><ele>1702.1799926757812</ele></trkpt><trkpt lat="46.780880354810506" lon="8.031890284270048"><ele>1702.3999938964844</ele></trkpt><trkpt lat="46.780900354962796" lon="8.031870284117758"><ele>1702.9199829101562</ele></trkpt><trkpt lat="46.780920355115086" lon="8.031810284592211"><ele>1703.75</ele></trkpt><trkpt lat="46.78093035519123" lon="8.031790284439921"><ele>1704.1099853515625</ele></trkpt><trkpt lat="46.781000355724245" lon="8.03174028499052"><ele>1706.239990234375</ele></trkpt><trkpt lat="46.781060356181115" lon="8.031650285236537"><ele>1708.2099914550781</ele></trkpt><trkpt lat="46.78108035586774" lon="8.031640285160393"><ele>1708.75</ele></trkpt><trkpt lat="46.78115035640076" lon="8.031540285795927"><ele>1710.969970703125</ele></trkpt><trkpt lat="46.78118035662919" lon="8.031490285880864"><ele>1711.6499938964844</ele></trkpt><trkpt lat="46.78122035693377" lon="8.031390286050737"><ele>1712.6799926757812</ele></trkpt><trkpt lat="46.78124035708606" lon="8.031350285746157"><ele>1713.0899963378906</ele></trkpt><trkpt lat="46.78125035716221" lon="8.031350285746157"><ele>1713.1599731445312</ele></trkpt><trkpt lat="46.78126035677269" lon="8.031350286211818"><ele>1713.2899780273438</ele></trkpt><trkpt lat="46.78126035723835" lon="8.031370285898447"><ele>1713.4199829101562</ele></trkpt><trkpt lat="46.78125035716221" lon="8.031440286431462"><ele>1715.1899719238281</ele></trkpt><trkpt lat="46.78125035762787" lon="8.03150028642267"><ele>1716.3899841308594</ele></trkpt><trkpt lat="46.781220357865095" lon="8.031630286946893"><ele>1717.97998046875</ele></trkpt><trkpt lat="46.781220357865095" lon="8.031650286633521"><ele>1718.3199768066406</ele></trkpt><trkpt lat="46.7812303584069" lon="8.031720287166536"><ele>1719.9499816894531</ele></trkpt><trkpt lat="46.7812303584069" lon="8.031760287005454"><ele>1720.7999877929688</ele></trkpt><trkpt lat="46.78122035879642" lon="8.031820287462324"><ele>1721.3099975585938</ele></trkpt><trkpt lat="46.78121035872027" lon="8.031870287377387"><ele>1722.0999755859375</ele></trkpt><trkpt lat="46.781190359033644" lon="8.031910287681967"><ele>1723.5299987792969</ele></trkpt><trkpt lat="46.781190359499305" lon="8.031960288062692"><ele>1724.8399963378906</ele></trkpt><trkpt lat="46.781190359499305" lon="8.031990288291126"><ele>1725.9399719238281</ele></trkpt><trkpt lat="46.78118035988882" lon="8.032030288130045"><ele>1726.9499816894531</ele></trkpt><trkpt lat="46.78118035988882" lon="8.032070288434625"><ele>1728.0199890136719</ele></trkpt><trkpt lat="46.78118036035448" lon="8.032120288349688"><ele>1729.0399780273438</ele></trkpt><trkpt lat="46.78116036020219" lon="8.032180288806558"><ele>1729.97998046875</ele></trkpt><trkpt lat="46.78115036059171" lon="8.032260288950056"><ele>1731.0899963378906</ele></trkpt><trkpt lat="46.78115036105737" lon="8.032330289017409"><ele>1732.2999877929688</ele></trkpt><trkpt lat="46.78115036105737" lon="8.032450289465487"><ele>1734.3099975585938</ele></trkpt><trkpt lat="46.78116036159918" lon="8.032530289608985"><ele>1735.489990234375</ele></trkpt><trkpt lat="46.78116036206484" lon="8.032610289752483"><ele>1737.3499755859375</ele></trkpt><trkpt lat="46.781150362454355" lon="8.032710290048271"><ele>1739.1099853515625</ele></trkpt><trkpt lat="46.781150362454355" lon="8.03279029065743"><ele>1740.469970703125</ele></trkpt><trkpt lat="46.781150362920016" lon="8.032870290800929"><ele>1741.6099853515625</ele></trkpt><trkpt lat="46.78114036284387" lon="8.032920290715992"><ele>1742.6399841308594</ele></trkpt><trkpt lat="46.78113036323339" lon="8.032950290944427"><ele>1742.8599853515625</ele></trkpt><trkpt lat="46.7811103630811" lon="8.0329802907072"><ele>1743.22998046875</ele></trkpt><trkpt lat="46.781080363318324" lon="8.033050291240215"><ele>1744.0499877929688</ele></trkpt><trkpt lat="46.78103036386892" lon="8.033260291442275"><ele>1746.8799743652344</ele></trkpt><trkpt lat="46.78103036386892" lon="8.03327029151842"><ele>1747.0599975585938</ele></trkpt><trkpt lat="46.78103036386892" lon="8.033280291594565"><ele>1747.2699890136719</ele></trkpt><trkpt lat="46.78104036394507" lon="8.033280291594565"><ele>1747.7999877929688</ele></trkpt><trkpt lat="46.78106036409736" lon="8.033250291831791"><ele>1748.7699890136719</ele></trkpt><trkpt lat="46.78109036432579" lon="8.033210291992873"><ele>1749.5599975585938</ele></trkpt><trkpt lat="46.781180365011096" lon="8.03316029254347"><ele>1752.3399963378906</ele></trkpt><trkpt lat="46.78121036523953" lon="8.033130292315036"><ele>1753.1799926757812</ele></trkpt><trkpt lat="46.781260365620255" lon="8.033100293017924"><ele>1754.9199829101562</ele></trkpt><trkpt lat="46.78133036615327" lon="8.033010293263942"><ele>1757.3799743652344</ele></trkpt><trkpt lat="46.781380366533995" lon="8.032880293671042"><ele>1759.4399719238281</ele></trkpt><trkpt lat="46.78141036629677" lon="8.032780293840915"><ele>1759.97998046875</ele></trkpt><trkpt lat="46.7814403665252" lon="8.03275029361248"><ele>1759.7699890136719</ele></trkpt><trkpt lat="46.78147036628798" lon="8.03275029361248"><ele>1759.7899780273438</ele></trkpt><trkpt lat="46.78148036636412" lon="8.032740293536335"><ele>1760.4399719238281</ele></trkpt><trkpt lat="46.78148036682978" lon="8.032730293925852"><ele>1760.8099975585938</ele></trkpt><trkpt lat="46.78148036682978" lon="8.032690294086933"><ele>1761.489990234375</ele></trkpt><trkpt lat="46.78148036682978" lon="8.032630294095725"><ele>1761.6199951171875</ele></trkpt><trkpt lat="46.78149036690593" lon="8.032610293943435"><ele>1761.6499938964844</ele></trkpt><trkpt lat="46.78151036705822" lon="8.032550293952227"><ele>1762.0899963378906</ele></trkpt><trkpt lat="46.78153036721051" lon="8.032510294113308"><ele>1762.6799926757812</ele></trkpt><trkpt lat="46.78156036743894" lon="8.032480294350535"><ele>1763.5799865722656</ele></trkpt><trkpt lat="46.78162036743015" lon="8.032410294283181"><ele>1765.2999877929688</ele></trkpt><trkpt lat="46.78164036758244" lon="8.032370294444263"><ele>1765.8099975585938</ele></trkpt><trkpt lat="46.781670367810875" lon="8.032310294453055"><ele>1766.5399780273438</ele></trkpt><trkpt lat="46.781710368115455" lon="8.032270294614136"><ele>1767.5699768066406</ele></trkpt><trkpt lat="46.78174036834389" lon="8.032250294927508"><ele>1768.5199890136719</ele></trkpt><trkpt lat="46.78176036849618" lon="8.032240294851363"><ele>1768.989990234375</ele></trkpt><trkpt lat="46.78176036849618" lon="8.032260295003653"><ele>1769.3099975585938</ele></trkpt><trkpt lat="46.781750368420035" lon="8.032310295384377"><ele>1770.2699890136719</ele></trkpt><trkpt lat="46.781730368733406" lon="8.032430295366794"><ele>1771.5799865722656</ele></trkpt><trkpt lat="46.78171036904678" lon="8.032540295738727"><ele>1773.3799743652344</ele></trkpt><trkpt lat="46.78169036936015" lon="8.032660296186805"><ele>1774.8099975585938</ele></trkpt><trkpt lat="46.78168037021533" lon="8.032800296321511"><ele>1777.3499755859375</ele></trkpt><trkpt lat="46.78165037045255" lon="8.032990296836942"><ele>1780.0599975585938</ele></trkpt><trkpt lat="46.78162037115544" lon="8.033100297208875"><ele>1782.0699768066406</ele></trkpt><trkpt lat="46.78160037100315" lon="8.033190297428519"><ele>1783.0399780273438</ele></trkpt><trkpt lat="46.78159037139267" lon="8.03334029763937"><ele>1784.6899719238281</ele></trkpt><trkpt lat="46.781580371782184" lon="8.03336029779166"><ele>1784.9299926757812</ele></trkpt><trkpt lat="46.78155037155375" lon="8.033400297630578"><ele>1785.5099792480469</ele></trkpt><trkpt lat="46.781540371943265" lon="8.033440297935158"><ele>1785.9499816894531</ele></trkpt><trkpt lat="46.78150037210435" lon="8.033550298307091"><ele>1787.3399963378906</ele></trkpt><trkpt lat="46.78150037210435" lon="8.033600298222154"><ele>1787.9499816894531</ele></trkpt><trkpt lat="46.78150037210435" lon="8.03363029845059"><ele>1788.25</ele></trkpt><trkpt lat="46.78149037249386" lon="8.033700298517942"><ele>1789.1899719238281</ele></trkpt><trkpt lat="46.7815203727223" lon="8.033870298881084"><ele>1791.1099853515625</ele></trkpt><trkpt lat="46.78152037318796" lon="8.033920298796147"><ele>1791.8599853515625</ele></trkpt><trkpt lat="46.781530373264104" lon="8.033970299176872"><ele>1792.7599792480469</ele></trkpt><trkpt lat="46.781550373416394" lon="8.03403029916808"><ele>1794.1299743652344</ele></trkpt><trkpt lat="46.78156037349254" lon="8.03405029932037"><ele>1795.0499877929688</ele></trkpt><trkpt lat="46.781590373720974" lon="8.03407029947266"><ele>1796.2699890136719</ele></trkpt><trkpt lat="46.78162037394941" lon="8.034080299548805"><ele>1797.1399841308594</ele></trkpt><trkpt lat="46.78162037394941" lon="8.034080299548805"><ele>1797.1599731445312</ele></trkpt><trkpt lat="46.7816403741017" lon="8.03411029977724"><ele>1796.989990234375</ele></trkpt><trkpt lat="46.7816403741017" lon="8.034140299540013"><ele>1797.0099792480469</ele></trkpt><trkpt lat="46.78163037402555" lon="8.034180299844593"><ele>1797.25</ele></trkpt><trkpt lat="46.781590374186635" lon="8.034290299750865"><ele>1798.5199890136719</ele></trkpt><trkpt lat="46.781590374652296" lon="8.034370299894363"><ele>1799.4599914550781</ele></trkpt><trkpt lat="46.78162037488073" lon="8.034560300409794"><ele>1801.9099731445312</ele></trkpt><trkpt lat="46.781650375109166" lon="8.034680300857872"><ele>1802.8199768066406</ele></trkpt><trkpt lat="46.78170037548989" lon="8.034790300764143"><ele>1804.0</ele></trkpt><trkpt lat="46.781710375566036" lon="8.034830301068723"><ele>1804.6599731445312</ele></trkpt><trkpt lat="46.78172037564218" lon="8.034870300907642"><ele>1804.739990234375</ele></trkpt><trkpt lat="46.78172037564218" lon="8.034900301136076"><ele>1804.6699829101562</ele></trkpt><trkpt lat="46.781710375566036" lon="8.034910301212221"><ele>1804.7999877929688</ele></trkpt><trkpt lat="46.78172037564218" lon="8.03493030089885"><ele>1804.8899841308594</ele></trkpt><trkpt lat="46.78172037564218" lon="8.03495030105114"><ele>1805.239990234375</ele></trkpt><trkpt lat="46.7817103760317" lon="8.035000301431865"><ele>1806.5699768066406</ele></trkpt><trkpt lat="46.78170037595555" lon="8.035040301270783"><ele>1807.4199829101562</ele></trkpt><trkpt lat="46.78171037649736" lon="8.035150301642716"><ele>1809.1299743652344</ele></trkpt><trkpt lat="46.78171037649736" lon="8.03520030202344"><ele>1810.1399841308594</ele></trkpt><trkpt lat="46.781700376886874" lon="8.035210302099586"><ele>1811.1799926757812</ele></trkpt><trkpt lat="46.78165037697181" lon="8.03524030232802"><ele>1812.5699768066406</ele></trkpt><trkpt lat="46.78163037728518" lon="8.035310302395374"><ele>1814.0</ele></trkpt><trkpt lat="46.781630377750844" lon="8.035400302615017"><ele>1815.9499816894531</ele></trkpt><trkpt lat="46.781630378216505" lon="8.035460303071886"><ele>1816.989990234375</ele></trkpt><trkpt lat="46.781610378064215" lon="8.035470303148031"><ele>1817.7799987792969</ele></trkpt><trkpt lat="46.78159037837759" lon="8.035500303376466"><ele>1818.8499755859375</ele></trkpt><trkpt lat="46.78155037853867" lon="8.035500303376466"><ele>1819.239990234375</ele></trkpt><trkpt lat="46.78149037901312" lon="8.03555030375719"><ele>1820.6899719238281</ele></trkpt><trkpt lat="46.78146037925035" lon="8.035610303748399"><ele>1822.2899780273438</ele></trkpt><trkpt lat="46.78144037909806" lon="8.035650304052979"><ele>1822.8099975585938</ele></trkpt><trkpt lat="46.78142037941143" lon="8.035690303891897"><ele>1823.5199890136719</ele></trkpt><trkpt lat="46.78146037925035" lon="8.035700303968042"><ele>1823.6999816894531</ele></trkpt><trkpt lat="46.78152037970722" lon="8.035720304120332"><ele>1824.4399719238281</ele></trkpt><trkpt lat="46.78157037962228" lon="8.035760304424912"><ele>1825.1999816894531</ele></trkpt><trkpt lat="46.781640380155295" lon="8.035800304729491"><ele>1826.2699890136719</ele></trkpt><trkpt lat="46.78175038052723" lon="8.035840305034071"><ele>1829.25</ele></trkpt><trkpt lat="46.78178038075566" lon="8.035840305034071"><ele>1830.0899963378906</ele></trkpt><trkpt lat="46.78179038083181" lon="8.035850305110216"><ele>1830.3799743652344</ele></trkpt><trkpt lat="46.7818103809841" lon="8.035860305186361"><ele>1831.0799865722656</ele></trkpt><trkpt lat="46.78184038121253" lon="8.035870305262506"><ele>1832.1699829101562</ele></trkpt><trkpt lat="46.78192038182169" lon="8.035880305804312"><ele>1834.5799865722656</ele></trkpt><trkpt lat="46.78194038197398" lon="8.035880305804312"><ele>1835.239990234375</ele></trkpt><trkpt lat="46.78195038205013" lon="8.035890305880457"><ele>1835.5</ele></trkpt><trkpt lat="46.78195038205013" lon="8.035900305956602"><ele>1835.97998046875</ele></trkpt><trkpt lat="46.78196038212627" lon="8.036010306328535"><ele>1837.0799865722656</ele></trkpt><trkpt lat="46.78196038212627" lon="8.036080306395888"><ele>1837.9099731445312</ele></trkpt><trkpt lat="46.78198038274422" lon="8.036160306539387"><ele>1839.1199951171875</ele></trkpt><trkpt lat="46.78200038289651" lon="8.03623030660674"><ele>1840.3699951171875</ele></trkpt><trkpt lat="46.78200038289651" lon="8.03629030706361"><ele>1841.3099975585938</ele></trkpt><trkpt lat="46.78201038343832" lon="8.036400307435542"><ele>1842.6299743652344</ele></trkpt><trkpt lat="46.78201038343832" lon="8.036470307502896"><ele>1843.5</ele></trkpt><trkpt lat="46.781980383675545" lon="8.03663030732423"><ele>1844.72998046875</ele></trkpt><trkpt lat="46.7819703835994" lon="8.036770307458937"><ele>1845.0699768066406</ele></trkpt><trkpt lat="46.78197038406506" lon="8.03684030752629"><ele>1845.5799865722656</ele></trkpt><trkpt lat="46.78198038414121" lon="8.036920307669789"><ele>1846.25</ele></trkpt><trkpt lat="46.78199038421735" lon="8.036950307898223"><ele>1846.5499877929688</ele></trkpt><trkpt lat="46.78202038444579" lon="8.037030308041722"><ele>1847.3599853515625</ele></trkpt><trkpt lat="46.782040384598076" lon="8.03709030803293"><ele>1848.1499938964844</ele></trkpt><trkpt lat="46.782080384436995" lon="8.037160308100283"><ele>1849.1299743652344</ele></trkpt><trkpt lat="46.78211038466543" lon="8.037240308709443"><ele>1850.3499755859375</ele></trkpt><trkpt lat="46.78213038528338" lon="8.037330308929086"><ele>1851.8899841308594</ele></trkpt><trkpt lat="46.78215038543567" lon="8.037370308768004"><ele>1852.6599731445312</ele></trkpt><trkpt lat="46.782160385511816" lon="8.037400308996439"><ele>1853.2999877929688</ele></trkpt><trkpt lat="46.782200385816395" lon="8.037440309301019"><ele>1854.0799865722656</ele></trkpt><trkpt lat="46.78225038619712" lon="8.037510309368372"><ele>1855.6299743652344</ele></trkpt><trkpt lat="46.78230038611218" lon="8.037580309435725"><ele>1857.0099792480469</ele></trkpt><trkpt lat="46.78233038634062" lon="8.03765030996874"><ele>1858.0099792480469</ele></trkpt><trkpt lat="46.78236038656905" lon="8.037750309798867"><ele>1858.9299926757812</ele></trkpt><trkpt lat="46.78242038702592" lon="8.03788031032309"><ele>1861.2999877929688</ele></trkpt><trkpt lat="46.78244038717821" lon="8.037950310390443"><ele>1862.3699951171875</ele></trkpt><trkpt lat="46.78245038725436" lon="8.037990310695022"><ele>1862.8699951171875</ele></trkpt><trkpt lat="46.78245038772002" lon="8.03803031053394"><ele>1863.5099792480469</ele></trkpt><trkpt lat="46.782460387796164" lon="8.03807031083852"><ele>1863.8599853515625</ele></trkpt><trkpt lat="46.78247038787231" lon="8.03809031099081"><ele>1864.0599975585938</ele></trkpt><trkpt lat="46.78248038794845" lon="8.03809031099081"><ele>1864.2899780273438</ele></trkpt><trkpt lat="46.7824903880246" lon="8.038080310914665"><ele>1864.8699951171875</ele></trkpt><trkpt lat="46.78250038810074" lon="8.038050311151892"><ele>1865.8799743652344</ele></trkpt><trkpt lat="46.78251038817689" lon="8.037980311084539"><ele>1866.5699768066406</ele></trkpt><trkpt lat="46.78251038817689" lon="8.037900311406702"><ele>1867.1999816894531</ele></trkpt><trkpt lat="46.78251038864255" lon="8.037830311339349"><ele>1867.739990234375</ele></trkpt><trkpt lat="46.78251038864255" lon="8.037730311509222"><ele>1868.8099975585938</ele></trkpt><trkpt lat="46.782520389184356" lon="8.037590311840177"><ele>1871.8199768066406</ele></trkpt><trkpt lat="46.78261039080098" lon="8.03723031328991"><ele>1880.3499755859375</ele></trkpt><trkpt lat="46.78262039134279" lon="8.037200313527137"><ele>1881.0399780273438</ele></trkpt><trkpt lat="46.78264039102942" lon="8.037200313527137"><ele>1881.5499877929688</ele></trkpt><trkpt lat="46.78266039164737" lon="8.037220313679427"><ele>1882.5299987792969</ele></trkpt><trkpt lat="46.782670391723514" lon="8.037190313916653"><ele>1884.1299743652344</ele></trkpt><trkpt lat="46.782670392189175" lon="8.037150314077735"><ele>1885.0699768066406</ele></trkpt><trkpt lat="46.78268039226532" lon="8.037060314323753"><ele>1886.3999938964844</ele></trkpt><trkpt lat="46.782690392341465" lon="8.037000314332545"><ele>1886.6099853515625</ele></trkpt><trkpt lat="46.78268039226532" lon="8.036980314645916"><ele>1887.0599975585938</ele></trkpt><trkpt lat="46.782670392654836" lon="8.036940314806998"><ele>1887.8199768066406</ele></trkpt><trkpt lat="46.78266039257869" lon="8.036920314654708"><ele>1887.8999938964844</ele></trkpt><trkpt lat="46.78266039257869" lon="8.03688031481579"><ele>1888.1699829101562</ele></trkpt><trkpt lat="46.78266039257869" lon="8.0368603146635"><ele>1888.2699890136719</ele></trkpt><trkpt lat="46.782650392502546" lon="8.036800314672291"><ele>1888.1499938964844</ele></trkpt><trkpt lat="46.78264039289206" lon="8.036720314528793"><ele>1888.6499938964844</ele></trkpt><trkpt lat="46.78263039281592" lon="8.036660314537585"><ele>1889.0</ele></trkpt><trkpt lat="46.78264039289206" lon="8.036590314935893"><ele>1889.4399719238281</ele></trkpt><trkpt lat="46.78266039304435" lon="8.036530314944685"><ele>1890.219970703125</ele></trkpt><trkpt lat="46.78268039319664" lon="8.036410314962268"><ele>1890.8699951171875</ele></trkpt><trkpt lat="46.78270039334893" lon="8.036360315047204"><ele>1891.4499816894531</ele></trkpt><trkpt lat="46.78273039357737" lon="8.036300315521657"><ele>1892.47998046875</ele></trkpt><trkpt lat="46.78275039372966" lon="8.036260315217078"><ele>1893.0499877929688</ele></trkpt><trkpt lat="46.78278039395809" lon="8.036210315302014"><ele>1893.9199829101562</ele></trkpt><trkpt lat="46.78281039418653" lon="8.036160315852612"><ele>1894.8099975585938</ele></trkpt><trkpt lat="46.78282039426267" lon="8.036120315548033"><ele>1895.3599853515625</ele></trkpt><trkpt lat="46.7828403939493" lon="8.036100315861404"><ele>1895.6699829101562</ele></trkpt><trkpt lat="46.78290039440617" lon="8.036040315870196"><ele>1896.6099853515625</ele></trkpt><trkpt lat="46.78292039455846" lon="8.036000316031277"><ele>1896.6499938964844</ele></trkpt><trkpt lat="46.78292039455846" lon="8.035980315878987"><ele>1897.0099792480469</ele></trkpt><trkpt lat="46.782930394634604" lon="8.035880316514522"><ele>1898.7799987792969</ele></trkpt><trkpt lat="46.782930395100266" lon="8.035840316209942"><ele>1899.3099975585938</ele></trkpt><trkpt lat="46.782950395252556" lon="8.035780316684395"><ele>1900.6099853515625</ele></trkpt><trkpt lat="46.7829603953287" lon="8.035760316532105"><ele>1900.8999938964844</ele></trkpt><trkpt lat="46.782990395091474" lon="8.03577031660825"><ele>1901.3199768066406</ele></trkpt><trkpt lat="46.78300039516762" lon="8.035780316684395"><ele>1901.8099975585938</ele></trkpt><trkpt lat="46.783010395709425" lon="8.03581031691283"><ele>1902.3799743652344</ele></trkpt><trkpt lat="46.783010395709425" lon="8.035800316836685"><ele>1902.7099914550781</ele></trkpt><trkpt lat="46.783030395861715" lon="8.035770317073911"><ele>1903.75</ele></trkpt><trkpt lat="46.78306039609015" lon="8.035720317158848"><ele>1904.8099975585938</ele></trkpt><trkpt lat="46.783070396166295" lon="8.03570031747222"><ele>1904.9399719238281</ele></trkpt><trkpt lat="46.783090396318585" lon="8.035610317718238"><ele>1906.6099853515625</ele></trkpt><trkpt lat="46.78312039654702" lon="8.035580317489803"><ele>1907.5</ele></trkpt><trkpt lat="46.78314039669931" lon="8.03555031772703"><ele>1908.22998046875</ele></trkpt><trkpt lat="46.7831603968516" lon="8.03555031772703"><ele>1908.5899963378906</ele></trkpt><trkpt lat="46.783170396927744" lon="8.035560317803174"><ele>1908.8899841308594</ele></trkpt><trkpt lat="46.78318039700389" lon="8.035580317955464"><ele>1909.5299987792969</ele></trkpt><trkpt lat="46.78318039700389" lon="8.035650318022817"><ele>1910.5499877929688</ele></trkpt><trkpt lat="46.78320039715618" lon="8.035690318327397"><ele>1911.5199890136719</ele></trkpt><trkpt lat="46.783210397232324" lon="8.035710318479687"><ele>1911.8599853515625</ele></trkpt><trkpt lat="46.783210397697985" lon="8.035750318318605"><ele>1912.0199890136719</ele></trkpt><trkpt lat="46.783190397545695" lon="8.03578031854704"><ele>1912.6099853515625</ele></trkpt><trkpt lat="46.78318039793521" lon="8.035860318690538"><ele>1913.47998046875</ele></trkpt><trkpt lat="46.7832003980875" lon="8.035900318995118"><ele>1914.3699951171875</ele></trkpt><trkpt lat="46.7832003980875" lon="8.035920318681747"><ele>1914.6699829101562</ele></trkpt><trkpt lat="46.7832003980875" lon="8.035970319062471"><ele>1915.219970703125</ele></trkpt><trkpt lat="46.7832003980875" lon="8.035990319214761"><ele>1915.3099975585938</ele></trkpt><trkpt lat="46.78322039823979" lon="8.03603031905368"><ele>1915.3299865722656</ele></trkpt><trkpt lat="46.783230398315936" lon="8.036060318816453"><ele>1915.1199951171875</ele></trkpt><trkpt lat="46.783230397850275" lon="8.036090319044888"><ele>1914.989990234375</ele></trkpt><trkpt lat="46.783230398315936" lon="8.036120318807662"><ele>1915.22998046875</ele></trkpt><trkpt lat="46.783230398315936" lon="8.036160319112241"><ele>1916.0299987792969</ele></trkpt><trkpt lat="46.783230398315936" lon="8.036180319264531"><ele>1916.3399963378906</ele></trkpt><trkpt lat="46.78321039862931" lon="8.03622031910345"><ele>1917.2599792480469</ele></trkpt><trkpt lat="46.78321039862931" lon="8.036250319331884"><ele>1917.8099975585938</ele></trkpt><trkpt lat="46.78321039909497" lon="8.036330319475383"><ele>1919.4099731445312</ele></trkpt><trkpt lat="46.783220399171114" lon="8.036370319779962"><ele>1920.3199768066406</ele></trkpt><trkpt lat="46.78321039909497" lon="8.036410320084542"><ele>1921.0399780273438</ele></trkpt><trkpt lat="46.783220399171114" lon="8.036430320236832"><ele>1921.4599914550781</ele></trkpt><trkpt lat="46.78323039971292" lon="8.03645031992346"><ele>1921.9499816894531</ele></trkpt><trkpt lat="46.783220399636775" lon="8.036550320219249"><ele>1923.3999938964844</ele></trkpt><trkpt lat="46.78323039971292" lon="8.036570320371538"><ele>1923.6499938964844</ele></trkpt><trkpt lat="46.783240399789065" lon="8.036590320523828"><ele>1924.1699829101562</ele></trkpt><trkpt lat="46.78325039986521" lon="8.036640320438892"><ele>1924.8699951171875</ele></trkpt><trkpt lat="46.783260400407016" lon="8.036680320743471"><ele>1925.469970703125</ele></trkpt><trkpt lat="46.78327040048316" lon="8.03676032088697"><ele>1926.5399780273438</ele></trkpt><trkpt lat="46.78329040063545" lon="8.036830320954323"><ele>1927.4199829101562</ele></trkpt><trkpt lat="46.78329040063545" lon="8.036870321258903"><ele>1928.0999755859375</ele></trkpt><trkpt lat="46.78329040063545" lon="8.036900321021676"><ele>1928.6199951171875</ele></trkpt><trkpt lat="46.78328040102497" lon="8.036960321478546"><ele>1928.969970703125</ele></trkpt><trkpt lat="46.78326040087268" lon="8.03699032124132"><ele>1929.1799926757812</ele></trkpt><trkpt lat="46.78326040133834" lon="8.037040321622044"><ele>1930.0</ele></trkpt><trkpt lat="46.78328040149063" lon="8.037100321613252"><ele>1931.1399841308594</ele></trkpt><trkpt lat="46.78328040149063" lon="8.037130321841687"><ele>1931.5599975585938</ele></trkpt><trkpt lat="46.783270401414484" lon="8.037170321680605"><ele>1931.989990234375</ele></trkpt><trkpt lat="46.783270401880145" lon="8.03722032206133"><ele>1932.6699829101562</ele></trkpt><trkpt lat="46.783290402032435" lon="8.037310321815312"><ele>1933.469970703125</ele></trkpt><trkpt lat="46.78333040187135" lon="8.037370322272182"><ele>1934.6099853515625</ele></trkpt><trkpt lat="46.78337040217593" lon="8.03745032241568"><ele>1935.6999816894531</ele></trkpt><trkpt lat="46.78341040248051" lon="8.037550322711468"><ele>1936.8299865722656</ele></trkpt><trkpt lat="46.78345040278509" lon="8.037650323007256"><ele>1938.4499816894531</ele></trkpt><trkpt lat="46.78349040308967" lon="8.037710322998464"><ele>1939.8799743652344</ele></trkpt><trkpt lat="46.78349040308967" lon="8.037800323218107"><ele>1940.6399841308594</ele></trkpt><trkpt lat="46.78348040347919" lon="8.037930323276669"><ele>1941.8499755859375</ele></trkpt><trkpt lat="46.783490404020995" lon="8.038050323724747"><ele>1943.7999877929688</ele></trkpt><trkpt lat="46.78350040409714" lon="8.038170324172825"><ele>1945.6799926757812</ele></trkpt><trkpt lat="46.78352040471509" lon="8.038250324316323"><ele>1947.219970703125</ele></trkpt><trkpt lat="46.78356040501967" lon="8.038380324840546"><ele>1949.6399841308594</ele></trkpt><trkpt lat="46.78357040556148" lon="8.038470325060189"><ele>1950.7999877929688</ele></trkpt><trkpt lat="46.78359040571377" lon="8.038550325203687"><ele>1952.0799865722656</ele></trkpt><trkpt lat="46.78364040609449" lon="8.038700325414538"><ele>1954.7799987792969</ele></trkpt><trkpt lat="46.78366040624678" lon="8.038760325871408"><ele>1956.1799926757812</ele></trkpt><trkpt lat="46.783710406627506" lon="8.038800326175988"><ele>1958.0599975585938</ele></trkpt><trkpt lat="46.78378040762618" lon="8.03891032654792"><ele>1960.7799987792969</ele></trkpt><trkpt lat="46.78381040785462" lon="8.038980326615274"><ele>1961.8499755859375</ele></trkpt><trkpt lat="46.783810407388955" lon="8.039050326682627"><ele>1961.5099792480469</ele></trkpt><trkpt lat="46.78380040777847" lon="8.039110326673836"><ele>1961.9499816894531</ele></trkpt><trkpt lat="46.7837704080157" lon="8.03914032690227"><ele>1963.1899719238281</ele></trkpt><trkpt lat="46.783720408100635" lon="8.039150326978415"><ele>1963.6899719238281</ele></trkpt><trkpt lat="46.78367040818557" lon="8.03918032720685"><ele>1963.6499938964844</ele></trkpt><trkpt lat="46.78364040795714" lon="8.039250327274203"><ele>1963.8999938964844</ele></trkpt><trkpt lat="46.78361040819436" lon="8.039360327180475"><ele>1964.5299987792969</ele></trkpt><trkpt lat="46.78360040858388" lon="8.039460327476263"><ele>1965.8899841308594</ele></trkpt><trkpt lat="46.783610408660024" lon="8.039570327848196"><ele>1967.5499877929688</ele></trkpt><trkpt lat="46.78362040920183" lon="8.039690327830613"><ele>1969.47998046875</ele></trkpt><trkpt lat="46.783650409430265" lon="8.039720328059047"><ele>1970.5499877929688</ele></trkpt><trkpt lat="46.78370041027665" lon="8.03985032858327"><ele>1973.7999877929688</ele></trkpt><trkpt lat="46.78367041004822" lon="8.039900328963995"><ele>1974.489990234375</ele></trkpt><trkpt lat="46.78364041028544" lon="8.039900328963995"><ele>1974.3099975585938</ele></trkpt><trkpt lat="46.78361041005701" lon="8.039940328802913"><ele>1974.4499816894531</ele></trkpt><trkpt lat="46.78355041053146" lon="8.040150329004973"><ele>1976.5199890136719</ele></trkpt><trkpt lat="46.78355041099712" lon="8.040260329376906"><ele>1978.3499755859375</ele></trkpt><trkpt lat="46.78354041092098" lon="8.04031032975763"><ele>1978.8599853515625</ele></trkpt><trkpt lat="46.78350041154772" lon="8.040530330035836"><ele>1982.2999877929688</ele></trkpt><trkpt lat="46.78348041232675" lon="8.040650330483913"><ele>1984.4099731445312</ele></trkpt><trkpt lat="46.7834904124029" lon="8.040710330475122"><ele>1985.3899841308594</ele></trkpt><trkpt lat="46.78347041271627" lon="8.040760330855846"><ele>1985.989990234375</ele></trkpt><trkpt lat="46.78347041271627" lon="8.040900330990553"><ele>1987.97998046875</ele></trkpt><trkpt lat="46.78349041333422" lon="8.041000331286341"><ele>1989.8799743652344</ele></trkpt><trkpt lat="46.78349041379988" lon="8.041150331497192"><ele>1991.989990234375</ele></trkpt><trkpt lat="46.7834804141894" lon="8.041220332030207"><ele>1993.4299926757812</ele></trkpt><trkpt lat="46.783450414426625" lon="8.041300332173705"><ele>1994.8999938964844</ele></trkpt><trkpt lat="46.783450414426625" lon="8.041360332164913"><ele>1996.0499877929688</ele></trkpt><trkpt lat="46.78346041450277" lon="8.041380332317203"><ele>1996.5099792480469</ele></trkpt><trkpt lat="46.78348041465506" lon="8.041380332317203"><ele>1996.75</ele></trkpt><trkpt lat="46.78350041480735" lon="8.041420332621783"><ele>1996.75</ele></trkpt><trkpt lat="46.783510414883494" lon="8.041460332460701"><ele>1997.4599914550781</ele></trkpt><trkpt lat="46.783510414883494" lon="8.041500332765281"><ele>1998.6399841308594</ele></trkpt><trkpt lat="46.783530415501446" lon="8.041590332984924"><ele>1999.6199951171875</ele></trkpt><trkpt lat="46.783510415349156" lon="8.041630332823843"><ele>2000.1199951171875</ele></trkpt><trkpt lat="46.78350041527301" lon="8.041670333128422"><ele>2000.1199951171875</ele></trkpt><trkpt lat="46.78350041573867" lon="8.041820333339274"><ele>2001.5399780273438</ele></trkpt><trkpt lat="46.78349041566253" lon="8.041850333567709"><ele>2001.9999694824219</ele></trkpt><trkpt lat="46.7834704159759" lon="8.041900333482772"><ele>2002.6899719238281</ele></trkpt><trkpt lat="46.783420416526496" lon="8.042100334074348"><ele>2005.75</ele></trkpt><trkpt lat="46.783420416526496" lon="8.042150333989412"><ele>2006.3399963378906</ele></trkpt><trkpt lat="46.783420416526496" lon="8.042180334217846"><ele>2006.8099975585938</ele></trkpt><trkpt lat="46.783440416678786" lon="8.042190334293991"><ele>2007.1699829101562</ele></trkpt><trkpt lat="46.783460416831076" lon="8.042210334446281"><ele>2007.8999938964844</ele></trkpt><trkpt lat="46.78350041760132" lon="8.042300334665924"><ele>2010.1099853515625</ele></trkpt><trkpt lat="46.78352041775361" lon="8.042340334970504"><ele>2010.8699951171875</ele></trkpt><trkpt lat="46.78353041782975" lon="8.042360334657133"><ele>2011.0199890136719</ele></trkpt><trkpt lat="46.78353041782975" lon="8.042380334809422"><ele>2011.2699890136719</ele></trkpt><trkpt lat="46.78352041775361" lon="8.042410335037857"><ele>2011.5699768066406</ele></trkpt><trkpt lat="46.78350041760132" lon="8.04244033480063"><ele>2012.0</ele></trkpt><trkpt lat="46.78348041791469" lon="8.042450335342437"><ele>2012.7899780273438</ele></trkpt><trkpt lat="46.78346041822806" lon="8.042470335494727"><ele>2013.9399719238281</ele></trkpt><trkpt lat="46.78344041807577" lon="8.042510335333645"><ele>2014.3099975585938</ele></trkpt><trkpt lat="46.78343041846529" lon="8.04256033571437"><ele>2015.0299987792969</ele></trkpt><trkpt lat="46.78343041846529" lon="8.042620335705578"><ele>2015.9499816894531</ele></trkpt><trkpt lat="46.7834204188548" lon="8.042680335696787"><ele>2016.8399963378906</ele></trkpt><trkpt lat="46.7834204188548" lon="8.042730336077511"><ele>2017.6599731445312</ele></trkpt><trkpt lat="46.78343041939661" lon="8.04281033622101"><ele>2019.2799987792969</ele></trkpt><trkpt lat="46.78343041939661" lon="8.042860336601734"><ele>2020.239990234375</ele></trkpt><trkpt lat="46.783420419786125" lon="8.042920336592942"><ele>2021.22998046875</ele></trkpt><trkpt lat="46.783420419786125" lon="8.042990336660296"><ele>2022.0799865722656</ele></trkpt><trkpt lat="46.783420419786125" lon="8.043040336575359"><ele>2022.8099975585938</ele></trkpt><trkpt lat="46.78339042002335" lon="8.043220337014645"><ele>2023.969970703125</ele></trkpt><trkpt lat="46.783350420650095" lon="8.043410337530077"><ele>2026.989990234375</ele></trkpt><trkpt lat="46.78334042103961" lon="8.043450337834656"><ele>2027.7799987792969</ele></trkpt><trkpt lat="46.78332042088732" lon="8.04348033759743"><ele>2028.1699829101562</ele></trkpt><trkpt lat="46.78331042127684" lon="8.043610338121653"><ele>2030.1199951171875</ele></trkpt><trkpt lat="46.7833104217425" lon="8.043670338112861"><ele>2031.0599975585938</ele></trkpt><trkpt lat="46.783320421818644" lon="8.043700338341296"><ele>2031.739990234375</ele></trkpt><trkpt lat="46.78333042189479" lon="8.04373033856973"><ele>2032.3299865722656</ele></trkpt><trkpt lat="46.78335042204708" lon="8.04375033872202"><ele>2033.22998046875</ele></trkpt><trkpt lat="46.78337042219937" lon="8.043780338484794"><ele>2033.8999938964844</ele></trkpt><trkpt lat="46.78337042219937" lon="8.043810338713229"><ele>2034.25</ele></trkpt><trkpt lat="46.78337042219937" lon="8.043840338941664"><ele>2034.489990234375</ele></trkpt><trkpt lat="46.78335042251274" lon="8.043870338704437"><ele>2034.8399963378906</ele></trkpt><trkpt lat="46.78333042236045" lon="8.043870338704437"><ele>2035.4299926757812</ele></trkpt><trkpt lat="46.783320422749966" lon="8.043880338780582"><ele>2035.7799987792969</ele></trkpt><trkpt lat="46.78331042267382" lon="8.043890338856727"><ele>2035.7799987792969</ele></trkpt><trkpt lat="46.78331042267382" lon="8.043910339009017"><ele>2036.25</ele></trkpt><trkpt lat="46.78331042267382" lon="8.043950339313596"><ele>2036.5999755859375</ele></trkpt><trkpt lat="46.78331042313948" lon="8.043970339000225"><ele>2037.1899719238281</ele></trkpt><trkpt lat="46.78333042282611" lon="8.043990339152515"><ele>2037.8899841308594</ele></trkpt><trkpt lat="46.783340422902256" lon="8.04400033922866"><ele>2038.239990234375</ele></trkpt><trkpt lat="46.783380423206836" lon="8.043990339618176"><ele>2038.9499816894531</ele></trkpt><trkpt lat="46.783380423206836" lon="8.043990339618176"><ele>2039.2999877929688</ele></trkpt><trkpt lat="46.78339042328298" lon="8.044010339770466"><ele>2039.6499938964844</ele></trkpt><trkpt lat="46.78339042374864" lon="8.044070339761674"><ele>2040.9499816894531</ele></trkpt><trkpt lat="46.78340042382479" lon="8.044070339761674"><ele>2041.2999877929688</ele></trkpt><trkpt lat="46.78341042390093" lon="8.04406034015119"><ele>2041.7699890136719</ele></trkpt><trkpt lat="46.78342042397708" lon="8.044040339998901"><ele>2042.3599853515625</ele></trkpt><trkpt lat="46.78343042405322" lon="8.044090340379626"><ele>2043.0599975585938</ele></trkpt><trkpt lat="46.78343042405322" lon="8.04408034030348"><ele>2042.9599914550781</ele></trkpt><trkpt lat="46.78345042420551" lon="8.04408034030348"><ele>2043.5399780273438</ele></trkpt><trkpt lat="46.78346042428166" lon="8.04410034045577"><ele>2044.2099914550781</ele></trkpt><trkpt lat="46.78346042428166" lon="8.04410034045577"><ele>2043.8199768066406</ele></trkpt><trkpt lat="46.78346042428166" lon="8.04410034045577"><ele>2044.2099914550781</ele></trkpt><trkpt lat="46.78351042466238" lon="8.044090340379626"><ele>2044.8899841308594</ele></trkpt><trkpt lat="46.783520424738526" lon="8.04408034030348"><ele>2045.1499938964844</ele></trkpt><trkpt lat="46.783560424577445" lon="8.044060340616852"><ele>2045.8499755859375</ele></trkpt><trkpt lat="46.783560424577445" lon="8.044050340540707"><ele>2045.9099731445312</ele></trkpt><trkpt lat="46.783560424577445" lon="8.044010340701789"><ele>2046.1099853515625</ele></trkpt><trkpt lat="46.783560424577445" lon="8.04397034086287"><ele>2046.0699768066406</ele></trkpt><trkpt lat="46.783560424577445" lon="8.043940340634435"><ele>2046.4099731445312</ele></trkpt><trkpt lat="46.78357042465359" lon="8.043910340871662"><ele>2046.72998046875</ele></trkpt><trkpt lat="46.783580424729735" lon="8.043890340719372"><ele>2046.8599853515625</ele></trkpt><trkpt lat="46.78361042495817" lon="8.043870341032743"><ele>2047.1999816894531</ele></trkpt><trkpt lat="46.783640425186604" lon="8.043840340804309"><ele>2047.5999755859375</ele></trkpt><trkpt lat="46.783660425338894" lon="8.043810341041535"><ele>2047.9299926757812</ele></trkpt><trkpt lat="46.78368042502552" lon="8.0437803408131"><ele>2048.269989013672</ele></trkpt><trkpt lat="46.78371042525396" lon="8.043740340974182"><ele>2049.1699829101562</ele></trkpt><trkpt lat="46.7837204253301" lon="8.043700341135263"><ele>2049.75</ele></trkpt><trkpt lat="46.78375042555854" lon="8.04367034137249"><ele>2050.509979248047</ele></trkpt><trkpt lat="46.78378042578697" lon="8.043640341609716"><ele>2051.1799926757812</ele></trkpt><trkpt lat="46.7838304261677" lon="8.043580341618508"><ele>2052.5899963378906</ele></trkpt><trkpt lat="46.78385042631999" lon="8.043550341855735"><ele>2053.2999877929688</ele></trkpt><trkpt lat="46.78388042608276" lon="8.0435203416273"><ele>2053.6099853515625</ele></trkpt><trkpt lat="46.78392042638734" lon="8.043470342177898"><ele>2054.6399841308594</ele></trkpt><trkpt lat="46.78394042653963" lon="8.043450342025608"><ele>2054.969970703125</ele></trkpt><trkpt lat="46.78398042684421" lon="8.04341034218669"><ele>2055.5899963378906</ele></trkpt><trkpt lat="46.78403042675927" lon="8.043360342271626"><ele>2057.0399780273438</ele></trkpt><trkpt lat="46.78406042698771" lon="8.043320342432708"><ele>2058.0499877929688</ele></trkpt><trkpt lat="46.784110427834094" lon="8.04324034275487"><ele>2060.259979248047</ele></trkpt><trkpt lat="46.78416042821482" lon="8.043180343229324"><ele>2062.5599975585938</ele></trkpt><trkpt lat="46.78418042836711" lon="8.043160343542695"><ele>2063.209991455078</ele></trkpt><trkpt lat="46.78421042859554" lon="8.04315034346655"><ele>2064.259979248047</ele></trkpt><trkpt lat="46.78423042874783" lon="8.043130343779922"><ele>2065.3299865722656</ele></trkpt><trkpt lat="46.78425042890012" lon="8.043120343703777"><ele>2065.689971923828</ele></trkpt><trkpt lat="46.78426042897627" lon="8.043120343703777"><ele>2065.9099731445312</ele></trkpt><trkpt lat="46.78427042905241" lon="8.043120343703777"><ele>2066.22998046875</ele></trkpt><trkpt lat="46.78433042904362" lon="8.043140343856066"><ele>2067.209991455078</ele></trkpt><trkpt lat="46.78435042919591" lon="8.043160344008356"><ele>2067.5499877929688</ele></trkpt><trkpt lat="46.78439042903483" lon="8.043160344008356"><ele>2068.0399780273438</ele></trkpt><trkpt lat="46.78441042918712" lon="8.043160344008356"><ele>2068.3699951171875</ele></trkpt><trkpt lat="46.784420429263264" lon="8.043140344321728"><ele>2068.8599853515625</ele></trkpt><trkpt lat="46.78443042933941" lon="8.043130344245583"><ele>2069.0799865722656</ele></trkpt><trkpt lat="46.78443042933941" lon="8.043110344558954"><ele>2069.449981689453</ele></trkpt><trkpt lat="46.7844504294917" lon="8.043030344415456"><ele>2070.2999877929688</ele></trkpt><trkpt lat="46.78445042995736" lon="8.042960344813764"><ele>2071.4099731445312</ele></trkpt><trkpt lat="46.78445042995736" lon="8.042920344974846"><ele>2071.97998046875</ele></trkpt><trkpt lat="46.78445042995736" lon="8.042880345135927"><ele>2072.6499938964844</ele></trkpt><trkpt lat="46.78445043042302" lon="8.042840344831347"><ele>2072.8999938964844</ele></trkpt><trkpt lat="46.784460430033505" lon="8.042810345068574"><ele>2073.1099853515625</ele></trkpt><trkpt lat="46.784480430185795" lon="8.04276034515351"><ele>2073.5699768066406</ele></trkpt><trkpt lat="46.78449043026194" lon="8.042730344925076"><ele>2073.759979248047</ele></trkpt><trkpt lat="46.78451043041423" lon="8.042700345162302"><ele>2074.4199829101562</ele></trkpt><trkpt lat="46.784540430642664" lon="8.042660345323384"><ele>2075.6599731445312</ele></trkpt><trkpt lat="46.784560430794954" lon="8.0426503457129"><ele>2076.2999877929688</ele></trkpt><trkpt lat="46.78459043102339" lon="8.04261034540832"><ele>2077.0699768066406</ele></trkpt><trkpt lat="46.78461043117568" lon="8.042590345721692"><ele>2077.6199951171875</ele></trkpt><trkpt lat="46.784620431251824" lon="8.042560345958918"><ele>2078.449981689453</ele></trkpt><trkpt lat="46.784640431404114" lon="8.042510346043855"><ele>2079.029998779297</ele></trkpt><trkpt lat="46.78465043148026" lon="8.042490345891565"><ele>2079.3399963378906</ele></trkpt><trkpt lat="46.784660431556404" lon="8.04248034581542"><ele>2079.699981689453</ele></trkpt><trkpt lat="46.78468043170869" lon="8.042450346052647"><ele>2080.0999755859375</ele></trkpt><trkpt lat="46.78470043186098" lon="8.042430346366018"><ele>2080.8099975585938</ele></trkpt><trkpt lat="46.78473043208942" lon="8.0423903465271"><ele>2081.739990234375</ele></trkpt><trkpt lat="46.78474043216556" lon="8.042350346688181"><ele>2082.5</ele></trkpt><trkpt lat="46.78475043224171" lon="8.042340346612036"><ele>2082.6199951171875</ele></trkpt><trkpt lat="46.784770432394" lon="8.042330346535891"><ele>2083.5499877929688</ele></trkpt><trkpt lat="46.78479043254629" lon="8.042320346925408"><ele>2084.0599975585938</ele></trkpt><trkpt lat="46.78483043285087" lon="8.042310346849263"><ele>2085.0</ele></trkpt><trkpt lat="46.78483043285087" lon="8.042320346925408"><ele>2085.1299743652344</ele></trkpt><trkpt lat="46.78482043277472" lon="8.042330347001553"><ele>2085.689971923828</ele></trkpt><trkpt lat="46.784800433088094" lon="8.04245034744963"><ele>2088.019989013672</ele></trkpt><trkpt lat="46.784800433553755" lon="8.042500347364694"><ele>2088.2899780273438</ele></trkpt><trkpt lat="46.784800433553755" lon="8.042550347745419"><ele>2088.8799743652344</ele></trkpt><trkpt lat="46.784800433553755" lon="8.042550347745419"><ele>2089.0499877929688</ele></trkpt><trkpt lat="46.784800433553755" lon="8.042550347745419"><ele>2089.1499938964844</ele></trkpt><trkpt lat="46.784820433706045" lon="8.042520347516984"><ele>2090.0599975585938</ele></trkpt><trkpt lat="46.784820433706045" lon="8.042520347516984"><ele>2090.1299743652344</ele></trkpt><trkpt lat="46.784820433706045" lon="8.042520347516984"><ele>2090.1799926757812</ele></trkpt><trkpt lat="46.78481043409556" lon="8.042590348049998"><ele>2090.8299865722656</ele></trkpt><trkpt lat="46.7848104336299" lon="8.042620347812772"><ele>2090.709991455078</ele></trkpt><trkpt lat="46.78480043401942" lon="8.042650348041207"><ele>2090.939971923828</ele></trkpt><trkpt lat="46.78478043386713" lon="8.042690347880125"><ele>2090.759979248047</ele></trkpt><trkpt lat="46.78477043379098" lon="8.042730347719043"><ele>2090.6699829101562</ele></trkpt><trkpt lat="46.78477043379098" lon="8.042760347947478"><ele>2090.72998046875</ele></trkpt><trkpt lat="46.78478043386713" lon="8.042770348023623"><ele>2091.0399780273438</ele></trkpt><trkpt lat="46.78478043386713" lon="8.042780348099768"><ele>2091.279998779297</ele></trkpt><trkpt lat="46.78479043394327" lon="8.042770348023623"><ele>2091.769989013672</ele></trkpt><trkpt lat="46.78480043401942" lon="8.042750348336995"><ele>2092.5899963378906</ele></trkpt><trkpt lat="46.78483043424785" lon="8.04272034810856"><ele>2093.6099853515625</ele></trkpt><trkpt lat="46.784840434323996" lon="8.042710348498076"><ele>2093.8799743652344</ele></trkpt><trkpt lat="46.784840434323996" lon="8.042720348574221"><ele>2093.959991455078</ele></trkpt><trkpt lat="46.7848504348658" lon="8.04276034841314"><ele>2095.1299743652344</ele></trkpt><trkpt lat="46.7848504348658" lon="8.042810348793864"><ele>2096.0699768066406</ele></trkpt><trkpt lat="46.7848504348658" lon="8.042830348946154"><ele>2096.3399963378906</ele></trkpt><trkpt lat="46.78486043494195" lon="8.042830348946154"><ele>2096.469970703125</ele></trkpt><trkpt lat="46.78486043494195" lon="8.042830348946154"><ele>2096.6699829101562</ele></trkpt><trkpt lat="46.78487043501809" lon="8.04282034887001"><ele>2097.029998779297</ele></trkpt><trkpt lat="46.78489043563604" lon="8.0427603488788"><ele>2098.3099975585938</ele></trkpt><trkpt lat="46.78492043586448" lon="8.042710349429399"><ele>2099.719970703125</ele></trkpt><trkpt lat="46.78495043609291" lon="8.04265034943819"><ele>2101.239990234375</ele></trkpt><trkpt lat="46.78495043609291" lon="8.042630349751562"><ele>2101.959991455078</ele></trkpt><trkpt lat="46.78496043616906" lon="8.042600349523127"><ele>2102.279998779297</ele></trkpt><trkpt lat="46.7849704362452" lon="8.042590349912643"><ele>2102.3199768066406</ele></trkpt><trkpt lat="46.78498043632135" lon="8.042580349836498"><ele>2102.7999877929688</ele></trkpt><trkpt lat="46.78499043639749" lon="8.042580349836498"><ele>2103.009979248047</ele></trkpt><trkpt lat="46.78500043647364" lon="8.042580349836498"><ele>2103.1499938964844</ele></trkpt><trkpt lat="46.78500043647364" lon="8.042590349912643"><ele>2103.22998046875</ele></trkpt><trkpt lat="46.78498043632135" lon="8.042630349751562"><ele>2103.6799926757812</ele></trkpt><trkpt lat="46.78499043639749" lon="8.042640349827707"><ele>2103.759979248047</ele></trkpt><trkpt lat="46.78499043639749" lon="8.042640349827707"><ele>2103.939971923828</ele></trkpt><trkpt lat="46.78499043639749" lon="8.042640349827707"><ele>2104.1099853515625</ele></trkpt><trkpt lat="46.78501043654978" lon="8.042620350141078"><ele>2104.8299865722656</ele></trkpt><trkpt lat="46.78501043654978" lon="8.042620350141078"><ele>2104.9299926757812</ele></trkpt><trkpt lat="46.78502043709159" lon="8.042650350369513"><ele>2105.8099975585938</ele></trkpt><trkpt lat="46.785030437167734" lon="8.042670350521803"><ele>2106.6699829101562</ele></trkpt><trkpt lat="46.78504043724388" lon="8.042720350902528"><ele>2108.3099975585938</ele></trkpt><trkpt lat="46.78504043770954" lon="8.042740350589156"><ele>2108.759979248047</ele></trkpt><trkpt lat="46.785050437785685" lon="8.042740351054817"><ele>2109.269989013672</ele></trkpt><trkpt lat="46.78513043792918" lon="8.042740351054817"><ele>2111.5799865722656</ele></trkpt><trkpt lat="46.78515043808147" lon="8.042740351520479"><ele>2112.2899780273438</ele></trkpt><trkpt lat="46.78519043838605" lon="8.042730351444334"><ele>2113.1799926757812</ele></trkpt><trkpt lat="46.7852004384622" lon="8.042720351368189"><ele>2113.4199829101562</ele></trkpt><trkpt lat="46.78522043861449" lon="8.04268035152927"><ele>2113.8899841308594</ele></trkpt><trkpt lat="46.78523043869063" lon="8.042670351918787"><ele>2114.3799743652344</ele></trkpt><trkpt lat="46.78527043899521" lon="8.042610351927578"><ele>2115.9299926757812</ele></trkpt><trkpt lat="46.7852904391475" lon="8.042580352164805"><ele>2116.5499877929688</ele></trkpt><trkpt lat="46.7852904391475" lon="8.042560352012515"><ele>2116.989990234375</ele></trkpt><trkpt lat="46.78530043922365" lon="8.042530352249742"><ele>2117.5899963378906</ele></trkpt><trkpt lat="46.78531043929979" lon="8.042490352410823"><ele>2118.47998046875</ele></trkpt><trkpt lat="46.7853204398416" lon="8.042470352258533"><ele>2119.1099853515625</ele></trkpt><trkpt lat="46.78535043960437" lon="8.04242035234347"><ele>2119.72998046875</ele></trkpt><trkpt lat="46.78537043975666" lon="8.042360352817923"><ele>2120.6499938964844</ele></trkpt><trkpt lat="46.78539043990895" lon="8.042340352665633"><ele>2121.269989013672</ele></trkpt><trkpt lat="46.78543044067919" lon="8.042300353292376"><ele>2123.019989013672</ele></trkpt><trkpt lat="46.78545044036582" lon="8.04231035336852"><ele>2123.6099853515625</ele></trkpt><trkpt lat="46.78545044083148" lon="8.04231035336852"><ele>2123.769989013672</ele></trkpt><trkpt lat="46.78544044075534" lon="8.042320353444666"><ele>2123.969970703125</ele></trkpt><trkpt lat="46.78545044083148" lon="8.04233035305515"><ele>2124.0899963378906</ele></trkpt><trkpt lat="46.78548044105992" lon="8.042320353444666"><ele>2125.3699951171875</ele></trkpt><trkpt lat="46.7855204413645" lon="8.042320353910327"><ele>2126.9199829101562</ele></trkpt><trkpt lat="46.78554044151679" lon="8.042320353910327"><ele>2127.5999755859375</ele></trkpt><trkpt lat="46.78555044159293" lon="8.042320353910327"><ele>2127.6399841308594</ele></trkpt><trkpt lat="46.78555044159293" lon="8.042330353986472"><ele>2127.9299926757812</ele></trkpt><trkpt lat="46.78554044151679" lon="8.042360354214907"><ele>2128.8399963378906</ele></trkpt><trkpt lat="46.78552044183016" lon="8.042390354443341"><ele>2130.009979248047</ele></trkpt><trkpt lat="46.78550044214353" lon="8.042460354510695"><ele>2131.009979248047</ele></trkpt><trkpt lat="46.785510442219675" lon="8.04247035458684"><ele>2131.199981689453</ele></trkpt><trkpt lat="46.785510442219675" lon="8.04247035458684"><ele>2131.2899780273438</ele></trkpt><trkpt lat="46.78552044229582" lon="8.042460354510695"><ele>2131.739990234375</ele></trkpt><trkpt lat="46.785550442524254" lon="8.042440354824066"><ele>2132.5999755859375</ele></trkpt><trkpt lat="46.7855604426004" lon="8.042440354824066"><ele>2132.97998046875</ele></trkpt><trkpt lat="46.785570442676544" lon="8.042450354900211"><ele>2133.4099731445312</ele></trkpt><trkpt lat="46.785570442676544" lon="8.042470355052501"><ele>2133.9299926757812</ele></trkpt><trkpt lat="46.78558044275269" lon="8.042520354967564"><ele>2134.9099731445312</ele></trkpt><trkpt lat="46.78558044275269" lon="8.042520354967564"><ele>2135.0899963378906</ele></trkpt><trkpt lat="46.785590442828834" lon="8.042520354967564"><ele>2135.0999755859375</ele></trkpt><trkpt lat="46.78560044290498" lon="8.042500355280936"><ele>2135.4199829101562</ele></trkpt><trkpt lat="46.785610442981124" lon="8.04249035520479"><ele>2135.699981689453</ele></trkpt><trkpt lat="46.78562044305727" lon="8.04249035520479"><ele>2135.8099975585938</ele></trkpt><trkpt lat="46.785630443133414" lon="8.042500355280936"><ele>2136.019989013672</ele></trkpt><trkpt lat="46.785630443133414" lon="8.04251035535708"><ele>2136.4099731445312</ele></trkpt><trkpt lat="46.78562044352293" lon="8.042540355585515"><ele>2137.0799865722656</ele></trkpt><trkpt lat="46.78562044352293" lon="8.042570355348289"><ele>2137.6599731445312</ele></trkpt><trkpt lat="46.785610443446785" lon="8.042590355500579"><ele>2138.1499938964844</ele></trkpt><trkpt lat="46.78560044337064" lon="8.042600355576724"><ele>2138.3499755859375</ele></trkpt><trkpt lat="46.7856804439798" lon="8.042580355890095"><ele>2140.8699951171875</ele></trkpt><trkpt lat="46.785710444208235" lon="8.042550356127322"><ele>2141.8499755859375</ele></trkpt><trkpt lat="46.78574044443667" lon="8.042510356288403"><ele>2142.8399963378906</ele></trkpt><trkpt lat="46.78584044519812" lon="8.042410356923938"><ele>2146.1399841308594</ele></trkpt><trkpt lat="46.78584044519812" lon="8.042410356923938"><ele>2146.529998779297</ele></trkpt><trkpt lat="46.785850445274264" lon="8.042440357152373"><ele>2146.8399963378906</ele></trkpt><trkpt lat="46.785830445587635" lon="8.042480356991291"><ele>2148.219970703125</ele></trkpt><trkpt lat="46.78582044597715" lon="8.042570357676595"><ele>2149.949981689453</ele></trkpt><trkpt lat="46.78581044590101" lon="8.042640357743949"><ele>2150.739990234375</ele></trkpt><trkpt lat="46.78582044644281" lon="8.042670357506722"><ele>2151.279998779297</ele></trkpt><trkpt lat="46.78583044651896" lon="8.042760357726365"><ele>2152.6699829101562</ele></trkpt><trkpt lat="46.785840447060764" lon="8.04285035841167"><ele>2154.3499755859375</ele></trkpt><trkpt lat="46.785840447060764" lon="8.042950358707458"><ele>2156.2899780273438</ele></trkpt><trkpt lat="46.78583044791594" lon="8.04306035907939"><ele>2158.719970703125</ele></trkpt><trkpt lat="46.78582044830546" lon="8.043180359061807"><ele>2160.8199768066406</ele></trkpt><trkpt lat="46.7858304483816" lon="8.043210359290242"><ele>2161.269989013672</ele></trkpt><trkpt lat="46.7858304483816" lon="8.043230359442532"><ele>2161.97998046875</ele></trkpt><trkpt lat="46.78584044845775" lon="8.043260359670967"><ele>2162.5399780273438</ele></trkpt><trkpt lat="46.7858304483816" lon="8.043280359823257"><ele>2162.779998779297</ele></trkpt><trkpt lat="46.78582044877112" lon="8.043320359662175"><ele>2162.9199829101562</ele></trkpt><trkpt lat="46.785810448694974" lon="8.043360359966755"><ele>2163.7899780273438</ele></trkpt><trkpt lat="46.785790449008346" lon="8.043400359805673"><ele>2164.2899780273438</ele></trkpt><trkpt lat="46.78577044932172" lon="8.043530360329896"><ele>2166.1299743652344</ele></trkpt><trkpt lat="46.78575044963509" lon="8.04360036039725"><ele>2167.029998779297</ele></trkpt><trkpt lat="46.78574044955894" lon="8.043660360388458"><ele>2167.959991455078</ele></trkpt><trkpt lat="46.78573045041412" lon="8.043890361208469"><ele>2171.6499938964844</ele></trkpt><trkpt lat="46.78573045087978" lon="8.04400036111474"><ele>2173.189971923828</ele></trkpt><trkpt lat="46.78575045056641" lon="8.04402036126703"><ele>2173.8099975585938</ele></trkpt><trkpt lat="46.78578045126051" lon="8.04406036157161"><ele>2174.969970703125</ele></trkpt><trkpt lat="46.7858004514128" lon="8.044110361952335"><ele>2175.97998046875</ele></trkpt><trkpt lat="46.78582045156509" lon="8.044170361943543"><ele>2177.5699768066406</ele></trkpt><trkpt lat="46.78583045164123" lon="8.044220362324268"><ele>2178.3399963378906</ele></trkpt><trkpt lat="46.78584045171738" lon="8.044270362239331"><ele>2179.1699829101562</ele></trkpt><trkpt lat="46.78584045218304" lon="8.044320362620056"><ele>2179.8899841308594</ele></trkpt><trkpt lat="46.78582045203075" lon="8.044380362611264"><ele>2180.3599853515625</ele></trkpt><trkpt lat="46.785790452267975" lon="8.044440362602472"><ele>2181.1799926757812</ele></trkpt><trkpt lat="46.7857604525052" lon="8.044530362822115"><ele>2182.3899841308594</ele></trkpt><trkpt lat="46.7857104530558" lon="8.044750363565981"><ele>2185.5499877929688</ele></trkpt><trkpt lat="46.78569045336917" lon="8.04483036370948"><ele>2187.019989013672</ele></trkpt><trkpt lat="46.78567045368254" lon="8.044870363548398"><ele>2187.529998779297</ele></trkpt><trkpt lat="46.785610454156995" lon="8.04506036406383"><ele>2190.6199951171875</ele></trkpt><trkpt lat="46.78556045470759" lon="8.04525036457926"><ele>2193.72998046875</ele></trkpt><trkpt lat="46.785540455020964" lon="8.045340364798903"><ele>2195.0499877929688</ele></trkpt><trkpt lat="46.78551045525819" lon="8.045450365170836"><ele>2196.8699951171875</ele></trkpt><trkpt lat="46.78548045549542" lon="8.04554036539048"><ele>2197.959991455078</ele></trkpt><trkpt lat="46.78544045658782" lon="8.045740365982056"><ele>2201.5599975585938</ele></trkpt><trkpt lat="46.78539045713842" lon="8.045900366734713"><ele>2204.459991455078</ele></trkpt><trkpt lat="46.785340457223356" lon="8.045950366649777"><ele>2204.97998046875</ele></trkpt><trkpt lat="46.785320457071066" lon="8.045960366725922"><ele>2204.719970703125</ele></trkpt><trkpt lat="46.78529045730829" lon="8.045980366878211"><ele>2205.3199768066406</ele></trkpt><trkpt lat="46.78526045754552" lon="8.046030366793275"><ele>2206.5599975585938</ele></trkpt><trkpt lat="46.78524045785889" lon="8.046070367097855"><ele>2207.5499877929688</ele></trkpt><trkpt lat="46.785230457782745" lon="8.046120367012918"><ele>2208.6499938964844</ele></trkpt><trkpt lat="46.78520045801997" lon="8.046170367393643"><ele>2209.509979248047</ele></trkpt><trkpt lat="46.78516045818105" lon="8.046260367613286"><ele>2211.269989013672</ele></trkpt><trkpt lat="46.78516045818105" lon="8.04627036768943"><ele>2211.3599853515625</ele></trkpt><trkpt lat="46.78516045818105" lon="8.046280367765576"><ele>2211.4199829101562</ele></trkpt><trkpt lat="46.7851704582572" lon="8.04627036768943"><ele>2211.769989013672</ele></trkpt><trkpt lat="46.78519045840949" lon="8.046260367613286"><ele>2212.1399841308594</ele></trkpt><trkpt lat="46.78522045863792" lon="8.046230367850512"><ele>2212.75</ele></trkpt><trkpt lat="46.7852604589425" lon="8.046200368087739"><ele>2213.769989013672</ele></trkpt><trkpt lat="46.78528045909479" lon="8.046180367935449"><ele>2214.199981689453</ele></trkpt><trkpt lat="46.78532045939937" lon="8.046150368172675"><ele>2215.1599731445312</ele></trkpt><trkpt lat="46.785340459086" lon="8.04614036809653"><ele>2215.5499877929688</ele></trkpt><trkpt lat="46.785370459314436" lon="8.046110368333757"><ele>2216.259979248047</ele></trkpt><trkpt lat="46.785410459619015" lon="8.046080368570983"><ele>2216.8099975585938</ele></trkpt><trkpt lat="46.785430459771305" lon="8.046070368494838"><ele>2217.5499877929688</ele></trkpt><trkpt lat="46.78546045999974" lon="8.04605036880821"><ele>2218.459991455078</ele></trkpt><trkpt lat="46.785490459762514" lon="8.046010368969291"><ele>2218.5499877929688</ele></trkpt><trkpt lat="46.78553046006709" lon="8.045990368817002"><ele>2219.5799865722656</ele></trkpt><trkpt lat="46.78557046037167" lon="8.045970369130373"><ele>2220.4099731445312</ele></trkpt><trkpt lat="46.78558046044782" lon="8.045960369054228"><ele>2220.759979248047</ele></trkpt><trkpt lat="46.78561046067625" lon="8.045950369443744"><ele>2221.6399841308594</ele></trkpt><trkpt lat="46.7856204607524" lon="8.045930369291455"><ele>2222.2999877929688</ele></trkpt><trkpt lat="46.785700460895896" lon="8.045860369689763"><ele>2224.269989013672</ele></trkpt><trkpt lat="46.78573046112433" lon="8.0458103697747"><ele>2224.449981689453</ele></trkpt><trkpt lat="46.78575046127662" lon="8.04577036993578"><ele>2225.3399963378906</ele></trkpt><trkpt lat="46.78588046180084" lon="8.045550370123237"><ele>2227.1799926757812</ele></trkpt><trkpt lat="46.78590046148747" lon="8.045520370360464"><ele>2227.3999938964844</ele></trkpt><trkpt lat="46.78594046179205" lon="8.04549037059769"><ele>2228.769989013672</ele></trkpt><trkpt lat="46.78599046217278" lon="8.045430370606482"><ele>2229.5699768066406</ele></trkpt><trkpt lat="46.786120462697" lon="8.045290370937437"><ele>2233.1099853515625</ele></trkpt><trkpt lat="46.78616046300158" lon="8.04523037141189"><ele>2234.1799926757812</ele></trkpt><trkpt lat="46.786210463382304" lon="8.045170371420681"><ele>2235.0599975585938</ele></trkpt><trkpt lat="46.78628046344966" lon="8.0450803716667"><ele>2237.0</ele></trkpt><trkpt lat="46.78632046375424" lon="8.045020372141153"><ele>2238.3999938964844</ele></trkpt><trkpt lat="46.786360464058816" lon="8.044910372234881"><ele>2239.97998046875</ele></trkpt><trkpt lat="46.78641046443954" lon="8.044820372480899"><ele>2241.1699829101562</ele></trkpt><trkpt lat="46.78645046474412" lon="8.044740372337401"><ele>2242.019989013672</ele></trkpt><trkpt lat="46.78647046489641" lon="8.044660372659564"><ele>2243.1299743652344</ele></trkpt><trkpt lat="46.786500465124846" lon="8.0446103727445"><ele>2244.1499938964844</ele></trkpt><trkpt lat="46.78651046520099" lon="8.044560372829437"><ele>2244.22998046875</ele></trkpt><trkpt lat="46.786560465581715" lon="8.044490373227745"><ele>2245.9299926757812</ele></trkpt><trkpt lat="46.786580465734005" lon="8.044440373312682"><ele>2246.5899963378906</ele></trkpt><trkpt lat="46.786620466038585" lon="8.044290373567492"><ele>2248.1499938964844</ele></trkpt><trkpt lat="46.786660466343164" lon="8.044170373585075"><ele>2249.5999755859375</ele></trkpt><trkpt lat="46.7866904665716" lon="8.044090373907238"><ele>2250.519989013672</ele></trkpt><trkpt lat="46.78671046672389" lon="8.04401037376374"><ele>2251.029998779297</ele></trkpt><trkpt lat="46.78677046718076" lon="8.043770374264568"><ele>2253.75</ele></trkpt><trkpt lat="46.78681046748534" lon="8.043680374510586"><ele>2254.9099731445312</ele></trkpt><trkpt lat="46.78684046771377" lon="8.04358037468046"><ele>2256.0499877929688</ele></trkpt><trkpt lat="46.78688046801835" lon="8.043460375163704"><ele>2257.8099975585938</ele></trkpt><trkpt lat="46.78692046832293" lon="8.043320375494659"><ele>2259.6099853515625</ele></trkpt><trkpt lat="46.78696046862751" lon="8.043200375512242"><ele>2261.0699768066406</ele></trkpt><trkpt lat="46.78700046893209" lon="8.043100375682116"><ele>2262.4299926757812</ele></trkpt><trkpt lat="46.78706046938896" lon="8.042940376326442"><ele>2264.5899963378906</ele></trkpt><trkpt lat="46.7870904696174" lon="8.04283037642017"><ele>2265.6399841308594</ele></trkpt><trkpt lat="46.78711046976969" lon="8.042790376581252"><ele>2266.0799865722656</ele></trkpt><trkpt lat="46.787130469921976" lon="8.042750376276672"><ele>2266.47998046875</ele></trkpt><trkpt lat="46.78716046968475" lon="8.042680376209319"><ele>2266.439971923828</ele></trkpt><trkpt lat="46.78718046983704" lon="8.042630376294255"><ele>2267.0</ele></trkpt><trkpt lat="46.78720046998933" lon="8.042570376768708"><ele>2267.439971923828</ele></trkpt><trkpt lat="46.7872304697521" lon="8.042510376311839"><ele>2267.0899963378906</ele></trkpt><trkpt lat="46.78727047005668" lon="8.042420376557857"><ele>2267.0999755859375</ele></trkpt><trkpt lat="46.7873104698956" lon="8.042340376414359"><ele>2266.9199829101562</ele></trkpt><trkpt lat="46.787340469658375" lon="8.042230376508087"><ele>2266.6399841308594</ele></trkpt><trkpt lat="46.78740046964958" lon="8.042130376212299"><ele>2266.4099731445312</ele></trkpt><trkpt lat="46.78740046964958" lon="8.04211037652567"><ele>2266.0899963378906</ele></trkpt><trkpt lat="46.78740046918392" lon="8.0420503760688"><ele>2264.8999938964844</ele></trkpt><trkpt lat="46.78740046918392" lon="8.042020376306027"><ele>2264.6299743652344</ele></trkpt><trkpt lat="46.787430468946695" lon="8.04188037570566"><ele>2262.3999938964844</ele></trkpt><trkpt lat="46.787450468633324" lon="8.041820375714451"><ele>2261.8999938964844</ele></trkpt><trkpt lat="46.787490468937904" lon="8.041560375597328"><ele>2261.8099975585938</ele></trkpt></trkseg></trk></gpx>