<?xml version="1.0" encoding="utf-8"?><gpx version="1.1" creator="MySchweizMobil - https://map.schweizmobil.ch/" xmlns:xsi="http://www.w3.org/2001/XMLSchema-instance" xmlns="http://www.topografix.com/GPX/1/1" xsi:schemaLocation="http://www.topografix.com/GPX/1/1 http://www.topografix.com/GPX/1/1/gpx.xsd"><metadata><name>First to Bachalpsee</name><bounds minlat="46.6564304092899" minlon="8.019220381043851" maxlat="46.67165047302842" maxlon="8.054050359874964" /></metadata><trk><name>First to Bachalpsee</name><trkseg><trkpt lat="46.6594004444778" lon="8.053880359977484"><ele>2167.449981689453</ele></trkpt><trkpt lat="46.65952044399455" lon="8.053970359731466"><ele>2165.72998046875</ele></trkpt><trkpt lat="46.659590443596244" lon="8.054010359570384"><ele>2165.1099853515625</ele></trkpt><trkpt lat="46.65967044373974" lon="8.054000359494239"><ele>2164.8299865722656</ele></trkpt><trkpt lat="46.659720443654805" lon="8.054000359494239"><ele>2164.0499877929688</ele></trkpt><trkpt lat="46.659780443646014" lon="8.054000359494239"><ele>2163.1099853515625</ele></trkpt><trkpt lat="46.659870443399996" lon="8.054020359180868"><ele>2162.1799926757812</ele></trkpt><trkpt lat="46.659950443543494" lon="8.054030359257013"><ele>2162.6699829101562</ele></trkpt><trkpt lat="46.66005044337362" lon="8.054030359722674"><ele>2163.7899780273438</ele></trkpt><trkpt lat="46.660100443754345" lon="8.054020359646529"><ele>2164.6499938964844</ele></trkpt><trkpt lat="46.66016044374555" lon="8.053970359731466"><ele>2165.3799743652344</ele></trkpt><trkpt lat="46.66019044397399" lon="8.05396035965532"><ele>2165.6599731445312</ele></trkpt><trkpt lat="46.66021044412628" lon="8.053970359731466"><ele>2165.6799926757812</ele></trkpt><trkpt lat="46.66022044373676" lon="8.053970359731466"><ele>2165.5</ele></trkpt><trkpt lat="46.66032044403255" lon="8.054010360036045"><ele>2165.6399841308594</ele></trkpt><trkpt lat="46.66040044371039" lon="8.054040359798819"><ele>2165.2999877929688</ele></trkpt><trkpt lat="46.660480443853885" lon="8.054050359874964"><ele>2165.3999938964844</ele></trkpt><trkpt lat="46.66051044408232" lon="8.054040359798819"><ele>2165.449981689453</ele></trkpt><trkpt lat="46.66058044368401" lon="8.054030359722674"><ele>2165.0999755859375</ele></trkpt><trkpt lat="46.66061044391245" lon="8.0540003599599"><ele>2165.0</ele></trkpt><trkpt lat="46.66066044382751" lon="8.053950359579176"><ele>2164.8999938964844</ele></trkpt><trkpt lat="46.660690444055945" lon="8.053880359977484"><ele>2165.199981689453</ele></trkpt><trkpt lat="46.660690444055945" lon="8.053880359977484"><ele>2165.189971923828</ele></trkpt><trkpt lat="46.66075044358149" lon="8.053740359842777"><ele>2164.699981689453</ele></trkpt><trkpt lat="46.660820443648845" lon="8.053510359488428"><ele>2164.5999755859375</ele></trkpt><trkpt lat="46.660820443648845" lon="8.053440359886736"><ele>2164.72998046875</ele></trkpt><trkpt lat="46.660820443648845" lon="8.05343035981059"><ele>2164.739990234375</ele></trkpt><trkpt lat="46.66083044372499" lon="8.053340359590948"><ele>2164.699981689453</ele></trkpt><trkpt lat="46.66087044356391" lon="8.053210359532386"><ele>2164.5599975585938</ele></trkpt><trkpt lat="46.66096044378355" lon="8.053010359406471"><ele>2164.0</ele></trkpt><trkpt lat="46.66100044362247" lon="8.052950359415263"><ele>2163.5999755859375</ele></trkpt><trkpt lat="46.66105044353753" lon="8.052890359424055"><ele>2164.1699829101562</ele></trkpt><trkpt lat="46.6611104439944" lon="8.052800359670073"><ele>2164.5</ele></trkpt><trkpt lat="46.661180444061756" lon="8.05273035960272"><ele>2165.5999755859375</ele></trkpt><trkpt lat="46.66131044458598" lon="8.05258035985753"><ele>2167.3999938964844</ele></trkpt><trkpt lat="46.661470444872975" lon="8.052380360662937"><ele>2170.199981689453</ele></trkpt><trkpt lat="46.661510445177555" lon="8.052310360595584"><ele>2171.199981689453</ele></trkpt><trkpt lat="46.661530445329845" lon="8.052270360756665"><ele>2171.689971923828</ele></trkpt><trkpt lat="46.66154044540599" lon="8.052180361002684"><ele>2172.75</ele></trkpt><trkpt lat="46.661550445482135" lon="8.052150360774249"><ele>2173.0</ele></trkpt><trkpt lat="46.66154044540599" lon="8.05213036108762"><ele>2173.2999877929688</ele></trkpt><trkpt lat="46.66154044587165" lon="8.052100360859185"><ele>2173.8999938964844</ele></trkpt><trkpt lat="46.66152044571936" lon="8.052040361333638"><ele>2174.699981689453</ele></trkpt><trkpt lat="46.66149044595659" lon="8.05198036134243"><ele>2175.7999877929688</ele></trkpt><trkpt lat="46.66145044611767" lon="8.051920361351222"><ele>2176.699981689453</ele></trkpt><trkpt lat="46.66141044627875" lon="8.051880361512303"><ele>2178.0</ele></trkpt><trkpt lat="46.66140044666827" lon="8.05187036190182"><ele>2177.8399963378906</ele></trkpt><trkpt lat="46.66138044651598" lon="8.051840361673385"><ele>2178.3999938964844</ele></trkpt><trkpt lat="46.66137044643983" lon="8.051810361910611"><ele>2178.6799926757812</ele></trkpt><trkpt lat="46.66136044682935" lon="8.051800361834466"><ele>2178.5999755859375</ele></trkpt><trkpt lat="46.661370446905494" lon="8.051780361682177"><ele>2178.9099731445312</ele></trkpt><trkpt lat="46.661370446905494" lon="8.051770362071693"><ele>2179.0599975585938</ele></trkpt><trkpt lat="46.66138044651598" lon="8.051750361919403"><ele>2179.0</ele></trkpt><trkpt lat="46.66141044674441" lon="8.051750361919403"><ele>2179.199981689453</ele></trkpt><trkpt lat="46.6615104470402" lon="8.051790362223983"><ele>2181.5999755859375</ele></trkpt><trkpt lat="46.66163044748828" lon="8.051810362841934"><ele>2183.6499938964844</ele></trkpt><trkpt lat="46.66173044824973" lon="8.051820362918079"><ele>2185.5999755859375</ele></trkpt><trkpt lat="46.661850448232144" lon="8.051790363155305"><ele>2187.5999755859375</ele></trkpt><trkpt lat="46.66192044876516" lon="8.051760363392532"><ele>2189.1699829101562</ele></trkpt><trkpt lat="46.66195044899359" lon="8.051750363782048"><ele>2189.769989013672</ele></trkpt><trkpt lat="46.66204044921324" lon="8.051700363866985"><ele>2191.2999877929688</ele></trkpt><trkpt lat="46.66213044943288" lon="8.051630364265293"><ele>2193.5499877929688</ele></trkpt><trkpt lat="46.66217044973746" lon="8.05160036450252"><ele>2194.439971923828</ele></trkpt><trkpt lat="46.66225045034662" lon="8.051540364511311"><ele>2196.199981689453</ele></trkpt><trkpt lat="46.66235045064241" lon="8.0514303650707"><ele>2198.449981689453</ele></trkpt><trkpt lat="46.66241045109928" lon="8.051350365392864"><ele>2200.0999755859375</ele></trkpt><trkpt lat="46.66242045117542" lon="8.051330365240574"><ele>2200.3499755859375</ele></trkpt><trkpt lat="46.66244045132771" lon="8.051290365401655"><ele>2201.2999877929688</ele></trkpt><trkpt lat="46.662470451556146" lon="8.051210365723819"><ele>2202.199981689453</ele></trkpt><trkpt lat="46.662470451556146" lon="8.051200365647674"><ele>2201.939971923828</ele></trkpt><trkpt lat="46.66248045163229" lon="8.051120365504175"><ele>2202.699981689453</ele></trkpt><trkpt lat="46.66250045178458" lon="8.051030365750194"><ele>2203.5</ele></trkpt><trkpt lat="46.662530452013016" lon="8.050940365996212"><ele>2204.4099731445312</ele></trkpt><trkpt lat="46.662550452165306" lon="8.050900366157293"><ele>2205.0</ele></trkpt><trkpt lat="46.662650452461094" lon="8.05068036634475"><ele>2207.699981689453</ele></trkpt><trkpt lat="46.66270045284182" lon="8.05055036675185"><ele>2209.0799865722656</ele></trkpt><trkpt lat="46.66278045345098" lon="8.050370367243886"><ele>2213.199981689453</ele></trkpt><trkpt lat="46.6628304538317" lon="8.050280367489904"><ele>2214.1599731445312</ele></trkpt><trkpt lat="46.66289045428857" lon="8.050160367973149"><ele>2217.0999755859375</ele></trkpt><trkpt lat="46.6629404546693" lon="8.050040367990732"><ele>2218.0999755859375</ele></trkpt><trkpt lat="46.66295045474544" lon="8.049990368075669"><ele>2218.0</ele></trkpt><trkpt lat="46.66297045489773" lon="8.049920368008316"><ele>2218.449981689453</ele></trkpt><trkpt lat="46.66297045489773" lon="8.049910368397832"><ele>2218.489990234375</ele></trkpt><trkpt lat="46.66297045489773" lon="8.049910368397832"><ele>2218.2999877929688</ele></trkpt><trkpt lat="46.66299045505002" lon="8.049820368178189"><ele>2219.0399780273438</ele></trkpt><trkpt lat="46.663000455126166" lon="8.049740368500352"><ele>2219.509979248047</ele></trkpt><trkpt lat="46.66309045534581" lon="8.049320368561894"><ele>2221.2999877929688</ele></trkpt><trkpt lat="46.6631104554981" lon="8.049240368884057"><ele>2221.5399780273438</ele></trkpt><trkpt lat="46.66314045526087" lon="8.049110368825495"><ele>2221.9299926757812</ele></trkpt><trkpt lat="46.66315045533702" lon="8.049050368834287"><ele>2221.8999938964844</ele></trkpt><trkpt lat="46.66317045548931" lon="8.048850368708372"><ele>2222.6599731445312</ele></trkpt><trkpt lat="46.6631904556416" lon="8.04872036864981"><ele>2222.199981689453</ele></trkpt><trkpt lat="46.663210455328226" lon="8.048630368895829"><ele>2222.0999755859375</ele></trkpt><trkpt lat="46.66326045570895" lon="8.04855036875233"><ele>2222.2999877929688</ele></trkpt><trkpt lat="46.663330455776304" lon="8.048480368684977"><ele>2222.8999938964844</ele></trkpt><trkpt lat="46.663460455834866" lon="8.048380369320512"><ele>2224.739990234375</ele></trkpt><trkpt lat="46.6634904560633" lon="8.048360369168222"><ele>2225.0899963378906</ele></trkpt><trkpt lat="46.66365045681596" lon="8.048190369736403"><ele>2228.0599975585938</ele></trkpt><trkpt lat="46.66372045688331" lon="8.048100369982421"><ele>2228.699981689453</ele></trkpt><trkpt lat="46.66380045702681" lon="8.048000369686633"><ele>2228.8099975585938</ele></trkpt><trkpt lat="46.66386045701802" lon="8.047920370008796"><ele>2228.8999938964844</ele></trkpt><trkpt lat="46.663880456704646" lon="8.047880369704217"><ele>2229.239990234375</ele></trkpt><trkpt lat="46.66389045678079" lon="8.047860370017588"><ele>2229.0</ele></trkpt><trkpt lat="46.66391045693308" lon="8.047810369636863"><ele>2229.25</ele></trkpt><trkpt lat="46.663940456695855" lon="8.047750369645655"><ele>2229.0999755859375</ele></trkpt><trkpt lat="46.663960456848145" lon="8.047640369739383"><ele>2229.699981689453</ele></trkpt><trkpt lat="46.66399045754224" lon="8.047410370316356"><ele>2231.5</ele></trkpt><trkpt lat="46.664000457618386" lon="8.047190370503813"><ele>2233.7999877929688</ele></trkpt><trkpt lat="46.664020457770675" lon="8.04712037043646"><ele>2234.3399963378906</ele></trkpt><trkpt lat="46.66405045846477" lon="8.046950371004641"><ele>2236.8899841308594</ele></trkpt><trkpt lat="46.66406045900658" lon="8.046880371402949"><ele>2238.5</ele></trkpt><trkpt lat="46.66409045923501" lon="8.046750371344388"><ele>2239.779998779297</ele></trkpt><trkpt lat="46.66414045961574" lon="8.046560371760279"><ele>2242.689971923828</ele></trkpt><trkpt lat="46.66415045969188" lon="8.046510372310877"><ele>2243.7999877929688</ele></trkpt><trkpt lat="46.66417045984417" lon="8.046500372234732"><ele>2244.1499938964844</ele></trkpt><trkpt lat="46.66418045992032" lon="8.046500372234732"><ele>2244.5</ele></trkpt><trkpt lat="46.66421046014875" lon="8.046500372234732"><ele>2244.3199768066406</ele></trkpt><trkpt lat="46.66423045983538" lon="8.046500372234732"><ele>2244.2999877929688</ele></trkpt><trkpt lat="46.66437045997009" lon="8.046610372141004"><ele>2244.0</ele></trkpt><trkpt lat="46.664410459809005" lon="8.046640372369438"><ele>2244.239990234375</ele></trkpt><trkpt lat="46.664450460113585" lon="8.046660372056067"><ele>2244.5</ele></trkpt><trkpt lat="46.66454046033323" lon="8.046670372597873"><ele>2245.199981689453</ele></trkpt><trkpt lat="46.664600460324436" lon="8.046680372674018"><ele>2245.8099975585938</ele></trkpt><trkpt lat="46.66463046055287" lon="8.046680372674018"><ele>2246.0</ele></trkpt><trkpt lat="46.66469046054408" lon="8.046700372826308"><ele>2247.1599731445312</ele></trkpt><trkpt lat="46.66479046083987" lon="8.046740373130888"><ele>2248.8899841308594</ele></trkpt><trkpt lat="46.66485046129674" lon="8.046760373283178"><ele>2250.199981689453</ele></trkpt><trkpt lat="46.66494046151638" lon="8.046780373435467"><ele>2251.699981689453</ele></trkpt><trkpt lat="46.664970461744815" lon="8.046810373663902"><ele>2252.0</ele></trkpt><trkpt lat="46.66505046188831" lon="8.046880373731256"><ele>2253.699981689453</ele></trkpt><trkpt lat="46.66509046219289" lon="8.0468903738074"><ele>2254.8499755859375</ele></trkpt><trkpt lat="46.66513046249747" lon="8.046900374349207"><ele>2255.7999877929688</ele></trkpt><trkpt lat="46.66519046248868" lon="8.046910374425352"><ele>2257.0599975585938</ele></trkpt><trkpt lat="46.665200462564826" lon="8.046920374501497"><ele>2257.3999938964844</ele></trkpt><trkpt lat="46.66525046294555" lon="8.046890374738723"><ele>2258.3999938964844</ele></trkpt><trkpt lat="46.66527046309784" lon="8.046860374510288"><ele>2259.1699829101562</ele></trkpt><trkpt lat="46.66529046325013" lon="8.04684037482366"><ele>2259.7999877929688</ele></trkpt><trkpt lat="46.665300463326275" lon="8.046830374747515"><ele>2259.9299926757812</ele></trkpt><trkpt lat="46.665340463165194" lon="8.046800374984741"><ele>2260.2999877929688</ele></trkpt><trkpt lat="46.665360463317484" lon="8.046790374908596"><ele>2261.0899963378906</ele></trkpt><trkpt lat="46.66542046377435" lon="8.046760375145823"><ele>2261.8999938964844</ele></trkpt><trkpt lat="46.66548046423122" lon="8.04671037569642"><ele>2264.0999755859375</ele></trkpt><trkpt lat="46.665530464146286" lon="8.046660375781357"><ele>2265.0999755859375</ele></trkpt><trkpt lat="46.66554046422243" lon="8.046650375705212"><ele>2265.3599853515625</ele></trkpt><trkpt lat="46.66556046437472" lon="8.046630375552922"><ele>2265.5</ele></trkpt><trkpt lat="46.6656004646793" lon="8.046650375705212"><ele>2266.5999755859375</ele></trkpt><trkpt lat="46.66566046467051" lon="8.046650376170874"><ele>2267.2999877929688</ele></trkpt><trkpt lat="46.66572046512738" lon="8.0466203764081"><ele>2268.989990234375</ele></trkpt><trkpt lat="46.66572046466172" lon="8.046620375942439"><ele>2268.2999877929688</ele></trkpt><trkpt lat="46.66574046481401" lon="8.046540376264602"><ele>2268.8999938964844</ele></trkpt><trkpt lat="46.66579046566039" lon="8.046310376841575"><ele>2271.509979248047</ele></trkpt><trkpt lat="46.66580046573654" lon="8.046240376774222"><ele>2271.7999877929688</ele></trkpt><trkpt lat="46.66583046549931" lon="8.046170376706868"><ele>2272.2999877929688</ele></trkpt><trkpt lat="46.66589046595618" lon="8.046080376952887"><ele>2273.0999755859375</ele></trkpt><trkpt lat="46.665920465718955" lon="8.046030377037823"><ele>2273.189971923828</ele></trkpt><trkpt lat="46.66603046609089" lon="8.045890376903117"><ele>2274.0999755859375</ele></trkpt><trkpt lat="46.66605046624318" lon="8.045850377064198"><ele>2274.3499755859375</ele></trkpt><trkpt lat="46.66608046600595" lon="8.045820377301425"><ele>2274.699981689453</ele></trkpt><trkpt lat="46.666170466225594" lon="8.045750377234071"><ele>2274.5999755859375</ele></trkpt><trkpt lat="46.66631046589464" lon="8.045700376853347"><ele>2274.199981689453</ele></trkpt><trkpt lat="46.66639046603814" lon="8.045690377242863"><ele>2274.199981689453</ele></trkpt><trkpt lat="46.6664404659532" lon="8.045680377166718"><ele>2274.3899841308594</ele></trkpt><trkpt lat="46.666530466172844" lon="8.045680377166718"><ele>2274.0999755859375</ele></trkpt><trkpt lat="46.66658046608791" lon="8.045670377090573"><ele>2274.2999877929688</ele></trkpt><trkpt lat="46.66659046616405" lon="8.045650376938283"><ele>2274.509979248047</ele></trkpt><trkpt lat="46.666640466079116" lon="8.045630377251655"><ele>2274.199981689453</ele></trkpt><trkpt lat="46.66667046584189" lon="8.045610377099365"><ele>2273.8999938964844</ele></trkpt><trkpt lat="46.666700466070324" lon="8.045610377099365"><ele>2273.8499755859375</ele></trkpt><trkpt lat="46.6667304658331" lon="8.045610377099365"><ele>2273.199981689453</ele></trkpt><trkpt lat="46.66693046549335" lon="8.045590376947075"><ele>2272.199981689453</ele></trkpt><trkpt lat="46.66699046595022" lon="8.045570376794785"><ele>2272.5999755859375</ele></trkpt><trkpt lat="46.667040465865284" lon="8.045540377032012"><ele>2273.0999755859375</ele></trkpt><trkpt lat="46.667060466017574" lon="8.045530376955867"><ele>2273.3199768066406</ele></trkpt><trkpt lat="46.66710046585649" lon="8.045500376727432"><ele>2273.199981689453</ele></trkpt><trkpt lat="46.66712046600878" lon="8.045490377116948"><ele>2273.259979248047</ele></trkpt><trkpt lat="46.66713046608493" lon="8.045490376651287"><ele>2273.0999755859375</ele></trkpt><trkpt lat="46.6671604658477" lon="8.045470376964658"><ele>2272.8199768066406</ele></trkpt><trkpt lat="46.667190465610474" lon="8.045450376812369"><ele>2272.5999755859375</ele></trkpt><trkpt lat="46.667210465762764" lon="8.045440376736224"><ele>2272.199981689453</ele></trkpt><trkpt lat="46.66722046583891" lon="8.045430376660079"><ele>2272.029998779297</ele></trkpt><trkpt lat="46.66724046552554" lon="8.045420376583934"><ele>2271.7999877929688</ele></trkpt><trkpt lat="46.667280465364456" lon="8.045400376431644"><ele>2271.3999938964844</ele></trkpt><trkpt lat="46.66731046559289" lon="8.04537037666887"><ele>2270.7999877929688</ele></trkpt><trkpt lat="46.66733046527952" lon="8.04533037636429"><ele>2270.3999938964844</ele></trkpt><trkpt lat="46.66735046543181" lon="8.045260376296937"><ele>2270.199981689453</ele></trkpt><trkpt lat="46.66735046543181" lon="8.04520037630573"><ele>2269.8999938964844</ele></trkpt><trkpt lat="46.667340465355664" lon="8.04516037646681"><ele>2270.0</ele></trkpt><trkpt lat="46.66733046527952" lon="8.04514037631452"><ele>2269.8399963378906</ele></trkpt><trkpt lat="46.66723046498373" lon="8.044950376264751"><ele>2268.47998046875</ele></trkpt><trkpt lat="46.6672004647553" lon="8.044850375968963"><ele>2267.7999877929688</ele></trkpt><trkpt lat="46.66713046468794" lon="8.044670375995338"><ele>2267.3999938964844</ele></trkpt><trkpt lat="46.66708046477288" lon="8.044530375860631"><ele>2266.8999938964844</ele></trkpt><trkpt lat="46.66701046470553" lon="8.044420375488698"><ele>2266.0999755859375</ele></trkpt><trkpt lat="46.666880464181304" lon="8.044140375684947"><ele>2264.8299865722656</ele></trkpt><trkpt lat="46.66687046410516" lon="8.044130375608802"><ele>2264.3999938964844</ele></trkpt><trkpt lat="46.666840463876724" lon="8.044050375465304"><ele>2263.8999938964844</ele></trkpt><trkpt lat="46.666840463876724" lon="8.044030375313014"><ele>2264.029998779297</ele></trkpt><trkpt lat="46.66683046380058" lon="8.043910375330597"><ele>2263.1699829101562</ele></trkpt><trkpt lat="46.66683046380058" lon="8.043900375254452"><ele>2263.0</ele></trkpt><trkpt lat="46.66683046380058" lon="8.043890375178307"><ele>2263.0</ele></trkpt><trkpt lat="46.66685046395287" lon="8.043830375187099"><ele>2262.699981689453</ele></trkpt><trkpt lat="46.6668704636395" lon="8.043730374891311"><ele>2262.199981689453</ele></trkpt><trkpt lat="46.666930463630706" lon="8.04360037483275"><ele>2261.5</ele></trkpt><trkpt lat="46.66696046339348" lon="8.043510375078768"><ele>2261.3999938964844</ele></trkpt><trkpt lat="46.66698046354577" lon="8.04345037508756"><ele>2261.5</ele></trkpt><trkpt lat="46.66700046369806" lon="8.043340374715626"><ele>2261.5999755859375</ele></trkpt><trkpt lat="46.66704046353698" lon="8.04322037473321"><ele>2261.449981689453</ele></trkpt><trkpt lat="46.66705046361312" lon="8.043190374970436"><ele>2261.3999938964844</ele></trkpt><trkpt lat="46.66707046329975" lon="8.043140374589711"><ele>2261.1799926757812</ele></trkpt><trkpt lat="46.66707046329975" lon="8.043120374903083"><ele>2260.7999877929688</ele></trkpt><trkpt lat="46.66709046345204" lon="8.04303037468344"><ele>2260.7999877929688</ele></trkpt><trkpt lat="46.667100463528186" lon="8.042890374548733"><ele>2260.8999938964844</ele></trkpt><trkpt lat="46.667100463528186" lon="8.042750374879688"><ele>2262.449981689453</ele></trkpt><trkpt lat="46.667100463528186" lon="8.042470375075936"><ele>2261.769989013672</ele></trkpt><trkpt lat="46.667100463528186" lon="8.042430374771357"><ele>2261.689971923828</ele></trkpt><trkpt lat="46.667100463528186" lon="8.042390374932438"><ele>2261.699981689453</ele></trkpt><trkpt lat="46.667100463528186" lon="8.04235037509352"><ele>2261.7999877929688</ele></trkpt><trkpt lat="46.66707046376541" lon="8.042220375034958"><ele>2262.7999877929688</ele></trkpt><trkpt lat="46.667050464078784" lon="8.04216037504375"><ele>2263.0</ele></trkpt><trkpt lat="46.666970463469625" lon="8.041880374774337"><ele>2261.7999877929688</ele></trkpt><trkpt lat="46.66696046339348" lon="8.041750374715775"><ele>2260.739990234375</ele></trkpt><trkpt lat="46.66696046339348" lon="8.041710374411196"><ele>2260.0</ele></trkpt><trkpt lat="46.66696046339348" lon="8.041660374496132"><ele>2259.8299865722656</ele></trkpt><trkpt lat="46.66696046292782" lon="8.041640374343842"><ele>2259.3999938964844</ele></trkpt><trkpt lat="46.666950463317335" lon="8.041630374267697"><ele>2259.72998046875</ele></trkpt><trkpt lat="46.6669204630889" lon="8.04155037458986"><ele>2259.5799865722656</ele></trkpt><trkpt lat="46.6669204630889" lon="8.04155037458986"><ele>2259.5399780273438</ele></trkpt><trkpt lat="46.666890462860465" lon="8.04149037413299"><ele>2258.5999755859375</ele></trkpt><trkpt lat="46.66688046278432" lon="8.041460374370217"><ele>2258.6699829101562</ele></trkpt><trkpt lat="46.666870462708175" lon="8.041370374150574"><ele>2257.199981689453</ele></trkpt><trkpt lat="46.666870462708175" lon="8.041350373998284"><ele>2257.4099731445312</ele></trkpt><trkpt lat="46.66690046247095" lon="8.041280373930931"><ele>2257.199981689453</ele></trkpt><trkpt lat="46.666910462547094" lon="8.041230374015868"><ele>2257.199981689453</ele></trkpt><trkpt lat="46.66693046269938" lon="8.041130374185741"><ele>2256.75</ele></trkpt><trkpt lat="46.66695046238601" lon="8.041060374118388"><ele>2256.6499938964844</ele></trkpt><trkpt lat="46.66698046261445" lon="8.040950373746455"><ele>2256.5</ele></trkpt><trkpt lat="46.66701046237722" lon="8.040840373840183"><ele>2256.5</ele></trkpt><trkpt lat="46.6670504626818" lon="8.040750374086201"><ele>2256.9099731445312</ele></trkpt><trkpt lat="46.66707046236843" lon="8.040690374094993"><ele>2256.699981689453</ele></trkpt><trkpt lat="46.66710046259686" lon="8.040540373884141"><ele>2256.2999877929688</ele></trkpt><trkpt lat="46.66710046259686" lon="8.040520374197513"><ele>2256.9299926757812</ele></trkpt><trkpt lat="46.66712046228349" lon="8.04043037397787"><ele>2256.0999755859375</ele></trkpt><trkpt lat="46.66713046235964" lon="8.040340373758227"><ele>2256.0999755859375</ele></trkpt><trkpt lat="46.66715046251193" lon="8.040280373767018"><ele>2256.279998779297</ele></trkpt><trkpt lat="46.66715046251193" lon="8.04026037408039"><ele>2256.3999938964844</ele></trkpt><trkpt lat="46.66719046281651" lon="8.040160373784602"><ele>2256.699981689453</ele></trkpt><trkpt lat="46.6672604624182" lon="8.039950374048203"><ele>2256.199981689453</ele></trkpt><trkpt lat="46.66729046218097" lon="8.03986037382856"><ele>2255.5999755859375</ele></trkpt><trkpt lat="46.66731046233326" lon="8.039710373617709"><ele>2254.3299865722656</ele></trkpt><trkpt lat="46.667320461943746" lon="8.039690373465419"><ele>2254.1799926757812</ele></trkpt><trkpt lat="46.66733046201989" lon="8.039570373483002"><ele>2252.8999938964844</ele></trkpt><trkpt lat="46.667340461630374" lon="8.039550373330712"><ele>2252.8999938964844</ele></trkpt><trkpt lat="46.667340461630374" lon="8.039510373491794"><ele>2252.939971923828</ele></trkpt><trkpt lat="46.667340461630374" lon="8.039490373339504"><ele>2252.5</ele></trkpt><trkpt lat="46.667360461782664" lon="8.039350373204798"><ele>2251.5</ele></trkpt><trkpt lat="46.667360461317" lon="8.039300372824073"><ele>2251.1499938964844</ele></trkpt><trkpt lat="46.667360461317" lon="8.0392703730613"><ele>2250.969970703125</ele></trkpt><trkpt lat="46.667360461317" lon="8.03923037275672"><ele>2250.7999877929688</ele></trkpt><trkpt lat="46.66732046101242" lon="8.03902037255466"><ele>2249.5999755859375</ele></trkpt><trkpt lat="46.66731046093628" lon="8.038960372563452"><ele>2249.2999877929688</ele></trkpt><trkpt lat="46.66731046093628" lon="8.038900372572243"><ele>2248.8899841308594</ele></trkpt><trkpt lat="46.66730046086013" lon="8.03883037250489"><ele>2248.2999877929688</ele></trkpt><trkpt lat="46.66731046093628" lon="8.0388103723526"><ele>2248.259979248047</ele></trkpt><trkpt lat="46.66731046093628" lon="8.038760372437537"><ele>2247.699981689453</ele></trkpt><trkpt lat="46.66731046093628" lon="8.038720372132957"><ele>2247.3899841308594</ele></trkpt><trkpt lat="46.66731046093628" lon="8.038710372522473"><ele>2247.2999877929688</ele></trkpt><trkpt lat="46.66732046054676" lon="8.038690372370183"><ele>2247.1799926757812</ele></trkpt><trkpt lat="46.66732046054676" lon="8.038670372217894"><ele>2246.8999938964844</ele></trkpt><trkpt lat="46.66732046054676" lon="8.038660372141749"><ele>2247.1099853515625</ele></trkpt><trkpt lat="46.66732046054676" lon="8.038640371989459"><ele>2246.699981689453</ele></trkpt><trkpt lat="46.66731046047062" lon="8.03862037230283"><ele>2246.5999755859375</ele></trkpt><trkpt lat="46.66731046047062" lon="8.03860037215054"><ele>2246.2999877929688</ele></trkpt><trkpt lat="46.66731046047062" lon="8.03860037215054"><ele>2246.5499877929688</ele></trkpt><trkpt lat="46.66731046047062" lon="8.038590372074395"><ele>2246.5899963378906</ele></trkpt><trkpt lat="46.66731046047062" lon="8.03858037199825"><ele>2246.5</ele></trkpt><trkpt lat="46.66731046047062" lon="8.038530372083187"><ele>2246.8999938964844</ele></trkpt><trkpt lat="46.66733046108857" lon="8.038370372261852"><ele>2248.3999938964844</ele></trkpt><trkpt lat="46.66734046116471" lon="8.03830037266016"><ele>2249.0</ele></trkpt><trkpt lat="46.667360461317" lon="8.038250372745097"><ele>2249.959991455078</ele></trkpt><trkpt lat="46.667360461317" lon="8.038230372592807"><ele>2250.189971923828</ele></trkpt><trkpt lat="46.66740046162158" lon="8.038100372999907"><ele>2251.0999755859375</ele></trkpt><trkpt lat="46.66741046169773" lon="8.038040373008698"><ele>2251.3999938964844</ele></trkpt><trkpt lat="46.66742046177387" lon="8.037940373178571"><ele>2252.7999877929688</ele></trkpt><trkpt lat="46.66743046185002" lon="8.037870373111218"><ele>2253.3699951171875</ele></trkpt><trkpt lat="46.66746046207845" lon="8.03766037337482"><ele>2253.5999755859375</ele></trkpt><trkpt lat="46.66748046223074" lon="8.037600373383611"><ele>2254.0999755859375</ele></trkpt><trkpt lat="46.66750046191737" lon="8.037500373553485"><ele>2254.0</ele></trkpt><trkpt lat="46.66752046206966" lon="8.037440373562276"><ele>2254.199981689453</ele></trkpt><trkpt lat="46.66754046222195" lon="8.037400373257697"><ele>2254.6199951171875</ele></trkpt><trkpt lat="46.667550462298095" lon="8.037380373571068"><ele>2254.5999755859375</ele></trkpt><trkpt lat="46.667550462298095" lon="8.037360373418778"><ele>2254.8899841308594</ele></trkpt><trkpt lat="46.66756046237424" lon="8.03730037342757"><ele>2255.199981689453</ele></trkpt><trkpt lat="46.66758046252653" lon="8.037270373664796"><ele>2255.72998046875</ele></trkpt><trkpt lat="46.66758046252653" lon="8.037250373512506"><ele>2255.5999755859375</ele></trkpt><trkpt lat="46.66758046252653" lon="8.037220373749733"><ele>2256.0999755859375</ele></trkpt><trkpt lat="46.66758046252653" lon="8.037200373597443"><ele>2256.5999755859375</ele></trkpt><trkpt lat="46.66758046252653" lon="8.037160373758525"><ele>2256.5999755859375</ele></trkpt><trkpt lat="46.6675604628399" lon="8.036950374022126"><ele>2257.5999755859375</ele></trkpt><trkpt lat="46.6675604628399" lon="8.036890374030918"><ele>2258.019989013672</ele></trkpt><trkpt lat="46.6675604628399" lon="8.036760373972356"><ele>2258.3999938964844</ele></trkpt><trkpt lat="46.667570462916046" lon="8.036670374218374"><ele>2258.2999877929688</ele></trkpt><trkpt lat="46.66758046299219" lon="8.036610373761505"><ele>2258.0999755859375</ele></trkpt><trkpt lat="46.667590463068336" lon="8.036540374159813"><ele>2258.0</ele></trkpt><trkpt lat="46.66760046314448" lon="8.036520374007523"><ele>2258.1199951171875</ele></trkpt><trkpt lat="46.66762046283111" lon="8.036460374016315"><ele>2257.699981689453</ele></trkpt><trkpt lat="46.66770046297461" lon="8.036310373805463"><ele>2257.259979248047</ele></trkpt><trkpt lat="46.66773046273738" lon="8.0362603738904"><ele>2256.5999755859375</ele></trkpt><trkpt lat="46.667760462500155" lon="8.036190373823047"><ele>2256.2999877929688</ele></trkpt><trkpt lat="46.667760462500155" lon="8.036160373594612"><ele>2256.709991455078</ele></trkpt><trkpt lat="46.6677704625763" lon="8.036130373831838"><ele>2256.6499938964844</ele></trkpt><trkpt lat="46.667780462652445" lon="8.03607037384063"><ele>2256.2999877929688</ele></trkpt><trkpt lat="46.667780462652445" lon="8.035980373620987"><ele>2256.2999877929688</ele></trkpt><trkpt lat="46.667780462652445" lon="8.035970373544842"><ele>2256.5399780273438</ele></trkpt><trkpt lat="46.66781046288088" lon="8.035680374130607"><ele>2258.97998046875</ele></trkpt><trkpt lat="46.667820463422686" lon="8.035620374139398"><ele>2259.47998046875</ele></trkpt><trkpt lat="46.667820463422686" lon="8.035550374072045"><ele>2259.699981689453</ele></trkpt><trkpt lat="46.66783046349883" lon="8.035470374394208"><ele>2259.7999877929688</ele></trkpt><trkpt lat="46.667840463109314" lon="8.035410373937339"><ele>2259.7999877929688</ele></trkpt><trkpt lat="46.667880463413894" lon="8.035330374259502"><ele>2259.8999938964844</ele></trkpt><trkpt lat="46.66798046324402" lon="8.03516037389636"><ele>2259.199981689453</ele></trkpt><trkpt lat="46.66800046293065" lon="8.035110373981297"><ele>2259.0999755859375</ele></trkpt><trkpt lat="46.668010463006794" lon="8.035040373913944"><ele>2258.8999938964844</ele></trkpt><trkpt lat="46.668010463006794" lon="8.03501037415117"><ele>2258.8899841308594</ele></trkpt><trkpt lat="46.668010463006794" lon="8.034980373922735"><ele>2258.699981689453</ele></trkpt><trkpt lat="46.667970463167876" lon="8.03480037394911"><ele>2258.8999938964844</ele></trkpt><trkpt lat="46.66796046309173" lon="8.034660374280065"><ele>2259.4099731445312</ele></trkpt><trkpt lat="46.66796046309173" lon="8.034620373975486"><ele>2259.6599731445312</ele></trkpt><trkpt lat="46.66796046355739" lon="8.034570374060422"><ele>2260.0999755859375</ele></trkpt><trkpt lat="46.66797046363354" lon="8.03444037400186"><ele>2260.47998046875</ele></trkpt><trkpt lat="46.66798046324402" lon="8.034430374391377"><ele>2260.519989013672</ele></trkpt><trkpt lat="46.667990463320166" lon="8.034360374324024"><ele>2260.3999938964844</ele></trkpt><trkpt lat="46.6680204635486" lon="8.034300374332815"><ele>2260.189971923828</ele></trkpt><trkpt lat="46.668030463159084" lon="8.034260374028236"><ele>2259.8999938964844</ele></trkpt><trkpt lat="46.66804046323523" lon="8.034230374265462"><ele>2260.029998779297</ele></trkpt><trkpt lat="46.66808046353981" lon="8.034160374198109"><ele>2259.8999938964844</ele></trkpt><trkpt lat="46.66808046353981" lon="8.0341003742069"><ele>2260.0799865722656</ele></trkpt><trkpt lat="46.6681004636921" lon="8.033990374300629"><ele>2260.9199829101562</ele></trkpt><trkpt lat="46.66812046384439" lon="8.033880374394357"><ele>2261.8799743652344</ele></trkpt><trkpt lat="46.66812046384439" lon="8.033860374707729"><ele>2262.2999877929688</ele></trkpt><trkpt lat="46.66814046399668" lon="8.033790374640375"><ele>2262.5999755859375</ele></trkpt><trkpt lat="46.66822046414018" lon="8.03361037466675"><ele>2264.75</ele></trkpt><trkpt lat="46.66823046421632" lon="8.033570374827832"><ele>2265.199981689453</ele></trkpt><trkpt lat="46.66825046436861" lon="8.033510374836624"><ele>2265.2999877929688</ele></trkpt><trkpt lat="46.668280464597046" lon="8.033410375006497"><ele>2265.769989013672</ele></trkpt><trkpt lat="46.668320464901626" lon="8.033260375261307"><ele>2266.5999755859375</ele></trkpt><trkpt lat="46.66833046451211" lon="8.033240375109017"><ele>2266.8099975585938</ele></trkpt><trkpt lat="46.66833046497777" lon="8.033210375346243"><ele>2267.0999755859375</ele></trkpt><trkpt lat="46.66833046497777" lon="8.033170375041664"><ele>2267.3699951171875</ele></trkpt><trkpt lat="46.66833046497777" lon="8.033100375439972"><ele>2267.699981689453</ele></trkpt><trkpt lat="46.668340465053916" lon="8.033030375372618"><ele>2267.8999938964844</ele></trkpt><trkpt lat="46.668340465053916" lon="8.032980375457555"><ele>2267.8999938964844</ele></trkpt><trkpt lat="46.66835046513006" lon="8.032920375466347"><ele>2268.0</ele></trkpt><trkpt lat="46.66837046481669" lon="8.032810375560075"><ele>2268.3999938964844</ele></trkpt><trkpt lat="46.66837046528235" lon="8.03278037533164"><ele>2268.709991455078</ele></trkpt><trkpt lat="46.66839046496898" lon="8.032640375662595"><ele>2268.8999938964844</ele></trkpt><trkpt lat="46.66841046558693" lon="8.03244037553668"><ele>2270.1099853515625</ele></trkpt><trkpt lat="46.66841046558693" lon="8.03244037553668"><ele>2270.1399841308594</ele></trkpt><trkpt lat="46.66841046558693" lon="8.032380375545472"><ele>2270.1699829101562</ele></trkpt><trkpt lat="46.668440465349704" lon="8.032190375961363"><ele>2270.7999877929688</ele></trkpt><trkpt lat="46.668460465501994" lon="8.032070375978947"><ele>2271.2999877929688</ele></trkpt><trkpt lat="46.66852046595886" lon="8.031870375853032"><ele>2271.8999938964844</ele></trkpt><trkpt lat="46.66854046564549" lon="8.031730376183987"><ele>2272.3499755859375</ele></trkpt><trkpt lat="46.66854046564549" lon="8.031730376183987"><ele>2272.3499755859375</ele></trkpt><trkpt lat="46.66854046611115" lon="8.031640375964344"><ele>2272.6499938964844</ele></trkpt><trkpt lat="46.66854046611115" lon="8.03159037604928"><ele>2272.7999877929688</ele></trkpt><trkpt lat="46.66853046603501" lon="8.03144037630409"><ele>2273.719970703125</ele></trkpt><trkpt lat="46.66851046634838" lon="8.031140376348048"><ele>2275.3999938964844</ele></trkpt><trkpt lat="46.66851046634838" lon="8.031090376432985"><ele>2275.6199951171875</ele></trkpt><trkpt lat="46.66851046634838" lon="8.031040376517922"><ele>2275.7999877929688</ele></trkpt><trkpt lat="46.668520466890186" lon="8.03093037661165"><ele>2276.699981689453</ele></trkpt><trkpt lat="46.66853046696633" lon="8.030790376942605"><ele>2277.2999877929688</ele></trkpt><trkpt lat="46.668540467042476" lon="8.030710376799107"><ele>2277.719970703125</ele></trkpt><trkpt lat="46.668560466729105" lon="8.030540376435965"><ele>2276.699981689453</ele></trkpt><trkpt lat="46.66857046680525" lon="8.030490376520902"><ele>2277.0</ele></trkpt><trkpt lat="46.66858046641573" lon="8.030450376681983"><ele>2276.199981689453</ele></trkpt><trkpt lat="46.66862046625465" lon="8.030290376394987"><ele>2274.699981689453</ele></trkpt><trkpt lat="46.668650466017425" lon="8.030160375870764"><ele>2273.209991455078</ele></trkpt><trkpt lat="46.6686804657802" lon="8.030060376040637"><ele>2272.3799743652344</ele></trkpt><trkpt lat="46.6686804657802" lon="8.030050375964493"><ele>2272.0999755859375</ele></trkpt><trkpt lat="46.6686804657802" lon="8.029930375982076"><ele>2271.699981689453</ele></trkpt><trkpt lat="46.6686804657802" lon="8.029900375753641"><ele>2271.8399963378906</ele></trkpt><trkpt lat="46.668670465704054" lon="8.02962037594989"><ele>2271.3999938964844</ele></trkpt><trkpt lat="46.668670465704054" lon="8.029550375882536"><ele>2271.5</ele></trkpt><trkpt lat="46.668670465704054" lon="8.029500375501812"><ele>2271.199981689453</ele></trkpt><trkpt lat="46.66866046562791" lon="8.029470375739038"><ele>2271.209991455078</ele></trkpt><trkpt lat="46.668650465551764" lon="8.029420375823975"><ele>2271.0</ele></trkpt><trkpt lat="46.66864046547562" lon="8.02937037544325"><ele>2270.9199829101562</ele></trkpt><trkpt lat="46.668630465399474" lon="8.029340375680476"><ele>2270.7999877929688</ele></trkpt><trkpt lat="46.66857046587393" lon="8.029250375926495"><ele>2271.3399963378906</ele></trkpt><trkpt lat="46.66857046587393" lon="8.02924037585035"><ele>2271.3499755859375</ele></trkpt><trkpt lat="46.66851046588272" lon="8.029170375782996"><ele>2272.0</ele></trkpt><trkpt lat="46.66845046589151" lon="8.02905037580058"><ele>2273.0999755859375</ele></trkpt><trkpt lat="46.66843046620488" lon="8.029010375961661"><ele>2273.5999755859375</ele></trkpt><trkpt lat="46.66842046612874" lon="8.028970376122743"><ele>2274.0399780273438</ele></trkpt><trkpt lat="46.66842046612874" lon="8.028950375970453"><ele>2274.199981689453</ele></trkpt><trkpt lat="46.66839046636596" lon="8.028720376547426"><ele>2275.9199829101562</ele></trkpt><trkpt lat="46.66838046675548" lon="8.028680376242846"><ele>2276.0999755859375</ele></trkpt><trkpt lat="46.66836046660319" lon="8.028620376251638"><ele>2276.199981689453</ele></trkpt><trkpt lat="46.668350466527045" lon="8.028590376488864"><ele>2276.47998046875</ele></trkpt><trkpt lat="46.6683404664509" lon="8.028570376336575"><ele>2276.5</ele></trkpt><trkpt lat="46.668330466840416" lon="8.028540376573801"><ele>2276.5899963378906</ele></trkpt><trkpt lat="46.668310466688126" lon="8.028490376658738"><ele>2276.5</ele></trkpt><trkpt lat="46.66826046677306" lon="8.02841037651524"><ele>2277.009979248047</ele></trkpt><trkpt lat="46.66824046662077" lon="8.028380376752466"><ele>2276.8999938964844</ele></trkpt><trkpt lat="46.66813046624884" lon="8.028080376330763"><ele>2274.7999877929688</ele></trkpt><trkpt lat="46.66807046625763" lon="8.027950376272202"><ele>2274.6699829101562</ele></trkpt><trkpt lat="46.66804046649486" lon="8.027910375967622"><ele>2274.699981689453</ele></trkpt><trkpt lat="46.66803046641871" lon="8.027890376280993"><ele>2275.1299743652344</ele></trkpt><trkpt lat="46.66802046634257" lon="8.027870376128703"><ele>2275.0</ele></trkpt><trkpt lat="46.66801046626642" lon="8.027830376289785"><ele>2275.5599975585938</ele></trkpt><trkpt lat="46.66800046665594" lon="8.027800376527011"><ele>2275.8499755859375</ele></trkpt><trkpt lat="46.667990466579795" lon="8.027750376611948"><ele>2276.199981689453</ele></trkpt><trkpt lat="46.66798046650365" lon="8.02769037662074"><ele>2276.699981689453</ele></trkpt><trkpt lat="46.66798046696931" lon="8.027630376629531"><ele>2277.5899963378906</ele></trkpt><trkpt lat="46.66798046743497" lon="8.027480376884341"><ele>2279.3999938964844</ele></trkpt><trkpt lat="46.66799046751112" lon="8.027440377045423"><ele>2279.699981689453</ele></trkpt><trkpt lat="46.66800046758726" lon="8.027410376816988"><ele>2279.97998046875</ele></trkpt><trkpt lat="46.6680004671216" lon="8.02739037713036"><ele>2279.7999877929688</ele></trkpt><trkpt lat="46.66802046727389" lon="8.027330377139151"><ele>2279.699981689453</ele></trkpt><trkpt lat="46.668030466884375" lon="8.027260376606137"><ele>2278.6499938964844</ele></trkpt><trkpt lat="46.66804046696052" lon="8.027240376919508"><ele>2278.3999938964844</ele></trkpt><trkpt lat="46.66804046696052" lon="8.027090376708657"><ele>2277.279998779297</ele></trkpt><trkpt lat="46.66804046696052" lon="8.027070376556367"><ele>2276.8999938964844</ele></trkpt><trkpt lat="46.66804046696052" lon="8.027070376556367"><ele>2277.1699829101562</ele></trkpt><trkpt lat="46.66806046711281" lon="8.026860376819968"><ele>2277.699981689453</ele></trkpt><trkpt lat="46.66809046687558" lon="8.026710376609117"><ele>2278.0</ele></trkpt><trkpt lat="46.66819046624005" lon="8.026430376339704"><ele>2274.8999938964844</ele></trkpt><trkpt lat="46.66822046600282" lon="8.02636037580669"><ele>2274.0</ele></trkpt><trkpt lat="46.66828046599403" lon="8.026270375587046"><ele>2272.5999755859375</ele></trkpt><trkpt lat="46.668290466070175" lon="8.026240375824273"><ele>2272.3599853515625</ele></trkpt><trkpt lat="46.668310465756804" lon="8.026200375519693"><ele>2271.699981689453</ele></trkpt><trkpt lat="46.668310465756804" lon="8.02617037575692"><ele>2271.5499877929688</ele></trkpt><trkpt lat="46.668310465756804" lon="8.02615037560463"><ele>2271.3099975585938</ele></trkpt><trkpt lat="46.668310465756804" lon="8.02615037560463"><ele>2271.269989013672</ele></trkpt><trkpt lat="46.668310465756804" lon="8.02613037545234"><ele>2271.1699829101562</ele></trkpt><trkpt lat="46.66831046529114" lon="8.026100375223905"><ele>2270.699981689453</ele></trkpt><trkpt lat="46.668310465756804" lon="8.026010375469923"><ele>2270.739990234375</ele></trkpt><trkpt lat="46.66831046529114" lon="8.025950375478715"><ele>2270.5999755859375</ele></trkpt><trkpt lat="46.66831046529114" lon="8.02594037540257"><ele>2270.6799926757812</ele></trkpt><trkpt lat="46.66833046544343" lon="8.025800375267863"><ele>2270.699981689453</ele></trkpt><trkpt lat="46.66836046567187" lon="8.025680375285447"><ele>2271.2999877929688</ele></trkpt><trkpt lat="46.66841046558693" lon="8.025550375692546"><ele>2271.3699951171875</ele></trkpt><trkpt lat="46.66843046573922" lon="8.025500375311822"><ele>2271.2999877929688</ele></trkpt><trkpt lat="46.668440465815365" lon="8.02541037555784"><ele>2271.47998046875</ele></trkpt><trkpt lat="46.668440465815365" lon="8.02539037540555"><ele>2271.3999938964844</ele></trkpt><trkpt lat="46.668440465815365" lon="8.025330375414342"><ele>2271.7999877929688</ele></trkpt><trkpt lat="46.66843046573922" lon="8.025310375727713"><ele>2271.959991455078</ele></trkpt><trkpt lat="46.668420465663075" lon="8.025250375736505"><ele>2272.0999755859375</ele></trkpt><trkpt lat="46.668420465663075" lon="8.025180375669152"><ele>2272.3299865722656</ele></trkpt><trkpt lat="46.668420465663075" lon="8.025130375754088"><ele>2272.269989013672</ele></trkpt><trkpt lat="46.668420465663075" lon="8.0250303754583"><ele>2272.199981689453</ele></trkpt><trkpt lat="46.66843046573922" lon="8.024900375399739"><ele>2272.279998779297</ele></trkpt><trkpt lat="46.66843046573922" lon="8.024870375636965"><ele>2272.199981689453</ele></trkpt><trkpt lat="46.668440465815365" lon="8.024790375493467"><ele>2272.199981689453</ele></trkpt><trkpt lat="46.668440465815365" lon="8.024790375493467"><ele>2272.459991455078</ele></trkpt><trkpt lat="46.668440465815365" lon="8.024770375806838"><ele>2272.3999938964844</ele></trkpt><trkpt lat="46.66845046589151" lon="8.024730375502259"><ele>2272.0999755859375</ele></trkpt><trkpt lat="46.668480465654284" lon="8.024630375672132"><ele>2271.7999877929688</ele></trkpt><trkpt lat="46.668480465654284" lon="8.024630375672132"><ele>2271.699981689453</ele></trkpt><trkpt lat="46.66849046573043" lon="8.024580375291407"><ele>2271.5</ele></trkpt><trkpt lat="46.66851046588272" lon="8.024540375452489"><ele>2271.2999877929688</ele></trkpt><trkpt lat="46.6685204654932" lon="8.024540375452489"><ele>2271.1299743652344</ele></trkpt><trkpt lat="46.66858046548441" lon="8.02448037546128"><ele>2270.3699951171875</ele></trkpt><trkpt lat="46.668590465560555" lon="8.024470375385135"><ele>2270.199981689453</ele></trkpt><trkpt lat="46.66862046532333" lon="8.024470374919474"><ele>2269.5799865722656</ele></trkpt><trkpt lat="46.66864046547562" lon="8.024470374919474"><ele>2269.2999877929688</ele></trkpt><trkpt lat="46.66869046492502" lon="8.024450374767184"><ele>2268.5</ele></trkpt><trkpt lat="46.668740464840084" lon="8.024430375080556"><ele>2267.7999877929688</ele></trkpt><trkpt lat="46.668760464992374" lon="8.024410374928266"><ele>2267.459991455078</ele></trkpt><trkpt lat="46.668780464679" lon="8.024390374775976"><ele>2267.0999755859375</ele></trkpt><trkpt lat="46.668850464746356" lon="8.024350374471396"><ele>2266.7999877929688</ele></trkpt><trkpt lat="46.668870464898646" lon="8.024340374860913"><ele>2266.779998779297</ele></trkpt><trkpt lat="46.668930464889854" lon="8.024310374632478"><ele>2266.5999755859375</ele></trkpt><trkpt lat="46.66911046486348" lon="8.024240374565125"><ele>2266.199981689453</ele></trkpt><trkpt lat="46.66913046455011" lon="8.024220374412835"><ele>2266.4199829101562</ele></trkpt><trkpt lat="46.669210464693606" lon="8.024130374658853"><ele>2266.4099731445312</ele></trkpt><trkpt lat="46.66928046476096" lon="8.023960374761373"><ele>2266.2999877929688</ele></trkpt><trkpt lat="46.669290464837104" lon="8.023930374532938"><ele>2266.469970703125</ele></trkpt><trkpt lat="46.66932046459988" lon="8.02385037438944"><ele>2266.3999938964844</ele></trkpt><trkpt lat="46.669380464591086" lon="8.023740374483168"><ele>2266.199981689453</ele></trkpt><trkpt lat="46.669420464895666" lon="8.023640374653041"><ele>2266.199981689453</ele></trkpt><trkpt lat="46.669440464582294" lon="8.023610374424607"><ele>2266.3699951171875</ele></trkpt><trkpt lat="46.669460464734584" lon="8.023550374433398"><ele>2266.0</ele></trkpt><trkpt lat="46.66953046480194" lon="8.023220374714583"><ele>2266.0999755859375</ele></trkpt><trkpt lat="46.66954046487808" lon="8.023180374410003"><ele>2266.0999755859375</ele></trkpt><trkpt lat="46.669570464640856" lon="8.02313037449494"><ele>2266.0999755859375</ele></trkpt><trkpt lat="46.66960046486929" lon="8.023100374732167"><ele>2266.489990234375</ele></trkpt><trkpt lat="46.669630464632064" lon="8.023050374351442"><ele>2266.0999755859375</ele></trkpt><trkpt lat="46.669650464784354" lon="8.023040374740958"><ele>2266.4199829101562</ele></trkpt><trkpt lat="46.66969046462327" lon="8.023010374512523"><ele>2266.0</ele></trkpt><trkpt lat="46.669780464842916" lon="8.02296037459746"><ele>2266.3299865722656</ele></trkpt><trkpt lat="46.669820464681834" lon="8.02294037444517"><ele>2266.0999755859375</ele></trkpt><trkpt lat="46.66985046491027" lon="8.022920374758542"><ele>2266.3699951171875</ele></trkpt><trkpt lat="46.66991046490148" lon="8.022900374606252"><ele>2266.0999755859375</ele></trkpt><trkpt lat="46.669930464588106" lon="8.022880374453962"><ele>2266.449981689453</ele></trkpt><trkpt lat="46.66996046481654" lon="8.022840374615043"><ele>2266.469970703125</ele></trkpt><trkpt lat="46.66998046450317" lon="8.022820374462754"><ele>2266.0999755859375</ele></trkpt><trkpt lat="46.669990464579314" lon="8.02279037469998"><ele>2266.439971923828</ele></trkpt><trkpt lat="46.67002046480775" lon="8.022730374708772"><ele>2266.0999755859375</ele></trkpt><trkpt lat="46.67005046457052" lon="8.022650374565274"><ele>2266.0999755859375</ele></trkpt><trkpt lat="46.6700904648751" lon="8.022570374421775"><ele>2266.0999755859375</ele></trkpt><trkpt lat="46.67011046456173" lon="8.022540374659002"><ele>2266.489990234375</ele></trkpt><trkpt lat="46.67013046471402" lon="8.022510374430567"><ele>2266.0999755859375</ele></trkpt><trkpt lat="46.670200464781374" lon="8.02239037444815"><ele>2266.509979248047</ele></trkpt><trkpt lat="46.67023046454415" lon="8.022340374533087"><ele>2266.199981689453</ele></trkpt><trkpt lat="46.67034046491608" lon="8.022180374711752"><ele>2266.3499755859375</ele></trkpt><trkpt lat="46.67040046490729" lon="8.022080374415964"><ele>2266.3999938964844</ele></trkpt><trkpt lat="46.670500464737415" lon="8.021870374679565"><ele>2266.7999877929688</ele></trkpt><trkpt lat="46.67051046481356" lon="8.021850374527276"><ele>2267.1399841308594</ele></trkpt><trkpt lat="46.670540465041995" lon="8.021790374536067"><ele>2267.199981689453</ele></trkpt><trkpt lat="46.67061046510935" lon="8.021700374782085"><ele>2267.7999877929688</ele></trkpt><trkpt lat="46.6706804651767" lon="8.021640374790877"><ele>2268.3999938964844</ele></trkpt><trkpt lat="46.67072046501562" lon="8.021600374951959"><ele>2268.739990234375</ele></trkpt><trkpt lat="46.670750465244055" lon="8.021580374799669"><ele>2268.7999877929688</ele></trkpt><trkpt lat="46.67080046515912" lon="8.02154037496075"><ele>2269.0999755859375</ele></trkpt><trkpt lat="46.67087046522647" lon="8.021500375121832"><ele>2269.199981689453</ele></trkpt><trkpt lat="46.67097046552226" lon="8.021460374817252"><ele>2269.2999877929688</ele></trkpt><trkpt lat="46.67108046542853" lon="8.021450374741107"><ele>2268.8999938964844</ele></trkpt><trkpt lat="46.67112046526745" lon="8.021460374817252"><ele>2268.699981689453</ele></trkpt><trkpt lat="46.671130465343595" lon="8.021460374817252"><ele>2268.5799865722656</ele></trkpt><trkpt lat="46.67116046510637" lon="8.021470374893397"><ele>2268.3999938964844</ele></trkpt><trkpt lat="46.6711904653348" lon="8.021460374817252"><ele>2268.699981689453</ele></trkpt><trkpt lat="46.67125046532601" lon="8.021420374978334"><ele>2269.3999938964844</ele></trkpt><trkpt lat="46.67129046563059" lon="8.02139037521556"><ele>2271.0999755859375</ele></trkpt><trkpt lat="46.671300465706736" lon="8.02137037506327"><ele>2270.7999877929688</ele></trkpt><trkpt lat="46.67134046647698" lon="8.021310375537723"><ele>2273.699981689453</ele></trkpt><trkpt lat="46.671400466468185" lon="8.021200376097113"><ele>2275.5999755859375</ele></trkpt><trkpt lat="46.671420466620475" lon="8.021160376258194"><ele>2276.0999755859375</ele></trkpt><trkpt lat="46.671420466620475" lon="8.02113037602976"><ele>2276.3199768066406</ele></trkpt><trkpt lat="46.671420466620475" lon="8.021100376266986"><ele>2276.5399780273438</ele></trkpt><trkpt lat="46.671420467086136" lon="8.021070376038551"><ele>2276.699981689453</ele></trkpt><trkpt lat="46.671420467086136" lon="8.021050376351923"><ele>2277.0</ele></trkpt><trkpt lat="46.67143046716228" lon="8.021020376123488"><ele>2277.2899780273438</ele></trkpt><trkpt lat="46.671440467238426" lon="8.020930376369506"><ele>2278.0</ele></trkpt><trkpt lat="46.67145046731457" lon="8.020870376378298"><ele>2278.5999755859375</ele></trkpt><trkpt lat="46.67145046731457" lon="8.02081037638709"><ele>2279.0</ele></trkpt><trkpt lat="46.67147046746686" lon="8.020710376556963"><ele>2280.5</ele></trkpt><trkpt lat="46.67148046800867" lon="8.02064037695527"><ele>2282.5499877929688</ele></trkpt><trkpt lat="46.67148046800867" lon="8.020560377277434"><ele>2283.0</ele></trkpt><trkpt lat="46.67150046862662" lon="8.020470377523452"><ele>2285.0</ele></trkpt><trkpt lat="46.67150046862662" lon="8.020460377447307"><ele>2286.0699768066406</ele></trkpt><trkpt lat="46.67150046862662" lon="8.020430377684534"><ele>2285.5</ele></trkpt><trkpt lat="46.671490469016135" lon="8.020410377532244"><ele>2286.779998779297</ele></trkpt><trkpt lat="46.67148046893999" lon="8.020390377379954"><ele>2286.0</ele></trkpt><trkpt lat="46.67148046893999" lon="8.020340377930552"><ele>2286.699981689453</ele></trkpt><trkpt lat="46.67150046909228" lon="8.02025037817657"><ele>2288.5599975585938</ele></trkpt><trkpt lat="46.671510469634086" lon="8.020130378194153"><ele>2289.199981689453</ele></trkpt><trkpt lat="46.67151047009975" lon="8.01995037868619"><ele>2292.0</ele></trkpt><trkpt lat="46.67154047079384" lon="8.019730378873646"><ele>2295.0999755859375</ele></trkpt><trkpt lat="46.671600471716374" lon="8.01948037976399"><ele>2300.5999755859375</ele></trkpt><trkpt lat="46.671600471716374" lon="8.019460380077362"><ele>2301.709991455078</ele></trkpt><trkpt lat="46.67161047179252" lon="8.019430379848927"><ele>2301.5999755859375</ele></trkpt><trkpt lat="46.671640472020954" lon="8.019410380162299"><ele>2303.2899780273438</ele></trkpt><trkpt lat="46.671640472486615" lon="8.019400380551815"><ele>2303.4299926757812</ele></trkpt><trkpt lat="46.67165047256276" lon="8.019360380712897"><ele>2304.529998779297</ele></trkpt><trkpt lat="46.67165047256276" lon="8.019350380636752"><ele>2304.8299865722656</ele></trkpt><trkpt lat="46.67165047256276" lon="8.019310380797833"><ele>2305.7999877929688</ele></trkpt><trkpt lat="46.67165047302842" lon="8.01926038088277"><ele>2306.759979248047</ele></trkpt><trkpt lat="46.67164047295228" lon="8.019220381043851"><ele>2307.0</ele></trkpt><trkpt lat="46.67165047302842" lon="8.01926038088277"><ele>2306.759979248047</ele></trkpt><trkpt lat="46.67165047256276" lon="8.019310380797833"><ele>2305.7999877929688</ele></trkpt><trkpt lat="46.67165047256276" lon="8.019350380636752"><ele>2304.8299865722656</ele></trkpt><trkpt lat="46.67165047256276" lon="8.019360380712897"><ele>2304.529998779297</ele></trkpt><trkpt lat="46.671640472486615" lon="8.019400380551815"><ele>2303.4299926757812</ele></trkpt><trkpt lat="46.671640472020954" lon="8.019410380162299"><ele>2303.2899780273438</ele></trkpt><trkpt lat="46.67161047179252" lon="8.019430379848927"><ele>2301.5999755859375</ele></trkpt><trkpt lat="46.671600471716374" lon="8.019460380077362"><ele>2301.709991455078</ele></trkpt><trkpt lat="46.671600471716374" lon="8.01948037976399"><ele>2300.5999755859375</ele></trkpt><trkpt lat="46.67154047079384" lon="8.019730378873646"><ele>2295.0999755859375</ele></trkpt><trkpt lat="46.67151047009975" lon="8.01995037868619"><ele>2292.0</ele></trkpt><trkpt lat="46.671510469634086" lon="8.020130378194153"><ele>2289.199981689453</ele></trkpt><trkpt lat="46.67150046909228" lon="8.02025037817657"><ele>2288.5599975585938</ele></trkpt><trkpt lat="46.67148046893999" lon="8.020340377930552"><ele>2286.699981689453</ele></trkpt><trkpt lat="46.67148046893999" lon="8.020390377379954"><ele>2286.0</ele></trkpt><trkpt lat="46.671490469016135" lon="8.020410377532244"><ele>2286.779998779297</ele></trkpt><trkpt lat="46.67150046862662" lon="8.020430377684534"><ele>2285.5</ele></trkpt><trkpt lat="46.67150046862662" lon="8.020460377447307"><ele>2286.0699768066406</ele></trkpt><trkpt lat="46.67150046862662" lon="8.020470377523452"><ele>2285.0</ele></trkpt><trkpt lat="46.67148046800867" lon="8.020560377277434"><ele>2283.0</ele></trkpt><trkpt lat="46.67148046800867" lon="8.02064037695527"><ele>2282.5499877929688</ele></trkpt><trkpt lat="46.67147046746686" lon="8.020710376556963"><ele>2280.5</ele></trkpt><trkpt lat="46.67145046731457" lon="8.02081037638709"><ele>2279.0</ele></trkpt><trkpt lat="46.67145046731457" lon="8.020870376378298"><ele>2278.5999755859375</ele></trkpt><trkpt lat="46.671440467238426" lon="8.020930376369506"><ele>2278.0</ele></trkpt><trkpt lat="46.67143046716228" lon="8.021020376123488"><ele>2277.2899780273438</ele></trkpt><trkpt lat="46.671420467086136" lon="8.021050376351923"><ele>2277.0</ele></trkpt><trkpt lat="46.671420467086136" lon="8.021070376038551"><ele>2276.699981689453</ele></trkpt><trkpt lat="46.671420466620475" lon="8.021100376266986"><ele>2276.5399780273438</ele></trkpt><trkpt lat="46.671420466620475" lon="8.02113037602976"><ele>2276.3199768066406</ele></trkpt><trkpt lat="46.671420466620475" lon="8.021160376258194"><ele>2276.0999755859375</ele></trkpt><trkpt lat="46.671400466468185" lon="8.021200376097113"><ele>2275.5999755859375</ele></trkpt><trkpt lat="46.67134046647698" lon="8.021310375537723"><ele>2273.699981689453</ele></trkpt><trkpt lat="46.671300465706736" lon="8.02137037506327"><ele>2270.7999877929688</ele></trkpt><trkpt lat="46.67129046563059" lon="8.02139037521556"><ele>2271.0999755859375</ele></trkpt><trkpt lat="46.67125046532601" lon="8.021420374978334"><ele>2269.3999938964844</ele></trkpt><trkpt lat="46.6711904653348" lon="8.021460374817252"><ele>2268.699981689453</ele></trkpt><trkpt lat="46.67116046510637" lon="8.021470374893397"><ele>2268.3999938964844</ele></trkpt><trkpt lat="46.671130465343595" lon="8.021460374817252"><ele>2268.5799865722656</ele></trkpt><trkpt lat="46.67112046526745" lon="8.021460374817252"><ele>2268.699981689453</ele></trkpt><trkpt lat="46.67108046542853" lon="8.021450374741107"><ele>2268.8999938964844</ele></trkpt><trkpt lat="46.67097046552226" lon="8.021460374817252"><ele>2269.2999877929688</ele></trkpt><trkpt lat="46.67087046522647" lon="8.021500375121832"><ele>2269.199981689453</ele></trkpt><trkpt lat="46.67080046515912" lon="8.02154037496075"><ele>2269.0999755859375</ele></trkpt><trkpt lat="46.670750465244055" lon="8.021580374799669"><ele>2268.7999877929688</ele></trkpt><trkpt lat="46.67072046501562" lon="8.021600374951959"><ele>2268.739990234375</ele></trkpt><trkpt lat="46.6706804651767" lon="8.021640374790877"><ele>2268.3999938964844</ele></trkpt><trkpt lat="46.67061046510935" lon="8.021700374782085"><ele>2267.7999877929688</ele></trkpt><trkpt lat="46.670540465041995" lon="8.021790374536067"><ele>2267.199981689453</ele></trkpt><trkpt lat="46.67051046481356" lon="8.021850374527276"><ele>2267.1399841308594</ele></trkpt><trkpt lat="46.670500464737415" lon="8.021870374679565"><ele>2266.7999877929688</ele></trkpt><trkpt lat="46.67040046490729" lon="8.022080374415964"><ele>2266.3999938964844</ele></trkpt><trkpt lat="46.67034046491608" lon="8.022180374711752"><ele>2266.3499755859375</ele></trkpt><trkpt lat="46.67023046454415" lon="8.022340374533087"><ele>2266.199981689453</ele></trkpt><trkpt lat="46.670200464781374" lon="8.02239037444815"><ele>2266.509979248047</ele></trkpt><trkpt lat="46.67013046471402" lon="8.022510374430567"><ele>2266.0999755859375</ele></trkpt><trkpt lat="46.67011046456173" lon="8.022540374659002"><ele>2266.489990234375</ele></trkpt><trkpt lat="46.6700904648751" lon="8.022570374421775"><ele>2266.0999755859375</ele></trkpt><trkpt lat="46.67005046457052" lon="8.022650374565274"><ele>2266.0999755859375</ele></trkpt><trkpt lat="46.67002046480775" lon="8.022730374708772"><ele>2266.0999755859375</ele></trkpt><trkpt lat="46.669990464579314" lon="8.02279037469998"><ele>2266.439971923828</ele></trkpt><trkpt lat="46.66998046450317" lon="8.022820374462754"><ele>2266.0999755859375</ele></trkpt><trkpt lat="46.66996046481654" lon="8.022840374615043"><ele>2266.469970703125</ele></trkpt><trkpt lat="46.669930464588106" lon="8.022880374453962"><ele>2266.449981689453</ele></trkpt><trkpt lat="46.66991046490148" lon="8.022900374606252"><ele>2266.0999755859375</ele></trkpt><trkpt lat="46.66985046491027" lon="8.022920374758542"><ele>2266.3699951171875</ele></trkpt><trkpt lat="46.669820464681834" lon="8.02294037444517"><ele>2266.0999755859375</ele></trkpt><trkpt lat="46.669780464842916" lon="8.02296037459746"><ele>2266.3299865722656</ele></trkpt><trkpt lat="46.66969046462327" lon="8.023010374512523"><ele>2266.0</ele></trkpt><trkpt lat="46.669650464784354" lon="8.023040374740958"><ele>2266.4199829101562</ele></trkpt><trkpt lat="46.669630464632064" lon="8.023050374351442"><ele>2266.0999755859375</ele></trkpt><trkpt lat="46.66960046486929" lon="8.023100374732167"><ele>2266.489990234375</ele></trkpt><trkpt lat="46.669570464640856" lon="8.02313037449494"><ele>2266.0999755859375</ele></trkpt><trkpt lat="46.66954046487808" lon="8.023180374410003"><ele>2266.0999755859375</ele></trkpt><trkpt lat="46.66953046480194" lon="8.023220374714583"><ele>2266.0999755859375</ele></trkpt><trkpt lat="46.669460464734584" lon="8.023550374433398"><ele>2266.0</ele></trkpt><trkpt lat="46.669440464582294" lon="8.023610374424607"><ele>2266.3699951171875</ele></trkpt><trkpt lat="46.669420464895666" lon="8.023640374653041"><ele>2266.199981689453</ele></trkpt><trkpt lat="46.669380464591086" lon="8.023740374483168"><ele>2266.199981689453</ele></trkpt><trkpt lat="46.66932046459988" lon="8.02385037438944"><ele>2266.3999938964844</ele></trkpt><trkpt lat="46.669290464837104" lon="8.023930374532938"><ele>2266.469970703125</ele></trkpt><trkpt lat="46.66928046476096" lon="8.023960374761373"><ele>2266.2999877929688</ele></trkpt><trkpt lat="46.669210464693606" lon="8.024130374658853"><ele>2266.4099731445312</ele></trkpt><trkpt lat="46.66913046455011" lon="8.024220374412835"><ele>2266.4199829101562</ele></trkpt><trkpt lat="46.66911046486348" lon="8.024240374565125"><ele>2266.199981689453</ele></trkpt><trkpt lat="46.668930464889854" lon="8.024310374632478"><ele>2266.5999755859375</ele></trkpt><trkpt lat="46.668870464898646" lon="8.024340374860913"><ele>2266.779998779297</ele></trkpt><trkpt lat="46.668850464746356" lon="8.024350374471396"><ele>2266.7999877929688</ele></trkpt><trkpt lat="46.668780464679" lon="8.024390374775976"><ele>2267.0999755859375</ele></trkpt><trkpt lat="46.668760464992374" lon="8.024410374928266"><ele>2267.459991455078</ele></trkpt><trkpt lat="46.668740464840084" lon="8.024430375080556"><ele>2267.7999877929688</ele></trkpt><trkpt lat="46.66869046492502" lon="8.024450374767184"><ele>2268.5</ele></trkpt><trkpt lat="46.66864046547562" lon="8.024470374919474"><ele>2269.2999877929688</ele></trkpt><trkpt lat="46.66862046532333" lon="8.024470374919474"><ele>2269.5799865722656</ele></trkpt><trkpt lat="46.668590465560555" lon="8.024470375385135"><ele>2270.199981689453</ele></trkpt><trkpt lat="46.66858046548441" lon="8.02448037546128"><ele>2270.3699951171875</ele></trkpt><trkpt lat="46.6685204654932" lon="8.024540375452489"><ele>2271.1299743652344</ele></trkpt><trkpt lat="46.66851046588272" lon="8.024540375452489"><ele>2271.2999877929688</ele></trkpt><trkpt lat="46.66849046573043" lon="8.024580375291407"><ele>2271.5</ele></trkpt><trkpt lat="46.668480465654284" lon="8.024630375672132"><ele>2271.699981689453</ele></trkpt><trkpt lat="46.66845046542585" lon="8.024580375291407"><ele>2271.0799865722656</ele></trkpt><trkpt lat="46.668420465197414" lon="8.024500375147909"><ele>2269.9099731445312</ele></trkpt><trkpt lat="46.668380465358496" lon="8.024450375232846"><ele>2268.8999938964844</ele></trkpt><trkpt lat="46.66833046497777" lon="8.024370374623686"><ele>2267.689971923828</ele></trkpt><trkpt lat="46.668320464901626" lon="8.024320374708623"><ele>2267.3299865722656</ele></trkpt><trkpt lat="46.668320464901626" lon="8.024210374802351"><ele>2267.269989013672</ele></trkpt><trkpt lat="46.66831046482548" lon="8.024160374887288"><ele>2267.269989013672</ele></trkpt><trkpt lat="46.668300464749336" lon="8.024040374904871"><ele>2267.699981689453</ele></trkpt><trkpt lat="46.66828046506271" lon="8.02395037515089"><ele>2268.6499938964844</ele></trkpt><trkpt lat="46.66826046537608" lon="8.023870375007391"><ele>2269.009979248047</ele></trkpt><trkpt lat="46.6682204650715" lon="8.023780374787748"><ele>2268.8099975585938</ele></trkpt><trkpt lat="46.66818046523258" lon="8.023710375186056"><ele>2269.2899780273438</ele></trkpt><trkpt lat="46.66816046508029" lon="8.023670374881476"><ele>2268.8899841308594</ele></trkpt><trkpt lat="46.66816046508029" lon="8.023640375118703"><ele>2268.689971923828</ele></trkpt><trkpt lat="46.668130464851856" lon="8.023630375042558"><ele>2268.3399963378906</ele></trkpt><trkpt lat="46.66811046516523" lon="8.023610374890268"><ele>2268.0</ele></trkpt><trkpt lat="46.66808046493679" lon="8.023600374814123"><ele>2267.6399841308594</ele></trkpt><trkpt lat="46.6680604647845" lon="8.023580374661833"><ele>2267.4299926757812</ele></trkpt><trkpt lat="46.66805046470836" lon="8.023540374822915"><ele>2267.189971923828</ele></trkpt><trkpt lat="46.66804046463221" lon="8.023490374907851"><ele>2267.1299743652344</ele></trkpt><trkpt lat="46.66803046502173" lon="8.023430374916643"><ele>2267.4199829101562</ele></trkpt><trkpt lat="46.66801046486944" lon="8.023410374764353"><ele>2267.25</ele></trkpt><trkpt lat="46.667980464641005" lon="8.023400374688208"><ele>2266.8799743652344</ele></trkpt><trkpt lat="46.66795046441257" lon="8.023390374612063"><ele>2266.0899963378906</ele></trkpt><trkpt lat="46.66789046442136" lon="8.023290374316275"><ele>2265.0899963378906</ele></trkpt><trkpt lat="46.66786046419293" lon="8.023260374553502"><ele>2264.939971923828</ele></trkpt><trkpt lat="46.66788046434522" lon="8.023170374333858"><ele>2264.8899841308594</ele></trkpt><trkpt lat="46.66788046434522" lon="8.023070374503732"><ele>2265.1799926757812</ele></trkpt><trkpt lat="46.66788046434522" lon="8.023020374123007"><ele>2265.029998779297</ele></trkpt><trkpt lat="46.6678904639557" lon="8.022950374055654"><ele>2263.719970703125</ele></trkpt><trkpt lat="46.6678904639557" lon="8.02290037367493"><ele>2262.3399963378906</ele></trkpt><trkpt lat="46.667880463879555" lon="8.022840374149382"><ele>2262.699981689453</ele></trkpt><trkpt lat="46.66776046389714" lon="8.022830373607576"><ele>2261.759979248047</ele></trkpt><trkpt lat="46.667750463820994" lon="8.022780373692513"><ele>2262.1299743652344</ele></trkpt><trkpt lat="46.667730463668704" lon="8.022760374005884"><ele>2261.959991455078</ele></trkpt><trkpt lat="46.66770046390593" lon="8.022740373853594"><ele>2261.8499755859375</ele></trkpt><trkpt lat="46.66766046360135" lon="8.022750373929739"><ele>2261.759979248047</ele></trkpt><trkpt lat="46.66761046368629" lon="8.022780373692513"><ele>2262.3699951171875</ele></trkpt><trkpt lat="46.66753046354279" lon="8.022820373997092"><ele>2262.029998779297</ele></trkpt><trkpt lat="46.667480463627726" lon="8.022820373997092"><ele>2262.279998779297</ele></trkpt><trkpt lat="46.66743046371266" lon="8.02284037368372"><ele>2262.199981689453</ele></trkpt><trkpt lat="46.6673804637976" lon="8.022800373844802"><ele>2262.509979248047</ele></trkpt><trkpt lat="46.66734046349302" lon="8.022780373692513"><ele>2261.2899780273438</ele></trkpt><trkpt lat="46.6673004636541" lon="8.022780373692513"><ele>2261.1799926757812</ele></trkpt><trkpt lat="46.66726046381518" lon="8.022810373920947"><ele>2261.269989013672</ele></trkpt><trkpt lat="46.66720046335831" lon="8.02286037383601"><ele>2261.279998779297</ele></trkpt><trkpt lat="46.66713046375662" lon="8.022910373751074"><ele>2261.8599853515625</ele></trkpt><trkpt lat="46.66707046376541" lon="8.022970373742282"><ele>2261.5499877929688</ele></trkpt><trkpt lat="46.66702046338469" lon="8.02303037373349"><ele>2260.719970703125</ele></trkpt><trkpt lat="46.66694046324119" lon="8.023080373648554"><ele>2259.769989013672</ele></trkpt><trkpt lat="46.66685046348721" lon="8.023110373411328"><ele>2259.8099975585938</ele></trkpt><trkpt lat="46.66680046310648" lon="8.023100373335183"><ele>2259.019989013672</ele></trkpt><trkpt lat="46.66677046334371" lon="8.023060373496264"><ele>2259.2899780273438</ele></trkpt><trkpt lat="46.666760463267565" lon="8.023060373496264"><ele>2259.6599731445312</ele></trkpt><trkpt lat="46.66677046334371" lon="8.023060373496264"><ele>2259.2899780273438</ele></trkpt><trkpt lat="46.66680046310648" lon="8.023100373335183"><ele>2259.019989013672</ele></trkpt><trkpt lat="46.66685046348721" lon="8.023110373411328"><ele>2259.8099975585938</ele></trkpt><trkpt lat="46.66679046303034" lon="8.023150373250246"><ele>2258.2999877929688</ele></trkpt><trkpt lat="46.666720462497324" lon="8.023190373089164"><ele>2256.509979248047</ele></trkpt><trkpt lat="46.66667046258226" lon="8.023200372699648"><ele>2255.689971923828</ele></trkpt><trkpt lat="46.66663046227768" lon="8.023220372851938"><ele>2254.97998046875</ele></trkpt><trkpt lat="46.666620462201536" lon="8.023260372690856"><ele>2254.2999877929688</ele></trkpt><trkpt lat="46.66661046212539" lon="8.02331037260592"><ele>2253.1299743652344</ele></trkpt><trkpt lat="46.666540461592376" lon="8.023340371903032"><ele>2251.0499877929688</ele></trkpt><trkpt lat="46.666520461440086" lon="8.023340371903032"><ele>2250.219970703125</ele></trkpt><trkpt lat="46.6665004612878" lon="8.023320371750742"><ele>2249.5999755859375</ele></trkpt><trkpt lat="46.66647046105936" lon="8.023310371674597"><ele>2249.279998779297</ele></trkpt><trkpt lat="46.66644046083093" lon="8.023340371903032"><ele>2248.7899780273438</ele></trkpt><trkpt lat="46.66634046053514" lon="8.023440371267498"><ele>2245.3399963378906</ele></trkpt><trkpt lat="46.66630046023056" lon="8.023470371030271"><ele>2244.6799926757812</ele></trkpt><trkpt lat="46.66626046039164" lon="8.023490371182561"><ele>2244.459991455078</ele></trkpt><trkpt lat="46.666250459849834" lon="8.02351037086919"><ele>2243.97998046875</ele></trkpt><trkpt lat="46.666250459849834" lon="8.02353037102148"><ele>2243.3499755859375</ele></trkpt><trkpt lat="46.666250459849834" lon="8.023560370784253"><ele>2242.759979248047</ele></trkpt><trkpt lat="46.66624045977369" lon="8.023590370547026"><ele>2242.1299743652344</ele></trkpt><trkpt lat="46.666210459545255" lon="8.023590370547026"><ele>2241.1099853515625</ele></trkpt><trkpt lat="46.666190459392965" lon="8.023580370470881"><ele>2239.959991455078</ele></trkpt><trkpt lat="46.66612045885995" lon="8.023530370090157"><ele>2238.3299865722656</ele></trkpt><trkpt lat="46.66610045870766" lon="8.023540370166302"><ele>2238.3299865722656</ele></trkpt><trkpt lat="46.66606045886874" lon="8.023570369929075"><ele>2238.8599853515625</ele></trkpt><trkpt lat="46.66601045895368" lon="8.023610370233655"><ele>2238.529998779297</ele></trkpt><trkpt lat="46.66593045881018" lon="8.023640369996428"><ele>2238.5</ele></trkpt><trkpt lat="46.66588045889512" lon="8.023670369759202"><ele>2237.699981689453</ele></trkpt><trkpt lat="46.66586045874283" lon="8.023740369826555"><ele>2237.1799926757812</ele></trkpt><trkpt lat="46.66584045859054" lon="8.023790369741619"><ele>2236.6699829101562</ele></trkpt><trkpt lat="46.66582045843825" lon="8.023820369504392"><ele>2235.939971923828</ele></trkpt><trkpt lat="46.66580045828596" lon="8.023850369732827"><ele>2235.1599731445312</ele></trkpt><trkpt lat="46.665730458218604" lon="8.023920369334519"><ele>2234.5599975585938</ele></trkpt><trkpt lat="46.66570045799017" lon="8.023940369486809"><ele>2234.1699829101562</ele></trkpt><trkpt lat="46.665650458075106" lon="8.024000369478017"><ele>2233.689971923828</ele></trkpt><trkpt lat="46.66562045784667" lon="8.02407036954537"><ele>2233.8099975585938</ele></trkpt><trkpt lat="46.66557045793161" lon="8.024130369536579"><ele>2233.8899841308594</ele></trkpt><trkpt lat="46.665540458168834" lon="8.024180369451642"><ele>2233.6799926757812</ele></trkpt><trkpt lat="46.66553045809269" lon="8.02424036944285"><ele>2233.3299865722656</ele></trkpt><trkpt lat="46.665520458016545" lon="8.024300369434059"><ele>2233.1299743652344</ele></trkpt><trkpt lat="46.665500457864255" lon="8.024350369349122"><ele>2232.779998779297</ele></trkpt><trkpt lat="46.665480457711965" lon="8.024400369264185"><ele>2232.6399841308594</ele></trkpt><trkpt lat="46.66543045733124" lon="8.024460368789732"><ele>2231.689971923828</ele></trkpt><trkpt lat="46.66536045726389" lon="8.024510368704796"><ele>2229.9199829101562</ele></trkpt><trkpt lat="46.66533045703545" lon="8.024550368543714"><ele>2228.6099853515625</ele></trkpt><trkpt lat="46.66531045688316" lon="8.024590368382633"><ele>2227.5499877929688</ele></trkpt><trkpt lat="46.66528045665473" lon="8.024590368382633"><ele>2226.459991455078</ele></trkpt><trkpt lat="46.66522045619786" lon="8.024570367764682"><ele>2225.1399841308594</ele></trkpt><trkpt lat="46.66520045604557" lon="8.024580367840827"><ele>2224.8499755859375</ele></trkpt><trkpt lat="46.665170456282794" lon="8.024620367679745"><ele>2224.4299926757812</ele></trkpt><trkpt lat="46.66512045590207" lon="8.024690367747098"><ele>2223.459991455078</ele></trkpt><trkpt lat="46.66510045574978" lon="8.024720367509872"><ele>2222.949981689453</ele></trkpt><trkpt lat="46.66503045568243" lon="8.024820367339998"><ele>2222.739990234375</ele></trkpt><trkpt lat="46.66498045576736" lon="8.024880367796868"><ele>2222.769989013672</ele></trkpt><trkpt lat="46.664940455928445" lon="8.024930367711931"><ele>2223.1099853515625</ele></trkpt><trkpt lat="46.66488045593724" lon="8.024980367626995"><ele>2223.6799926757812</ele></trkpt><trkpt lat="46.66483045602217" lon="8.025040367618203"><ele>2223.1499938964844</ele></trkpt><trkpt lat="46.66476045595482" lon="8.025090367533267"><ele>2222.8899841308594</ele></trkpt><trkpt lat="46.664710455574095" lon="8.025170367676765"><ele>2222.22998046875</ele></trkpt><trkpt lat="46.66468045581132" lon="8.025200367439538"><ele>2222.1699829101562</ele></trkpt><trkpt lat="46.66464045550674" lon="8.025260367430747"><ele>2222.3499755859375</ele></trkpt><trkpt lat="46.6646304554306" lon="8.025300367735326"><ele>2222.269989013672</ele></trkpt><trkpt lat="46.66459045559168" lon="8.025440367404372"><ele>2221.8699951171875</ele></trkpt><trkpt lat="46.664560455828905" lon="8.025470367632806"><ele>2222.25</ele></trkpt><trkpt lat="46.66451045544818" lon="8.02554036770016"><ele>2222.1299743652344</ele></trkpt><trkpt lat="46.66446045553312" lon="8.025620367377996"><ele>2221.25</ele></trkpt><trkpt lat="46.66442045522854" lon="8.025680367369205"><ele>2220.699981689453</ele></trkpt><trkpt lat="46.664390455465764" lon="8.025760367047042"><ele>2220.3999938964844</ele></trkpt><trkpt lat="46.664370455313474" lon="8.025850367266685"><ele>2220.279998779297</ele></trkpt><trkpt lat="46.66434045508504" lon="8.025920367334038"><ele>2220.3399963378906</ele></trkpt><trkpt lat="46.66430045524612" lon="8.02603036724031"><ele>2220.199981689453</ele></trkpt><trkpt lat="46.664250454865396" lon="8.026080367155373"><ele>2219.3499755859375</ele></trkpt><trkpt lat="46.66421045502648" lon="8.026150367222726"><ele>2218.8599853515625</ele></trkpt><trkpt lat="46.6641704547219" lon="8.026210366748273"><ele>2218.469970703125</ele></trkpt><trkpt lat="46.66413045441732" lon="8.026260366663337"><ele>2217.3399963378906</ele></trkpt><trkpt lat="46.66411045426503" lon="8.026300366502255"><ele>2216.219970703125</ele></trkpt><trkpt lat="46.66408045403659" lon="8.026350366417319"><ele>2215.4199829101562</ele></trkpt><trkpt lat="46.664040454197675" lon="8.026380366180092"><ele>2214.279998779297</ele></trkpt><trkpt lat="46.66401045396924" lon="8.026410366408527"><ele>2213.7899780273438</ele></trkpt><trkpt lat="46.66399045381695" lon="8.02646036632359"><ele>2213.739990234375</ele></trkpt><trkpt lat="46.66397045413032" lon="8.026500366162509"><ele>2214.3399963378906</ele></trkpt><trkpt lat="46.66393045382574" lon="8.026510366238654"><ele>2214.6099853515625</ele></trkpt><trkpt lat="46.66391045413911" lon="8.026530366390944"><ele>2214.0599975585938</ele></trkpt><trkpt lat="46.663850453682244" lon="8.02661036606878"><ele>2212.22998046875</ele></trkpt><trkpt lat="46.663810453377664" lon="8.026620365679264"><ele>2211.939971923828</ele></trkpt><trkpt lat="46.663770453538746" lon="8.026620365679264"><ele>2211.0399780273438</ele></trkpt><trkpt lat="46.663730452768505" lon="8.026730365585536"><ele>2209.189971923828</ele></trkpt><trkpt lat="46.663710453081876" lon="8.026800365652889"><ele>2208.8899841308594</ele></trkpt><trkpt lat="46.66370045300573" lon="8.026870365254581"><ele>2208.5399780273438</ele></trkpt><trkpt lat="46.663690452929586" lon="8.02695036539808"><ele>2208.3899841308594</ele></trkpt><trkpt lat="46.66363045247272" lon="8.02706036530435"><ele>2207.0599975585938</ele></trkpt><trkpt lat="46.6635904526338" lon="8.027110365219414"><ele>2207.3099975585938</ele></trkpt><trkpt lat="46.66357045248151" lon="8.027170364744961"><ele>2205.8399963378906</ele></trkpt><trkpt lat="46.66354045225307" lon="8.02723036473617"><ele>2204.6499938964844</ele></trkpt><trkpt lat="46.66351045155898" lon="8.027300364337862"><ele>2203.3399963378906</ele></trkpt><trkpt lat="46.66347045172006" lon="8.027390364557505"><ele>2202.7999877929688</ele></trkpt><trkpt lat="46.66347045172006" lon="8.027450364548713"><ele>2202.269989013672</ele></trkpt><trkpt lat="46.66345045156777" lon="8.027480364311486"><ele>2202.3399963378906</ele></trkpt><trkpt lat="46.663400451652706" lon="8.027730364352465"><ele>2201.939971923828</ele></trkpt><trkpt lat="46.66337045142427" lon="8.027830364182591"><ele>2201.8699951171875</ele></trkpt><trkpt lat="46.663360451348126" lon="8.027860364411026"><ele>2201.989990234375</ele></trkpt><trkpt lat="46.66335045173764" lon="8.027920364402235"><ele>2202.3599853515625</ele></trkpt><trkpt lat="46.6633404516615" lon="8.027960364706814"><ele>2203.3699951171875</ele></trkpt><trkpt lat="46.6633404516615" lon="8.028040364384651"><ele>2202.6699829101562</ele></trkpt><trkpt lat="46.66335045127198" lon="8.02810036437586"><ele>2202.0399780273438</ele></trkpt><trkpt lat="46.66335045127198" lon="8.028170364443213"><ele>2201.469970703125</ele></trkpt><trkpt lat="46.663340451195836" lon="8.02825036412105"><ele>2200.509979248047</ele></trkpt><trkpt lat="46.663320451043546" lon="8.028310364112258"><ele>2200.939971923828</ele></trkpt><trkpt lat="46.66330045135692" lon="8.028400364331901"><ele>2200.3999938964844</ele></trkpt><trkpt lat="46.663300450891256" lon="8.028490364085883"><ele>2199.8099975585938</ele></trkpt><trkpt lat="46.66329045081511" lon="8.02857036376372"><ele>2199.3299865722656</ele></trkpt><trkpt lat="46.66326045058668" lon="8.02872036350891"><ele>2197.269989013672</ele></trkpt><trkpt lat="46.663260450121015" lon="8.028830363415182"><ele>2195.9099731445312</ele></trkpt><trkpt lat="46.66325045004487" lon="8.028910363093019"><ele>2195.209991455078</ele></trkpt><trkpt lat="46.663240449968725" lon="8.029010362923145"><ele>2193.9199829101562</ele></trkpt><trkpt lat="46.663240449968725" lon="8.029110363218933"><ele>2193.4199829101562</ele></trkpt><trkpt lat="46.66323044942692" lon="8.02917036274448"><ele>2192.8399963378906</ele></trkpt><trkpt lat="46.663200449664146" lon="8.029230362735689"><ele>2192.5999755859375</ele></trkpt><trkpt lat="46.663180449511856" lon="8.029280363116413"><ele>2192.969970703125</ele></trkpt><trkpt lat="46.663180449511856" lon="8.029330363031477"><ele>2193.0</ele></trkpt><trkpt lat="46.66317044943571" lon="8.029390363022685"><ele>2192.3699951171875</ele></trkpt><trkpt lat="46.66317044943571" lon="8.029470362700522"><ele>2191.5499877929688</ele></trkpt><trkpt lat="46.663160449359566" lon="8.029540362767875"><ele>2190.8299865722656</ele></trkpt><trkpt lat="46.66313044913113" lon="8.029630362521857"><ele>2189.4299926757812</ele></trkpt><trkpt lat="46.66309044836089" lon="8.029710362199694"><ele>2187.6799926757812</ele></trkpt><trkpt lat="46.66309044836089" lon="8.029750362038612"><ele>2186.449981689453</ele></trkpt><trkpt lat="46.663080448284745" lon="8.02981036156416"><ele>2185.0799865722656</ele></trkpt><trkpt lat="46.663060447666794" lon="8.029870361555368"><ele>2184.1699829101562</ele></trkpt><trkpt lat="46.66307044774294" lon="8.029910361394286"><ele>2183.699981689453</ele></trkpt><trkpt lat="46.663060447666794" lon="8.029950361233205"><ele>2183.3399963378906</ele></trkpt><trkpt lat="46.663040447514504" lon="8.029990361537784"><ele>2182.959991455078</ele></trkpt><trkpt lat="46.66305044759065" lon="8.030040361452848"><ele>2183.019989013672</ele></trkpt><trkpt lat="46.66307044774294" lon="8.030110361520201"><ele>2182.709991455078</ele></trkpt><trkpt lat="46.66307044727728" lon="8.030210361350328"><ele>2182.0499877929688</ele></trkpt><trkpt lat="46.66309044742957" lon="8.03030036110431"><ele>2181.8099975585938</ele></trkpt><trkpt lat="46.66309044742957" lon="8.030370361171663"><ele>2181.4299926757812</ele></trkpt><trkpt lat="46.66307044727728" lon="8.030460360925645"><ele>2180.969970703125</ele></trkpt><trkpt lat="46.66306044720113" lon="8.030530360992998"><ele>2180.3999938964844</ele></trkpt><trkpt lat="46.66305044712499" lon="8.030600361060351"><ele>2180.239990234375</ele></trkpt><trkpt lat="46.6630304469727" lon="8.03064036089927"><ele>2180.1699829101562</ele></trkpt><trkpt lat="46.662980447057635" lon="8.030800361186266"><ele>2180.1599731445312</ele></trkpt><trkpt lat="46.662980447057635" lon="8.030870360787958"><ele>2179.959991455078</ele></trkpt><trkpt lat="46.662940446753055" lon="8.030920360703021"><ele>2179.6799926757812</ele></trkpt><trkpt lat="46.66291044699028" lon="8.030990360770375"><ele>2179.7999877929688</ele></trkpt><trkpt lat="46.66291044699028" lon="8.031060360837728"><ele>2179.4099731445312</ele></trkpt><trkpt lat="46.66289044683799" lon="8.031100360676646"><ele>2179.1599731445312</ele></trkpt><trkpt lat="46.66286044660956" lon="8.031150361057371"><ele>2179.0799865722656</ele></trkpt><trkpt lat="46.66284044692293" lon="8.031300360802561"><ele>2179.0399780273438</ele></trkpt><trkpt lat="46.66282044677064" lon="8.031350360717624"><ele>2179.5799865722656</ele></trkpt><trkpt lat="46.66280044708401" lon="8.03138036094606"><ele>2180.0999755859375</ele></trkpt><trkpt lat="46.662790447007865" lon="8.031480360776186"><ele>2179.72998046875</ele></trkpt><trkpt lat="46.662790447007865" lon="8.03155036084354"><ele>2179.1199951171875</ele></trkpt><trkpt lat="46.66278044693172" lon="8.031610360834748"><ele>2179.0</ele></trkpt><trkpt lat="46.6627904465422" lon="8.03170036058873"><ele>2178.509979248047</ele></trkpt><trkpt lat="46.66278044646606" lon="8.031770360656083"><ele>2178.2999877929688</ele></trkpt><trkpt lat="46.662770446389914" lon="8.031840360723436"><ele>2177.699981689453</ele></trkpt><trkpt lat="46.66278044646606" lon="8.031910360325128"><ele>2177.0599975585938</ele></trkpt><trkpt lat="46.66276044631377" lon="8.031960360705853"><ele>2176.6299743652344</ele></trkpt><trkpt lat="46.66276044631377" lon="8.0320203602314"><ele>2176.199981689453</ele></trkpt><trkpt lat="46.662750446237624" lon="8.032080360222608"><ele>2176.1199951171875</ele></trkpt><trkpt lat="46.662750446237624" lon="8.032150360289961"><ele>2175.199981689453</ele></trkpt><trkpt lat="46.662730446085334" lon="8.032230359967798"><ele>2174.75</ele></trkpt><trkpt lat="46.662730446085334" lon="8.032280360348523"><ele>2174.5899963378906</ele></trkpt><trkpt lat="46.66272044600919" lon="8.032320360187441"><ele>2174.25</ele></trkpt><trkpt lat="46.66270044539124" lon="8.032500359695405"><ele>2172.7999877929688</ele></trkpt><trkpt lat="46.662670445628464" lon="8.032560359686613"><ele>2172.259979248047</ele></trkpt><trkpt lat="46.662630445323884" lon="8.032710359431803"><ele>2171.209991455078</ele></trkpt><trkpt lat="46.66260044509545" lon="8.032740359660238"><ele>2171.509979248047</ele></trkpt><trkpt lat="46.66256044525653" lon="8.0328703597188"><ele>2171.3899841308594</ele></trkpt><trkpt lat="46.66254044463858" lon="8.033150359522551"><ele>2169.0799865722656</ele></trkpt><trkpt lat="46.66248044464737" lon="8.033380358945578"><ele>2167.469970703125</ele></trkpt><trkpt lat="46.66245044441894" lon="8.033480359241366"><ele>2167.199981689453</ele></trkpt><trkpt lat="46.6624204441905" lon="8.033550358843058"><ele>2166.8299865722656</ele></trkpt><trkpt lat="46.66240044403821" lon="8.033620358910412"><ele>2165.8099975585938</ele></trkpt><trkpt lat="46.66238044388592" lon="8.033670358825475"><ele>2165.2899780273438</ele></trkpt><trkpt lat="46.66237044380978" lon="8.033720358740538"><ele>2164.3599853515625</ele></trkpt><trkpt lat="46.6623304435052" lon="8.03379035834223"><ele>2163.3799743652344</ele></trkpt><trkpt lat="46.662280443590134" lon="8.03394035808742"><ele>2162.2999877929688</ele></trkpt><trkpt lat="46.66227044351399" lon="8.034000358078629"><ele>2161.8399963378906</ele></trkpt><trkpt lat="46.66224044281989" lon="8.034120358061045"><ele>2160.1399841308594</ele></trkpt><trkpt lat="46.662200442515314" lon="8.034300357569009"><ele>2157.3099975585938</ele></trkpt><trkpt lat="46.66217044228688" lon="8.034380357246846"><ele>2156.3199768066406</ele></trkpt><trkpt lat="46.662160442210734" lon="8.034440357238054"><ele>2155.22998046875</ele></trkpt><trkpt lat="46.66215044166893" lon="8.034500357229263"><ele>2154.509979248047</ele></trkpt><trkpt lat="46.6621804414317" lon="8.034600356593728"><ele>2151.8199768066406</ele></trkpt><trkpt lat="46.66218044096604" lon="8.03467035619542"><ele>2150.469970703125</ele></trkpt><trkpt lat="46.66219044011086" lon="8.034900355618447"><ele>2145.5899963378906</ele></trkpt><trkpt lat="46.662180439569056" lon="8.035010355059057"><ele>2143.3199768066406</ele></trkpt><trkpt lat="46.662160439416766" lon="8.035040355287492"><ele>2142.7899780273438</ele></trkpt><trkpt lat="46.662140439264476" lon="8.03510035481304"><ele>2141.489990234375</ele></trkpt><trkpt lat="46.66205043857917" lon="8.035280354321003"><ele>2138.75</ele></trkpt><trkpt lat="46.661990438587964" lon="8.035360354464501"><ele>2137.949981689453</ele></trkpt><trkpt lat="46.66196043835953" lon="8.03540035430342"><ele>2137.019989013672</ele></trkpt><trkpt lat="46.661930438131094" lon="8.035460353828967"><ele>2135.689971923828</ele></trkpt><trkpt lat="46.661890437826514" lon="8.035570353735238"><ele>2133.459991455078</ele></trkpt><trkpt lat="46.66183043690398" lon="8.035710352938622"><ele>2130.269989013672</ele></trkpt><trkpt lat="46.66180043667555" lon="8.03579035308212"><ele>2128.959991455078</ele></trkpt><trkpt lat="46.66176043683663" lon="8.035830352921039"><ele>2128.6499938964844</ele></trkpt><trkpt lat="46.66168043622747" lon="8.03594035282731"><ele>2127.469970703125</ele></trkpt><trkpt lat="46.66163043631241" lon="8.0359603529796"><ele>2128.029998779297</ele></trkpt><trkpt lat="46.66159043647349" lon="8.036000352818519"><ele>2128.1799926757812</ele></trkpt><trkpt lat="46.66153043648228" lon="8.036090353038162"><ele>2128.459991455078</ele></trkpt><trkpt lat="46.66149043664336" lon="8.03617035318166"><ele>2128.9299926757812</ele></trkpt><trkpt lat="46.66147043649107" lon="8.036230352707207"><ele>2128.709991455078</ele></trkpt><trkpt lat="46.66142043657601" lon="8.036260352935642"><ele>2129.1599731445312</ele></trkpt><trkpt lat="46.66136043705046" lon="8.036330353002995"><ele>2129.9099731445312</ele></trkpt><trkpt lat="46.66133043682203" lon="8.036370353307575"><ele>2130.0499877929688</ele></trkpt><trkpt lat="46.66131043666974" lon="8.036430353298783"><ele>2129.6299743652344</ele></trkpt><trkpt lat="46.661280436906964" lon="8.036490353289992"><ele>2129.699981689453</ele></trkpt><trkpt lat="46.661260436754674" lon="8.0365503532812"><ele>2129.969970703125</ele></trkpt><trkpt lat="46.661260436754674" lon="8.036630353424698"><ele>2130.439971923828</ele></trkpt><trkpt lat="46.6612304369919" lon="8.036690353415906"><ele>2130.519989013672</ele></trkpt><trkpt lat="46.66117043700069" lon="8.036730353254825"><ele>2130.8599853515625</ele></trkpt><trkpt lat="46.66112043708563" lon="8.036750353407115"><ele>2130.8099975585938</ele></trkpt><trkpt lat="46.66110043693334" lon="8.036750353407115"><ele>2130.0999755859375</ele></trkpt><trkpt lat="46.66102043632418" lon="8.036700352560729"><ele>2126.699981689453</ele></trkpt><trkpt lat="46.660970435943455" lon="8.036680352408439"><ele>2125.0399780273438</ele></trkpt><trkpt lat="46.660810434725136" lon="8.036670351400971"><ele>2120.3999938964844</ele></trkpt><trkpt lat="46.660790434572846" lon="8.036700351629406"><ele>2119.5699768066406</ele></trkpt><trkpt lat="46.66076043434441" lon="8.03671035123989"><ele>2118.47998046875</ele></trkpt><trkpt lat="46.6607004343532" lon="8.036700351163745"><ele>2116.7899780273438</ele></trkpt><trkpt lat="46.66065043397248" lon="8.036730350926518"><ele>2115.0699768066406</ele></trkpt><trkpt lat="46.660520432982594" lon="8.03680035006255"><ele>2111.509979248047</ele></trkpt><trkpt lat="46.660460432525724" lon="8.036890349816531"><ele>2108.97998046875</ele></trkpt><trkpt lat="46.660380431916565" lon="8.036980349104851"><ele>2106.3599853515625</ele></trkpt><trkpt lat="46.66029043169692" lon="8.037100349087268"><ele>2103.949981689453</ele></trkpt><trkpt lat="46.66023043124005" lon="8.037160348612815"><ele>2102.6699829101562</ele></trkpt><trkpt lat="46.66018043132499" lon="8.037200348451734"><ele>2102.1099853515625</ele></trkpt><trkpt lat="46.660130431409925" lon="8.037230348680168"><ele>2102.689971923828</ele></trkpt><trkpt lat="46.660110431257635" lon="8.037250348832458"><ele>2102.1299743652344</ele></trkpt><trkpt lat="46.660050430800766" lon="8.03732034843415"><ele>2100.0399780273438</ele></trkpt><trkpt lat="46.65996043058112" lon="8.037380347959697"><ele>2098.3499755859375</ele></trkpt><trkpt lat="46.659840430133045" lon="8.037460347637534"><ele>2097.029998779297</ele></trkpt><trkpt lat="46.65979042975232" lon="8.037530347704887"><ele>2095.0999755859375</ele></trkpt><trkpt lat="46.659760429523885" lon="8.037570347543806"><ele>2094.529998779297</ele></trkpt><trkpt lat="46.65972042968497" lon="8.03760034730658"><ele>2093.8299865722656</ele></trkpt><trkpt lat="46.659660428762436" lon="8.037700346671045"><ele>2090.4299926757812</ele></trkpt><trkpt lat="46.659600428305566" lon="8.037750346586108"><ele>2088.0499877929688</ele></trkpt><trkpt lat="46.6595504283905" lon="8.037750346120447"><ele>2087.4199829101562</ele></trkpt><trkpt lat="46.65950042800978" lon="8.037770346272737"><ele>2086.6199951171875</ele></trkpt><trkpt lat="46.659450428094715" lon="8.03778034588322"><ele>2086.189971923828</ele></trkpt><trkpt lat="46.65942042786628" lon="8.03780034603551"><ele>2085.959991455078</ele></trkpt><trkpt lat="46.659390427637845" lon="8.037830345798284"><ele>2085.459991455078</ele></trkpt><trkpt lat="46.6593004274182" lon="8.0379503457807"><ele>2083.1599731445312</ele></trkpt><trkpt lat="46.65927042718977" lon="8.037990345619619"><ele>2082.4099731445312</ele></trkpt><trkpt lat="46.65924042696133" lon="8.038000345230103"><ele>2081.689971923828</ele></trkpt><trkpt lat="46.659180426970124" lon="8.037990345153958"><ele>2080.529998779297</ele></trkpt><trkpt lat="46.659140426665545" lon="8.038000345230103"><ele>2080.1299743652344</ele></trkpt><trkpt lat="46.659100426826626" lon="8.038010345306247"><ele>2080.029998779297</ele></trkpt><trkpt lat="46.65901042614132" lon="8.038180344738066"><ele>2077.8199768066406</ele></trkpt><trkpt lat="46.65898042591289" lon="8.038220344576985"><ele>2077.009979248047</ele></trkpt><trkpt lat="46.65896042622626" lon="8.038250344339758"><ele>2076.3299865722656</ele></trkpt><trkpt lat="46.658910425845534" lon="8.038260344415903"><ele>2076.1399841308594</ele></trkpt><trkpt lat="46.65888042608276" lon="8.038260344415903"><ele>2076.3899841308594</ele></trkpt><trkpt lat="46.65884042624384" lon="8.03825034480542"><ele>2076.769989013672</ele></trkpt><trkpt lat="46.65879042586312" lon="8.038240344263613"><ele>2075.219970703125</ele></trkpt><trkpt lat="46.65875042555854" lon="8.038230344187468"><ele>2074.1399841308594</ele></trkpt><trkpt lat="46.6587204253301" lon="8.038190343882889"><ele>2073.3799743652344</ele></trkpt><trkpt lat="46.65867042494938" lon="8.038170343730599"><ele>2071.989990234375</ele></trkpt><trkpt lat="46.6586304246448" lon="8.038160343654454"><ele>2070.6699829101562</ele></trkpt><trkpt lat="46.658580424729735" lon="8.038190343417227"><ele>2069.439971923828</ele></trkpt><trkpt lat="46.6585504245013" lon="8.03826034348458"><ele>2068.9199829101562</ele></trkpt><trkpt lat="46.65850042458624" lon="8.038420343305916"><ele>2068.509979248047</ele></trkpt><trkpt lat="46.65845042420551" lon="8.038540343288332"><ele>2067.6399841308594</ele></trkpt><trkpt lat="46.6583904242143" lon="8.038640343118459"><ele>2067.509979248047</ele></trkpt><trkpt lat="46.658310424070805" lon="8.038820343092084"><ele>2066.759979248047</ele></trkpt><trkpt lat="46.658290423918515" lon="8.038840343244374"><ele>2066.989990234375</ele></trkpt><trkpt lat="46.6582504240796" lon="8.038850343320519"><ele>2067.3399963378906</ele></trkpt><trkpt lat="46.65823042439297" lon="8.038860342931002"><ele>2067.709991455078</ele></trkpt><trkpt lat="46.65815042424947" lon="8.038900343235582"><ele>2067.779998779297</ele></trkpt><trkpt lat="46.65811042441055" lon="8.038930343464017"><ele>2068.6199951171875</ele></trkpt><trkpt lat="46.658050424885005" lon="8.038990343455225"><ele>2070.0499877929688</ele></trkpt><trkpt lat="46.658030424732715" lon="8.039090343285352"><ele>2069.6199951171875</ele></trkpt><trkpt lat="46.658030424267054" lon="8.039200343191624"><ele>2068.0599975585938</ele></trkpt><trkpt lat="46.65802042419091" lon="8.03930034302175"><ele>2066.8199768066406</ele></trkpt><trkpt lat="46.657930423505604" lon="8.03947034291923"><ele>2064.72998046875</ele></trkpt><trkpt lat="46.65788042312488" lon="8.039590342435986"><ele>2063.1099853515625</ele></trkpt><trkpt lat="46.65781042352319" lon="8.039710342418402"><ele>2063.4099731445312</ele></trkpt><trkpt lat="46.65774042299017" lon="8.039800342172384"><ele>2062.189971923828</ele></trkpt><trkpt lat="46.65767042292282" lon="8.039920342154801"><ele>2061.5899963378906</ele></trkpt><trkpt lat="46.65765042277053" lon="8.040010341908783"><ele>2060.8799743652344</ele></trkpt><trkpt lat="46.65759042231366" lon="8.040080341976136"><ele>2059.3299865722656</ele></trkpt><trkpt lat="46.657540421932936" lon="8.040170341730118"><ele>2057.3299865722656</ele></trkpt><trkpt lat="46.65748042194173" lon="8.040210341103375"><ele>2055.6099853515625</ele></trkpt><trkpt lat="46.65745042171329" lon="8.040270341094583"><ele>2054.3499755859375</ele></trkpt><trkpt lat="46.65741042094305" lon="8.04035034077242"><ele>2052.2999877929688</ele></trkpt><trkpt lat="46.65737042063847" lon="8.040430340450257"><ele>2050.3599853515625</ele></trkpt><trkpt lat="46.65733042033389" lon="8.040490339975804"><ele>2048.47998046875</ele></trkpt><trkpt lat="46.657210419885814" lon="8.040580339729786"><ele>2046.3299865722656</ele></trkpt><trkpt lat="46.65710041904822" lon="8.040640339255333"><ele>2043.2799987792969</ele></trkpt><trkpt lat="46.657050418667495" lon="8.040710338857025"><ele>2041.0</ele></trkpt><trkpt lat="46.65702041843906" lon="8.040790338534862"><ele>2039.3599853515625</ele></trkpt><trkpt lat="46.656990418210626" lon="8.040890338364989"><ele>2038.0099792480469</ele></trkpt><trkpt lat="46.65696041798219" lon="8.04098033811897"><ele>2037.2899780273438</ele></trkpt><trkpt lat="46.65691041806713" lon="8.041080338414758"><ele>2036.4499816894531</ele></trkpt><trkpt lat="46.656840417999774" lon="8.04115033801645"><ele>2036.3799743652344</ele></trkpt><trkpt lat="46.656820417847484" lon="8.041200338397175"><ele>2037.1399841308594</ele></trkpt><trkpt lat="46.656820418313146" lon="8.041240338236094"><ele>2037.4599914550781</ele></trkpt><trkpt lat="46.656800418160856" lon="8.041300338227302"><ele>2037.2599792480469</ele></trkpt><trkpt lat="46.656800418160856" lon="8.041330338455737"><ele>2036.7799987792969</ele></trkpt><trkpt lat="46.65679041761905" lon="8.041420338209718"><ele>2035.3799743652344</ele></trkpt><trkpt lat="46.656780417542905" lon="8.041530337650329"><ele>2033.6199951171875</ele></trkpt><trkpt lat="46.65679041668773" lon="8.041730337310582"><ele>2030.5099792480469</ele></trkpt><trkpt lat="46.65678041614592" lon="8.041840336751193"><ele>2028.3599853515625</ele></trkpt><trkpt lat="46.656750415917486" lon="8.041930336505175"><ele>2027.0399780273438</ele></trkpt><trkpt lat="46.65674041584134" lon="8.041980336420238"><ele>2026.4299926757812</ele></trkpt><trkpt lat="46.656750415451825" lon="8.0421103364788"><ele>2024.9499816894531</ele></trkpt><trkpt lat="46.65674041444436" lon="8.042400335427374"><ele>2020.1699829101562</ele></trkpt><trkpt lat="46.65673041390255" lon="8.042700334917754"><ele>2016.0299987792969</ele></trkpt><trkpt lat="46.6567104132846" lon="8.042850334662944"><ele>2013.6799926757812</ele></trkpt><trkpt lat="46.656680413056165" lon="8.043050334323198"><ele>2011.3899841308594</ele></trkpt><trkpt lat="46.656660412438214" lon="8.043190333992243"><ele>2009.4099731445312</ele></trkpt><trkpt lat="46.656660412438214" lon="8.04325033351779"><ele>2008.3099975585938</ele></trkpt><trkpt lat="46.65665041189641" lon="8.043370333500206"><ele>2006.3799743652344</ele></trkpt><trkpt lat="46.65661041159183" lon="8.043480333406478"><ele>2004.8699951171875</ele></trkpt><trkpt lat="46.65658041136339" lon="8.043560333084315"><ele>2003.6899719238281</ele></trkpt><trkpt lat="46.65659041143954" lon="8.043590332847089"><ele>2003.5299987792969</ele></trkpt><trkpt lat="46.6565504106693" lon="8.043730332516134"><ele>2000.6399841308594</ele></trkpt><trkpt lat="46.6565504106693" lon="8.04381033219397"><ele>1999.5599975585938</ele></trkpt><trkpt lat="46.65653041051701" lon="8.043800332117826"><ele>1999.0</ele></trkpt><trkpt lat="46.656530410051346" lon="8.04385033203289"><ele>1997.9499816894531</ele></trkpt><trkpt lat="46.656510409899056" lon="8.043880331795663"><ele>1996.9599914550781</ele></trkpt><trkpt lat="46.65648040967062" lon="8.043870331719518"><ele>1996.47998046875</ele></trkpt><trkpt lat="46.65648040967062" lon="8.043880331795663"><ele>1996.2599792480469</ele></trkpt><trkpt lat="46.65648040967062" lon="8.043910331558436"><ele>1995.7799987792969</ele></trkpt><trkpt lat="46.656490409746766" lon="8.043940331786871"><ele>1995.6199951171875</ele></trkpt><trkpt lat="46.65650040982291" lon="8.04396033193916"><ele>1995.6199951171875</ele></trkpt><trkpt lat="46.656510409433395" lon="8.043990331701934"><ele>1995.5099792480469</ele></trkpt><trkpt lat="46.65650040935725" lon="8.044020331464708"><ele>1995.1799926757812</ele></trkpt><trkpt lat="46.65646040951833" lon="8.044080331455916"><ele>1994.1899719238281</ele></trkpt><trkpt lat="46.656450409442186" lon="8.04411033121869"><ele>1993.8199768066406</ele></trkpt><trkpt lat="46.6564304092899" lon="8.04415033152327"><ele>1993.4499816894531</ele></trkpt><trkpt lat="46.656450409442186" lon="8.044190331362188"><ele>1993.4299926757812</ele></trkpt><trkpt lat="46.65646040905267" lon="8.044220331590623"><ele>1993.3999938964844</ele></trkpt><trkpt lat="46.656490409281105" lon="8.044250331353396"><ele>1993.2999877929688</ele></trkpt><trkpt lat="46.65650040935725" lon="8.044260331429541"><ele>1993.2899780273438</ele></trkpt><trkpt lat="46.656620408874005" lon="8.04426033096388"><ele>1991.6799926757812</ele></trkpt><trkpt lat="46.656730408314615" lon="8.044300330802798"><ele>1989.2599792480469</ele></trkpt><trkpt lat="46.656770408153534" lon="8.044320330489427"><ele>1988.3899841308594</ele></trkpt><trkpt lat="46.6568204080686" lon="8.04437033040449"><ele>1986.8699951171875</ele></trkpt><trkpt lat="46.65685040783137" lon="8.044420330319554"><ele>1985.9499816894531</ele></trkpt><trkpt lat="46.65689040767029" lon="8.044510330073535"><ele>1984.5899963378906</ele></trkpt><trkpt lat="46.65690040728077" lon="8.044560329988599"><ele>1983.739990234375</ele></trkpt><trkpt lat="46.65690040728077" lon="8.044620329514146"><ele>1983.0799865722656</ele></trkpt><trkpt lat="46.656950406730175" lon="8.044610329438001"><ele>1981.6699829101562</ele></trkpt><trkpt lat="46.65698040695861" lon="8.044600329361856"><ele>1981.219970703125</ele></trkpt><trkpt lat="46.65700040664524" lon="8.044570329133421"><ele>1980.9099731445312</ele></trkpt><trkpt lat="46.65702040679753" lon="8.044490329455584"><ele>1980.5799865722656</ele></trkpt><trkpt lat="46.65704040648416" lon="8.044390329159796"><ele>1980.75</ele></trkpt><trkpt lat="46.65706040663645" lon="8.044340329244733"><ele>1980.5099792480469</ele></trkpt><trkpt lat="46.657120406627655" lon="8.044320329092443"><ele>1979.6399841308594</ele></trkpt><trkpt lat="46.65719040622935" lon="8.044280329253525"><ele>1979.47998046875</ele></trkpt><trkpt lat="46.65722040645778" lon="8.044280329253525"><ele>1979.6799926757812</ele></trkpt><trkpt lat="46.65723040653393" lon="8.044300328940153"><ele>1979.6799926757812</ele></trkpt><trkpt lat="46.657270406372845" lon="8.044340329244733"><ele>1980.0499877929688</ele></trkpt><trkpt lat="46.657310406677425" lon="8.044380329549313"><ele>1980.8399963378906</ele></trkpt><trkpt lat="46.657350406982005" lon="8.044400329701602"><ele>1982.5199890136719</ele></trkpt><trkpt lat="46.65740040736273" lon="8.044450329616666"><ele>1983.6099853515625</ele></trkpt><trkpt lat="46.657430407591164" lon="8.04450032999739"><ele>1984.3199768066406</ele></trkpt><trkpt lat="46.65748040750623" lon="8.04452033014968"><ele>1984.8199768066406</ele></trkpt><trkpt lat="46.65752040781081" lon="8.044490329921246"><ele>1985.0999755859375</ele></trkpt><trkpt lat="46.65772040747106" lon="8.044320330023766"><ele>1983.7799987792969</ele></trkpt><trkpt lat="46.65778040746227" lon="8.04431032994762"><ele>1983.6199951171875</ele></trkpt><trkpt lat="46.65783040737733" lon="8.044320329558104"><ele>1983.22998046875</ele></trkpt><trkpt lat="46.657860407140106" lon="8.044350329786539"><ele>1982.2699890136719</ele></trkpt><trkpt lat="46.65791040705517" lon="8.044350329320878"><ele>1981.6999816894531</ele></trkpt><trkpt lat="46.65800040680915" lon="8.044340329244733"><ele>1980.3899841308594</ele></trkpt><trkpt lat="46.658030406571925" lon="8.044360329397023"><ele>1980.1499938964844</ele></trkpt><trkpt lat="46.658050406724215" lon="8.044390329159796"><ele>1980.0899963378906</ele></trkpt><trkpt lat="46.65809040656313" lon="8.044380329083651"><ele>1980.3899841308594</ele></trkpt><trkpt lat="46.65811040671542" lon="8.044380329083651"><ele>1980.5199890136719</ele></trkpt><trkpt lat="46.658160406630486" lon="8.044390329159796"><ele>1980.8399963378906</ele></trkpt><trkpt lat="46.658180406782776" lon="8.044390329159796"><ele>1980.8799743652344</ele></trkpt><trkpt lat="46.65819040685892" lon="8.044410329312086"><ele>1981.1199951171875</ele></trkpt><trkpt lat="46.65821040701121" lon="8.044440329540521"><ele>1981.2699890136719</ele></trkpt><trkpt lat="46.65823040669784" lon="8.04446032922715"><ele>1981.4099731445312</ele></trkpt><trkpt lat="46.65825040685013" lon="8.044490329455584"><ele>1981.5399780273438</ele></trkpt><trkpt lat="46.658260406926274" lon="8.044510329607874"><ele>1981.6999816894531</ele></trkpt><trkpt lat="46.65829040715471" lon="8.044530329760164"><ele>1982.0</ele></trkpt><trkpt lat="46.65832040691748" lon="8.044530329760164"><ele>1982.5999755859375</ele></trkpt><trkpt lat="46.658410407137126" lon="8.044520329684019"><ele>1983.72998046875</ele></trkpt><trkpt lat="46.658470407593995" lon="8.04452033014968"><ele>1984.8199768066406</ele></trkpt><trkpt lat="46.65850040782243" lon="8.04452033014968"><ele>1985.3999938964844</ele></trkpt><trkpt lat="46.65856040781364" lon="8.04456033045426"><ele>1986.9099731445312</ele></trkpt><trkpt lat="46.65860040811822" lon="8.044590330682695"><ele>1988.2799987792969</ele></trkpt><trkpt lat="46.65862040827051" lon="8.044620330445468"><ele>1988.9499816894531</ele></trkpt><trkpt lat="46.6586404084228" lon="8.044630330521613"><ele>1989.2599792480469</ele></trkpt><trkpt lat="46.65865040849894" lon="8.044650330673903"><ele>1989.3799743652344</ele></trkpt><trkpt lat="46.65865040849894" lon="8.044700330588967"><ele>1989.5799865722656</ele></trkpt><trkpt lat="46.65865040849894" lon="8.044760330580175"><ele>1989.3899841308594</ele></trkpt><trkpt lat="46.65866040857509" lon="8.0448103309609"><ele>1989.8699951171875</ele></trkpt><trkpt lat="46.65867040865123" lon="8.044860330875963"><ele>1990.3599853515625</ele></trkpt><trkpt lat="46.65868040872738" lon="8.044900331180543"><ele>1991.0699768066406</ele></trkpt><trkpt lat="46.65870040887967" lon="8.044920330867171"><ele>1991.47998046875</ele></trkpt><trkpt lat="46.65871040895581" lon="8.044920331332833"><ele>1992.0199890136719</ele></trkpt><trkpt lat="46.65872040903196" lon="8.044930331408978"><ele>1992.4499816894531</ele></trkpt><trkpt lat="46.65874040918425" lon="8.044970331247896"><ele>1992.989990234375</ele></trkpt><trkpt lat="46.65876040933654" lon="8.04502033162862"><ele>1993.8599853515625</ele></trkpt><trkpt lat="46.65880040964112" lon="8.04504033178091"><ele>1994.7699890136719</ele></trkpt><trkpt lat="46.658840409480035" lon="8.045060331467539"><ele>1995.0699768066406</ele></trkpt><trkpt lat="46.658880409784615" lon="8.0450603319332"><ele>1995.1899719238281</ele></trkpt><trkpt lat="46.65891040954739" lon="8.045070331543684"><ele>1995.0599975585938</ele></trkpt><trkpt lat="46.65894040977582" lon="8.045140331611037"><ele>1995.6899719238281</ele></trkpt><trkpt lat="46.6589804100804" lon="8.045220331754535"><ele>1996.8399963378906</ele></trkpt><trkpt lat="46.65901041030884" lon="8.045310331974179"><ele>1997.6999816894531</ele></trkpt><trkpt lat="46.65901041030884" lon="8.045350332278758"><ele>1998.0399780273438</ele></trkpt><trkpt lat="46.65902041038498" lon="8.045390332117677"><ele>1998.5099792480469</ele></trkpt><trkpt lat="46.65905041061342" lon="8.04546033218503"><ele>1998.8499755859375</ele></trkpt><trkpt lat="46.65908041037619" lon="8.045510332565755"><ele>1999.3399963378906</ele></trkpt><trkpt lat="46.65918041067198" lon="8.045630332548171"><ele>1999.9599914550781</ele></trkpt><trkpt lat="46.65923041058704" lon="8.04569033253938"><ele>2000.3699951171875</ele></trkpt><trkpt lat="46.65927041089162" lon="8.045760332606733"><ele>2000.5899963378906</ele></trkpt><trkpt lat="46.659300410654396" lon="8.045820332597941"><ele>2000.97998046875</ele></trkpt><trkpt lat="46.65931041073054" lon="8.045870332513005"><ele>2001.1699829101562</ele></trkpt><trkpt lat="46.65931041073054" lon="8.045910332817584"><ele>2001.3499755859375</ele></trkpt><trkpt lat="46.6593104111962" lon="8.045940332580358"><ele>2001.5999755859375</ele></trkpt><trkpt lat="46.65935041150078" lon="8.046030333265662"><ele>2003.1899719238281</ele></trkpt><trkpt lat="46.659380411263555" lon="8.046110332943499"><ele>2003.719970703125</ele></trkpt><trkpt lat="46.65941041149199" lon="8.046180333010852"><ele>2003.969970703125</ele></trkpt><trkpt lat="46.65945041133091" lon="8.04624033300206"><ele>2004.2099914550781</ele></trkpt><trkpt lat="46.65949041163549" lon="8.046330333221704"><ele>2004.7899780273438</ele></trkpt><trkpt lat="46.65953041194007" lon="8.046420333441347"><ele>2005.3499755859375</ele></trkpt><trkpt lat="46.65956041170284" lon="8.046520333271474"><ele>2005.7099914550781</ele></trkpt><trkpt lat="46.65958041185513" lon="8.046590333338827"><ele>2005.9199829101562</ele></trkpt><trkpt lat="46.659610412083566" lon="8.04666033340618"><ele>2006.5099792480469</ele></trkpt><trkpt lat="46.65964041184634" lon="8.046710333786905"><ele>2006.9099731445312</ele></trkpt><trkpt lat="46.659690412227064" lon="8.046750333625823"><ele>2007.6999816894531</ele></trkpt><trkpt lat="46.6598504120484" lon="8.046830333769321"><ele>2007.8199768066406</ele></trkpt><trkpt lat="46.66000041225925" lon="8.046940333675593"><ele>2007.8899841308594</ele></trkpt><trkpt lat="46.6601804131642" lon="8.04710033442825"><ele>2011.5899963378906</ele></trkpt><trkpt lat="46.66023041307926" lon="8.04714033473283"><ele>2011.8899841308594</ele></trkpt><trkpt lat="46.66027041291818" lon="8.047170334495604"><ele>2011.0799865722656</ele></trkpt><trkpt lat="46.66033041290939" lon="8.047190334182233"><ele>2010.8099975585938</ele></trkpt><trkpt lat="46.6603904129006" lon="8.047180334571749"><ele>2011.3599853515625</ele></trkpt><trkpt lat="46.660450412891805" lon="8.047220334410667"><ele>2010.5899963378906</ele></trkpt><trkpt lat="46.66052041295916" lon="8.047200334258378"><ele>2011.6499938964844</ele></trkpt><trkpt lat="46.66058041341603" lon="8.047150334808975"><ele>2012.489990234375</ele></trkpt><trkpt lat="46.66069041378796" lon="8.047110334970057"><ele>2014.3799743652344</ele></trkpt><trkpt lat="46.66075041377917" lon="8.047100335359573"><ele>2015.7699890136719</ele></trkpt><trkpt lat="46.660780414007604" lon="8.047110335435718"><ele>2016.3499755859375</ele></trkpt><trkpt lat="46.660800414159894" lon="8.047140335198492"><ele>2016.2999877929688</ele></trkpt><trkpt lat="46.66081041423604" lon="8.047210335265845"><ele>2017.6499938964844</ele></trkpt><trkpt lat="46.660840414464474" lon="8.04728033579886"><ele>2018.9499816894531</ele></trkpt><trkpt lat="46.660840414930135" lon="8.047370336018503"><ele>2020.0399780273438</ele></trkpt><trkpt lat="46.660860415082425" lon="8.047420335933566"><ele>2021.5799865722656</ele></trkpt><trkpt lat="46.660840414930135" lon="8.04749033600092"><ele>2021.5999755859375</ele></trkpt><trkpt lat="46.66089041577652" lon="8.047650336753577"><ele>2025.0999755859375</ele></trkpt><trkpt lat="46.66089041624218" lon="8.047800336964428"><ele>2026.989990234375</ele></trkpt><trkpt lat="46.66089041624218" lon="8.047880337107927"><ele>2028.1099853515625</ele></trkpt><trkpt lat="46.66090041631833" lon="8.047920337412506"><ele>2028.72998046875</ele></trkpt><trkpt lat="46.6608804166317" lon="8.04797033732757"><ele>2029.5799865722656</ele></trkpt><trkpt lat="46.66086041741073" lon="8.04820033814758"><ele>2032.5499877929688</ele></trkpt><trkpt lat="46.660890417639166" lon="8.048340338282287"><ele>2034.5499877929688</ele></trkpt><trkpt lat="46.660890417639166" lon="8.04839033819735"><ele>2035.47998046875</ele></trkpt><trkpt lat="46.660860418342054" lon="8.048510338645428"><ele>2037.1699829101562</ele></trkpt><trkpt lat="46.66081041796133" lon="8.04864033870399"><ele>2037.0199890136719</ele></trkpt><trkpt lat="46.660780418198556" lon="8.048730338457972"><ele>2036.3799743652344</ele></trkpt><trkpt lat="46.660740417893976" lon="8.048820338677615"><ele>2036.8299865722656</ele></trkpt><trkpt lat="46.66070041852072" lon="8.048940338660032"><ele>2038.0199890136719</ele></trkpt><trkpt lat="46.66068041836843" lon="8.049010339193046"><ele>2038.7799987792969</ele></trkpt><trkpt lat="46.660690418910235" lon="8.049110339488834"><ele>2040.489990234375</ele></trkpt><trkpt lat="46.66070041945204" lon="8.049260339699686"><ele>2042.7099914550781</ele></trkpt><trkpt lat="46.660710419528186" lon="8.049370340071619"><ele>2044.5399780273438</ele></trkpt><trkpt lat="46.66068041976541" lon="8.049430340062827"><ele>2044.9599914550781</ele></trkpt><trkpt lat="46.66067041968927" lon="8.049470339901745"><ele>2044.9099731445312</ele></trkpt><trkpt lat="46.66068041976541" lon="8.049590340349823"><ele>2045.8199768066406</ele></trkpt><trkpt lat="46.660640419926494" lon="8.049790340010077"><ele>2046.1499938964844</ele></trkpt><trkpt lat="46.66063042031601" lon="8.049890340305865"><ele>2047.3199768066406</ele></trkpt><trkpt lat="46.6606504204683" lon="8.049970340449363"><ele>2047.9299926757812</ele></trkpt><trkpt lat="46.66063042031601" lon="8.050030340440571"><ele>2048.3299865722656</ele></trkpt><trkpt lat="46.660620420239866" lon="8.050080340821296"><ele>2048.5599975585938</ele></trkpt><trkpt lat="46.66059042047709" lon="8.050160340964794"><ele>2049.6499938964844</ele></trkpt><trkpt lat="46.660570420790464" lon="8.050210340879858"><ele>2050.5699768066406</ele></trkpt><trkpt lat="46.660570420790464" lon="8.050240341108292"><ele>2050.949981689453</ele></trkpt><trkpt lat="46.660570420790464" lon="8.050270340871066"><ele>2050.97998046875</ele></trkpt><trkpt lat="46.660550421103835" lon="8.050330340862274"><ele>2051.2899780273438</ele></trkpt><trkpt lat="46.66050042118877" lon="8.050430341623724"><ele>2053.219970703125</ele></trkpt><trkpt lat="46.66048042150214" lon="8.050460341386497"><ele>2054.0799865722656</ele></trkpt><trkpt lat="46.66049042204395" lon="8.050520341843367"><ele>2055.8199768066406</ele></trkpt><trkpt lat="46.660480421967804" lon="8.050550342071801"><ele>2056.72998046875</ele></trkpt><trkpt lat="46.66047042235732" lon="8.050560342147946"><ele>2056.969970703125</ele></trkpt><trkpt lat="46.660460422281176" lon="8.05059034191072"><ele>2057.3999938964844</ele></trkpt><trkpt lat="46.660460422281176" lon="8.05061034206301"><ele>2057.969970703125</ele></trkpt><trkpt lat="46.66047042235732" lon="8.05061034206301"><ele>2058.459991455078</ele></trkpt><trkpt lat="46.66049042250961" lon="8.050610342528671"><ele>2059.209991455078</ele></trkpt><trkpt lat="46.660500422585756" lon="8.050620342604816"><ele>2059.5699768066406</ele></trkpt><trkpt lat="46.66049042297527" lon="8.050660342443734"><ele>2060.8499755859375</ele></trkpt><trkpt lat="46.66050042305142" lon="8.050660342909396"><ele>2061.4099731445312</ele></trkpt><trkpt lat="46.66051042312756" lon="8.050660342909396"><ele>2062.1299743652344</ele></trkpt><trkpt lat="46.66057042358443" lon="8.050630343146622"><ele>2064.1199951171875</ele></trkpt><trkpt lat="46.660580423660576" lon="8.050640343222767"><ele>2064.3999938964844</ele></trkpt><trkpt lat="46.66057042358443" lon="8.050660343375057"><ele>2064.8399963378906</ele></trkpt><trkpt lat="46.66054042382166" lon="8.050700343213975"><ele>2065.269989013672</ele></trkpt><trkpt lat="46.660510424058884" lon="8.05073034344241"><ele>2065.459991455078</ele></trkpt><trkpt lat="46.660450424067676" lon="8.050780343823135"><ele>2066.8699951171875</ele></trkpt><trkpt lat="46.66043042438105" lon="8.05081034405157"><ele>2068.1199951171875</ele></trkpt><trkpt lat="46.6604204243049" lon="8.050850343890488"><ele>2068.9199829101562</ele></trkpt><trkpt lat="46.66043042438105" lon="8.050900343805552"><ele>2069.2999877929688</ele></trkpt><trkpt lat="46.66045042453334" lon="8.050950344186276"><ele>2069.459991455078</ele></trkpt><trkpt lat="46.66045042453334" lon="8.050990344025195"><ele>2070.0399780273438</ele></trkpt><trkpt lat="46.660440424922854" lon="8.051030344329774"><ele>2070.3099975585938</ele></trkpt><trkpt lat="46.66043042484671" lon="8.051110344473273"><ele>2071.6099853515625</ele></trkpt><trkpt lat="46.660420425236225" lon="8.051140344701707"><ele>2072.3699951171875</ele></trkpt><trkpt lat="46.660420425236225" lon="8.051150344777852"><ele>2072.7899780273438</ele></trkpt><trkpt lat="46.660440425388515" lon="8.051160344853997"><ele>2073.5599975585938</ele></trkpt><trkpt lat="46.660460425540805" lon="8.051140344701707"><ele>2074.489990234375</ele></trkpt><trkpt lat="46.660500425845385" lon="8.051090345252305"><ele>2075.6799926757812</ele></trkpt><trkpt lat="46.66053042607382" lon="8.051050345413387"><ele>2076.529998779297</ele></trkpt><trkpt lat="46.660540426149964" lon="8.051010345574468"><ele>2077.4299926757812</ele></trkpt><trkpt lat="46.66055042669177" lon="8.050940345507115"><ele>2078.709991455078</ele></trkpt><trkpt lat="46.660560426767915" lon="8.05093034543097"><ele>2079.1399841308594</ele></trkpt><trkpt lat="46.66057042684406" lon="8.050930345896631"><ele>2079.5999755859375</ele></trkpt><trkpt lat="46.660580426920205" lon="8.05097034573555"><ele>2081.0699768066406</ele></trkpt><trkpt lat="46.660600427072495" lon="8.05103034619242"><ele>2082.3099975585938</ele></trkpt><trkpt lat="46.6606104276143" lon="8.051080346573144"><ele>2083.6499938964844</ele></trkpt><trkpt lat="46.660620427690446" lon="8.051150346640497"><ele>2085.3399963378906</ele></trkpt><trkpt lat="46.660590428393334" lon="8.0513203474693"><ele>2088.9299926757812</ele></trkpt><trkpt lat="46.66058042878285" lon="8.051360347308218"><ele>2089.8299865722656</ele></trkpt><trkpt lat="46.66053042933345" lon="8.051450347993523"><ele>2092.6799926757812</ele></trkpt><trkpt lat="46.66051042964682" lon="8.051490348298103"><ele>2093.969970703125</ele></trkpt><trkpt lat="46.66049042996019" lon="8.051520348060876"><ele>2094.9299926757812</ele></trkpt><trkpt lat="46.66049042996019" lon="8.051560348365456"><ele>2096.4299926757812</ele></trkpt><trkpt lat="46.66049043042585" lon="8.051620348822325"><ele>2097.8499755859375</ele></trkpt><trkpt lat="46.66048043081537" lon="8.051680348813534"><ele>2099.1699829101562</ele></trkpt><trkpt lat="46.660450431052595" lon="8.051780349109322"><ele>2100.9299926757812</ele></trkpt><trkpt lat="46.66044043097645" lon="8.051820349413902"><ele>2101.8599853515625</ele></trkpt><trkpt lat="46.66045043151826" lon="8.0519003495574"><ele>2103.75</ele></trkpt><trkpt lat="46.6604604315944" lon="8.05192034970969"><ele>2104.529998779297</ele></trkpt><trkpt lat="46.66047043213621" lon="8.051890349946916"><ele>2106.259979248047</ele></trkpt><trkpt lat="46.66048043221235" lon="8.051840350031853"><ele>2106.1399841308594</ele></trkpt><trkpt lat="46.66054043266922" lon="8.051730350591242"><ele>2109.4199829101562</ele></trkpt><trkpt lat="46.66055043274537" lon="8.051730350591242"><ele>2109.969970703125</ele></trkpt><trkpt lat="46.660540433134884" lon="8.05181035073474"><ele>2111.239990234375</ele></trkpt><trkpt lat="46.660540433600545" lon="8.0518903513439"><ele>2113.22998046875</ele></trkpt><trkpt lat="46.660560433752835" lon="8.051880351267755"><ele>2114.25</ele></trkpt><trkpt lat="46.660580433905125" lon="8.051850351504982"><ele>2115.8599853515625</ele></trkpt><trkpt lat="46.66061043413356" lon="8.05180035205558"><ele>2117.5499877929688</ele></trkpt><trkpt lat="46.66063043428585" lon="8.051710351835936"><ele>2118.439971923828</ele></trkpt><trkpt lat="46.660640434361994" lon="8.051700352225453"><ele>2118.9299926757812</ele></trkpt><trkpt lat="46.660640434827656" lon="8.051810352597386"><ele>2121.199981689453</ele></trkpt><trkpt lat="46.660700435750186" lon="8.051710352767259"><ele>2123.689971923828</ele></trkpt><trkpt lat="46.660700435750186" lon="8.051770353224128"><ele>2124.769989013672</ele></trkpt><trkpt lat="46.66068043652922" lon="8.05192035343498"><ele>2127.709991455078</ele></trkpt><trkpt lat="46.66070043668151" lon="8.05194035358727"><ele>2128.4099731445312</ele></trkpt><trkpt lat="46.6607204368338" lon="8.052020353730768"><ele>2129.6499938964844</ele></trkpt><trkpt lat="46.660730437375605" lon="8.052110354416072"><ele>2131.969970703125</ele></trkpt><trkpt lat="46.66072043729946" lon="8.052130354102701"><ele>2132.1599731445312</ele></trkpt><trkpt lat="46.660690437071025" lon="8.052130354102701"><ele>2131.6399841308594</ele></trkpt><trkpt lat="46.6606704373844" lon="8.052140354178846"><ele>2132.5499877929688</ele></trkpt><trkpt lat="46.66065043723211" lon="8.052160354331136"><ele>2132.8499755859375</ele></trkpt><trkpt lat="46.66063043754548" lon="8.052240354474634"><ele>2133.239990234375</ele></trkpt><trkpt lat="46.66064043762162" lon="8.052310354541987"><ele>2134.0799865722656</ele></trkpt><trkpt lat="46.66059043770656" lon="8.05242035491392"><ele>2135.25</ele></trkpt><trkpt lat="46.660580438096076" lon="8.052480354905128"><ele>2136.259979248047</ele></trkpt><trkpt lat="46.66059043863788" lon="8.052540355361998"><ele>2139.199981689453</ele></trkpt><trkpt lat="46.66054043872282" lon="8.052570355590433"><ele>2139.699981689453</ele></trkpt><trkpt lat="46.660530438646674" lon="8.052580355666578"><ele>2139.9299926757812</ele></trkpt><trkpt lat="46.660510438960046" lon="8.052650355733931"><ele>2140.6599731445312</ele></trkpt><trkpt lat="46.66052043903619" lon="8.052800355944782"><ele>2142.25</ele></trkpt><trkpt lat="46.66055043973029" lon="8.052870356012136"><ele>2143.779998779297</ele></trkpt><trkpt lat="46.66055043973029" lon="8.05290035624057"><ele>2144.5599975585938</ele></trkpt><trkpt lat="46.66057043988258" lon="8.052900356706232"><ele>2145.5799865722656</ele></trkpt><trkpt lat="46.660610440187156" lon="8.052890356630087"><ele>2147.029998779297</ele></trkpt><trkpt lat="46.6606204402633" lon="8.052860356867313"><ele>2147.9099731445312</ele></trkpt><trkpt lat="46.6606504409574" lon="8.052730357274413"><ele>2150.469970703125</ele></trkpt><trkpt lat="46.66068044118583" lon="8.052650357596576"><ele>2151.439971923828</ele></trkpt><trkpt lat="46.66076044132933" lon="8.052540357690305"><ele>2153.0399780273438</ele></trkpt><trkpt lat="46.660810441710055" lon="8.052470358088613"><ele>2154.22998046875</ele></trkpt><trkpt lat="46.660850442014635" lon="8.05242035817355"><ele>2155.5899963378906</ele></trkpt><trkpt lat="46.660870442166924" lon="8.052390358410776"><ele>2156.259979248047</ele></trkpt><trkpt lat="46.660890442319214" lon="8.052390358410776"><ele>2156.75</ele></trkpt><trkpt lat="46.66090044239536" lon="8.052430358249694"><ele>2157.47998046875</ele></trkpt><trkpt lat="46.660910442471504" lon="8.052500358782709"><ele>2158.219970703125</ele></trkpt></trkseg></trk></gpx>