<?xml version="1.0" encoding="utf-8"?><gpx version="1.1" creator="MySchweizMobil - https://map.schweizmobil.ch/" xmlns:xsi="http://www.w3.org/2001/XMLSchema-instance" xmlns="http://www.topografix.com/GPX/1/1" xsi:schemaLocation="http://www.topografix.com/GPX/1/1 http://www.topografix.com/GPX/1/1/gpx.xsd"><metadata><name>Rothorn to Brünig</name><bounds minlat="46.75646021263674" minlon="8.04150037560612" maxlat="46.78918045386672" maxlon="8.138020173180848" /></metadata><trk><name>Rothorn to Brünig</name><trkseg><trkpt lat="46.78750046854839" lon="8.04150037560612"><ele>2261.8099975585938</ele></trkpt><trkpt lat="46.787450468633324" lon="8.041820375714451"><ele>2261.8999938964844</ele></trkpt><trkpt lat="46.787430468946695" lon="8.04188037570566"><ele>2262.3999938964844</ele></trkpt><trkpt lat="46.78740046918392" lon="8.042020376306027"><ele>2264.6299743652344</ele></trkpt><trkpt lat="46.78740046918392" lon="8.0420503760688"><ele>2264.8999938964844</ele></trkpt><trkpt lat="46.78740046964958" lon="8.04211037652567"><ele>2266.0899963378906</ele></trkpt><trkpt lat="46.78740046964958" lon="8.042130376212299"><ele>2266.199981689453</ele></trkpt><trkpt lat="46.78740046964958" lon="8.042120376601815"><ele>2266.4199829101562</ele></trkpt><trkpt lat="46.787470469716936" lon="8.042000376619399"><ele>2267.47998046875</ele></trkpt><trkpt lat="46.78748046979308" lon="8.041980376467109"><ele>2266.5999755859375</ele></trkpt><trkpt lat="46.78750046994537" lon="8.041970376390964"><ele>2267.0</ele></trkpt><trkpt lat="46.78750046994537" lon="8.041970376390964"><ele>2267.75</ele></trkpt><trkpt lat="46.787510470021516" lon="8.041980376467109"><ele>2267.9299926757812</ele></trkpt><trkpt lat="46.78752047009766" lon="8.041980376467109"><ele>2267.5</ele></trkpt><trkpt lat="46.787510470021516" lon="8.042040376923978"><ele>2268.5</ele></trkpt><trkpt lat="46.78749047033489" lon="8.042070376686752"><ele>2269.2999877929688</ele></trkpt><trkpt lat="46.78748047025874" lon="8.042090376839042"><ele>2269.3999938964844</ele></trkpt><trkpt lat="46.787460470572114" lon="8.042130377143621"><ele>2270.3399963378906</ele></trkpt><trkpt lat="46.787440470885485" lon="8.042200377210975"><ele>2271.3899841308594</ele></trkpt><trkpt lat="46.787420470733196" lon="8.042250377126038"><ele>2271.8999938964844</ele></trkpt><trkpt lat="46.78740047151223" lon="8.042430377565324"><ele>2274.5</ele></trkpt><trkpt lat="46.78734047198668" lon="8.042600377928466"><ele>2276.5399780273438</ele></trkpt><trkpt lat="46.787310471758246" lon="8.042690378148109"><ele>2276.7999877929688</ele></trkpt><trkpt lat="46.78730047214776" lon="8.042720378376544"><ele>2277.5999755859375</ele></trkpt><trkpt lat="46.7873004716821" lon="8.042730377987027"><ele>2277.199981689453</ele></trkpt><trkpt lat="46.787220472469926" lon="8.043080378789455"><ele>2279.7999877929688</ele></trkpt><trkpt lat="46.7872004727833" lon="8.043220378924161"><ele>2280.8999938964844</ele></trkpt><trkpt lat="46.7872004727833" lon="8.043330378830433"><ele>2281.6299743652344</ele></trkpt><trkpt lat="46.78719047270715" lon="8.043380379211158"><ele>2282.0999755859375</ele></trkpt><trkpt lat="46.787190473172814" lon="8.04349037911743"><ele>2282.3699951171875</ele></trkpt><trkpt lat="46.787190473172814" lon="8.04366037901491"><ele>2283.0899963378906</ele></trkpt><trkpt lat="46.787190473172814" lon="8.043740379158407"><ele>2283.5999755859375</ele></trkpt><trkpt lat="46.78718047309667" lon="8.043770379386842"><ele>2283.939971923828</ele></trkpt><trkpt lat="46.787170473486185" lon="8.04383037937805"><ele>2284.2999877929688</ele></trkpt><trkpt lat="46.787170473486185" lon="8.043880379758775"><ele>2285.3099975585938</ele></trkpt><trkpt lat="46.78716047341004" lon="8.043920379597694"><ele>2285.5999755859375</ele></trkpt><trkpt lat="46.78715047379956" lon="8.043970379978418"><ele>2286.529998779297</ele></trkpt><trkpt lat="46.78715047379956" lon="8.043970379978418"><ele>2286.5999755859375</ele></trkpt><trkpt lat="46.78715047379956" lon="8.043980379588902"><ele>2286.719970703125</ele></trkpt><trkpt lat="46.78714047418907" lon="8.04408037988469"><ele>2288.5</ele></trkpt><trkpt lat="46.78713047457859" lon="8.044260380323976"><ele>2290.8199768066406</ele></trkpt><trkpt lat="46.787120474968106" lon="8.044420380610973"><ele>2292.0999755859375</ele></trkpt><trkpt lat="46.78711047535762" lon="8.044530380982906"><ele>2293.769989013672</ele></trkpt><trkpt lat="46.78710047528148" lon="8.044550381135195"><ele>2294.009979248047</ele></trkpt><trkpt lat="46.78708047559485" lon="8.044720381498337"><ele>2295.8799743652344</ele></trkpt><trkpt lat="46.78699047677219" lon="8.04521038243547"><ele>2302.3999938964844</ele></trkpt><trkpt lat="46.78697047755122" lon="8.045370382722467"><ele>2305.0999755859375</ele></trkpt><trkpt lat="46.786890478339046" lon="8.045740383211523"><ele>2308.5</ele></trkpt><trkpt lat="46.786840478889644" lon="8.0459403838031"><ele>2310.5999755859375</ele></trkpt><trkpt lat="46.78681047912687" lon="8.046080384403467"><ele>2313.019989013672</ele></trkpt><trkpt lat="46.78677047975361" lon="8.046310384757817"><ele>2315.0999755859375</ele></trkpt><trkpt lat="46.78674047999084" lon="8.046490385197103"><ele>2318.0999755859375</ele></trkpt><trkpt lat="46.786730480380356" lon="8.046560385264456"><ele>2319.2899780273438</ele></trkpt><trkpt lat="46.786660480778664" lon="8.046780385542661"><ele>2321.8999938964844</ele></trkpt><trkpt lat="46.786660481244326" lon="8.04684038599953"><ele>2322.509979248047</ele></trkpt><trkpt lat="46.78665048116818" lon="8.046890385914594"><ele>2323.0</ele></trkpt><trkpt lat="46.7866404815577" lon="8.046950385905802"><ele>2323.989990234375</ele></trkpt><trkpt lat="46.78663048148155" lon="8.047020385973155"><ele>2324.8999938964844</ele></trkpt><trkpt lat="46.7866404815577" lon="8.04707038635388"><ele>2325.8399963378906</ele></trkpt><trkpt lat="46.78664048202336" lon="8.047150386497378"><ele>2327.0999755859375</ele></trkpt><trkpt lat="46.78664048202336" lon="8.047190386801958"><ele>2327.739990234375</ele></trkpt><trkpt lat="46.78664048202336" lon="8.047190386801958"><ele>2327.7999877929688</ele></trkpt><trkpt lat="46.78664048202336" lon="8.047190386801958"><ele>2327.8099975585938</ele></trkpt><trkpt lat="46.7866504820995" lon="8.047210386488587"><ele>2327.989990234375</ele></trkpt><trkpt lat="46.78666048217565" lon="8.047220386564732"><ele>2328.1299743652344</ele></trkpt><trkpt lat="46.78667048225179" lon="8.047220386564732"><ele>2328.3699951171875</ele></trkpt><trkpt lat="46.78668048232794" lon="8.047180386725813"><ele>2328.759979248047</ele></trkpt><trkpt lat="46.78668048232794" lon="8.047160387039185"><ele>2329.1699829101562</ele></trkpt><trkpt lat="46.78670048248023" lon="8.047110387124121"><ele>2330.0899963378906</ele></trkpt><trkpt lat="46.78673048270866" lon="8.04702038737014"><ele>2330.939971923828</ele></trkpt><trkpt lat="46.78677048301324" lon="8.046940387226641"><ele>2332.0799865722656</ele></trkpt><trkpt lat="46.78683048347011" lon="8.04683038732037"><ele>2333.3299865722656</ele></trkpt><trkpt lat="46.786860483232886" lon="8.046780387870967"><ele>2334.1199951171875</ele></trkpt><trkpt lat="46.786900483537465" lon="8.046730387955904"><ele>2335.0799865722656</ele></trkpt><trkpt lat="46.786940483842045" lon="8.046650387812406"><ele>2336.4199829101562</ele></trkpt><trkpt lat="46.786980484146625" lon="8.046610388439149"><ele>2337.6299743652344</ele></trkpt><trkpt lat="46.78701048437506" lon="8.046590388286859"><ele>2338.3899841308594</ele></trkpt><trkpt lat="46.78701048437506" lon="8.046600388363004"><ele>2338.3899841308594</ele></trkpt><trkpt lat="46.787020484451205" lon="8.046610388439149"><ele>2338.5699768066406</ele></trkpt><trkpt lat="46.78701048437506" lon="8.046640388667583"><ele>2339.25</ele></trkpt><trkpt lat="46.78699048468843" lon="8.046700388658792"><ele>2340.3799743652344</ele></trkpt><trkpt lat="46.786980484612286" lon="8.046730388887227"><ele>2340.7999877929688</ele></trkpt><trkpt lat="46.78698048507795" lon="8.04678038880229"><ele>2341.5599975585938</ele></trkpt><trkpt lat="46.78698048507795" lon="8.046860388945788"><ele>2342.709991455078</ele></trkpt><trkpt lat="46.78698048554361" lon="8.046900389250368"><ele>2343.469970703125</ele></trkpt><trkpt lat="46.786990485619754" lon="8.046920389402658"><ele>2343.8399963378906</ele></trkpt><trkpt lat="46.78700048523024" lon="8.046930389478803"><ele>2343.97998046875</ele></trkpt><trkpt lat="46.78701048530638" lon="8.046930389478803"><ele>2344.199981689453</ele></trkpt><trkpt lat="46.78702048538253" lon="8.046900389250368"><ele>2344.6799926757812</ele></trkpt><trkpt lat="46.78704048600048" lon="8.04684038972482"><ele>2345.7899780273438</ele></trkpt><trkpt lat="46.78707048622891" lon="8.046790389809757"><ele>2346.7899780273438</ele></trkpt><trkpt lat="46.7870804858394" lon="8.046790389809757"><ele>2346.959991455078</ele></trkpt><trkpt lat="46.78707048622891" lon="8.046790389809757"><ele>2346.7899780273438</ele></trkpt><trkpt lat="46.78704048600048" lon="8.04684038972482"><ele>2345.7899780273438</ele></trkpt><trkpt lat="46.78702048538253" lon="8.046900389250368"><ele>2344.6799926757812</ele></trkpt><trkpt lat="46.78701048530638" lon="8.046930389478803"><ele>2344.199981689453</ele></trkpt><trkpt lat="46.78700048523024" lon="8.046930389478803"><ele>2343.97998046875</ele></trkpt><trkpt lat="46.786990485619754" lon="8.046920389402658"><ele>2343.8399963378906</ele></trkpt><trkpt lat="46.78698048554361" lon="8.046900389250368"><ele>2343.469970703125</ele></trkpt><trkpt lat="46.78698048507795" lon="8.046860388945788"><ele>2342.709991455078</ele></trkpt><trkpt lat="46.78698048507795" lon="8.04678038880229"><ele>2341.5599975585938</ele></trkpt><trkpt lat="46.786980484612286" lon="8.046730388887227"><ele>2340.7999877929688</ele></trkpt><trkpt lat="46.78699048468843" lon="8.046700388658792"><ele>2340.3799743652344</ele></trkpt><trkpt lat="46.78701048437506" lon="8.046640388667583"><ele>2339.25</ele></trkpt><trkpt lat="46.787020484451205" lon="8.046610388439149"><ele>2338.5699768066406</ele></trkpt><trkpt lat="46.78701048437506" lon="8.046600388363004"><ele>2338.3899841308594</ele></trkpt><trkpt lat="46.78701048437506" lon="8.046590388286859"><ele>2338.3899841308594</ele></trkpt><trkpt lat="46.786980484146625" lon="8.046610388439149"><ele>2337.6299743652344</ele></trkpt><trkpt lat="46.786940483842045" lon="8.046650387812406"><ele>2336.4199829101562</ele></trkpt><trkpt lat="46.786900483537465" lon="8.046730387955904"><ele>2335.0799865722656</ele></trkpt><trkpt lat="46.786860483232886" lon="8.046780387870967"><ele>2334.1199951171875</ele></trkpt><trkpt lat="46.78683048347011" lon="8.04683038732037"><ele>2333.3299865722656</ele></trkpt><trkpt lat="46.78677048301324" lon="8.046940387226641"><ele>2332.0799865722656</ele></trkpt><trkpt lat="46.78673048270866" lon="8.04702038737014"><ele>2330.939971923828</ele></trkpt><trkpt lat="46.78670048248023" lon="8.047110387124121"><ele>2330.0899963378906</ele></trkpt><trkpt lat="46.78668048232794" lon="8.047160387039185"><ele>2329.1699829101562</ele></trkpt><trkpt lat="46.78668048232794" lon="8.047180386725813"><ele>2328.759979248047</ele></trkpt><trkpt lat="46.78667048225179" lon="8.047220386564732"><ele>2328.3699951171875</ele></trkpt><trkpt lat="46.78672048216686" lon="8.047220387030393"><ele>2328.949981689453</ele></trkpt><trkpt lat="46.78675048239529" lon="8.047210386954248"><ele>2328.6799926757812</ele></trkpt><trkpt lat="46.7868104823865" lon="8.047200386878103"><ele>2327.959991455078</ele></trkpt><trkpt lat="46.786930481903255" lon="8.047210386488587"><ele>2327.3999938964844</ele></trkpt><trkpt lat="46.78696048213169" lon="8.047220386564732"><ele>2326.779998779297</ele></trkpt><trkpt lat="46.78700048197061" lon="8.047230386175215"><ele>2326.199981689453</ele></trkpt><trkpt lat="46.78703048173338" lon="8.047280386090279"><ele>2325.5</ele></trkpt><trkpt lat="46.78704048180953" lon="8.047310386318713"><ele>2325.199981689453</ele></trkpt><trkpt lat="46.78705048142001" lon="8.047360386233777"><ele>2324.5</ele></trkpt><trkpt lat="46.787060481496155" lon="8.047470386140049"><ele>2323.3999938964844</ele></trkpt><trkpt lat="46.787080481182784" lon="8.047500385902822"><ele>2322.6199951171875</ele></trkpt><trkpt lat="46.78709048079327" lon="8.047530385665596"><ele>2321.5999755859375</ele></trkpt><trkpt lat="46.787130480166525" lon="8.047600385267287"><ele>2318.8999938964844</ele></trkpt><trkpt lat="46.7871604799293" lon="8.047630385030061"><ele>2317.5</ele></trkpt><trkpt lat="46.7871604799293" lon="8.047640385106206"><ele>2317.7999877929688</ele></trkpt><trkpt lat="46.787240479607135" lon="8.047700384631753"><ele>2315.75</ele></trkpt><trkpt lat="46.78725047968328" lon="8.047700384631753"><ele>2315.6799926757812</ele></trkpt><trkpt lat="46.78725047968328" lon="8.047700384631753"><ele>2315.699981689453</ele></trkpt><trkpt lat="46.78727047983557" lon="8.047700384631753"><ele>2315.2999877929688</ele></trkpt><trkpt lat="46.78728047944605" lon="8.047700384631753"><ele>2314.8999938964844</ele></trkpt><trkpt lat="46.78728047944605" lon="8.047710384707898"><ele>2314.8699951171875</ele></trkpt><trkpt lat="46.7872904795222" lon="8.047720384318382"><ele>2314.5999755859375</ele></trkpt><trkpt lat="46.7872904795222" lon="8.047730384394526"><ele>2314.25</ele></trkpt><trkpt lat="46.7872904795222" lon="8.047730384394526"><ele>2314.199981689453</ele></trkpt><trkpt lat="46.78719047876075" lon="8.047780383843929"><ele>2310.5599975585938</ele></trkpt><trkpt lat="46.787180478684604" lon="8.047780383843929"><ele>2310.5</ele></trkpt><trkpt lat="46.78711047815159" lon="8.047780383378267"><ele>2308.5999755859375</ele></trkpt><trkpt lat="46.78703047800809" lon="8.04781038314104"><ele>2307.2999877929688</ele></trkpt><trkpt lat="46.78699047770351" lon="8.04781038314104"><ele>2306.6599731445312</ele></trkpt><trkpt lat="46.78696047794074" lon="8.04781038314104"><ele>2306.199981689453</ele></trkpt><trkpt lat="46.78696047794074" lon="8.04781038314104"><ele>2306.0</ele></trkpt><trkpt lat="46.78696047747508" lon="8.04781038314104"><ele>2305.9199829101562</ele></trkpt><trkpt lat="46.78695047786459" lon="8.04783038329333"><ele>2305.8999938964844</ele></trkpt><trkpt lat="46.78696047747508" lon="8.04785038297996"><ele>2305.5</ele></trkpt><trkpt lat="46.78698047762737" lon="8.04785038297996"><ele>2304.6499938964844</ele></trkpt><trkpt lat="46.78699047723785" lon="8.047860383056104"><ele>2304.2999877929688</ele></trkpt><trkpt lat="46.78703047707677" lon="8.047860382590443"><ele>2303.699981689453</ele></trkpt><trkpt lat="46.78709047706798" lon="8.047880382742733"><ele>2302.219970703125</ele></trkpt><trkpt lat="46.787110476754606" lon="8.047900382429361"><ele>2301.699981689453</ele></trkpt><trkpt lat="46.78720047650859" lon="8.047930382192135"><ele>2299.7999877929688</ele></trkpt><trkpt lat="46.787240476347506" lon="8.047950381878763"><ele>2298.3999938964844</ele></trkpt><trkpt lat="46.78727047611028" lon="8.047970381565392"><ele>2297.239990234375</ele></trkpt><trkpt lat="46.78729047579691" lon="8.047990381717682"><ele>2296.8999938964844</ele></trkpt><trkpt lat="46.78732047555968" lon="8.0480303815566"><ele>2295.439971923828</ele></trkpt><trkpt lat="46.7873604753986" lon="8.048060381319374"><ele>2294.7999877929688</ele></trkpt><trkpt lat="46.7873604753986" lon="8.048070381395519"><ele>2294.2899780273438</ele></trkpt><trkpt lat="46.7873604753986" lon="8.048070381395519"><ele>2294.199981689453</ele></trkpt><trkpt lat="46.7873604753986" lon="8.048080381006002"><ele>2293.8799743652344</ele></trkpt><trkpt lat="46.787350475322455" lon="8.048080381006002"><ele>2293.6199951171875</ele></trkpt><trkpt lat="46.787330475170165" lon="8.048070380929857"><ele>2293.5</ele></trkpt><trkpt lat="46.78725047502667" lon="8.048040380701423"><ele>2291.699981689453</ele></trkpt><trkpt lat="46.78720047464594" lon="8.048040380701423"><ele>2290.8999938964844</ele></trkpt><trkpt lat="46.78718047449365" lon="8.048050380777568"><ele>2290.3299865722656</ele></trkpt><trkpt lat="46.78717047441751" lon="8.048060380388051"><ele>2290.2999877929688</ele></trkpt><trkpt lat="46.78715047426522" lon="8.048070380464196"><ele>2289.699981689453</ele></trkpt><trkpt lat="46.78713047411293" lon="8.048080380540341"><ele>2289.199981689453</ele></trkpt><trkpt lat="46.787100474350154" lon="8.048080380540341"><ele>2289.199981689453</ele></trkpt><trkpt lat="46.78705047396943" lon="8.048090380150825"><ele>2287.6099853515625</ele></trkpt><trkpt lat="46.78703047381714" lon="8.048090380150825"><ele>2287.5</ele></trkpt><trkpt lat="46.787000473588705" lon="8.048090380150825"><ele>2286.6099853515625</ele></trkpt><trkpt lat="46.78689047321677" lon="8.048090379685163"><ele>2284.0999755859375</ele></trkpt><trkpt lat="46.786810473073274" lon="8.048110379371792"><ele>2282.5</ele></trkpt><trkpt lat="46.78672047285363" lon="8.048100379295647"><ele>2281.0999755859375</ele></trkpt><trkpt lat="46.786710472777486" lon="8.048120378982276"><ele>2280.7999877929688</ele></trkpt><trkpt lat="46.786710472311825" lon="8.04813037905842"><ele>2280.5</ele></trkpt><trkpt lat="46.78676047222689" lon="8.04815037874505"><ele>2279.4199829101562</ele></trkpt><trkpt lat="46.786800472065806" lon="8.048170378897339"><ele>2278.5999755859375</ele></trkpt><trkpt lat="46.786840471904725" lon="8.048180378507823"><ele>2277.5</ele></trkpt><trkpt lat="46.7868704716675" lon="8.048200378194451"><ele>2276.759979248047</ele></trkpt><trkpt lat="46.78691047150642" lon="8.04824037803337"><ele>2275.3099975585938</ele></trkpt><trkpt lat="46.786930471193045" lon="8.048250378109515"><ele>2274.699981689453</ele></trkpt><trkpt lat="46.78696047095582" lon="8.048300378024578"><ele>2273.3699951171875</ele></trkpt><trkpt lat="46.786970471031964" lon="8.048320377711207"><ele>2272.699981689453</ele></trkpt><trkpt lat="46.78700047079474" lon="8.048360377550125"><ele>2271.8999938964844</ele></trkpt><trkpt lat="46.787020470481366" lon="8.04837037762627"><ele>2271.3999938964844</ele></trkpt><trkpt lat="46.7871004701592" lon="8.048380377236754"><ele>2269.7999877929688</ele></trkpt><trkpt lat="46.78712047031149" lon="8.048380377236754"><ele>2269.489990234375</ele></trkpt><trkpt lat="46.78713047038764" lon="8.048380377236754"><ele>2269.0999755859375</ele></trkpt><trkpt lat="46.78716047015041" lon="8.048410376999527"><ele>2268.6199951171875</ele></trkpt><trkpt lat="46.78720046952367" lon="8.04848037660122"><ele>2266.1399841308594</ele></trkpt><trkpt lat="46.78723046928644" lon="8.048500376753509"><ele>2265.3999938964844</ele></trkpt><trkpt lat="46.787300468888134" lon="8.048530376050621"><ele>2263.439971923828</ele></trkpt><trkpt lat="46.78734046872705" lon="8.048560376279056"><ele>2262.7999877929688</ele></trkpt><trkpt lat="46.78734046872705" lon="8.04857037588954"><ele>2262.3099975585938</ele></trkpt><trkpt lat="46.7873504688032" lon="8.048580375965685"><ele>2262.199981689453</ele></trkpt><trkpt lat="46.78738046856597" lon="8.048640375956893"><ele>2260.449981689453</ele></trkpt><trkpt lat="46.787390468176454" lon="8.048660375643522"><ele>2259.3999938964844</ele></trkpt><trkpt lat="46.78745046816766" lon="8.048710375558585"><ele>2257.8599853515625</ele></trkpt><trkpt lat="46.78747046785429" lon="8.048730375245214"><ele>2257.199981689453</ele></trkpt><trkpt lat="46.78752046730369" lon="8.048770375084132"><ele>2255.1799926757812</ele></trkpt><trkpt lat="46.78752046730369" lon="8.048780374694616"><ele>2255.0499877929688</ele></trkpt><trkpt lat="46.78754046745598" lon="8.04881037492305"><ele>2254.5999755859375</ele></trkpt><trkpt lat="46.78755046706647" lon="8.048820374533534"><ele>2254.1599731445312</ele></trkpt><trkpt lat="46.787590466905385" lon="8.048910374287516"><ele>2251.8999938964844</ele></trkpt><trkpt lat="46.78765046643093" lon="8.049020374193788"><ele>2249.7999877929688</ele></trkpt><trkpt lat="46.787700465880334" lon="8.049120373558253"><ele>2247.469970703125</ele></trkpt><trkpt lat="46.787700465880334" lon="8.049120373558253"><ele>2247.449981689453</ele></trkpt><trkpt lat="46.78761046566069" lon="8.04907037364319"><ele>2246.3099975585938</ele></trkpt><trkpt lat="46.78754046559334" lon="8.04903037333861"><ele>2245.199981689453</ele></trkpt><trkpt lat="46.78752046497539" lon="8.049020373262465"><ele>2244.25</ele></trkpt><trkpt lat="46.78750046528876" lon="8.049020373262465"><ele>2244.0999755859375</ele></trkpt><trkpt lat="46.78747046506032" lon="8.049020372796804"><ele>2243.3999938964844</ele></trkpt><trkpt lat="46.78744046483189" lon="8.049030372872949"><ele>2243.0999755859375</ele></trkpt><trkpt lat="46.787430464755744" lon="8.049060373101383"><ele>2242.7999877929688</ele></trkpt><trkpt lat="46.78744046483189" lon="8.049090372864157"><ele>2242.2999877929688</ele></trkpt><trkpt lat="46.787450464908034" lon="8.049110373016447"><ele>2241.969970703125</ele></trkpt><trkpt lat="46.78749046428129" lon="8.049170372541994"><ele>2240.5</ele></trkpt><trkpt lat="46.787540464196354" lon="8.049260372295976"><ele>2238.47998046875</ele></trkpt><trkpt lat="46.78756046388298" lon="8.04929037205875"><ele>2237.5999755859375</ele></trkpt><trkpt lat="46.78771046269685" lon="8.049520371016115"><ele>2232.199981689453</ele></trkpt><trkpt lat="46.78773046284914" lon="8.04955037124455"><ele>2231.7899780273438</ele></trkpt><trkpt lat="46.7877704622224" lon="8.049640370998532"><ele>2229.699981689453</ele></trkpt><trkpt lat="46.78784046135843" lon="8.04979037027806"><ele>2226.469970703125</ele></trkpt><trkpt lat="46.787900460883975" lon="8.049930369947106"><ele>2223.199981689453</ele></trkpt><trkpt lat="46.78795046033338" lon="8.050020369235426"><ele>2220.7999877929688</ele></trkpt><trkpt lat="46.78800045978278" lon="8.050140369217843"><ele>2218.5999755859375</ele></trkpt><trkpt lat="46.788010459858924" lon="8.050140369217843"><ele>2218.3099975585938</ele></trkpt><trkpt lat="46.788060459308326" lon="8.050240368582308"><ele>2215.8999938964844</ele></trkpt><trkpt lat="46.788080459460616" lon="8.050260368734598"><ele>2215.9099731445312</ele></trkpt><trkpt lat="46.788100459147245" lon="8.050300368573517"><ele>2215.4199829101562</ele></trkpt><trkpt lat="46.78803045907989" lon="8.050320368260145"><ele>2213.3999938964844</ele></trkpt><trkpt lat="46.78798045869917" lon="8.050320367794484"><ele>2211.6699829101562</ele></trkpt><trkpt lat="46.78797045862302" lon="8.050320367794484"><ele>2211.2999877929688</ele></trkpt><trkpt lat="46.78788045793772" lon="8.050280367489904"><ele>2208.5</ele></trkpt><trkpt lat="46.78787045786157" lon="8.05027036741376"><ele>2208.5399780273438</ele></trkpt><trkpt lat="46.787810457870364" lon="8.05023036710918"><ele>2207.199981689453</ele></trkpt><trkpt lat="46.78766045719385" lon="8.050160366576165"><ele>2204.25</ele></trkpt><trkpt lat="46.78745045606047" lon="8.050100366119295"><ele>2200.0</ele></trkpt><trkpt lat="46.787380455527455" lon="8.050080365501344"><ele>2197.9299926757812</ele></trkpt><trkpt lat="46.787320455536246" lon="8.050060365349054"><ele>2196.5999755859375</ele></trkpt><trkpt lat="46.78729045530781" lon="8.050060365349054"><ele>2195.769989013672</ele></trkpt><trkpt lat="46.78727045515552" lon="8.050060365349054"><ele>2195.209991455078</ele></trkpt><trkpt lat="46.78725045500323" lon="8.050070364959538"><ele>2194.8399963378906</ele></trkpt><trkpt lat="46.78725045500323" lon="8.050080365035683"><ele>2194.3499755859375</ele></trkpt><trkpt lat="46.78725045500323" lon="8.050080365035683"><ele>2194.259979248047</ele></trkpt><trkpt lat="46.787260454613715" lon="8.050100364722311"><ele>2193.3999938964844</ele></trkpt><trkpt lat="46.78727045468986" lon="8.050110364798456"><ele>2193.6499938964844</ele></trkpt><trkpt lat="46.78729045437649" lon="8.050130364950746"><ele>2192.2999877929688</ele></trkpt><trkpt lat="46.78733045421541" lon="8.050210364628583"><ele>2190.199981689453</ele></trkpt><trkpt lat="46.787370453588665" lon="8.050360363908112"><ele>2186.3999938964844</ele></trkpt><trkpt lat="46.787400452420115" lon="8.050510363187641"><ele>2182.699981689453</ele></trkpt><trkpt lat="46.78743045218289" lon="8.050630362704396"><ele>2180.1799926757812</ele></trkpt><trkpt lat="46.78743045218289" lon="8.050640362780541"><ele>2179.7999877929688</ele></trkpt><trkpt lat="46.78756045131013" lon="8.050840361975133"><ele>2175.2999877929688</ele></trkpt><trkpt lat="46.7875904510729" lon="8.050910362042487"><ele>2174.0999755859375</ele></trkpt><trkpt lat="46.78759045060724" lon="8.05092036165297"><ele>2173.5999755859375</ele></trkpt><trkpt lat="46.787600450683385" lon="8.050960361491889"><ele>2172.739990234375</ele></trkpt><trkpt lat="46.787620450370014" lon="8.05105036124587"><ele>2170.3999938964844</ele></trkpt><trkpt lat="46.78766044974327" lon="8.051140360999852"><ele>2168.2999877929688</ele></trkpt><trkpt lat="46.78770044911653" lon="8.051210360601544"><ele>2165.8999938964844</ele></trkpt><trkpt lat="46.78771044919267" lon="8.051230360288173"><ele>2165.4299926757812</ele></trkpt><trkpt lat="46.78774044895545" lon="8.051290360279381"><ele>2163.3999938964844</ele></trkpt><trkpt lat="46.78779044793919" lon="8.05144035955891"><ele>2159.7999877929688</ele></trkpt><trkpt lat="46.78780044754967" lon="8.051510359160602"><ele>2158.259979248047</ele></trkpt><trkpt lat="46.78783044684678" lon="8.051670358516276"><ele>2154.0</ele></trkpt><trkpt lat="46.78784044645727" lon="8.051770358346403"><ele>2151.8999938964844</ele></trkpt><trkpt lat="46.787840445991606" lon="8.051860358100384"><ele>2149.7999877929688</ele></trkpt><trkpt lat="46.78785044560209" lon="8.051970357540995"><ele>2147.7999877929688</ele></trkpt><trkpt lat="46.78787044528872" lon="8.052020357456058"><ele>2147.019989013672</ele></trkpt><trkpt lat="46.78788044536486" lon="8.052050357218832"><ele>2146.2999877929688</ele></trkpt><trkpt lat="46.78788044536486" lon="8.052080357447267"><ele>2145.7999877929688</ele></trkpt><trkpt lat="46.7878804448992" lon="8.052120357286185"><ele>2144.469970703125</ele></trkpt><trkpt lat="46.7878804448992" lon="8.052160357125103"><ele>2143.7999877929688</ele></trkpt><trkpt lat="46.78790044412017" lon="8.052270356565714"><ele>2140.5999755859375</ele></trkpt><trkpt lat="46.78795044263825" lon="8.052550355438143"><ele>2134.489990234375</ele></trkpt><trkpt lat="46.787990442011505" lon="8.052740355022252"><ele>2130.199981689453</ele></trkpt><trkpt lat="46.78802044177428" lon="8.052830354310572"><ele>2128.199981689453</ele></trkpt><trkpt lat="46.788040440995246" lon="8.052900354377925"><ele>2126.22998046875</ele></trkpt><trkpt lat="46.78805044107139" lon="8.052940354216844"><ele>2125.2999877929688</ele></trkpt><trkpt lat="46.78809044044465" lon="8.05304035358131"><ele>2123.0</ele></trkpt><trkpt lat="46.78812044020742" lon="8.053180353250355"><ele>2121.199981689453</ele></trkpt><trkpt lat="46.78816043958068" lon="8.053350352682173"><ele>2118.009979248047</ele></trkpt><trkpt lat="46.78823043871671" lon="8.053650352172554"><ele>2113.3099975585938</ele></trkpt><trkpt lat="46.78824043832719" lon="8.05373035185039"><ele>2111.7999877929688</ele></trkpt><trkpt lat="46.78825043840334" lon="8.05373035185039"><ele>2112.4299926757812</ele></trkpt><trkpt lat="46.788310437928885" lon="8.053770351689309"><ele>2111.0</ele></trkpt><trkpt lat="46.788350437767804" lon="8.053780351765454"><ele>2110.0</ele></trkpt><trkpt lat="46.78836043784395" lon="8.053790351375937"><ele>2109.0</ele></trkpt><trkpt lat="46.78836043784395" lon="8.053800351452082"><ele>2109.279998779297</ele></trkpt><trkpt lat="46.78836043737829" lon="8.053830351214856"><ele>2108.5</ele></trkpt><trkpt lat="46.78836043737829" lon="8.05386035097763"><ele>2107.47998046875</ele></trkpt><trkpt lat="46.78835043730214" lon="8.053890351206064"><ele>2107.0999755859375</ele></trkpt><trkpt lat="46.78831043699756" lon="8.053940351121128"><ele>2105.7999877929688</ele></trkpt><trkpt lat="46.78828043676913" lon="8.053950350731611"><ele>2105.0999755859375</ele></trkpt><trkpt lat="46.78827043669298" lon="8.053950350731611"><ele>2104.689971923828</ele></trkpt><trkpt lat="46.788230436854064" lon="8.053920350503176"><ele>2104.0</ele></trkpt><trkpt lat="46.78820043662563" lon="8.053880350664258"><ele>2103.199981689453</ele></trkpt><trkpt lat="46.788170436397195" lon="8.053860350511968"><ele>2102.7999877929688</ele></trkpt><trkpt lat="46.78816043632105" lon="8.053880350198597"><ele>2102.699981689453</ele></trkpt><trkpt lat="46.78818043600768" lon="8.05395035026595"><ele>2101.5</ele></trkpt><trkpt lat="46.788180435076356" lon="8.054070349317044"><ele>2097.1099853515625</ele></trkpt><trkpt lat="46.788180434610695" lon="8.054250348825008"><ele>2093.0999755859375</ele></trkpt><trkpt lat="46.78818043414503" lon="8.054300348740071"><ele>2091.97998046875</ele></trkpt><trkpt lat="46.78819043422118" lon="8.05434034857899"><ele>2091.199981689453</ele></trkpt><trkpt lat="46.78820043383166" lon="8.054430348332971"><ele>2089.5</ele></trkpt><trkpt lat="46.78824043367058" lon="8.05447034817189"><ele>2088.489990234375</ele></trkpt><trkpt lat="46.78824043367058" lon="8.054480348248035"><ele>2088.269989013672</ele></trkpt><trkpt lat="46.78824043320492" lon="8.054480348248035"><ele>2088.1599731445312</ele></trkpt><trkpt lat="46.78827043296769" lon="8.054550347849727"><ele>2085.8999938964844</ele></trkpt><trkpt lat="46.78829043265432" lon="8.054650347679853"><ele>2084.5899963378906</ele></trkpt><trkpt lat="46.78829043265432" lon="8.054670347366482"><ele>2084.199981689453</ele></trkpt><trkpt lat="46.788300432264805" lon="8.054740347433835"><ele>2083.5</ele></trkpt><trkpt lat="46.78829043218866" lon="8.054790346883237"><ele>2081.529998779297</ele></trkpt><trkpt lat="46.78827043157071" lon="8.054950346704572"><ele>2079.699981689453</ele></trkpt><trkpt lat="46.78824043087661" lon="8.055140346288681"><ele>2076.2999877929688</ele></trkpt><trkpt lat="46.78821043064818" lon="8.055190345738083"><ele>2074.009979248047</ele></trkpt><trkpt lat="46.78819043049589" lon="8.055250345729291"><ele>2074.2999877929688</ele></trkpt><trkpt lat="46.78815043019131" lon="8.0553103457205"><ele>2072.5999755859375</ele></trkpt><trkpt lat="46.78813043003902" lon="8.055360345169902"><ele>2070.7899780273438</ele></trkpt><trkpt lat="46.78809042973444" lon="8.055410345084965"><ele>2070.8999938964844</ele></trkpt><trkpt lat="46.78805042989552" lon="8.0554403453134"><ele>2069.699981689453</ele></trkpt><trkpt lat="46.788020429201424" lon="8.055450344923884"><ele>2068.239990234375</ele></trkpt><trkpt lat="46.788020429201424" lon="8.055450344923884"><ele>2068.189971923828</ele></trkpt><trkpt lat="46.78801042912528" lon="8.055460345000029"><ele>2067.8299865722656</ele></trkpt><trkpt lat="46.788000429049134" lon="8.055470344610512"><ele>2067.489990234375</ele></trkpt><trkpt lat="46.787980428896844" lon="8.05551034444943"><ele>2066.529998779297</ele></trkpt><trkpt lat="46.787900428753346" lon="8.055650344118476"><ele>2064.3999938964844</ele></trkpt><trkpt lat="46.78783042775467" lon="8.055770343635231"><ele>2060.199981689453</ele></trkpt><trkpt lat="46.787760427221656" lon="8.055910343304276"><ele>2057.5999755859375</ele></trkpt><trkpt lat="46.787700426764786" lon="8.056000342592597"><ele>2054.519989013672</ele></trkpt><trkpt lat="46.78765042638406" lon="8.056080342270434"><ele>2053.5</ele></trkpt><trkpt lat="46.78761042607948" lon="8.056140342261642"><ele>2051.2999877929688</ele></trkpt><trkpt lat="46.78759042592719" lon="8.056210341863334"><ele>2050.5</ele></trkpt><trkpt lat="46.787520424928516" lon="8.056360341142863"><ele>2046.5</ele></trkpt><trkpt lat="46.78749042470008" lon="8.056440341286361"><ele>2045.8999938964844</ele></trkpt><trkpt lat="46.787480424623936" lon="8.05648034112528"><ele>2044.8999938964844</ele></trkpt><trkpt lat="46.787480424623936" lon="8.056520340964198"><ele>2044.1999816894531</ele></trkpt><trkpt lat="46.78749042423442" lon="8.056550340726972"><ele>2042.7899780273438</ele></trkpt><trkpt lat="46.787500423844904" lon="8.056580340489745"><ele>2042.1099853515625</ele></trkpt><trkpt lat="46.78751042345539" lon="8.056650340557098"><ele>2040.1999816894531</ele></trkpt><trkpt lat="46.78752042353153" lon="8.056660340167582"><ele>2040.0499877929688</ele></trkpt><trkpt lat="46.78753042360768" lon="8.056690340396017"><ele>2039.2999877929688</ele></trkpt><trkpt lat="46.78753042360768" lon="8.056730340234935"><ele>2038.8999938964844</ele></trkpt><trkpt lat="46.78752042306587" lon="8.056760339997709"><ele>2038.2999877929688</ele></trkpt><trkpt lat="46.787490422837436" lon="8.056810339912772"><ele>2036.8999938964844</ele></trkpt><trkpt lat="46.787470422685146" lon="8.05687033990398"><ele>2036.2999877929688</ele></trkpt><trkpt lat="46.787470422685146" lon="8.056900339666754"><ele>2035.3299865722656</ele></trkpt><trkpt lat="46.787460422609" lon="8.056940339505672"><ele>2034.7999877929688</ele></trkpt><trkpt lat="46.78746042214334" lon="8.057010339107364"><ele>2033.5399780273438</ele></trkpt><trkpt lat="46.78746042214334" lon="8.057030339259654"><ele>2033.2099914550781</ele></trkpt><trkpt lat="46.787470422219485" lon="8.057080339174718"><ele>2032.5999755859375</ele></trkpt><trkpt lat="46.78748042182997" lon="8.057120339013636"><ele>2031.8799743652344</ele></trkpt><trkpt lat="46.78750042198226" lon="8.057200338691473"><ele>2031.0</ele></trkpt><trkpt lat="46.7875004215166" lon="8.057220338843763"><ele>2030.4099731445312</ele></trkpt><trkpt lat="46.78751042159274" lon="8.05732033867389"><ele>2029.2999877929688</ele></trkpt><trkpt lat="46.787520421203226" lon="8.057330338750035"><ele>2029.1199951171875</ele></trkpt><trkpt lat="46.787520421203226" lon="8.057350338436663"><ele>2029.0</ele></trkpt><trkpt lat="46.787520421203226" lon="8.057360338512808"><ele>2028.8099975585938</ele></trkpt><trkpt lat="46.78751042112708" lon="8.057370338588953"><ele>2028.6999816894531</ele></trkpt><trkpt lat="46.78751042112708" lon="8.057380338665098"><ele>2028.5999755859375</ele></trkpt><trkpt lat="46.78751042112708" lon="8.057390338275582"><ele>2028.5</ele></trkpt><trkpt lat="46.787500421050936" lon="8.057390338275582"><ele>2028.3299865722656</ele></trkpt><trkpt lat="46.78749042097479" lon="8.057400338351727"><ele>2028.0999755859375</ele></trkpt><trkpt lat="46.78744042105973" lon="8.057410338427871"><ele>2026.8999938964844</ele></trkpt><trkpt lat="46.78738042060286" lon="8.057450337801129"><ele>2025.3499755859375</ele></trkpt><trkpt lat="46.78738042060286" lon="8.057460337877274"><ele>2025.219970703125</ele></trkpt><trkpt lat="46.78737042052671" lon="8.057460337877274"><ele>2025.0899963378906</ele></trkpt><trkpt lat="46.78737042052671" lon="8.057460337877274"><ele>2025.0799865722656</ele></trkpt><trkpt lat="46.78737042052671" lon="8.057460337877274"><ele>2025.1999816894531</ele></trkpt><trkpt lat="46.78735042037442" lon="8.057490337640047"><ele>2024.7999877929688</ele></trkpt><trkpt lat="46.78734042029828" lon="8.057520337868482"><ele>2024.5099792480469</ele></trkpt><trkpt lat="46.78734042029828" lon="8.057530337944627"><ele>2024.5999755859375</ele></trkpt><trkpt lat="46.78733042022213" lon="8.057630337774754"><ele>2024.3999938964844</ele></trkpt><trkpt lat="46.78730042045936" lon="8.057870338205248"><ele>2025.3899841308594</ele></trkpt><trkpt lat="46.78730042045936" lon="8.057890337891877"><ele>2025.3999938964844</ele></trkpt><trkpt lat="46.787290420848876" lon="8.057930338196456"><ele>2025.5999755859375</ele></trkpt><trkpt lat="46.78730042045936" lon="8.05796033795923"><ele>2025.6999816894531</ele></trkpt><trkpt lat="46.78730042092502" lon="8.058030338026583"><ele>2025.9999694824219</ele></trkpt><trkpt lat="46.78730042092502" lon="8.058140337932855"><ele>2026.3999938964844</ele></trkpt><trkpt lat="46.78730042092502" lon="8.05817033816129"><ele>2026.5499877929688</ele></trkpt><trkpt lat="46.787290420848876" lon="8.058210338000208"><ele>2026.7999877929688</ele></trkpt><trkpt lat="46.787290420848876" lon="8.058250338304788"><ele>2027.0</ele></trkpt><trkpt lat="46.78730042092502" lon="8.058270338457078"><ele>2027.1999816894531</ele></trkpt><trkpt lat="46.78730042092502" lon="8.058330338448286"><ele>2027.4999694824219</ele></trkpt><trkpt lat="46.78730042092502" lon="8.058350338600576"><ele>2027.7999877929688</ele></trkpt><trkpt lat="46.78729042131454" lon="8.05838033836335"><ele>2028.0199890136719</ele></trkpt><trkpt lat="46.78728042123839" lon="8.05842033866793"><ele>2028.5</ele></trkpt><trkpt lat="46.787260421551764" lon="8.058510338421911"><ele>2029.2999877929688</ele></trkpt><trkpt lat="46.78723042178899" lon="8.058600338641554"><ele>2030.0999755859375</ele></trkpt><trkpt lat="46.78723042178899" lon="8.058610338717699"><ele>2030.1199951171875</ele></trkpt><trkpt lat="46.78723042178899" lon="8.058630338869989"><ele>2030.0999755859375</ele></trkpt><trkpt lat="46.787220421712846" lon="8.058650339022279"><ele>2030.3399963378906</ele></trkpt><trkpt lat="46.787220421712846" lon="8.058670338708907"><ele>2030.5999755859375</ele></trkpt><trkpt lat="46.787220421712846" lon="8.058690338861197"><ele>2030.7099914550781</ele></trkpt><trkpt lat="46.787220421712846" lon="8.058710339013487"><ele>2030.8999938964844</ele></trkpt><trkpt lat="46.7872104216367" lon="8.058720339089632"><ele>2031.0</ele></trkpt><trkpt lat="46.7872104216367" lon="8.058730339165777"><ele>2031.0999755859375</ele></trkpt><trkpt lat="46.7872104216367" lon="8.05874033877626"><ele>2031.1599731445312</ele></trkpt><trkpt lat="46.7872104216367" lon="8.058750338852406"><ele>2031.1599731445312</ele></trkpt><trkpt lat="46.787200421560556" lon="8.05876033892855"><ele>2031.0899963378906</ele></trkpt><trkpt lat="46.78718042187393" lon="8.058800338767469"><ele>2031.0</ele></trkpt><trkpt lat="46.78718042187393" lon="8.058860338758677"><ele>2031.2099914550781</ele></trkpt><trkpt lat="46.78718042187393" lon="8.058890338987112"><ele>2031.2999877929688</ele></trkpt><trkpt lat="46.78720042202622" lon="8.0589903392829"><ele>2031.5999755859375</ele></trkpt><trkpt lat="46.78720042202622" lon="8.059070338960737"><ele>2032.3999938964844</ele></trkpt><trkpt lat="46.78721042210236" lon="8.05916033918038"><ele>2031.8999938964844</ele></trkpt><trkpt lat="46.78721042210236" lon="8.05918033933267"><ele>2031.8999938964844</ele></trkpt><trkpt lat="46.78718042187393" lon="8.059240339323878"><ele>2032.5999755859375</ele></trkpt><trkpt lat="46.78717042226344" lon="8.059270339086652"><ele>2032.8999938964844</ele></trkpt><trkpt lat="46.78717042226344" lon="8.059300339315087"><ele>2033.0799865722656</ele></trkpt><trkpt lat="46.78717042226344" lon="8.059330339543521"><ele>2033.2999877929688</ele></trkpt><trkpt lat="46.78718042233959" lon="8.059440339449793"><ele>2033.2999877929688</ele></trkpt><trkpt lat="46.78718042280525" lon="8.059650339651853"><ele>2035.1499938964844</ele></trkpt><trkpt lat="46.78718042280525" lon="8.059700339566916"><ele>2035.1999816894531</ele></trkpt><trkpt lat="46.78720042249188" lon="8.05975033948198"><ele>2034.3999938964844</ele></trkpt><trkpt lat="46.78721042210236" lon="8.059840339235961"><ele>2033.2999877929688</ele></trkpt><trkpt lat="46.78721042210236" lon="8.059880339540541"><ele>2033.4599914550781</ele></trkpt><trkpt lat="46.78721042210236" lon="8.059880339540541"><ele>2033.6299743652344</ele></trkpt><trkpt lat="46.78721042210236" lon="8.05990033922717"><ele>2033.7999877929688</ele></trkpt><trkpt lat="46.78720042249188" lon="8.05994033953175"><ele>2033.9199829101562</ele></trkpt><trkpt lat="46.78720042249188" lon="8.060160339809954"><ele>2035.1999816894531</ele></trkpt><trkpt lat="46.787190422881395" lon="8.060180339962244"><ele>2035.7999877929688</ele></trkpt><trkpt lat="46.787190422881395" lon="8.060290339868516"><ele>2036.5</ele></trkpt><trkpt lat="46.78720042295754" lon="8.060340339783579"><ele>2036.6099853515625</ele></trkpt><trkpt lat="46.78720042295754" lon="8.060390340164304"><ele>2036.7999877929688</ele></trkpt><trkpt lat="46.787190422881395" lon="8.060450340155512"><ele>2037.3699951171875</ele></trkpt><trkpt lat="46.787190422881395" lon="8.060470340307802"><ele>2037.5999755859375</ele></trkpt><trkpt lat="46.787190423347056" lon="8.060520340222865"><ele>2038.3399963378906</ele></trkpt><trkpt lat="46.787190423347056" lon="8.060590340290219"><ele>2039.5099792480469</ele></trkpt><trkpt lat="46.78719042427838" lon="8.060700340662152"><ele>2042.3299865722656</ele></trkpt><trkpt lat="46.78719042474404" lon="8.060810341499746"><ele>2045.2999877929688</ele></trkpt><trkpt lat="46.787180424667895" lon="8.060830341652036"><ele>2045.6799926757812</ele></trkpt><trkpt lat="46.787180424667895" lon="8.06084034172818"><ele>2046.1999816894531</ele></trkpt><trkpt lat="46.78717042505741" lon="8.060870341490954"><ele>2046.7599792480469</ele></trkpt><trkpt lat="46.78717042505741" lon="8.060880341567099"><ele>2046.7999877929688</ele></trkpt><trkpt lat="46.787160424981266" lon="8.060890341643244"><ele>2047.0999755859375</ele></trkpt><trkpt lat="46.78713042521849" lon="8.061000342015177"><ele>2049.0999755859375</ele></trkpt><trkpt lat="46.78712042607367" lon="8.061070342548192"><ele>2052.0</ele></trkpt><trkpt lat="46.7870904263109" lon="8.061140342615545"><ele>2053.1099853515625</ele></trkpt><trkpt lat="46.7870904263109" lon="8.061160342767835"><ele>2053.0499877929688</ele></trkpt><trkpt lat="46.78706042608246" lon="8.061280342750251"><ele>2052.5999755859375</ele></trkpt><trkpt lat="46.78706042608246" lon="8.06132034258917"><ele>2052.6199951171875</ele></trkpt><trkpt lat="46.78706042608246" lon="8.06132034258917"><ele>2052.6299743652344</ele></trkpt><trkpt lat="46.78708042623475" lon="8.061380342580378"><ele>2052.8999938964844</ele></trkpt><trkpt lat="46.7870904263109" lon="8.061410342808813"><ele>2053.3999938964844</ele></trkpt><trkpt lat="46.78710042638704" lon="8.061520342715085"><ele>2054.3999938964844</ele></trkpt><trkpt lat="46.78710042638704" lon="8.061560343019664"><ele>2054.699981689453</ele></trkpt><trkpt lat="46.7871004268527" lon="8.061590343248099"><ele>2055.5</ele></trkpt><trkpt lat="46.7871004268527" lon="8.061600343324244"><ele>2055.5999755859375</ele></trkpt><trkpt lat="46.7871004268527" lon="8.061620343010873"><ele>2056.0</ele></trkpt><trkpt lat="46.7871004268527" lon="8.061680343467742"><ele>2056.8999938964844</ele></trkpt><trkpt lat="46.7871004268527" lon="8.061710343230516"><ele>2057.1799926757812</ele></trkpt><trkpt lat="46.787100427318364" lon="8.061800343450159"><ele>2057.9299926757812</ele></trkpt><trkpt lat="46.787100427318364" lon="8.061830343678594"><ele>2058.0999755859375</ele></trkpt><trkpt lat="46.787100427318364" lon="8.061860343441367"><ele>2058.259979248047</ele></trkpt><trkpt lat="46.78709042724222" lon="8.061880343593657"><ele>2058.25</ele></trkpt><trkpt lat="46.787080427166075" lon="8.061900343745947"><ele>2058.0999755859375</ele></trkpt><trkpt lat="46.787080427166075" lon="8.061970343347639"><ele>2057.4199829101562</ele></trkpt><trkpt lat="46.78707042708993" lon="8.062000343110412"><ele>2057.0</ele></trkpt><trkpt lat="46.787080427166075" lon="8.06206034310162"><ele>2056.6199951171875</ele></trkpt><trkpt lat="46.7871004268527" lon="8.062150343321264"><ele>2056.3999938964844</ele></trkpt><trkpt lat="46.7871004268527" lon="8.062160343397409"><ele>2056.3799743652344</ele></trkpt><trkpt lat="46.7871004268527" lon="8.062200343236327"><ele>2056.2999877929688</ele></trkpt><trkpt lat="46.7871004268527" lon="8.062200343236327"><ele>2056.239990234375</ele></trkpt><trkpt lat="46.78711042692885" lon="8.062210343312472"><ele>2056.3499755859375</ele></trkpt><trkpt lat="46.78711042692885" lon="8.062230343464762"><ele>2056.3999938964844</ele></trkpt><trkpt lat="46.7871004268527" lon="8.062240343075246"><ele>2056.509979248047</ele></trkpt><trkpt lat="46.7871004268527" lon="8.06225034315139"><ele>2056.5999755859375</ele></trkpt><trkpt lat="46.787080427166075" lon="8.062330343294889"><ele>2058.0</ele></trkpt><trkpt lat="46.787080427166075" lon="8.062340343371034"><ele>2058.3599853515625</ele></trkpt><trkpt lat="46.787080427631736" lon="8.062380343675613"><ele>2059.5999755859375</ele></trkpt><trkpt lat="46.78707042755559" lon="8.062410343904048"><ele>2060.459991455078</ele></trkpt><trkpt lat="46.78706042794511" lon="8.062420343980193"><ele>2060.7999877929688</ele></trkpt><trkpt lat="46.78706042794511" lon="8.062450344208628"><ele>2061.3999938964844</ele></trkpt><trkpt lat="46.78707042802125" lon="8.062520344275981"><ele>2062.739990234375</ele></trkpt><trkpt lat="46.78708042902872" lon="8.062650344800204"><ele>2065.699981689453</ele></trkpt><trkpt lat="46.78708042902872" lon="8.062700344715267"><ele>2066.3999938964844</ele></trkpt><trkpt lat="46.787110429722816" lon="8.062920345459133"><ele>2069.2999877929688</ele></trkpt><trkpt lat="46.787110429722816" lon="8.062960345298052"><ele>2070.0</ele></trkpt><trkpt lat="46.787110429722816" lon="8.063010345678777"><ele>2070.209991455078</ele></trkpt><trkpt lat="46.787110429722816" lon="8.063010345678777"><ele>2070.219970703125</ele></trkpt><trkpt lat="46.787130429875106" lon="8.063070345669985"><ele>2070.8999938964844</ele></trkpt><trkpt lat="46.787130429875106" lon="8.063070345669985"><ele>2070.5699768066406</ele></trkpt><trkpt lat="46.787130429875106" lon="8.063070345669985"><ele>2070.6099853515625</ele></trkpt><trkpt lat="46.78714042995125" lon="8.063070345669985"><ele>2070.699981689453</ele></trkpt><trkpt lat="46.78714042995125" lon="8.063070345669985"><ele>2070.8099975585938</ele></trkpt><trkpt lat="46.78714042995125" lon="8.063030345831066"><ele>2071.949981689453</ele></trkpt><trkpt lat="46.78715043049306" lon="8.062960345763713"><ele>2072.8999938964844</ele></trkpt><trkpt lat="46.78714043041691" lon="8.062940346077085"><ele>2073.0699768066406</ele></trkpt><trkpt lat="46.78714043041691" lon="8.06293034600094"><ele>2073.0999755859375</ele></trkpt><trkpt lat="46.78715043049306" lon="8.062920345924795"><ele>2073.3899841308594</ele></trkpt><trkpt lat="46.78715043049306" lon="8.062910346314311"><ele>2073.5999755859375</ele></trkpt><trkpt lat="46.78715043049306" lon="8.062890346162021"><ele>2073.699981689453</ele></trkpt><trkpt lat="46.78715043049306" lon="8.062870346009731"><ele>2074.0999755859375</ele></trkpt><trkpt lat="46.78715043049306" lon="8.062870346009731"><ele>2074.0899963378906</ele></trkpt><trkpt lat="46.78715043049306" lon="8.062860346399248"><ele>2074.0999755859375</ele></trkpt><trkpt lat="46.7871604305692" lon="8.062860346399248"><ele>2074.1699829101562</ele></trkpt><trkpt lat="46.78717043064535" lon="8.062860346399248"><ele>2074.239990234375</ele></trkpt><trkpt lat="46.78717043064535" lon="8.062870346009731"><ele>2074.259979248047</ele></trkpt><trkpt lat="46.78719043079764" lon="8.062900346238166"><ele>2074.7999877929688</ele></trkpt><trkpt lat="46.78719043079764" lon="8.062900346238166"><ele>2074.8999938964844</ele></trkpt><trkpt lat="46.78719043079764" lon="8.062920346390456"><ele>2075.5</ele></trkpt><trkpt lat="46.78719043079764" lon="8.062930346466601"><ele>2075.689971923828</ele></trkpt><trkpt lat="46.78720043087378" lon="8.06295034661889"><ele>2075.8999938964844</ele></trkpt><trkpt lat="46.78720043087378" lon="8.06297034630552"><ele>2076.279998779297</ele></trkpt><trkpt lat="46.78722043102607" lon="8.063050346449018"><ele>2076.7999877929688</ele></trkpt><trkpt lat="46.78724043117836" lon="8.063100346829742"><ele>2077.75</ele></trkpt><trkpt lat="46.787250431254506" lon="8.063110346905887"><ele>2077.8999938964844</ele></trkpt><trkpt lat="46.78726043133065" lon="8.063130347058177"><ele>2078.2999877929688</ele></trkpt><trkpt lat="46.78726043133065" lon="8.06318034697324"><ele>2078.8999938964844</ele></trkpt><trkpt lat="46.787270431406796" lon="8.063210347201675"><ele>2079.0</ele></trkpt><trkpt lat="46.787270431406796" lon="8.063230346888304"><ele>2079.019989013672</ele></trkpt><trkpt lat="46.787270431406796" lon="8.063240346964449"><ele>2079.0999755859375</ele></trkpt><trkpt lat="46.787270431406796" lon="8.063240346964449"><ele>2079.0799865722656</ele></trkpt><trkpt lat="46.78728043148294" lon="8.063300346955657"><ele>2079.699981689453</ele></trkpt><trkpt lat="46.78730043163523" lon="8.0633903471753"><ele>2080.5</ele></trkpt><trkpt lat="46.787310431711376" lon="8.06341034732759"><ele>2080.6599731445312</ele></trkpt><trkpt lat="46.78732043178752" lon="8.063460347242653"><ele>2081.22998046875</ele></trkpt><trkpt lat="46.787330431863666" lon="8.063470347318798"><ele>2081.5</ele></trkpt><trkpt lat="46.78734043240547" lon="8.063510347623378"><ele>2082.2999877929688</ele></trkpt><trkpt lat="46.78737043263391" lon="8.063620347995311"><ele>2084.1199951171875</ele></trkpt><trkpt lat="46.787410432938486" lon="8.063740347977728"><ele>2085.699981689453</ele></trkpt><trkpt lat="46.78742043301463" lon="8.063760348130018"><ele>2085.8999938964844</ele></trkpt><trkpt lat="46.787450433243066" lon="8.063820348121226"><ele>2087.0999755859375</ele></trkpt><trkpt lat="46.787510433699936" lon="8.063950348645449"><ele>2088.959991455078</ele></trkpt><trkpt lat="46.78752043377608" lon="8.064000348560512"><ele>2089.5999755859375</ele></trkpt><trkpt lat="46.78754043392837" lon="8.064070349093527"><ele>2090.5999755859375</ele></trkpt><trkpt lat="46.78756043408066" lon="8.0641003488563"><ele>2091.0</ele></trkpt><trkpt lat="46.78756043408066" lon="8.06412034900859"><ele>2091.5</ele></trkpt><trkpt lat="46.787550434004515" lon="8.06412034900859"><ele>2091.699981689453</ele></trkpt><trkpt lat="46.78754043439403" lon="8.06412034900859"><ele>2092.0999755859375</ele></trkpt><trkpt lat="46.78750043455511" lon="8.064080349169672"><ele>2093.2999877929688</ele></trkpt><trkpt lat="46.78749043447897" lon="8.064050349406898"><ele>2093.779998779297</ele></trkpt><trkpt lat="46.78747043479234" lon="8.064000349491835"><ele>2094.2999877929688</ele></trkpt><trkpt lat="46.787460434716195" lon="8.06399034941569"><ele>2094.459991455078</ele></trkpt><trkpt lat="46.78743043495342" lon="8.063970349729061"><ele>2094.7999877929688</ele></trkpt><trkpt lat="46.787420434877276" lon="8.063950349576771"><ele>2095.2999877929688</ele></trkpt><trkpt lat="46.78732043551281" lon="8.06384035013616"><ele>2097.7999877929688</ele></trkpt><trkpt lat="46.787290435284376" lon="8.063810350373387"><ele>2098.699981689453</ele></trkpt><trkpt lat="46.78727043559775" lon="8.063800350297242"><ele>2099.199981689453</ele></trkpt><trkpt lat="46.78727043559775" lon="8.063800350297242"><ele>2099.209991455078</ele></trkpt><trkpt lat="46.7872604355216" lon="8.063810350373387"><ele>2099.469970703125</ele></trkpt><trkpt lat="46.7872604355216" lon="8.063830350525677"><ele>2099.5999755859375</ele></trkpt><trkpt lat="46.787280436139554" lon="8.063860350754112"><ele>2100.689971923828</ele></trkpt><trkpt lat="46.7872904362157" lon="8.06388035044074"><ele>2101.199981689453</ele></trkpt><trkpt lat="46.7872904362157" lon="8.06390035059303"><ele>2101.72998046875</ele></trkpt><trkpt lat="46.7872904362157" lon="8.063910350669175"><ele>2101.8799743652344</ele></trkpt><trkpt lat="46.787300436291844" lon="8.06392035074532"><ele>2102.0999755859375</ele></trkpt><trkpt lat="46.787300436291844" lon="8.06394035089761"><ele>2102.7999877929688</ele></trkpt><trkpt lat="46.78737043682486" lon="8.064090351108462"><ele>2105.0</ele></trkpt><trkpt lat="46.78737043682486" lon="8.064120351336896"><ele>2105.3299865722656</ele></trkpt><trkpt lat="46.787380436901" lon="8.064160351641476"><ele>2105.8999938964844</ele></trkpt><trkpt lat="46.78741043712944" lon="8.064180351793766"><ele>2106.97998046875</ele></trkpt><trkpt lat="46.78741043712944" lon="8.064180351793766"><ele>2107.2999877929688</ele></trkpt><trkpt lat="46.78742043720558" lon="8.064190351869911"><ele>2107.3999938964844</ele></trkpt><trkpt lat="46.78746043751016" lon="8.06425035186112"><ele>2108.0899963378906</ele></trkpt><trkpt lat="46.7874904377386" lon="8.064310351852328"><ele>2108.5999755859375</ele></trkpt><trkpt lat="46.7874904377386" lon="8.064340352080762"><ele>2108.8599853515625</ele></trkpt><trkpt lat="46.78751043789089" lon="8.064430352300406"><ele>2109.8599853515625</ele></trkpt><trkpt lat="46.78751043789089" lon="8.06444035191089"><ele>2110.0</ele></trkpt><trkpt lat="46.78751043789089" lon="8.064540352206677"><ele>2110.699981689453</ele></trkpt><trkpt lat="46.787500438280404" lon="8.064580352511257"><ele>2111.209991455078</ele></trkpt><trkpt lat="46.787500438280404" lon="8.06459035212174"><ele>2111.2999877929688</ele></trkpt><trkpt lat="46.787500438280404" lon="8.064600352197886"><ele>2111.489990234375</ele></trkpt><trkpt lat="46.787500438280404" lon="8.064700352493674"><ele>2112.709991455078</ele></trkpt><trkpt lat="46.787500438280404" lon="8.064720352645963"><ele>2113.0</ele></trkpt><trkpt lat="46.78751043835655" lon="8.064740352798253"><ele>2113.1699829101562</ele></trkpt><trkpt lat="46.78752043843269" lon="8.064800352789462"><ele>2113.5</ele></trkpt><trkpt lat="46.78752043843269" lon="8.064890353009105"><ele>2114.0999755859375</ele></trkpt><trkpt lat="46.78753043850884" lon="8.065000352915376"><ele>2114.2999877929688</ele></trkpt><trkpt lat="46.787520438898355" lon="8.065030353143811"><ele>2114.9199829101562</ele></trkpt><trkpt lat="46.787520438898355" lon="8.065060352906585"><ele>2115.5</ele></trkpt><trkpt lat="46.787520438898355" lon="8.06509035313502"><ele>2115.7999877929688</ele></trkpt><trkpt lat="46.787520438898355" lon="8.065150353126228"><ele>2116.4299926757812</ele></trkpt><trkpt lat="46.7875304389745" lon="8.065180353354663"><ele>2116.5999755859375</ele></trkpt><trkpt lat="46.78753043944016" lon="8.065230353269726"><ele>2117.0999755859375</ele></trkpt><trkpt lat="46.78753043944016" lon="8.065240353345871"><ele>2117.3199768066406</ele></trkpt><trkpt lat="46.78753043944016" lon="8.06526035349816"><ele>2117.5999755859375</ele></trkpt><trkpt lat="46.787540439516306" lon="8.06526035349816"><ele>2117.5899963378906</ele></trkpt><trkpt lat="46.787540439516306" lon="8.06528035365045"><ele>2118.0</ele></trkpt><trkpt lat="46.787540439516306" lon="8.06530035333708"><ele>2118.25</ele></trkpt><trkpt lat="46.787540439516306" lon="8.06532035348937"><ele>2118.699981689453</ele></trkpt><trkpt lat="46.78755043959245" lon="8.065370353870094"><ele>2119.3299865722656</ele></trkpt><trkpt lat="46.787560439668596" lon="8.065400353632867"><ele>2119.8699951171875</ele></trkpt><trkpt lat="46.78757043974474" lon="8.065440353937447"><ele>2120.3999938964844</ele></trkpt><trkpt lat="46.78761044004932" lon="8.065560353919864"><ele>2122.0899963378906</ele></trkpt><trkpt lat="46.787620440125465" lon="8.065590354148299"><ele>2122.3999938964844</ele></trkpt><trkpt lat="46.78764044074342" lon="8.065700354520231"><ele>2124.0999755859375</ele></trkpt><trkpt lat="46.78764044074342" lon="8.065750354435295"><ele>2124.969970703125</ele></trkpt><trkpt lat="46.78764044120908" lon="8.065790354739875"><ele>2125.5399780273438</ele></trkpt><trkpt lat="46.78762044152245" lon="8.066000355407596"><ele>2128.5999755859375</ele></trkpt><trkpt lat="46.78762044152245" lon="8.06603035517037"><ele>2129.0699768066406</ele></trkpt><trkpt lat="46.78762044198811" lon="8.066060355398804"><ele>2129.3999938964844</ele></trkpt><trkpt lat="46.7876404421404" lon="8.066140355542302"><ele>2130.8899841308594</ele></trkpt><trkpt lat="46.78766044229269" lon="8.066190355923027"><ele>2131.75</ele></trkpt><trkpt lat="46.78768044244498" lon="8.066290356218815"><ele>2133.5999755859375</ele></trkpt><trkpt lat="46.78770044306293" lon="8.066410356666893"><ele>2136.0</ele></trkpt><trkpt lat="46.78777044406161" lon="8.066620356868953"><ele>2139.5999755859375</ele></trkpt><trkpt lat="46.78785044513643" lon="8.066910358145833"><ele>2144.8999938964844</ele></trkpt><trkpt lat="46.78787044528872" lon="8.067060358356684"><ele>2147.3999938964844</ele></trkpt><trkpt lat="46.78789044590667" lon="8.067190358880907"><ele>2149.8999938964844</ele></trkpt><trkpt lat="46.78789044590667" lon="8.067190358880907"><ele>2150.0799865722656</ele></trkpt><trkpt lat="46.787900445982814" lon="8.067210359033197"><ele>2150.2999877929688</ele></trkpt><trkpt lat="46.787900445982814" lon="8.067220359109342"><ele>2150.6699829101562</ele></trkpt><trkpt lat="46.78789044637233" lon="8.067230359185487"><ele>2151.2999877929688</ele></trkpt><trkpt lat="46.787880446296185" lon="8.067230359185487"><ele>2151.7999877929688</ele></trkpt><trkpt lat="46.78782044677064" lon="8.067120359279215"><ele>2153.5</ele></trkpt><trkpt lat="46.7877904465422" lon="8.067080359440297"><ele>2153.8999938964844</ele></trkpt><trkpt lat="46.78778044693172" lon="8.067080359440297"><ele>2153.9299926757812</ele></trkpt><trkpt lat="46.787770446855575" lon="8.067070359364152"><ele>2154.0499877929688</ele></trkpt><trkpt lat="46.78769044717774" lon="8.066940359771252"><ele>2155.6099853515625</ele></trkpt><trkpt lat="46.78769044717774" lon="8.066940359771252"><ele>2155.3999938964844</ele></trkpt><trkpt lat="46.78768044710159" lon="8.066940359771252"><ele>2155.699981689453</ele></trkpt><trkpt lat="46.78768044710159" lon="8.066940359771252"><ele>2156.0799865722656</ele></trkpt><trkpt lat="46.78768044710159" lon="8.066940359771252"><ele>2156.1099853515625</ele></trkpt><trkpt lat="46.78768044710159" lon="8.066950359847397"><ele>2155.7999877929688</ele></trkpt><trkpt lat="46.78768044710159" lon="8.066960359923542"><ele>2156.0599975585938</ele></trkpt><trkpt lat="46.78769044717774" lon="8.066960359923542"><ele>2156.199981689453</ele></trkpt><trkpt lat="46.78771044733003" lon="8.06704036006704"><ele>2157.699981689453</ele></trkpt><trkpt lat="46.78774044755846" lon="8.067090359982103"><ele>2158.5999755859375</ele></trkpt><trkpt lat="46.78783044870943" lon="8.067340360954404"><ele>2163.2999877929688</ele></trkpt><trkpt lat="46.78791044885293" lon="8.067460361402482"><ele>2165.199981689453</ele></trkpt><trkpt lat="46.78792044892907" lon="8.067490361165255"><ele>2165.6099853515625</ele></trkpt><trkpt lat="46.78796044923365" lon="8.067580361384898"><ele>2166.699981689453</ele></trkpt><trkpt lat="46.787990449462086" lon="8.067630361765623"><ele>2167.5699768066406</ele></trkpt><trkpt lat="46.7880604499951" lon="8.067730362061411"><ele>2168.969970703125</ele></trkpt><trkpt lat="46.78808044968173" lon="8.06775036174804"><ele>2169.3999938964844</ele></trkpt><trkpt lat="46.788090450223535" lon="8.067780361976475"><ele>2169.8999938964844</ele></trkpt><trkpt lat="46.788090450223535" lon="8.06779036205262"><ele>2169.97998046875</ele></trkpt><trkpt lat="46.788110450375825" lon="8.067820362281054"><ele>2170.7999877929688</ele></trkpt><trkpt lat="46.788110450375825" lon="8.067840362433344"><ele>2171.1599731445312</ele></trkpt><trkpt lat="46.788110450375825" lon="8.067840362433344"><ele>2171.5</ele></trkpt><trkpt lat="46.78812045045197" lon="8.067910362500697"><ele>2173.0</ele></trkpt><trkpt lat="46.788130450528115" lon="8.067910362500697"><ele>2172.8499755859375</ele></trkpt><trkpt lat="46.788130450528115" lon="8.067920362576842"><ele>2172.9099731445312</ele></trkpt><trkpt lat="46.788130450528115" lon="8.067920362576842"><ele>2173.0499877929688</ele></trkpt><trkpt lat="46.788150450680405" lon="8.067910362966359"><ele>2174.2999877929688</ele></trkpt><trkpt lat="46.78816045075655" lon="8.067910362966359"><ele>2174.6199951171875</ele></trkpt><trkpt lat="46.788170451298356" lon="8.067910362966359"><ele>2175.1799926757812</ele></trkpt><trkpt lat="46.78820045106113" lon="8.067920363042504"><ele>2176.0</ele></trkpt><trkpt lat="46.788210451137275" lon="8.067930363118649"><ele>2176.209991455078</ele></trkpt><trkpt lat="46.78822045121342" lon="8.067940363194793"><ele>2176.5999755859375</ele></trkpt><trkpt lat="46.78822045121342" lon="8.067950363270938"><ele>2176.7999877929688</ele></trkpt><trkpt lat="46.78822045121342" lon="8.067950363270938"><ele>2176.7999877929688</ele></trkpt><trkpt lat="46.78820045152679" lon="8.067960363347083"><ele>2177.7999877929688</ele></trkpt><trkpt lat="46.788190451450646" lon="8.067960363347083"><ele>2177.8999938964844</ele></trkpt><trkpt lat="46.78818045184016" lon="8.067980363499373"><ele>2178.259979248047</ele></trkpt><trkpt lat="46.78818045184016" lon="8.068000363651663"><ele>2178.6099853515625</ele></trkpt><trkpt lat="46.78818045184016" lon="8.068010363727808"><ele>2178.8499755859375</ele></trkpt><trkpt lat="46.78818045184016" lon="8.068030363414437"><ele>2179.1199951171875</ele></trkpt><trkpt lat="46.78818045184016" lon="8.068030363414437"><ele>2179.1299743652344</ele></trkpt><trkpt lat="46.78818045184016" lon="8.068030363414437"><ele>2179.3999938964844</ele></trkpt><trkpt lat="46.78819045191631" lon="8.068020363803953"><ele>2179.939971923828</ele></trkpt><trkpt lat="46.7882204526104" lon="8.068020363803953"><ele>2181.699981689453</ele></trkpt><trkpt lat="46.78824045276269" lon="8.068020364269614"><ele>2182.72998046875</ele></trkpt><trkpt lat="46.78825045283884" lon="8.068020364269614"><ele>2182.97998046875</ele></trkpt><trkpt lat="46.78824045276269" lon="8.068020364269614"><ele>2183.1299743652344</ele></trkpt><trkpt lat="46.78824045276269" lon="8.068040364421904"><ele>2183.7999877929688</ele></trkpt><trkpt lat="46.78824045276269" lon="8.068070364650339"><ele>2184.4199829101562</ele></trkpt><trkpt lat="46.788240453228354" lon="8.068090364336967"><ele>2184.97998046875</ele></trkpt><trkpt lat="46.788240453228354" lon="8.068090364336967"><ele>2185.0999755859375</ele></trkpt><trkpt lat="46.7882504533045" lon="8.068090364802629"><ele>2185.5</ele></trkpt><trkpt lat="46.7882504533045" lon="8.068090364802629"><ele>2185.7899780273438</ele></trkpt><trkpt lat="46.788260453380644" lon="8.068080364726484"><ele>2186.0999755859375</ele></trkpt><trkpt lat="46.788280453532934" lon="8.068080364726484"><ele>2186.699981689453</ele></trkpt><trkpt lat="46.788300453685224" lon="8.068120365031064"><ele>2187.189971923828</ele></trkpt><trkpt lat="46.78831045376137" lon="8.068130365107208"><ele>2187.3999938964844</ele></trkpt><trkpt lat="46.78833045391366" lon="8.068160364869982"><ele>2188.0899963378906</ele></trkpt><trkpt lat="46.78835045406595" lon="8.068200365174562"><ele>2189.199981689453</ele></trkpt><trkpt lat="46.78838045429438" lon="8.068270365241915"><ele>2190.22998046875</ele></trkpt><trkpt lat="46.78843045420945" lon="8.068380365613848"><ele>2191.5999755859375</ele></trkpt><trkpt lat="46.78846045443788" lon="8.068420365918428"><ele>2192.3999938964844</ele></trkpt><trkpt lat="46.78849045513198" lon="8.068480365909636"><ele>2194.2999877929688</ele></trkpt><trkpt lat="46.78852045536041" lon="8.068520366214216"><ele>2195.519989013672</ele></trkpt><trkpt lat="46.78856045566499" lon="8.06857036659494"><ele>2196.7999877929688</ele></trkpt><trkpt lat="46.78859045589343" lon="8.068620366510004"><ele>2197.699981689453</ele></trkpt><trkpt lat="46.78860045596957" lon="8.068660366814584"><ele>2198.279998779297</ele></trkpt><trkpt lat="46.78862045612186" lon="8.068700366653502"><ele>2198.759979248047</ele></trkpt><trkpt lat="46.788650455884635" lon="8.068760367110372"><ele>2199.47998046875</ele></trkpt><trkpt lat="46.78866045596078" lon="8.068780366797"><ele>2199.6299743652344</ele></trkpt><trkpt lat="46.788670456036925" lon="8.068810367025435"><ele>2199.7999877929688</ele></trkpt><trkpt lat="46.78870045626536" lon="8.068870367016643"><ele>2200.3999938964844</ele></trkpt><trkpt lat="46.788730456493795" lon="8.068960367236286"><ele>2201.0</ele></trkpt><trkpt lat="46.78874045656994" lon="8.06899036699906"><ele>2201.0399780273438</ele></trkpt><trkpt lat="46.78875045618042" lon="8.06901036715135"><ele>2201.1399841308594</ele></trkpt><trkpt lat="46.78877045633271" lon="8.069070367142558"><ele>2201.5999755859375</ele></trkpt><trkpt lat="46.78880045656115" lon="8.069170367438346"><ele>2202.5</ele></trkpt><trkpt lat="46.78882045671344" lon="8.069250367581844"><ele>2202.0399780273438</ele></trkpt><trkpt lat="46.7889204560779" lon="8.069430367089808"><ele>2200.0</ele></trkpt><trkpt lat="46.788990455679595" lon="8.069570366758853"><ele>2197.699981689453</ele></trkpt><trkpt lat="46.78902045544237" lon="8.069610366597772"><ele>2196.7999877929688</ele></trkpt><trkpt lat="46.789030455518514" lon="8.069640366360545"><ele>2196.5999755859375</ele></trkpt><trkpt lat="46.789030455518514" lon="8.06965036643669"><ele>2196.4099731445312</ele></trkpt><trkpt lat="46.78904045559466" lon="8.069680366665125"><ele>2196.0999755859375</ele></trkpt><trkpt lat="46.78905045520514" lon="8.069730366580188"><ele>2195.5999755859375</ele></trkpt><trkpt lat="46.78906045528129" lon="8.069780366495252"><ele>2195.1799926757812</ele></trkpt><trkpt lat="46.789080454967916" lon="8.069850366096944"><ele>2194.699981689453</ele></trkpt><trkpt lat="46.78914045449346" lon="8.070110365748405"><ele>2190.699981689453</ele></trkpt><trkpt lat="46.78916045418009" lon="8.070160365197808"><ele>2189.6699829101562</ele></trkpt><trkpt lat="46.78918045386672" lon="8.070200365502387"><ele>2188.7999877929688</ele></trkpt><trkpt lat="46.78918045386672" lon="8.07023036526516"><ele>2188.2999877929688</ele></trkpt><trkpt lat="46.789170453790575" lon="8.07023036526516"><ele>2188.1699829101562</ele></trkpt><trkpt lat="46.789150453638285" lon="8.070210365112871"><ele>2187.449981689453</ele></trkpt><trkpt lat="46.789050452876836" lon="8.070120364427567"><ele>2183.459991455078</ele></trkpt><trkpt lat="46.78904045280069" lon="8.070110364351422"><ele>2183.019989013672</ele></trkpt><trkpt lat="46.78900045249611" lon="8.070090364199132"><ele>2182.2999877929688</ele></trkpt><trkpt lat="46.7889404525049" lon="8.070040363818407"><ele>2181.0799865722656</ele></trkpt><trkpt lat="46.78888045204803" lon="8.069960363674909"><ele>2178.7999877929688</ele></trkpt><trkpt lat="46.788800451438874" lon="8.06990036321804"><ele>2177.0</ele></trkpt><trkpt lat="46.78877045121044" lon="8.069870362989604"><ele>2176.189971923828</ele></trkpt><trkpt lat="46.78877045121044" lon="8.069870362989604"><ele>2176.1399841308594</ele></trkpt><trkpt lat="46.788760451134294" lon="8.069870362989604"><ele>2175.8999938964844</ele></trkpt><trkpt lat="46.78875045105815" lon="8.06988036306575"><ele>2175.699981689453</ele></trkpt><trkpt lat="46.78875045105815" lon="8.069890363141894"><ele>2175.6299743652344</ele></trkpt><trkpt lat="46.78879045089707" lon="8.070000362582505"><ele>2173.6199951171875</ele></trkpt><trkpt lat="46.78880045050755" lon="8.070050362497568"><ele>2172.7999877929688</ele></trkpt><trkpt lat="46.78880045050755" lon="8.070130362175405"><ele>2171.199981689453</ele></trkpt><trkpt lat="46.788810450118035" lon="8.070190362166613"><ele>2170.3999938964844</ele></trkpt><trkpt lat="46.78882044972852" lon="8.070240362081677"><ele>2169.2999877929688</ele></trkpt><trkpt lat="46.788830449804664" lon="8.07027036184445"><ele>2168.8999938964844</ele></trkpt><trkpt lat="46.788830449804664" lon="8.070280361920595"><ele>2168.7999877929688</ele></trkpt><trkpt lat="46.788830449804664" lon="8.070280361920595"><ele>2168.719970703125</ele></trkpt><trkpt lat="46.78889044886455" lon="8.070470361504704"><ele>2165.0999755859375</ele></trkpt><trkpt lat="46.78894044831395" lon="8.070630360860378"><ele>2162.2999877929688</ele></trkpt><trkpt lat="46.7890504472889" lon="8.07100035995245"><ele>2156.699981689453</ele></trkpt><trkpt lat="46.7890504472889" lon="8.071040359791368"><ele>2155.939971923828</ele></trkpt><trkpt lat="46.7890504472889" lon="8.071040359791368"><ele>2156.0</ele></trkpt><trkpt lat="46.789040447212756" lon="8.071040359791368"><ele>2155.7999877929688</ele></trkpt><trkpt lat="46.789020447060466" lon="8.071020359639078"><ele>2155.2999877929688</ele></trkpt><trkpt lat="46.78895044652745" lon="8.07094035949558"><ele>2152.6499938964844</ele></trkpt><trkpt lat="46.78892044629902" lon="8.070890359114856"><ele>2151.5999755859375</ele></trkpt><trkpt lat="46.78884044568986" lon="8.070810358971357"><ele>2149.2999877929688</ele></trkpt><trkpt lat="46.78881044546142" lon="8.070780358742923"><ele>2148.3999938964844</ele></trkpt><trkpt lat="46.78879044530913" lon="8.070760358590633"><ele>2147.699981689453</ele></trkpt><trkpt lat="46.78872044477612" lon="8.070710358209908"><ele>2144.8999938964844</ele></trkpt><trkpt lat="46.78858044417575" lon="8.070560357533395"><ele>2140.0999755859375</ele></trkpt><trkpt lat="46.788530443795025" lon="8.070520357228816"><ele>2138.189971923828</ele></trkpt><trkpt lat="46.78852044371888" lon="8.070520356763154"><ele>2137.8999938964844</ele></trkpt><trkpt lat="46.78850044356659" lon="8.07051035668701"><ele>2137.449981689453</ele></trkpt><trkpt lat="46.7884804434143" lon="8.07051035668701"><ele>2136.7999877929688</ele></trkpt><trkpt lat="46.78846044326201" lon="8.07051035668701"><ele>2136.2999877929688</ele></trkpt><trkpt lat="46.78846044326201" lon="8.070520356763154"><ele>2136.209991455078</ele></trkpt><trkpt lat="46.78846044326201" lon="8.070540356449783"><ele>2135.8199768066406</ele></trkpt><trkpt lat="46.78846044326201" lon="8.070550356525928"><ele>2135.7999877929688</ele></trkpt><trkpt lat="46.788490443024784" lon="8.070600356440991"><ele>2134.5</ele></trkpt><trkpt lat="46.78855044255033" lon="8.070700356271118"><ele>2132.699981689453</ele></trkpt><trkpt lat="46.78857044223696" lon="8.070760355796665"><ele>2131.3999938964844</ele></trkpt><trkpt lat="46.788580441847444" lon="8.070830355864018"><ele>2129.7999877929688</ele></trkpt><trkpt lat="46.78861044161022" lon="8.070940355304629"><ele>2127.8999938964844</ele></trkpt><trkpt lat="46.788610441144556" lon="8.070980355143547"><ele>2127.22998046875</ele></trkpt><trkpt lat="46.7886204412207" lon="8.07103035505861"><ele>2126.2999877929688</ele></trkpt><trkpt lat="46.78864044090733" lon="8.071120354812592"><ele>2124.8599853515625</ele></trkpt><trkpt lat="46.788650440983474" lon="8.071150354575366"><ele>2124.3399963378906</ele></trkpt><trkpt lat="46.78866044059396" lon="8.07120035449043"><ele>2123.199981689453</ele></trkpt><trkpt lat="46.78868044028059" lon="8.071240354329348"><ele>2122.5399780273438</ele></trkpt><trkpt lat="46.78868044028059" lon="8.071240354329348"><ele>2122.3999938964844</ele></trkpt><trkpt lat="46.78868044028059" lon="8.071250354405493"><ele>2122.3599853515625</ele></trkpt><trkpt lat="46.78869044035673" lon="8.071270354557782"><ele>2122.2999877929688</ele></trkpt><trkpt lat="46.78869044035673" lon="8.071280354633927"><ele>2122.1399841308594</ele></trkpt><trkpt lat="46.78869044035673" lon="8.071300354320556"><ele>2121.75</ele></trkpt><trkpt lat="46.78868044028059" lon="8.071320354472846"><ele>2121.0899963378906</ele></trkpt><trkpt lat="46.788680439814925" lon="8.071320354007185"><ele>2120.769989013672</ele></trkpt><trkpt lat="46.78867044020444" lon="8.0713103543967"><ele>2120.5</ele></trkpt><trkpt lat="46.7886604401283" lon="8.071280354168266"><ele>2120.199981689453</ele></trkpt><trkpt lat="46.78864043997601" lon="8.071270354092121"><ele>2119.769989013672</ele></trkpt><trkpt lat="46.78863043989986" lon="8.071260354015976"><ele>2119.3999938964844</ele></trkpt><trkpt lat="46.78857043944299" lon="8.071200353559107"><ele>2117.0999755859375</ele></trkpt><trkpt lat="46.78852043906227" lon="8.071180353406817"><ele>2114.8999938964844</ele></trkpt><trkpt lat="46.78848043875769" lon="8.07117035286501"><ele>2113.5</ele></trkpt><trkpt lat="46.78840043814853" lon="8.07115035271272"><ele>2111.5</ele></trkpt><trkpt lat="46.788270437624305" lon="8.071120352018625"><ele>2108.1599731445312</ele></trkpt><trkpt lat="46.7882604370825" lon="8.071120352018625"><ele>2107.3999938964844</ele></trkpt><trkpt lat="46.78814043663442" lon="8.071080351714045"><ele>2104.3999938964844</ele></trkpt><trkpt lat="46.788130436558276" lon="8.071080351714045"><ele>2104.3599853515625</ele></trkpt><trkpt lat="46.78811043640599" lon="8.071090351324528"><ele>2104.0999755859375</ele></trkpt><trkpt lat="46.78802043618634" lon="8.071120351087302"><ele>2101.259979248047</ele></trkpt><trkpt lat="46.78799043595791" lon="8.071130351163447"><ele>2100.75</ele></trkpt><trkpt lat="46.78797043580562" lon="8.07116035092622"><ele>2100.5999755859375</ele></trkpt><trkpt lat="46.78795043565333" lon="8.07118035107851"><ele>2100.3999938964844</ele></trkpt><trkpt lat="46.787920435890555" lon="8.071230350993574"><ele>2100.0999755859375</ele></trkpt><trkpt lat="46.787900435738266" lon="8.071250350680202"><ele>2099.6299743652344</ele></trkpt><trkpt lat="46.787900435738266" lon="8.071250350680202"><ele>2099.5399780273438</ele></trkpt><trkpt lat="46.787860435433686" lon="8.071270350832492"><ele>2098.5999755859375</ele></trkpt><trkpt lat="46.787840435281396" lon="8.07129035051912"><ele>2097.949981689453</ele></trkpt><trkpt lat="46.787820435129106" lon="8.07131035067141"><ele>2097.5999755859375</ele></trkpt><trkpt lat="46.78781043505296" lon="8.071370350196958"><ele>2096.6399841308594</ele></trkpt><trkpt lat="46.787800434976816" lon="8.071400350425392"><ele>2096.0999755859375</ele></trkpt><trkpt lat="46.78777043474838" lon="8.071450350340456"><ele>2095.529998779297</ele></trkpt><trkpt lat="46.787760434672236" lon="8.071470350027084"><ele>2095.1399841308594</ele></trkpt><trkpt lat="46.78775043459609" lon="8.07148035010323"><ele>2094.8799743652344</ele></trkpt><trkpt lat="46.78767043445259" lon="8.071550349704921"><ele>2092.7899780273438</ele></trkpt><trkpt lat="46.78767043445259" lon="8.071550349704921"><ele>2092.6299743652344</ele></trkpt><trkpt lat="46.78766043437645" lon="8.071560349781066"><ele>2092.5999755859375</ele></trkpt><trkpt lat="46.78760043391958" lon="8.071650349535048"><ele>2090.8999938964844</ele></trkpt><trkpt lat="46.787530433386564" lon="8.071760348975658"><ele>2088.969970703125</ele></trkpt><trkpt lat="46.78744043316692" lon="8.071900348644704"><ele>2086.5</ele></trkpt><trkpt lat="46.78742043254897" lon="8.07196034817025"><ele>2084.699981689453</ele></trkpt><trkpt lat="46.787410432938486" lon="8.071970348246396"><ele>2085.22998046875</ele></trkpt><trkpt lat="46.78740043286234" lon="8.07202034862712"><ele>2085.1399841308594</ele></trkpt><trkpt lat="46.78737043263391" lon="8.072200348600745"><ele>2084.699981689453</ele></trkpt><trkpt lat="46.78736043255776" lon="8.072280348278582"><ele>2084.5699768066406</ele></trkpt><trkpt lat="46.78734043240547" lon="8.072370348498225"><ele>2084.3999938964844</ele></trkpt><trkpt lat="46.7873104326427" lon="8.072470348328352"><ele>2084.699981689453</ele></trkpt><trkpt lat="46.787240432109684" lon="8.07268034806475"><ele>2083.0</ele></trkpt><trkpt lat="46.78721043188125" lon="8.072730347979814"><ele>2082.0999755859375</ele></trkpt><trkpt lat="46.78713043173775" lon="8.072840347420424"><ele>2079.7999877929688</ele></trkpt><trkpt lat="46.78707043128088" lon="8.072930347174406"><ele>2078.2999877929688</ele></trkpt><trkpt lat="46.787060431204736" lon="8.072950347326696"><ele>2077.769989013672</ele></trkpt><trkpt lat="46.787040431052446" lon="8.07298034708947"><ele>2077.0999755859375</ele></trkpt><trkpt lat="46.7870304309763" lon="8.07300034724176"><ele>2076.5</ele></trkpt><trkpt lat="46.78702043090016" lon="8.073030347004533"><ele>2075.6599731445312</ele></trkpt><trkpt lat="46.78700043074787" lon="8.073070346843451"><ele>2074.699981689453</ele></trkpt><trkpt lat="46.78698043059558" lon="8.07309034653008"><ele>2074.1699829101562</ele></trkpt><trkpt lat="46.786940430291" lon="8.073130346368998"><ele>2072.8999938964844</ele></trkpt><trkpt lat="46.78689042991027" lon="8.073230346199125"><ele>2071.7999877929688</ele></trkpt><trkpt lat="46.78684042999521" lon="8.073280346114188"><ele>2071.199981689453</ele></trkpt><trkpt lat="46.78684042999521" lon="8.073290346190333"><ele>2071.22998046875</ele></trkpt><trkpt lat="46.786810429766774" lon="8.073340346105397"><ele>2070.5</ele></trkpt><trkpt lat="46.786790429614484" lon="8.07339034602046"><ele>2069.9299926757812</ele></trkpt><trkpt lat="46.786790429614484" lon="8.07339034602046"><ele>2069.9299926757812</ele></trkpt><trkpt lat="46.786790429614484" lon="8.073400346096605"><ele>2069.8899841308594</ele></trkpt><trkpt lat="46.78676042938605" lon="8.073420345783234"><ele>2069.2999877929688</ele></trkpt><trkpt lat="46.78672042954713" lon="8.073500345926732"><ele>2068.779998779297</ele></trkpt><trkpt lat="46.786710429470986" lon="8.073520346079022"><ele>2068.8999938964844</ele></trkpt><trkpt lat="46.786690429318696" lon="8.07354034576565"><ele>2069.0</ele></trkpt><trkpt lat="46.786620429717004" lon="8.073630345985293"><ele>2070.5</ele></trkpt><trkpt lat="46.786580429878086" lon="8.073710346594453"><ele>2072.0999755859375</ele></trkpt><trkpt lat="46.78655043011531" lon="8.073760346509516"><ele>2073.2999877929688</ele></trkpt><trkpt lat="46.786530430428684" lon="8.073800346814096"><ele>2073.949981689453</ele></trkpt><trkpt lat="46.786510430276394" lon="8.073840346653014"><ele>2074.3999938964844</ele></trkpt><trkpt lat="46.78648043051362" lon="8.073900346644223"><ele>2075.0</ele></trkpt><trkpt lat="46.78645043075085" lon="8.073980347253382"><ele>2076.5</ele></trkpt><trkpt lat="46.78643043106422" lon="8.074010347481817"><ele>2077.259979248047</ele></trkpt><trkpt lat="46.78641043137759" lon="8.074030347168446"><ele>2077.8999938964844</ele></trkpt><trkpt lat="46.7863904312253" lon="8.074130347464234"><ele>2078.6299743652344</ele></trkpt><trkpt lat="46.786380431614816" lon="8.074170347303152"><ele>2078.8299865722656</ele></trkpt><trkpt lat="46.786380431614816" lon="8.074190347455442"><ele>2078.8999938964844</ele></trkpt><trkpt lat="46.786360431462526" lon="8.074240347370505"><ele>2078.949981689453</ele></trkpt><trkpt lat="46.78635043138638" lon="8.074300347361714"><ele>2078.9199829101562</ele></trkpt><trkpt lat="46.78634043131024" lon="8.074320347514004"><ele>2078.8999938964844</ele></trkpt><trkpt lat="46.78634043131024" lon="8.074380347505212"><ele>2078.75</ele></trkpt><trkpt lat="46.78633043123409" lon="8.074520347639918"><ele>2078.3999938964844</ele></trkpt><trkpt lat="46.78632043115795" lon="8.074560347478837"><ele>2078.3399963378906</ele></trkpt><trkpt lat="46.78630043147132" lon="8.074660347308964"><ele>2078.199981689453</ele></trkpt><trkpt lat="46.78630043147132" lon="8.074680347461253"><ele>2078.219970703125</ele></trkpt><trkpt lat="46.78630043147132" lon="8.074710347224027"><ele>2078.199981689453</ele></trkpt><trkpt lat="46.78630043147132" lon="8.074750347528607"><ele>2078.3299865722656</ele></trkpt><trkpt lat="46.7862604316324" lon="8.074890347663313"><ele>2078.9199829101562</ele></trkpt><trkpt lat="46.7862604316324" lon="8.074920347426087"><ele>2079.0</ele></trkpt><trkpt lat="46.78622043179348" lon="8.074970347806811"><ele>2079.75</ele></trkpt><trkpt lat="46.78618043195456" lon="8.075040347874165"><ele>2080.8999938964844</ele></trkpt><trkpt lat="46.78616043180227" lon="8.075090347789228"><ele>2081.469970703125</ele></trkpt><trkpt lat="46.78615043219179" lon="8.075130348093808"><ele>2081.8999938964844</ele></trkpt><trkpt lat="46.786120431963354" lon="8.075230348389596"><ele>2082.5999755859375</ele></trkpt><trkpt lat="46.786100432276726" lon="8.075310348067433"><ele>2083.0</ele></trkpt><trkpt lat="46.78609043220058" lon="8.07541034836322"><ele>2082.7899780273438</ele></trkpt><trkpt lat="46.786080432124436" lon="8.07543034804985"><ele>2082.7999877929688</ele></trkpt><trkpt lat="46.78609043220058" lon="8.075590348336846"><ele>2083.279998779297</ele></trkpt><trkpt lat="46.786100432276726" lon="8.075720348395407"><ele>2083.8999938964844</ele></trkpt><trkpt lat="46.786120432429016" lon="8.075880348682404"><ele>2084.189971923828</ele></trkpt><trkpt lat="46.786120432429016" lon="8.075890348292887"><ele>2084.199981689453</ele></trkpt><trkpt lat="46.78613043250516" lon="8.075930348597467"><ele>2084.1399841308594</ele></trkpt><trkpt lat="46.786140432581306" lon="8.07598034851253"><ele>2084.0499877929688</ele></trkpt><trkpt lat="46.786140432581306" lon="8.076010348275304"><ele>2084.0999755859375</ele></trkpt><trkpt lat="46.78617043234408" lon="8.076050348579884"><ele>2083.5999755859375</ele></trkpt><trkpt lat="46.78617043234408" lon="8.076050348579884"><ele>2083.5699768066406</ele></trkpt><trkpt lat="46.78617043234408" lon="8.076060348190367"><ele>2083.5699768066406</ele></trkpt><trkpt lat="46.78617043234408" lon="8.076050348579884"><ele>2083.5699768066406</ele></trkpt><trkpt lat="46.786180432420224" lon="8.076070348266512"><ele>2083.5999755859375</ele></trkpt><trkpt lat="46.786180432420224" lon="8.076100348494947"><ele>2083.699981689453</ele></trkpt><trkpt lat="46.786160432267934" lon="8.076240348629653"><ele>2084.019989013672</ele></trkpt><trkpt lat="46.786140432581306" lon="8.076330348383635"><ele>2084.199981689453</ele></trkpt><trkpt lat="46.786140432581306" lon="8.07636034861207"><ele>2084.259979248047</ele></trkpt><trkpt lat="46.786140432581306" lon="8.076430348679423"><ele>2084.3999938964844</ele></trkpt><trkpt lat="46.78613043250516" lon="8.076490348670632"><ele>2084.8399963378906</ele></trkpt><trkpt lat="46.78611043281853" lon="8.076690348796546"><ele>2085.699981689453</ele></trkpt><trkpt lat="46.78608043305576" lon="8.076990348752588"><ele>2086.5</ele></trkpt><trkpt lat="46.78608043305576" lon="8.077030349057168"><ele>2086.699981689453</ele></trkpt><trkpt lat="46.7860904331319" lon="8.077080348972231"><ele>2086.459991455078</ele></trkpt><trkpt lat="46.78610043274239" lon="8.077130348887295"><ele>2086.199981689453</ele></trkpt><trkpt lat="46.78612043289468" lon="8.07729034870863"><ele>2085.699981689453</ele></trkpt><trkpt lat="46.78612043289468" lon="8.07733034901321"><ele>2085.75</ele></trkpt><trkpt lat="46.78612043289468" lon="8.0774803487584"><ele>2085.8099975585938</ele></trkpt><trkpt lat="46.78611043281853" lon="8.077830348629504"><ele>2085.6199951171875</ele></trkpt><trkpt lat="46.78611043281853" lon="8.077870348934084"><ele>2085.5999755859375</ele></trkpt><trkpt lat="46.78612043289468" lon="8.077890348620713"><ele>2085.5799865722656</ele></trkpt><trkpt lat="46.78612043289468" lon="8.077920348849148"><ele>2085.5999755859375</ele></trkpt><trkpt lat="46.78613043297082" lon="8.077980348840356"><ele>2085.5899963378906</ele></trkpt><trkpt lat="46.78613043297082" lon="8.078000348992646"><ele>2085.5999755859375</ele></trkpt><trkpt lat="46.78615043265745" lon="8.078090348746628"><ele>2085.8999938964844</ele></trkpt><trkpt lat="46.786180432885885" lon="8.078310349024832"><ele>2087.3199768066406</ele></trkpt><trkpt lat="46.78621043357998" lon="8.07860034937039"><ele>2089.3999938964844</ele></trkpt><trkpt lat="46.78621043357998" lon="8.078610349446535"><ele>2089.519989013672</ele></trkpt><trkpt lat="46.78621043357998" lon="8.078630349598825"><ele>2089.699981689453</ele></trkpt><trkpt lat="46.786220433656126" lon="8.078700349666178"><ele>2090.72998046875</ele></trkpt><trkpt lat="46.78624043427408" lon="8.078770349733531"><ele>2092.0</ele></trkpt><trkpt lat="46.78624043427408" lon="8.078820350114256"><ele>2092.779998779297</ele></trkpt><trkpt lat="46.78624043427408" lon="8.078840350266546"><ele>2092.8999938964844</ele></trkpt><trkpt lat="46.78624043427408" lon="8.07885034987703"><ele>2093.239990234375</ele></trkpt><trkpt lat="46.78624043427408" lon="8.078880350105464"><ele>2093.7999877929688</ele></trkpt><trkpt lat="46.786250434815884" lon="8.078950350172818"><ele>2094.699981689453</ele></trkpt><trkpt lat="46.78626043442637" lon="8.079020350240171"><ele>2093.949981689453</ele></trkpt><trkpt lat="46.78626043442637" lon="8.07906035007909"><ele>2093.3999938964844</ele></trkpt><trkpt lat="46.786280434112996" lon="8.079130350146443"><ele>2092.47998046875</ele></trkpt><trkpt lat="46.786300434265286" lon="8.079180350061506"><ele>2092.0999755859375</ele></trkpt><trkpt lat="46.786300433799624" lon="8.07923034997657"><ele>2091.699981689453</ele></trkpt><trkpt lat="46.78631043387577" lon="8.079310349654406"><ele>2091.2999877929688</ele></trkpt><trkpt lat="46.786320433951914" lon="8.079440349712968"><ele>2090.699981689453</ele></trkpt><trkpt lat="46.7863304335624" lon="8.07953034946695"><ele>2090.529998779297</ele></trkpt><trkpt lat="46.78634043363854" lon="8.07957034977153"><ele>2090.6699829101562</ele></trkpt><trkpt lat="46.78634043363854" lon="8.07957034977153"><ele>2090.709991455078</ele></trkpt><trkpt lat="46.78633043402806" lon="8.079650349915028"><ele>2091.199981689453</ele></trkpt><trkpt lat="46.78634043363854" lon="8.07974034966901"><ele>2090.699981689453</ele></trkpt><trkpt lat="46.78635043324903" lon="8.079960349481553"><ele>2087.7999877929688</ele></trkpt><trkpt lat="46.786350432783365" lon="8.080070348922163"><ele>2086.699981689453</ele></trkpt><trkpt lat="46.78636043285951" lon="8.080200348980725"><ele>2085.2999877929688</ele></trkpt><trkpt lat="46.78636043239385" lon="8.080230348743498"><ele>2084.0999755859375</ele></trkpt><trkpt lat="46.786350432783365" lon="8.080260348971933"><ele>2084.5999755859375</ele></trkpt><trkpt lat="46.78634043224156" lon="8.08030034834519"><ele>2083.3999938964844</ele></trkpt><trkpt lat="46.786330432165414" lon="8.080330348573625"><ele>2083.3999938964844</ele></trkpt><trkpt lat="46.786330432165414" lon="8.080380348488688"><ele>2083.3999938964844</ele></trkpt><trkpt lat="46.78634043224156" lon="8.080400348640978"><ele>2083.3799743652344</ele></trkpt><trkpt lat="46.786350432317704" lon="8.080440348479897"><ele>2083.3999938964844</ele></trkpt><trkpt lat="46.786370432469994" lon="8.080520348623395"><ele>2083.0899963378906</ele></trkpt><trkpt lat="46.78639043215662" lon="8.080610348377377"><ele>2083.0499877929688</ele></trkpt><trkpt lat="46.78643043199554" lon="8.080740348435938"><ele>2082.699981689453</ele></trkpt><trkpt lat="46.78643043199554" lon="8.080760348588228"><ele>2082.5999755859375</ele></trkpt><trkpt lat="46.786440432071686" lon="8.0808703484945"><ele>2082.259979248047</ele></trkpt><trkpt lat="46.78645043214783" lon="8.080960348248482"><ele>2082.2899780273438</ele></trkpt><trkpt lat="46.786460432223976" lon="8.081000348553061"><ele>2082.3999938964844</ele></trkpt><trkpt lat="46.786460432223976" lon="8.081010348629206"><ele>2082.259979248047</ele></trkpt><trkpt lat="46.78647043230012" lon="8.081070348620415"><ele>2082.3999938964844</ele></trkpt><trkpt lat="46.786480431910604" lon="8.081130348611623"><ele>2082.3999938964844</ele></trkpt><trkpt lat="46.78649043198675" lon="8.081240348517895"><ele>2082.0</ele></trkpt><trkpt lat="46.78649043198675" lon="8.081270348280668"><ele>2081.8199768066406</ele></trkpt><trkpt lat="46.78649043198675" lon="8.081310348585248"><ele>2082.0</ele></trkpt><trkpt lat="46.786500432062894" lon="8.081370348576456"><ele>2081.8799743652344</ele></trkpt><trkpt lat="46.78651043213904" lon="8.081390348263085"><ele>2082.0</ele></trkpt><trkpt lat="46.78658043174073" lon="8.081630348227918"><ele>2081.699981689453</ele></trkpt><trkpt lat="46.78658043174073" lon="8.081660348456353"><ele>2081.529998779297</ele></trkpt><trkpt lat="46.786590431816876" lon="8.081680348142982"><ele>2081.3999938964844</ele></trkpt><trkpt lat="46.786610431969166" lon="8.081720348447561"><ele>2081.5</ele></trkpt><trkpt lat="46.78662043204531" lon="8.081730348523706"><ele>2081.5799865722656</ele></trkpt><trkpt lat="46.7866404321976" lon="8.081740348599851"><ele>2081.7999877929688</ele></trkpt><trkpt lat="46.78666043188423" lon="8.08176034828648"><ele>2081.7999877929688</ele></trkpt><trkpt lat="46.786670431960374" lon="8.081790348514915"><ele>2081.5999755859375</ele></trkpt><trkpt lat="46.786670431960374" lon="8.081810348201543"><ele>2081.5999755859375</ele></trkpt><trkpt lat="46.78666043188423" lon="8.081850348040462"><ele>2081.009979248047</ele></trkpt><trkpt lat="46.786650431808084" lon="8.08193034818396"><ele>2081.5999755859375</ele></trkpt><trkpt lat="46.786650431808084" lon="8.082000348251313"><ele>2081.0999755859375</ele></trkpt><trkpt lat="46.786650431808084" lon="8.08210034808144"><ele>2080.6499938964844</ele></trkpt><trkpt lat="46.78666043188423" lon="8.082190348301083"><ele>2080.2999877929688</ele></trkpt><trkpt lat="46.786650431808084" lon="8.082250348292291"><ele>2079.9299926757812</ele></trkpt><trkpt lat="46.786650431808084" lon="8.082280348055065"><ele>2079.8299865722656</ele></trkpt><trkpt lat="46.78665043134242" lon="8.0824403478764"><ele>2079.449981689453</ele></trkpt><trkpt lat="46.786650431808084" lon="8.082590348087251"><ele>2080.3999938964844</ele></trkpt><trkpt lat="46.786650431808084" lon="8.08265034807846"><ele>2080.199981689453</ele></trkpt><trkpt lat="46.78666043141857" lon="8.082700347993523"><ele>2079.5899963378906</ele></trkpt><trkpt lat="46.78666043188423" lon="8.082730348221958"><ele>2080.199981689453</ele></trkpt><trkpt lat="46.78666043141857" lon="8.082740347832441"><ele>2079.4199829101562</ele></trkpt><trkpt lat="46.78664043173194" lon="8.082780348137021"><ele>2079.8999938964844</ele></trkpt><trkpt lat="46.786630431655794" lon="8.08282034797594"><ele>2079.699981689453</ele></trkpt><trkpt lat="46.78662043157965" lon="8.082870347891003"><ele>2079.25</ele></trkpt><trkpt lat="46.78662043157965" lon="8.082910348195583"><ele>2079.699981689453</ele></trkpt><trkpt lat="46.786610431503505" lon="8.082920347806066"><ele>2079.1799926757812</ele></trkpt><trkpt lat="46.78658043174073" lon="8.083000347949564"><ele>2079.5</ele></trkpt><trkpt lat="46.78658043127507" lon="8.083030348178"><ele>2078.9099731445312</ele></trkpt><trkpt lat="46.78658043174073" lon="8.083040348254144"><ele>2079.5</ele></trkpt><trkpt lat="46.786570431664586" lon="8.083110347855836"><ele>2079.3999938964844</ele></trkpt><trkpt lat="46.78656043158844" lon="8.083140348084271"><ele>2078.969970703125</ele></trkpt><trkpt lat="46.78656043158844" lon="8.083150348160416"><ele>2079.5</ele></trkpt><trkpt lat="46.78656043158844" lon="8.08320034807548"><ele>2079.699981689453</ele></trkpt><trkpt lat="46.78656043158844" lon="8.083210348151624"><ele>2079.22998046875</ele></trkpt><trkpt lat="46.786570431664586" lon="8.083240347914398"><ele>2079.699981689453</ele></trkpt><trkpt lat="46.78658043174073" lon="8.083290348295122"><ele>2079.5</ele></trkpt><trkpt lat="46.786570431198925" lon="8.08337034797296"><ele>2078.709991455078</ele></trkpt><trkpt lat="46.78656043158844" lon="8.083420347888023"><ele>2079.199981689453</ele></trkpt><trkpt lat="46.78656043158844" lon="8.083490347955376"><ele>2078.8099975585938</ele></trkpt><trkpt lat="46.78656043158844" lon="8.08352034818381"><ele>2078.9099731445312</ele></trkpt><trkpt lat="46.786570431198925" lon="8.083570348098874"><ele>2078.759979248047</ele></trkpt><trkpt lat="46.786570431198925" lon="8.083580348175019"><ele>2078.699981689453</ele></trkpt><trkpt lat="46.786570431198925" lon="8.083610347937793"><ele>2078.5599975585938</ele></trkpt><trkpt lat="46.786570431198925" lon="8.083630348090082"><ele>2079.0</ele></trkpt><trkpt lat="46.78656043112278" lon="8.083660347852856"><ele>2078.5499877929688</ele></trkpt><trkpt lat="46.78652043128386" lon="8.083760348148644"><ele>2079.199981689453</ele></trkpt><trkpt lat="46.78652043128386" lon="8.083770347759128"><ele>2078.6599731445312</ele></trkpt><trkpt lat="46.78652043128386" lon="8.083780347835273"><ele>2079.199981689453</ele></trkpt><trkpt lat="46.78650043159723" lon="8.083890348207206"><ele>2079.199981689453</ele></trkpt><trkpt lat="46.78650043159723" lon="8.083930348046124"><ele>2078.8699951171875</ele></trkpt><trkpt lat="46.78650043159723" lon="8.083970347885042"><ele>2079.199981689453</ele></trkpt><trkpt lat="46.78652043128386" lon="8.084040347952396"><ele>2078.939971923828</ele></trkpt><trkpt lat="46.78652043128386" lon="8.084060348104686"><ele>2079.2999877929688</ele></trkpt><trkpt lat="46.78652043128386" lon="8.084100347943604"><ele>2079.199981689453</ele></trkpt><trkpt lat="46.78651043120772" lon="8.084120348095894"><ele>2078.6299743652344</ele></trkpt><trkpt lat="46.78651043167338" lon="8.084130348172039"><ele>2079.199981689453</ele></trkpt><trkpt lat="46.78651043120772" lon="8.084180348087102"><ele>2078.6399841308594</ele></trkpt><trkpt lat="46.78650043159723" lon="8.08422034792602"><ele>2079.0999755859375</ele></trkpt><trkpt lat="46.78649043152109" lon="8.084250348154455"><ele>2078.7999877929688</ele></trkpt><trkpt lat="46.78648043144494" lon="8.084250348154455"><ele>2078.7999877929688</ele></trkpt><trkpt lat="46.7864704313688" lon="8.084250348154455"><ele>2078.209991455078</ele></trkpt><trkpt lat="46.786400431301445" lon="8.084270347841084"><ele>2078.3999938964844</ele></trkpt><trkpt lat="46.786380431149155" lon="8.084290347993374"><ele>2078.3999938964844</ele></trkpt><trkpt lat="46.786360430996865" lon="8.084310347680002"><ele>2078.019989013672</ele></trkpt><trkpt lat="46.78633043123409" lon="8.084340347908437"><ele>2077.939971923828</ele></trkpt><trkpt lat="46.7863104310818" lon="8.084350347984582"><ele>2078.199981689453</ele></trkpt><trkpt lat="46.78630043100566" lon="8.08437034767121"><ele>2077.8199768066406</ele></trkpt><trkpt lat="46.78627043124288" lon="8.084420348051935"><ele>2077.9299926757812</ele></trkpt><trkpt lat="46.78626043116674" lon="8.08443034812808"><ele>2078.199981689453</ele></trkpt><trkpt lat="46.78626043116674" lon="8.084450347814709"><ele>2078.199981689453</ele></trkpt><trkpt lat="46.78626043116674" lon="8.084470347966999"><ele>2077.8399963378906</ele></trkpt><trkpt lat="46.78628043131903" lon="8.084510347805917"><ele>2077.8999938964844</ele></trkpt><trkpt lat="46.78628043131903" lon="8.084550348110497"><ele>2077.8999938964844</ele></trkpt><trkpt lat="46.78625043109059" lon="8.084620347712189"><ele>2077.699981689453</ele></trkpt><trkpt lat="46.78624043101445" lon="8.084660348016769"><ele>2077.699981689453</ele></trkpt><trkpt lat="46.7862304309383" lon="8.084740347694606"><ele>2077.2999877929688</ele></trkpt><trkpt lat="46.786210430786014" lon="8.084840347524732"><ele>2076.6499938964844</ele></trkpt><trkpt lat="46.786210430786014" lon="8.084860347677022"><ele>2076.8999938964844</ele></trkpt><trkpt lat="46.786210430786014" lon="8.084890347439796"><ele>2076.219970703125</ele></trkpt><trkpt lat="46.78622043086216" lon="8.084930347744375"><ele>2076.2999877929688</ele></trkpt><trkpt lat="46.78622043086216" lon="8.08494034735486"><ele>2075.9199829101562</ele></trkpt><trkpt lat="46.78622043086216" lon="8.085000347811729"><ele>2076.1099853515625</ele></trkpt><trkpt lat="46.78622043086216" lon="8.085000347811729"><ele>2076.1099853515625</ele></trkpt><trkpt lat="46.78620043070987" lon="8.085020347498357"><ele>2076.3999938964844</ele></trkpt><trkpt lat="46.78616043087095" lon="8.085030347574502"><ele>2076.2999877929688</ele></trkpt><trkpt lat="46.786150430794805" lon="8.085040347650647"><ele>2075.8199768066406</ele></trkpt><trkpt lat="46.78608043072745" lon="8.085060347802937"><ele>2076.0999755859375</ele></trkpt><trkpt lat="46.78607043065131" lon="8.085060347337276"><ele>2075.6399841308594</ele></trkpt><trkpt lat="46.786040430888534" lon="8.085080347489566"><ele>2076.3999938964844</ele></trkpt><trkpt lat="46.78603043081239" lon="8.085100347641855"><ele>2075.5599975585938</ele></trkpt><trkpt lat="46.786020430736244" lon="8.085120347794145"><ele>2076.0</ele></trkpt><trkpt lat="46.786000430583954" lon="8.085130347404629"><ele>2076.0</ele></trkpt><trkpt lat="46.78599043050781" lon="8.085140347480774"><ele>2075.5699768066406</ele></trkpt><trkpt lat="46.785940430592746" lon="8.085160347633064"><ele>2075.209991455078</ele></trkpt><trkpt lat="46.78590043075383" lon="8.085170347243547"><ele>2075.199981689453</ele></trkpt><trkpt lat="46.78587043052539" lon="8.085170347243547"><ele>2074.6199951171875</ele></trkpt><trkpt lat="46.7858504303731" lon="8.085170347243547"><ele>2074.7999877929688</ele></trkpt><trkpt lat="46.78584043029696" lon="8.085180347319692"><ele>2074.5</ele></trkpt><trkpt lat="46.78583043022081" lon="8.085210347082466"><ele>2074.199981689453</ele></trkpt><trkpt lat="46.78583043022081" lon="8.085300347302109"><ele>2073.0699768066406</ele></trkpt><trkpt lat="46.78583043022081" lon="8.085400347132236"><ele>2072.3999938964844</ele></trkpt><trkpt lat="46.78583043022081" lon="8.085520347114652"><ele>2072.199981689453</ele></trkpt><trkpt lat="46.78582043014467" lon="8.085550346877426"><ele>2072.0999755859375</ele></trkpt><trkpt lat="46.78580042999238" lon="8.085570347029716"><ele>2071.8599853515625</ele></trkpt><trkpt lat="46.78578042984009" lon="8.085590347182006"><ele>2072.0</ele></trkpt><trkpt lat="46.78577042976394" lon="8.085590347182006"><ele>2071.9099731445312</ele></trkpt><trkpt lat="46.78576043015346" lon="8.085590347182006"><ele>2072.0999755859375</ele></trkpt><trkpt lat="46.78574043000117" lon="8.08560034679249"><ele>2072.2999877929688</ele></trkpt><trkpt lat="46.785730429925025" lon="8.085610346868634"><ele>2072.1599731445312</ele></trkpt><trkpt lat="46.785690430086106" lon="8.085650347173214"><ele>2072.5</ele></trkpt><trkpt lat="46.785670429933816" lon="8.085670346859843"><ele>2072.5999755859375</ele></trkpt><trkpt lat="46.78561042994261" lon="8.085690347012132"><ele>2071.529998779297</ele></trkpt><trkpt lat="46.78560042986646" lon="8.085690347012132"><ele>2071.699981689453</ele></trkpt><trkpt lat="46.78551042964682" lon="8.08577034668997"><ele>2071.5999755859375</ele></trkpt><trkpt lat="46.78551042964682" lon="8.08577034668997"><ele>2071.439971923828</ele></trkpt><trkpt lat="46.78551042964682" lon="8.08577034668997"><ele>2071.4099731445312</ele></trkpt><trkpt lat="46.78551042964682" lon="8.085800346918404"><ele>2071.2999877929688</ele></trkpt><trkpt lat="46.78551042964682" lon="8.085810346994549"><ele>2071.5999755859375</ele></trkpt><trkpt lat="46.78551042964682" lon="8.085820347070694"><ele>2071.22998046875</ele></trkpt><trkpt lat="46.78551042964682" lon="8.085820347070694"><ele>2071.5999755859375</ele></trkpt><trkpt lat="46.78553042979911" lon="8.085850346833467"><ele>2071.2999877929688</ele></trkpt><trkpt lat="46.78556042956188" lon="8.085870346985757"><ele>2071.0</ele></trkpt><trkpt lat="46.78556042956188" lon="8.085880346596241"><ele>2070.699981689453</ele></trkpt><trkpt lat="46.78558042971417" lon="8.085890346672386"><ele>2070.699981689453</ele></trkpt><trkpt lat="46.78562042955309" lon="8.08592034690082"><ele>2070.1699829101562</ele></trkpt><trkpt lat="46.785650429781526" lon="8.085930346511304"><ele>2070.2999877929688</ele></trkpt><trkpt lat="46.78566042939201" lon="8.085930346511304"><ele>2070.1299743652344</ele></trkpt><trkpt lat="46.785670429468155" lon="8.085930346511304"><ele>2070.2999877929688</ele></trkpt><trkpt lat="46.7856804295443" lon="8.085930346511304"><ele>2070.1399841308594</ele></trkpt><trkpt lat="46.78575042961165" lon="8.085980346426368"><ele>2069.8999938964844</ele></trkpt><trkpt lat="46.78577042929828" lon="8.086010346654803"><ele>2069.5999755859375</ele></trkpt><trkpt lat="46.78579042945057" lon="8.086030346341431"><ele>2069.009979248047</ele></trkpt><trkpt lat="46.78580042952672" lon="8.086050346493721"><ele>2068.8599853515625</ele></trkpt><trkpt lat="46.7858104291372" lon="8.086060346569866"><ele>2069.0399780273438</ele></trkpt><trkpt lat="46.78587042912841" lon="8.086150346323848"><ele>2068.8999938964844</ele></trkpt><trkpt lat="46.7858904292807" lon="8.086170346476138"><ele>2068.7999877929688</ele></trkpt><trkpt lat="46.78590042935684" lon="8.086180346552283"><ele>2068.699981689453</ele></trkpt><trkpt lat="46.78590042935684" lon="8.086210346315056"><ele>2068.1799926757812</ele></trkpt><trkpt lat="46.78590042935684" lon="8.086220346391201"><ele>2068.699981689453</ele></trkpt><trkpt lat="46.7858904292807" lon="8.08624034654349"><ele>2067.8199768066406</ele></trkpt><trkpt lat="46.7858904292807" lon="8.086250346153975"><ele>2067.72998046875</ele></trkpt><trkpt lat="46.78587042912841" lon="8.086320346221328"><ele>2067.699981689453</ele></trkpt><trkpt lat="46.78586042905226" lon="8.086340345907956"><ele>2066.5799865722656</ele></trkpt><trkpt lat="46.78585042897612" lon="8.086350345984101"><ele>2067.0999755859375</ele></trkpt><trkpt lat="46.785840428899974" lon="8.086370346136391"><ele>2066.7999877929688</ele></trkpt><trkpt lat="46.78585042897612" lon="8.086400345899165"><ele>2066.1799926757812</ele></trkpt><trkpt lat="46.78585042897612" lon="8.08641034597531"><ele>2066.5999755859375</ele></trkpt><trkpt lat="46.7858604285866" lon="8.086480346042663"><ele>2065.5</ele></trkpt><trkpt lat="46.7858604285866" lon="8.086530345957726"><ele>2065.699981689453</ele></trkpt><trkpt lat="46.78587042866275" lon="8.086540346033871"><ele>2065.1099853515625</ele></trkpt><trkpt lat="46.78587042866275" lon="8.086550346110016"><ele>2065.0399780273438</ele></trkpt><trkpt lat="46.785950428806245" lon="8.086660346016288"><ele>2065.3299865722656</ele></trkpt><trkpt lat="46.785950428806245" lon="8.086660346016288"><ele>2065.3999938964844</ele></trkpt><trkpt lat="46.785950428340584" lon="8.086680345702916"><ele>2065.0499877929688</ele></trkpt><trkpt lat="46.7859404287301" lon="8.086690345779061"><ele>2065.3999938964844</ele></trkpt><trkpt lat="46.78594042826444" lon="8.086700345855206"><ele>2064.72998046875</ele></trkpt><trkpt lat="46.785930428653955" lon="8.086740345694125"><ele>2064.519989013672</ele></trkpt><trkpt lat="46.785930428188294" lon="8.086780345533043"><ele>2064.22998046875</ele></trkpt><trkpt lat="46.785930428653955" lon="8.086790345609188"><ele>2064.699981689453</ele></trkpt><trkpt lat="46.78592042811215" lon="8.086810345761478"><ele>2064.0</ele></trkpt><trkpt lat="46.785910428501666" lon="8.086830345913768"><ele>2063.8899841308594</ele></trkpt><trkpt lat="46.785910428036004" lon="8.086880345828831"><ele>2063.3699951171875</ele></trkpt><trkpt lat="46.785910428501666" lon="8.086890345904976"><ele>2063.7999877929688</ele></trkpt><trkpt lat="46.78594042826444" lon="8.086950345896184"><ele>2063.7999877929688</ele></trkpt><trkpt lat="46.78596042841673" lon="8.087030345574021"><ele>2063.3199768066406</ele></trkpt><trkpt lat="46.78596042841673" lon="8.087040345650166"><ele>2063.699981689453</ele></trkpt><trkpt lat="46.78596042795107" lon="8.087060345802456"><ele>2063.239990234375</ele></trkpt><trkpt lat="46.785950428340584" lon="8.087100345641375"><ele>2063.3999938964844</ele></trkpt><trkpt lat="46.78596042795107" lon="8.087100345641375"><ele>2062.8199768066406</ele></trkpt><trkpt lat="46.78598042810336" lon="8.087140345480293"><ele>2062.439971923828</ele></trkpt><trkpt lat="46.78600042825565" lon="8.087190345395356"><ele>2062.5</ele></trkpt><trkpt lat="46.78603042801842" lon="8.08724034531042"><ele>2062.4099731445312</ele></trkpt><trkpt lat="46.78605042817071" lon="8.087280345615"><ele>2062.5999755859375</ele></trkpt><trkpt lat="46.786060427781194" lon="8.087320345453918"><ele>2061.9099731445312</ele></trkpt><trkpt lat="46.78607042785734" lon="8.087350345682353"><ele>2062.199981689453</ele></trkpt><trkpt lat="46.78609042800963" lon="8.087360345292836"><ele>2061.689971923828</ele></trkpt><trkpt lat="46.7861204277724" lon="8.087390345521271"><ele>2061.6099853515625</ele></trkpt><trkpt lat="46.78613042784855" lon="8.0874103452079"><ele>2061.5999755859375</ele></trkpt><trkpt lat="46.78614042792469" lon="8.0874103452079"><ele>2061.5999755859375</ele></trkpt><trkpt lat="46.78614042792469" lon="8.087420345284045"><ele>2061.509979248047</ele></trkpt><trkpt lat="46.78614042745903" lon="8.087500345427543"><ele>2060.6699829101562</ele></trkpt><trkpt lat="46.78614042745903" lon="8.08756034495309"><ele>2060.449981689453</ele></trkpt><trkpt lat="46.78614042792469" lon="8.08758034510538"><ele>2061.199981689453</ele></trkpt><trkpt lat="46.786150427535176" lon="8.087610345333815"><ele>2060.529998779297</ele></trkpt><trkpt lat="46.786170427687466" lon="8.087650345172733"><ele>2061.3999938964844</ele></trkpt><trkpt lat="46.78618042776361" lon="8.087710345163941"><ele>2061.0799865722656</ele></trkpt><trkpt lat="46.78618042776361" lon="8.087720345240086"><ele>2061.1099853515625</ele></trkpt><trkpt lat="46.786190427839756" lon="8.087740345392376"><ele>2061.699981689453</ele></trkpt><trkpt lat="46.786190427839756" lon="8.08777034515515"><ele>2061.5999755859375</ele></trkpt><trkpt lat="46.786190427839756" lon="8.08777034515515"><ele>2060.75</ele></trkpt><trkpt lat="46.786170427687466" lon="8.08779034530744"><ele>2060.7999877929688</ele></trkpt><trkpt lat="46.78616042761132" lon="8.087810344994068"><ele>2060.5</ele></trkpt><trkpt lat="46.78614042745903" lon="8.087870344985276"><ele>2059.1699829101562</ele></trkpt><trkpt lat="46.78614042745903" lon="8.087870344985276"><ele>2059.1499938964844</ele></trkpt><trkpt lat="46.78612042730674" lon="8.087900345213711"><ele>2059.2999877929688</ele></trkpt><trkpt lat="46.78612042730674" lon="8.087910344824195"><ele>2058.97998046875</ele></trkpt><trkpt lat="46.78612042730674" lon="8.087990344967693"><ele>2058.7999877929688</ele></trkpt><trkpt lat="46.786150427069515" lon="8.08807034464553"><ele>2057.8999938964844</ele></trkpt><trkpt lat="46.78616042714566" lon="8.08811034495011"><ele>2057.7999877929688</ele></trkpt><trkpt lat="46.78616042714566" lon="8.088140344712883"><ele>2057.3599853515625</ele></trkpt><trkpt lat="46.78616042714566" lon="8.088190344627947"><ele>2057.8999938964844</ele></trkpt><trkpt lat="46.786170426756144" lon="8.088320344686508"><ele>2056.699981689453</ele></trkpt><trkpt lat="46.78621042706072" lon="8.088400344830006"><ele>2057.0499877929688</ele></trkpt><trkpt lat="46.78621042706072" lon="8.088410344906151"><ele>2057.199981689453</ele></trkpt><trkpt lat="46.78623042721301" lon="8.08849034504965"><ele>2058.0999755859375</ele></trkpt><trkpt lat="46.78623042721301" lon="8.088490344583988"><ele>2057.5799865722656</ele></trkpt><trkpt lat="46.78623042721301" lon="8.088510344736278"><ele>2057.3799743652344</ele></trkpt><trkpt lat="46.78623042721301" lon="8.088520344812423"><ele>2057.509979248047</ele></trkpt><trkpt lat="46.78623042721301" lon="8.088530344888568"><ele>2057.5599975585938</ele></trkpt><trkpt lat="46.78622042713687" lon="8.088530344888568"><ele>2057.5599975585938</ele></trkpt><trkpt lat="46.78621042706072" lon="8.088540344964713"><ele>2058.0999755859375</ele></trkpt><trkpt lat="46.78614042699337" lon="8.088520344346762"><ele>2056.3499755859375</ele></trkpt><trkpt lat="46.78610042668879" lon="8.088510344736278"><ele>2056.5</ele></trkpt><trkpt lat="46.78603042662144" lon="8.088460344355553"><ele>2055.0999755859375</ele></trkpt><trkpt lat="46.78597042663023" lon="8.0883903442882"><ele>2055.0</ele></trkpt><trkpt lat="46.78597042616457" lon="8.0883903442882"><ele>2054.509979248047</ele></trkpt><trkpt lat="46.785960426554084" lon="8.0883903442882"><ele>2055.0</ele></trkpt><trkpt lat="46.785900426562876" lon="8.08841034444049"><ele>2054.2999877929688</ele></trkpt><trkpt lat="46.785880426410586" lon="8.08841034444049"><ele>2054.2999877929688</ele></trkpt><trkpt lat="46.785880426410586" lon="8.088400344364345"><ele>2054.0999755859375</ele></trkpt><trkpt lat="46.785840426106006" lon="8.08837034413591"><ele>2054.199981689453</ele></trkpt><trkpt lat="46.78582042641938" lon="8.08837034413591"><ele>2053.5799865722656</ele></trkpt><trkpt lat="46.78581042634323" lon="8.088380344212055"><ele>2053.529998779297</ele></trkpt><trkpt lat="46.78581042634323" lon="8.088380344212055"><ele>2053.5499877929688</ele></trkpt><trkpt lat="46.7857804261148" lon="8.088420344050974"><ele>2054.0999755859375</ele></trkpt><trkpt lat="46.785750426352024" lon="8.088420344050974"><ele>2053.7999877929688</ele></trkpt><trkpt lat="46.785730426199734" lon="8.088410343974829"><ele>2053.6499938964844</ele></trkpt><trkpt lat="46.78572042612359" lon="8.088400343898684"><ele>2053.5999755859375</ele></trkpt><trkpt lat="46.78572042612359" lon="8.088410343974829"><ele>2053.3099975585938</ele></trkpt><trkpt lat="46.7857004259713" lon="8.088420344050974"><ele>2053.5</ele></trkpt><trkpt lat="46.78568042628467" lon="8.088420344050974"><ele>2053.5</ele></trkpt><trkpt lat="46.78559042606503" lon="8.088390343822539"><ele>2052.2999877929688</ele></trkpt><trkpt lat="46.78555042576045" lon="8.08835034398362"><ele>2051.6199951171875</ele></trkpt><trkpt lat="46.785520425997674" lon="8.088340343907475"><ele>2051.7999877929688</ele></trkpt><trkpt lat="46.785500425845385" lon="8.088340343907475"><ele>2051.699981689453</ele></trkpt><trkpt lat="46.78549042576924" lon="8.088340343907475"><ele>2051.3299865722656</ele></trkpt><trkpt lat="46.78549042576924" lon="8.08835034398362"><ele>2051.5999755859375</ele></trkpt><trkpt lat="46.785480425693095" lon="8.088370343670249"><ele>2051.699981689453</ele></trkpt><trkpt lat="46.78547042561695" lon="8.088380343746394"><ele>2051.1299743652344</ele></trkpt><trkpt lat="46.78547042561695" lon="8.088390343822539"><ele>2051.699981689453</ele></trkpt><trkpt lat="46.78547042561695" lon="8.088440343737602"><ele>2051.2999877929688</ele></trkpt><trkpt lat="46.785480425693095" lon="8.088470343500376"><ele>2050.9299926757812</ele></trkpt><trkpt lat="46.785480425693095" lon="8.0885203438811"><ele>2050.9099731445312</ele></trkpt><trkpt lat="46.785500425845385" lon="8.088620343711227"><ele>2051.2999877929688</ele></trkpt><trkpt lat="46.78551042592153" lon="8.088720343541354"><ele>2051.2999877929688</ele></trkpt><trkpt lat="46.78552042553201" lon="8.088730343617499"><ele>2050.939971923828</ele></trkpt><trkpt lat="46.78552042553201" lon="8.088740343693644"><ele>2051.2999877929688</ele></trkpt><trkpt lat="46.78552042553201" lon="8.088780343532562"><ele>2051.3999938964844</ele></trkpt><trkpt lat="46.78551042592153" lon="8.088810343760997"><ele>2051.3999938964844</ele></trkpt><trkpt lat="46.78551042545587" lon="8.088810343760997"><ele>2050.7899780273438</ele></trkpt><trkpt lat="46.78545042546466" lon="8.08886034367606"><ele>2051.0</ele></trkpt><trkpt lat="46.78545042546466" lon="8.08886034367606"><ele>2050.449981689453</ele></trkpt><trkpt lat="46.785440425854176" lon="8.08888034382835"><ele>2050.8999938964844</ele></trkpt><trkpt lat="46.785440425388515" lon="8.088920343667269"><ele>2050.7999877929688</ele></trkpt><trkpt lat="46.78545042546466" lon="8.089020343497396"><ele>2050.699981689453</ele></trkpt><trkpt lat="46.78545042546466" lon="8.089040343649685"><ele>2050.699981689453</ele></trkpt><trkpt lat="46.785440425388515" lon="8.089090343564749"><ele>2050.2999877929688</ele></trkpt><trkpt lat="46.785440425388515" lon="8.089120343793184"><ele>2050.2999877929688</ele></trkpt><trkpt lat="46.78545042546466" lon="8.089170343708247"><ele>2050.3999938964844</ele></trkpt><trkpt lat="46.78547042561695" lon="8.089210343547165"><ele>2050.699981689453</ele></trkpt><trkpt lat="46.78549042576924" lon="8.089250343851745"><ele>2050.489990234375</ele></trkpt><trkpt lat="46.785500425845385" lon="8.089260343462229"><ele>2050.7999877929688</ele></trkpt><trkpt lat="46.78551042545587" lon="8.089270343538374"><ele>2050.8399963378906</ele></trkpt><trkpt lat="46.7855404256843" lon="8.089290343690664"><ele>2051.699981689453</ele></trkpt><trkpt lat="46.78555042576045" lon="8.089320343919098"><ele>2051.699981689453</ele></trkpt><trkpt lat="46.78555042576045" lon="8.089340343605727"><ele>2051.699981689453</ele></trkpt><trkpt lat="46.7855404256843" lon="8.089370343834162"><ele>2051.2999877929688</ele></trkpt><trkpt lat="46.78551042545587" lon="8.089400343596935"><ele>2050.5</ele></trkpt><trkpt lat="46.78548042522743" lon="8.08941034367308"><ele>2049.699981689453</ele></trkpt><trkpt lat="46.78547042515129" lon="8.089410343207419"><ele>2048.709991455078</ele></trkpt><trkpt lat="46.785460425075144" lon="8.089430343359709"><ele>2048.5</ele></trkpt><trkpt lat="46.78543042531237" lon="8.089510343503207"><ele>2049.0</ele></trkpt><trkpt lat="46.785420425236225" lon="8.089550343342125"><ele>2048.7999877929688</ele></trkpt><trkpt lat="46.785420425236225" lon="8.08958034357056"><ele>2049.0999755859375</ele></trkpt><trkpt lat="46.78543042531237" lon="8.089620343409479"><ele>2048.989990234375</ele></trkpt><trkpt lat="46.78543042531237" lon="8.089630343485624"><ele>2049.199981689453</ele></trkpt><trkpt lat="46.785420425236225" lon="8.089660343248397"><ele>2049.2999877929688</ele></trkpt><trkpt lat="46.785420425236225" lon="8.089670343324542"><ele>2049.2999877929688</ele></trkpt><trkpt lat="46.785400425083935" lon="8.089710343629122"><ele>2049.0</ele></trkpt><trkpt lat="46.785380424931645" lon="8.089720343239605"><ele>2048.5</ele></trkpt><trkpt lat="46.78527042455971" lon="8.089720342773944"><ele>2045.8999938964844</ele></trkpt><trkpt lat="46.78525042440742" lon="8.089740342926234"><ele>2045.2699890136719</ele></trkpt><trkpt lat="46.78525042440742" lon="8.089750343002379"><ele>2045.5</ele></trkpt><trkpt lat="46.78524042433128" lon="8.089770342689008"><ele>2045.1999816894531</ele></trkpt><trkpt lat="46.78522042417899" lon="8.089810342527926"><ele>2044.489990234375</ele></trkpt><trkpt lat="46.78522042417899" lon="8.089830342680216"><ele>2044.3699951171875</ele></trkpt><trkpt lat="46.785210424568504" lon="8.08986034290865"><ele>2044.5999755859375</ele></trkpt><trkpt lat="46.78521042410284" lon="8.089970342814922"><ele>2044.0699768066406</ele></trkpt><trkpt lat="46.78521042410284" lon="8.090080342721194"><ele>2043.8599853515625</ele></trkpt><trkpt lat="46.78521042410284" lon="8.090110342483968"><ele>2044.2999877929688</ele></trkpt><trkpt lat="46.785190424416214" lon="8.090160342864692"><ele>2044.5999755859375</ele></trkpt><trkpt lat="46.78514042403549" lon="8.09020034270361"><ele>2043.3999938964844</ele></trkpt><trkpt lat="46.78506042389199" lon="8.090240342542529"><ele>2042.5</ele></trkpt><trkpt lat="46.7849604235962" lon="8.090320342220366"><ele>2041.8999938964844</ele></trkpt><trkpt lat="46.784920423757285" lon="8.09035034198314"><ele>2041.22998046875</ele></trkpt><trkpt lat="46.78487042384222" lon="8.09037034213543"><ele>2041.5</ele></trkpt><trkpt lat="46.78486042376608" lon="8.090400342363864"><ele>2041.5</ele></trkpt><trkpt lat="46.78485042368993" lon="8.090420342050493"><ele>2041.5</ele></trkpt><trkpt lat="46.78484042361379" lon="8.090460341889411"><ele>2040.6499938964844</ele></trkpt><trkpt lat="46.78481042338535" lon="8.090500342193991"><ele>2040.4299926757812</ele></trkpt><trkpt lat="46.78468042332679" lon="8.090620341710746"><ele>2039.6299743652344</ele></trkpt><trkpt lat="46.784560423344374" lon="8.09073034208268"><ele>2039.2999877929688</ele></trkpt><trkpt lat="46.784520423039794" lon="8.090750341769308"><ele>2039.0399780273438</ele></trkpt><trkpt lat="46.78449042327702" lon="8.090760341845453"><ele>2038.8999938964844</ele></trkpt><trkpt lat="46.784440422896296" lon="8.090770341455936"><ele>2037.9499816894531</ele></trkpt><trkpt lat="46.78440042305738" lon="8.090770341455936"><ele>2037.7999877929688</ele></trkpt><trkpt lat="46.78437042282894" lon="8.090770341455936"><ele>2036.1799926757812</ele></trkpt><trkpt lat="46.78435042267665" lon="8.090770341455936"><ele>2035.7999877929688</ele></trkpt><trkpt lat="46.78431042237207" lon="8.09080034121871"><ele>2034.2999877929688</ele></trkpt><trkpt lat="46.78427042206749" lon="8.090830340981483"><ele>2032.4599914550781</ele></trkpt><trkpt lat="46.78416042076424" lon="8.090940339956433"><ele>2026.2699890136719</ele></trkpt><trkpt lat="46.78406041953713" lon="8.091050338931382"><ele>2021.0</ele></trkpt><trkpt lat="46.784020418766886" lon="8.091140338219702"><ele>2017.739990234375</ele></trkpt><trkpt lat="46.783980418462306" lon="8.09122033789754"><ele>2014.7999877929688</ele></trkpt><trkpt lat="46.78389041684568" lon="8.091430336702615"><ele>2007.3199768066406</ele></trkpt><trkpt lat="46.78382041538134" lon="8.091600335668772"><ele>2001.4399719238281</ele></trkpt><trkpt lat="46.78379041515291" lon="8.091670335270464"><ele>1999.7999877929688</ele></trkpt><trkpt lat="46.78377041500062" lon="8.091690335422754"><ele>1998.5599975585938</ele></trkpt><trkpt lat="46.78374041477218" lon="8.091730335261673"><ele>1997.5999755859375</ele></trkpt><trkpt lat="46.78366041416302" lon="8.091840334702283"><ele>1994.6999816894531</ele></trkpt><trkpt lat="46.78364041401073" lon="8.091880334541202"><ele>1994.2599792480469</ele></trkpt><trkpt lat="46.78363041393459" lon="8.091890334617347"><ele>1994.0699768066406</ele></trkpt><trkpt lat="46.7836104137823" lon="8.091930334456265"><ele>1993.4199829101562</ele></trkpt><trkpt lat="46.78359041363001" lon="8.091970334295183"><ele>1992.3999938964844</ele></trkpt><trkpt lat="46.783560413401574" lon="8.091980334371328"><ele>1992.1199951171875</ele></trkpt><trkpt lat="46.783540413249284" lon="8.091990333981812"><ele>1991.3999938964844</ele></trkpt><trkpt lat="46.783540413714945" lon="8.092000334057957"><ele>1991.6499938964844</ele></trkpt><trkpt lat="46.78353041317314" lon="8.092020333744586"><ele>1990.6999816894531</ele></trkpt><trkpt lat="46.783500412944704" lon="8.092040333896875"><ele>1989.97998046875</ele></trkpt><trkpt lat="46.78347041271627" lon="8.092080333735794"><ele>1988.6099853515625</ele></trkpt><trkpt lat="46.78337041195482" lon="8.092230333015323"><ele>1983.9199829101562</ele></trkpt><trkpt lat="46.783340411726385" lon="8.092280332464725"><ele>1982.5</ele></trkpt><trkpt lat="46.78333041165024" lon="8.092320332303643"><ele>1981.6999816894531</ele></trkpt><trkpt lat="46.783320411574095" lon="8.092330332379788"><ele>1981.5199890136719</ele></trkpt><trkpt lat="46.78331041149795" lon="8.092350332532078"><ele>1981.0899963378906</ele></trkpt><trkpt lat="46.78329041134566" lon="8.092380332294852"><ele>1980.0999755859375</ele></trkpt><trkpt lat="46.783240410964936" lon="8.092470332048833"><ele>1978.3199768066406</ele></trkpt><trkpt lat="46.78323041088879" lon="8.092480332124978"><ele>1978.2099914550781</ele></trkpt><trkpt lat="46.783220410812646" lon="8.092490331735462"><ele>1977.8999938964844</ele></trkpt><trkpt lat="46.78319041058421" lon="8.092520331963897"><ele>1977.0399780273438</ele></trkpt><trkpt lat="46.783180410508066" lon="8.09253033157438"><ele>1976.9199829101562</ele></trkpt><trkpt lat="46.78317041043192" lon="8.092540331650525"><ele>1976.6999816894531</ele></trkpt><trkpt lat="46.78315041027963" lon="8.092560331802815"><ele>1976.2699890136719</ele></trkpt><trkpt lat="46.78315041027963" lon="8.092580331489444"><ele>1976.0</ele></trkpt><trkpt lat="46.78314041020349" lon="8.092600331641734"><ele>1975.5999755859375</ele></trkpt><trkpt lat="46.78313041012734" lon="8.092630331404507"><ele>1975.2999877929688</ele></trkpt><trkpt lat="46.78307040967047" lon="8.092690331395715"><ele>1973.6999816894531</ele></trkpt><trkpt lat="46.78305040951818" lon="8.092730331234634"><ele>1972.3999938964844</ele></trkpt><trkpt lat="46.78304040944204" lon="8.092740330845118"><ele>1971.8999938964844</ele></trkpt><trkpt lat="46.78302040928975" lon="8.092770330607891"><ele>1970.5999755859375</ele></trkpt><trkpt lat="46.78298040898517" lon="8.092820330522954"><ele>1968.8999938964844</ele></trkpt><trkpt lat="46.78298040898517" lon="8.092840330209583"><ele>1968.47998046875</ele></trkpt><trkpt lat="46.78298040851951" lon="8.092850330285728"><ele>1968.0</ele></trkpt><trkpt lat="46.78296040836722" lon="8.092870329972357"><ele>1967.2999877929688</ele></trkpt><trkpt lat="46.78293040813878" lon="8.092910329811275"><ele>1965.7999877929688</ele></trkpt><trkpt lat="46.7828904078342" lon="8.092940329574049"><ele>1964.8799743652344</ele></trkpt><trkpt lat="46.78289040829986" lon="8.09294033003971"><ele>1965.0999755859375</ele></trkpt><trkpt lat="46.78287040768191" lon="8.093000329565257"><ele>1963.2799987792969</ele></trkpt><trkpt lat="46.78285040752962" lon="8.093060329090804"><ele>1961.8999938964844</ele></trkpt><trkpt lat="46.7827704064548" lon="8.093240328598768"><ele>1956.6799926757812</ele></trkpt><trkpt lat="46.7827704064548" lon="8.093240328598768"><ele>1956.5699768066406</ele></trkpt><trkpt lat="46.7827704064548" lon="8.093260328285396"><ele>1955.97998046875</ele></trkpt><trkpt lat="46.78276040637866" lon="8.093270328361541"><ele>1955.5999755859375</ele></trkpt><trkpt lat="46.78275040583685" lon="8.093280327972025"><ele>1955.1099853515625</ele></trkpt><trkpt lat="46.78274040622637" lon="8.09329032804817"><ele>1954.8999938964844</ele></trkpt><trkpt lat="46.78265040554106" lon="8.093390327878296"><ele>1952.2999877929688</ele></trkpt><trkpt lat="46.78262040531263" lon="8.093430327717215"><ele>1951.5</ele></trkpt><trkpt lat="46.78260040516034" lon="8.093460327479988"><ele>1951.1999816894531</ele></trkpt><trkpt lat="46.78258040500805" lon="8.093500327318907"><ele>1950.5</ele></trkpt><trkpt lat="46.78255040477961" lon="8.093520327471197"><ele>1949.7999877929688</ele></trkpt><trkpt lat="46.78255040477961" lon="8.093530327547342"><ele>1949.6499938964844</ele></trkpt><trkpt lat="46.78253040462732" lon="8.093580326996744"><ele>1948.5</ele></trkpt><trkpt lat="46.78252040455118" lon="8.093590327072889"><ele>1948.5799865722656</ele></trkpt><trkpt lat="46.78252040455118" lon="8.093600327149034"><ele>1948.1999816894531</ele></trkpt><trkpt lat="46.78247040417045" lon="8.093650327064097"><ele>1947.0599975585938</ele></trkpt><trkpt lat="46.78246040455997" lon="8.093650327064097"><ele>1946.7999877929688</ele></trkpt><trkpt lat="46.78244040440768" lon="8.09370032697916"><ele>1946.9599914550781</ele></trkpt><trkpt lat="46.78244040440768" lon="8.093720326665789"><ele>1946.8999938964844</ele></trkpt><trkpt lat="46.78242040425539" lon="8.093730326741934"><ele>1946.7999877929688</ele></trkpt><trkpt lat="46.78240040456876" lon="8.093740326818079"><ele>1947.0299987792969</ele></trkpt><trkpt lat="46.78238040441647" lon="8.093750326894224"><ele>1947.5</ele></trkpt><trkpt lat="46.78238040441647" lon="8.093760326970369"><ele>1947.9299926757812</ele></trkpt><trkpt lat="46.78238040488213" lon="8.093780327122658"><ele>1948.7999877929688</ele></trkpt><trkpt lat="46.78238040488213" lon="8.093790327198803"><ele>1948.8299865722656</ele></trkpt><trkpt lat="46.78237040480599" lon="8.093800327274948"><ele>1949.3999938964844</ele></trkpt><trkpt lat="46.78237040480599" lon="8.093800327274948"><ele>1949.4199829101562</ele></trkpt><trkpt lat="46.78237040480599" lon="8.093820327427238"><ele>1949.8999938964844</ele></trkpt><trkpt lat="46.782340405508876" lon="8.093850327655673"><ele>1951.6999816894531</ele></trkpt><trkpt lat="46.782340405508876" lon="8.093860327731818"><ele>1951.6999816894531</ele></trkpt><trkpt lat="46.78233040543273" lon="8.093860327731818"><ele>1951.5699768066406</ele></trkpt><trkpt lat="46.78231040528044" lon="8.093860327731818"><ele>1951.0</ele></trkpt><trkpt lat="46.782280405052006" lon="8.093850327655673"><ele>1951.0</ele></trkpt><trkpt lat="46.78221040498465" lon="8.093850327190012"><ele>1948.8999938964844</ele></trkpt><trkpt lat="46.78220040490851" lon="8.093860327266157"><ele>1948.75</ele></trkpt><trkpt lat="46.78220040444285" lon="8.093860327266157"><ele>1948.1999816894531</ele></trkpt><trkpt lat="46.78219040483236" lon="8.093860327266157"><ele>1948.1699829101562</ele></trkpt><trkpt lat="46.78217040421441" lon="8.09387032687664"><ele>1947.2999877929688</ele></trkpt><trkpt lat="46.78217040421441" lon="8.093880326952785"><ele>1947.3299865722656</ele></trkpt><trkpt lat="46.78213040437549" lon="8.093940326943994"><ele>1947.0999755859375</ele></trkpt><trkpt lat="46.78213040437549" lon="8.093940326943994"><ele>1947.0899963378906</ele></trkpt><trkpt lat="46.782110404223204" lon="8.093940326943994"><ele>1947.1999816894531</ele></trkpt><trkpt lat="46.78208040446043" lon="8.093960327096283"><ele>1946.969970703125</ele></trkpt><trkpt lat="46.78206040430814" lon="8.093980326782912"><ele>1946.8999938964844</ele></trkpt><trkpt lat="46.782050404231995" lon="8.093990326859057"><ele>1947.2699890136719</ele></trkpt><trkpt lat="46.78202040446922" lon="8.094030326697975"><ele>1947.0</ele></trkpt><trkpt lat="46.78202040446922" lon="8.094030326697975"><ele>1947.0</ele></trkpt><trkpt lat="46.781920404173434" lon="8.094110326841474"><ele>1947.1999816894531</ele></trkpt><trkpt lat="46.781900404486805" lon="8.094110326841474"><ele>1946.8099975585938</ele></trkpt><trkpt lat="46.781880404334515" lon="8.094120326917619"><ele>1946.1999816894531</ele></trkpt><trkpt lat="46.78187040425837" lon="8.094140326604247"><ele>1945.739990234375</ele></trkpt><trkpt lat="46.781860404182225" lon="8.094150326680392"><ele>1945.4299926757812</ele></trkpt><trkpt lat="46.781860404182225" lon="8.094160326756537"><ele>1945.2699890136719</ele></trkpt><trkpt lat="46.78185040410608" lon="8.09417032636702"><ele>1944.5999755859375</ele></trkpt><trkpt lat="46.781840404029936" lon="8.09417032636702"><ele>1944.4499816894531</ele></trkpt><trkpt lat="46.78183040395379" lon="8.09417032636702"><ele>1944.1999816894531</ele></trkpt><trkpt lat="46.78181040333584" lon="8.094210326205939"><ele>1942.8999938964844</ele></trkpt><trkpt lat="46.781760402955115" lon="8.094290325883776"><ele>1940.1099853515625</ele></trkpt><trkpt lat="46.78175040287897" lon="8.094290325883776"><ele>1939.969970703125</ele></trkpt><trkpt lat="46.781660402193666" lon="8.094420325476676"><ele>1937.3199768066406</ele></trkpt><trkpt lat="46.781660402193666" lon="8.094430325552821"><ele>1937.2999877929688</ele></trkpt><trkpt lat="46.78163040243089" lon="8.094460325315595"><ele>1936.8999938964844</ele></trkpt><trkpt lat="46.78158040205017" lon="8.094480325002223"><ele>1935.7799987792969</ele></trkpt><trkpt lat="46.78157040197402" lon="8.094480325002223"><ele>1935.5</ele></trkpt><trkpt lat="46.78155040182173" lon="8.094500325154513"><ele>1935.0</ele></trkpt><trkpt lat="46.78154040174559" lon="8.094510324764997"><ele>1934.6999816894531</ele></trkpt><trkpt lat="46.78153040166944" lon="8.094520324841142"><ele>1934.3299865722656</ele></trkpt><trkpt lat="46.7815204015933" lon="8.094530324917287"><ele>1934.0</ele></trkpt><trkpt lat="46.78145040106028" lon="8.094610324129462"><ele>1931.0</ele></trkpt><trkpt lat="46.78143040090799" lon="8.094640324357897"><ele>1930.239990234375</ele></trkpt><trkpt lat="46.7814104007557" lon="8.094680324196815"><ele>1929.6999816894531</ele></trkpt><trkpt lat="46.78138040052727" lon="8.094710323959589"><ele>1928.4499816894531</ele></trkpt><trkpt lat="46.78134040022269" lon="8.094740323722363"><ele>1927.0</ele></trkpt><trkpt lat="46.781310399994254" lon="8.094760323408991"><ele>1926.0799865722656</ele></trkpt><trkpt lat="46.78130039991811" lon="8.094770323485136"><ele>1925.5</ele></trkpt><trkpt lat="46.781210399698466" lon="8.094830323010683"><ele>1923.5</ele></trkpt><trkpt lat="46.781190399546176" lon="8.094870322849602"><ele>1923.0999755859375</ele></trkpt><trkpt lat="46.781170399393886" lon="8.094900323078036"><ele>1922.6999816894531</ele></trkpt><trkpt lat="46.78116039931774" lon="8.094900323078036"><ele>1922.6499938964844</ele></trkpt><trkpt lat="46.7811503992416" lon="8.094900323078036"><ele>1922.5999755859375</ele></trkpt><trkpt lat="46.78112039947882" lon="8.0949503229931"><ele>1922.2099914550781</ele></trkpt><trkpt lat="46.78110039932653" lon="8.094960323069245"><ele>1922.0599975585938</ele></trkpt><trkpt lat="46.78108039917424" lon="8.094970322679728"><ele>1921.6999816894531</ele></trkpt><trkpt lat="46.78106039902195" lon="8.095010322518647"><ele>1921.3099975585938</ele></trkpt><trkpt lat="46.78106039902195" lon="8.095010322518647"><ele>1921.2999877929688</ele></trkpt><trkpt lat="46.78105039894581" lon="8.095020322594792"><ele>1921.0799865722656</ele></trkpt><trkpt lat="46.78099039848894" lon="8.095050322357565"><ele>1919.3999938964844</ele></trkpt><trkpt lat="46.780960398726165" lon="8.095070322509855"><ele>1918.5899963378906</ele></trkpt><trkpt lat="46.780960398726165" lon="8.095070322509855"><ele>1918.5499877929688</ele></trkpt><trkpt lat="46.78093039849773" lon="8.095100322272629"><ele>1917.6499938964844</ele></trkpt><trkpt lat="46.780900398269296" lon="8.095130322035402"><ele>1916.8999938964844</ele></trkpt><trkpt lat="46.78085039788857" lon="8.095140321645886"><ele>1915.5</ele></trkpt><trkpt lat="46.780800397507846" lon="8.09517032140866"><ele>1913.5</ele></trkpt><trkpt lat="46.78073039697483" lon="8.095220321323723"><ele>1911.8999938964844</ele></trkpt><trkpt lat="46.78070039721206" lon="8.095240321010351"><ele>1911.1499938964844</ele></trkpt><trkpt lat="46.78066039690748" lon="8.095270320773125"><ele>1910.3999938964844</ele></trkpt><trkpt lat="46.78060039691627" lon="8.095340320840478"><ele>1909.5699768066406</ele></trkpt><trkpt lat="46.78058039676398" lon="8.095360320992768"><ele>1909.4599914550781</ele></trkpt><trkpt lat="46.78056039661169" lon="8.095370320603251"><ele>1909.1999816894531</ele></trkpt><trkpt lat="46.78048039646819" lon="8.09543032059446"><ele>1907.9099731445312</ele></trkpt><trkpt lat="46.78044039616361" lon="8.095460320357233"><ele>1907.1999816894531</ele></trkpt><trkpt lat="46.78039039578289" lon="8.095500320196152"><ele>1906.1999816894531</ele></trkpt><trkpt lat="46.78037039609626" lon="8.095510320272297"><ele>1905.8999938964844</ele></trkpt><trkpt lat="46.780360396020114" lon="8.095530320424587"><ele>1905.6699829101562</ele></trkpt><trkpt lat="46.78035039594397" lon="8.095550320111215"><ele>1905.1999816894531</ele></trkpt><trkpt lat="46.780320395715535" lon="8.095580319873989"><ele>1904.8999938964844</ele></trkpt><trkpt lat="46.78031039563939" lon="8.095580319873989"><ele>1904.739990234375</ele></trkpt><trkpt lat="46.78031039563939" lon="8.095580319873989"><ele>1904.6999816894531</ele></trkpt><trkpt lat="46.780300395563245" lon="8.095590319950134"><ele>1904.6199951171875</ele></trkpt><trkpt lat="46.78027039580047" lon="8.095620319712907"><ele>1904.0999755859375</ele></trkpt><trkpt lat="46.78025039564818" lon="8.095630319789052"><ele>1903.9299926757812</ele></trkpt><trkpt lat="46.78025039564818" lon="8.095630319789052"><ele>1903.7999877929688</ele></trkpt><trkpt lat="46.78022039541975" lon="8.095660320017487"><ele>1903.2999877929688</ele></trkpt><trkpt lat="46.78018039511517" lon="8.095700319856405"><ele>1902.5</ele></trkpt><trkpt lat="46.78016039496288" lon="8.095720319543034"><ele>1902.0</ele></trkpt><trkpt lat="46.78012039512396" lon="8.095760319381952"><ele>1901.1999816894531</ele></trkpt><trkpt lat="46.78008039481938" lon="8.095810319297016"><ele>1900.6999816894531</ele></trkpt><trkpt lat="46.78006039466709" lon="8.095860319212079"><ele>1900.0899963378906</ele></trkpt><trkpt lat="46.780050394590944" lon="8.095890319440514"><ele>1899.7999877929688</ele></trkpt><trkpt lat="46.77991039445624" lon="8.096030319109559"><ele>1898.3999938964844</ele></trkpt><trkpt lat="46.7798803942278" lon="8.096060318872333"><ele>1897.7999877929688</ele></trkpt><trkpt lat="46.779820394236594" lon="8.096110318787396"><ele>1897.1999816894531</ele></trkpt><trkpt lat="46.77981039416045" lon="8.096110318787396"><ele>1896.97998046875</ele></trkpt><trkpt lat="46.779800394084305" lon="8.096110318787396"><ele>1896.8999938964844</ele></trkpt><trkpt lat="46.77979039400816" lon="8.09612031886354"><ele>1896.5</ele></trkpt><trkpt lat="46.77975039370358" lon="8.096170318778604"><ele>1895.6799926757812</ele></trkpt><trkpt lat="46.77973039355129" lon="8.096190318465233"><ele>1895.0999755859375</ele></trkpt><trkpt lat="46.77970039378852" lon="8.096210318617523"><ele>1894.5</ele></trkpt><trkpt lat="46.77968039363623" lon="8.096240318380296"><ele>1894.1299743652344</ele></trkpt><trkpt lat="46.77964039333165" lon="8.09627031814307"><ele>1893.5999755859375</ele></trkpt><trkpt lat="46.77959039295092" lon="8.096330318134278"><ele>1892.3099975585938</ele></trkpt><trkpt lat="46.77958039334044" lon="8.096340318210423"><ele>1892.1899719238281</ele></trkpt><trkpt lat="46.779570393264294" lon="8.096360317897052"><ele>1892.0199890136719</ele></trkpt><trkpt lat="46.779510392807424" lon="8.096460317727178"><ele>1891.0</ele></trkpt><trkpt lat="46.77950039273128" lon="8.096480317879468"><ele>1890.4399719238281</ele></trkpt><trkpt lat="46.77948039257899" lon="8.096500317566097"><ele>1889.8999938964844</ele></trkpt><trkpt lat="46.7794603924267" lon="8.096530317794532"><ele>1889.5499877929688</ele></trkpt><trkpt lat="46.77944039227441" lon="8.096560317557305"><ele>1889.0999755859375</ele></trkpt><trkpt lat="46.779430392198265" lon="8.096580317243934"><ele>1888.6299743652344</ele></trkpt><trkpt lat="46.779410392511636" lon="8.096590317320079"><ele>1888.1999816894531</ele></trkpt><trkpt lat="46.77940039196983" lon="8.096620317082852"><ele>1887.5699768066406</ele></trkpt><trkpt lat="46.779390392359346" lon="8.096640317235142"><ele>1887.2999877929688</ele></trkpt><trkpt lat="46.779370392207056" lon="8.09666031692177"><ele>1886.7699890136719</ele></trkpt><trkpt lat="46.77936039213091" lon="8.096670316997916"><ele>1886.5999755859375</ele></trkpt><trkpt lat="46.77930039167404" lon="8.096760316751897"><ele>1885.0699768066406</ele></trkpt><trkpt lat="46.77924039121717" lon="8.09681031666696"><ele>1883.8999938964844</ele></trkpt><trkpt lat="46.779200391378254" lon="8.096860316582024"><ele>1883.1999816894531</ele></trkpt><trkpt lat="46.779180391225964" lon="8.096890316344798"><ele>1883.1999816894531</ele></trkpt><trkpt lat="46.779160391073674" lon="8.096900316420943"><ele>1882.8599853515625</ele></trkpt><trkpt lat="46.77915039099753" lon="8.096900316420943"><ele>1882.8999938964844</ele></trkpt><trkpt lat="46.77915039099753" lon="8.096910316497087"><ele>1882.8099975585938</ele></trkpt><trkpt lat="46.779140391387045" lon="8.096930316649377"><ele>1882.6999816894531</ele></trkpt><trkpt lat="46.7791303913109" lon="8.096970316488296"><ele>1882.6999816894531</ele></trkpt><trkpt lat="46.77906039124355" lon="8.097070316318423"><ele>1882.3999938964844</ele></trkpt><trkpt lat="46.77904039109126" lon="8.097080316394567"><ele>1882.5</ele></trkpt><trkpt lat="46.77903039101511" lon="8.097090316470712"><ele>1882.4399719238281</ele></trkpt><trkpt lat="46.77902039093897" lon="8.097100316546857"><ele>1882.5999755859375</ele></trkpt><trkpt lat="46.778990391176194" lon="8.09713031630963"><ele>1882.5899963378906</ele></trkpt><trkpt lat="46.77890039142221" lon="8.097280316520482"><ele>1883.0999755859375</ele></trkpt><trkpt lat="46.77889039134607" lon="8.097300316672772"><ele>1882.8799743652344</ele></trkpt><trkpt lat="46.77887039119378" lon="8.097330316435546"><ele>1882.8999938964844</ele></trkpt><trkpt lat="46.77886039111763" lon="8.09736031666398"><ele>1882.739990234375</ele></trkpt><trkpt lat="46.77884039096534" lon="8.097390316426754"><ele>1882.5999755859375</ele></trkpt><trkpt lat="46.77883039135486" lon="8.097410316579044"><ele>1882.7899780273438</ele></trkpt><trkpt lat="46.77881039120257" lon="8.097450316417962"><ele>1883.0999755859375</ele></trkpt><trkpt lat="46.778800391126424" lon="8.097480316646397"><ele>1882.8199768066406</ele></trkpt><trkpt lat="46.77879039105028" lon="8.09751031640917"><ele>1882.5999755859375</ele></trkpt><trkpt lat="46.778780390974134" lon="8.097560316324234"><ele>1882.2999877929688</ele></trkpt><trkpt lat="46.77877039089799" lon="8.097580316476524"><ele>1882.1899719238281</ele></trkpt><trkpt lat="46.77875039121136" lon="8.097620316315442"><ele>1882.0</ele></trkpt><trkpt lat="46.778740391135216" lon="8.097670316230506"><ele>1881.5</ele></trkpt><trkpt lat="46.778740390669554" lon="8.09768031630665"><ele>1881.1499938964844</ele></trkpt><trkpt lat="46.77873039059341" lon="8.097810315899551"><ele>1879.0999755859375</ele></trkpt><trkpt lat="46.77871038997546" lon="8.097890315577388"><ele>1877.3999938964844</ele></trkpt><trkpt lat="46.77870038989931" lon="8.097930315416306"><ele>1876.2599792480469</ele></trkpt><trkpt lat="46.77870038989931" lon="8.097940315492451"><ele>1876.0</ele></trkpt><trkpt lat="46.77869038982317" lon="8.09798031533137"><ele>1875.4099731445312</ele></trkpt><trkpt lat="46.77869038935751" lon="8.098030315246433"><ele>1874.1999816894531</ele></trkpt><trkpt lat="46.77868038928136" lon="8.098050314933062"><ele>1873.9499816894531</ele></trkpt><trkpt lat="46.77865038905293" lon="8.098180314991623"><ele>1872.1999816894531</ele></trkpt><trkpt lat="46.77862038882449" lon="8.098360314499587"><ele>1870.0999755859375</ele></trkpt><trkpt lat="46.77862038835883" lon="8.09843031456694"><ele>1869.4499816894531</ele></trkpt><trkpt lat="46.77861038828269" lon="8.098490314092487"><ele>1868.6999816894531</ele></trkpt><trkpt lat="46.77858038805425" lon="8.098610314074904"><ele>1867.0</ele></trkpt><trkpt lat="46.7785603874363" lon="8.098750313743949"><ele>1865.0999755859375</ele></trkpt><trkpt lat="46.77848038682714" lon="8.09903031308204"><ele>1862.0</ele></trkpt><trkpt lat="46.77848038682714" lon="8.099070312920958"><ele>1861.5499877929688</ele></trkpt><trkpt lat="46.778470386750996" lon="8.099080312997103"><ele>1861.3999938964844</ele></trkpt><trkpt lat="46.77846038667485" lon="8.099120312836021"><ele>1860.8999938964844</ele></trkpt><trkpt lat="46.778450386598706" lon="8.099150313064456"><ele>1860.5899963378906</ele></trkpt><trkpt lat="46.778430386446416" lon="8.099240312818438"><ele>1859.6999816894531</ele></trkpt><trkpt lat="46.77842038637027" lon="8.099250312894583"><ele>1859.5899963378906</ele></trkpt><trkpt lat="46.7783903866075" lon="8.099310312885791"><ele>1859.1999816894531</ele></trkpt><trkpt lat="46.77835038630292" lon="8.099410312715918"><ele>1858.5999755859375</ele></trkpt><trkpt lat="46.77829038631171" lon="8.09954031277448"><ele>1858.1899719238281</ele></trkpt><trkpt lat="46.778260386083275" lon="8.099590312689543"><ele>1858.0</ele></trkpt><trkpt lat="46.7782303863205" lon="8.099560312461108"><ele>1858.2999877929688</ele></trkpt><trkpt lat="46.77817038586363" lon="8.0995003124699"><ele>1856.47998046875</ele></trkpt><trkpt lat="46.77813038555905" lon="8.09946031216532"><ele>1855.6999816894531</ele></trkpt><trkpt lat="46.77800038503483" lon="8.099240311421454"><ele>1851.5999755859375</ele></trkpt><trkpt lat="46.77795038418844" lon="8.09919031104073"><ele>1849.5</ele></trkpt><trkpt lat="46.77795038418844" lon="8.099180310964584"><ele>1848.989990234375</ele></trkpt><trkpt lat="46.777930384036154" lon="8.09915031073615"><ele>1848.3999938964844</ele></trkpt><trkpt lat="46.77792038396001" lon="8.09913031058386"><ele>1847.2699890136719</ele></trkpt><trkpt lat="46.77792038396001" lon="8.09913031058386"><ele>1847.3999938964844</ele></trkpt><trkpt lat="46.777890383731574" lon="8.09911031043157"><ele>1846.5399780273438</ele></trkpt><trkpt lat="46.777890383731574" lon="8.09911031043157"><ele>1846.5299987792969</ele></trkpt><trkpt lat="46.777890383731574" lon="8.09911031043157"><ele>1846.4399719238281</ele></trkpt><trkpt lat="46.77788038365543" lon="8.099090310744941"><ele>1846.5</ele></trkpt><trkpt lat="46.77788038365543" lon="8.099060310516506"><ele>1845.5999755859375</ele></trkpt><trkpt lat="46.777870383579284" lon="8.099030310288072"><ele>1844.6999816894531</ele></trkpt><trkpt lat="46.77783038280904" lon="8.098950309678912"><ele>1841.9599914550781</ele></trkpt><trkpt lat="46.7778203827329" lon="8.098900309763849"><ele>1841.1999816894531</ele></trkpt><trkpt lat="46.77779038250446" lon="8.098860309459269"><ele>1840.0999755859375</ele></trkpt><trkpt lat="46.7777903820388" lon="8.09884030930698"><ele>1838.989990234375</ele></trkpt><trkpt lat="46.77778038242832" lon="8.09882030962035"><ele>1839.0</ele></trkpt><trkpt lat="46.77778038196266" lon="8.09882030915469"><ele>1838.4499816894531</ele></trkpt><trkpt lat="46.77775038173422" lon="8.098760309163481"><ele>1837.0</ele></trkpt><trkpt lat="46.77773038158193" lon="8.098730308935046"><ele>1835.7999877929688</ele></trkpt><trkpt lat="46.77771038142964" lon="8.098720308858901"><ele>1834.7999877929688</ele></trkpt><trkpt lat="46.7777003813535" lon="8.098720308858901"><ele>1834.489990234375</ele></trkpt><trkpt lat="46.77769038127735" lon="8.09872030839324"><ele>1834.1999816894531</ele></trkpt><trkpt lat="46.77769038127735" lon="8.09872030839324"><ele>1834.1799926757812</ele></trkpt><trkpt lat="46.77764038136229" lon="8.09876030869782"><ele>1833.6999816894531</ele></trkpt><trkpt lat="46.777610381133854" lon="8.098770308308303"><ele>1833.3999938964844</ele></trkpt><trkpt lat="46.77758038090542" lon="8.098770308308303"><ele>1832.8999938964844</ele></trkpt><trkpt lat="46.777570380829275" lon="8.098780308384448"><ele>1832.6999816894531</ele></trkpt><trkpt lat="46.777550381142646" lon="8.098810308147222"><ele>1832.6999816894531</ele></trkpt><trkpt lat="46.777530380990356" lon="8.098810308147222"><ele>1832.1099853515625</ele></trkpt><trkpt lat="46.77749038068578" lon="8.098830308299512"><ele>1831.1299743652344</ele></trkpt><trkpt lat="46.77746038045734" lon="8.09883030783385"><ele>1830.7999877929688</ele></trkpt><trkpt lat="46.77739038038999" lon="8.098860308062285"><ele>1830.2999877929688</ele></trkpt><trkpt lat="46.777360380161554" lon="8.09885030798614"><ele>1829.4099731445312</ele></trkpt><trkpt lat="46.77733038039878" lon="8.098840307909995"><ele>1829.5</ele></trkpt><trkpt lat="46.777300380170345" lon="8.098860307596624"><ele>1828.5399780273438</ele></trkpt><trkpt lat="46.77727037994191" lon="8.098880307748914"><ele>1828.3999938964844</ele></trkpt><trkpt lat="46.77725037978962" lon="8.098880307748914"><ele>1827.7899780273438</ele></trkpt><trkpt lat="46.77722038002685" lon="8.098880307748914"><ele>1827.8999938964844</ele></trkpt><trkpt lat="46.77715037949383" lon="8.098840307444334"><ele>1826.1999816894531</ele></trkpt><trkpt lat="46.777110379654914" lon="8.098850307054818"><ele>1825.969970703125</ele></trkpt><trkpt lat="46.777070379350334" lon="8.098850307054818"><ele>1825.5</ele></trkpt><trkpt lat="46.777050379663706" lon="8.098850307054818"><ele>1825.4399719238281</ele></trkpt><trkpt lat="46.77704037958756" lon="8.098850307054818"><ele>1825.3999938964844</ele></trkpt><trkpt lat="46.77702037943527" lon="8.098870307207108"><ele>1825.0</ele></trkpt><trkpt lat="46.77697037952021" lon="8.098880306817591"><ele>1824.5999755859375</ele></trkpt><trkpt lat="46.77694037929177" lon="8.098880306817591"><ele>1824.1999816894531</ele></trkpt><trkpt lat="46.77691037906334" lon="8.098900306969881"><ele>1823.6899719238281</ele></trkpt><trkpt lat="46.776880379300565" lon="8.098920307122171"><ele>1823.7999877929688</ele></trkpt><trkpt lat="46.77687037922442" lon="8.098930306732655"><ele>1823.5299987792969</ele></trkpt><trkpt lat="46.776860379148275" lon="8.09896030696109"><ele>1823.5999755859375</ele></trkpt><trkpt lat="46.77686037868261" lon="8.099030306562781"><ele>1822.6699829101562</ele></trkpt><trkpt lat="46.77685037907213" lon="8.099030306562781"><ele>1823.0</ele></trkpt><trkpt lat="46.77685037907213" lon="8.099040306638926"><ele>1822.5699768066406</ele></trkpt><trkpt lat="46.77685037907213" lon="8.099050306715071"><ele>1822.8799743652344</ele></trkpt><trkpt lat="46.77683037891984" lon="8.09909030655399"><ele>1822.5</ele></trkpt><trkpt lat="46.77681037876755" lon="8.09911030670628"><ele>1822.2999877929688</ele></trkpt><trkpt lat="46.77675037877634" lon="8.099140306469053"><ele>1821.1999816894531</ele></trkpt><trkpt lat="46.77671037847176" lon="8.099180306307971"><ele>1820.3799743652344</ele></trkpt><trkpt lat="46.77669037831947" lon="8.099190306384116"><ele>1820.3999938964844</ele></trkpt><trkpt lat="46.77668037824333" lon="8.099210306536406"><ele>1820.1999816894531</ele></trkpt><trkpt lat="46.77666037809104" lon="8.099290306214243"><ele>1819.7999877929688</ele></trkpt><trkpt lat="46.77665037801489" lon="8.099350306205451"><ele>1818.5999755859375</ele></trkpt><trkpt lat="46.77661037771031" lon="8.099380305968225"><ele>1817.6999816894531</ele></trkpt><trkpt lat="46.77654037764296" lon="8.099440305959433"><ele>1817.0</ele></trkpt><trkpt lat="46.776510377880186" lon="8.099450305569917"><ele>1816.6999816894531</ele></trkpt><trkpt lat="46.776300377212465" lon="8.099520305171609"><ele>1814.0</ele></trkpt><trkpt lat="46.77629037713632" lon="8.099550305400044"><ele>1813.6099853515625</ele></trkpt><trkpt lat="46.776280377060175" lon="8.099560305476189"><ele>1813.5</ele></trkpt><trkpt lat="46.776240376755595" lon="8.099560305010527"><ele>1812.7999877929688</ele></trkpt><trkpt lat="46.776220376603305" lon="8.099620305001736"><ele>1812.1999816894531</ele></trkpt><trkpt lat="46.776220376603305" lon="8.099620305001736"><ele>1812.3099975585938</ele></trkpt><trkpt lat="46.77620037691668" lon="8.09961030492559"><ele>1812.1999816894531</ele></trkpt><trkpt lat="46.77611037623137" lon="8.099550304934382"><ele>1810.5999755859375</ele></trkpt><trkpt lat="46.776070376392454" lon="8.099540304392576"><ele>1809.5099792480469</ele></trkpt><trkpt lat="46.77604037616402" lon="8.099530304782093"><ele>1809.3999938964844</ele></trkpt><trkpt lat="46.776010375935584" lon="8.099530304316431"><ele>1808.8999938964844</ele></trkpt><trkpt lat="46.77598037570715" lon="8.099540304392576"><ele>1807.6899719238281</ele></trkpt><trkpt lat="46.775970376096666" lon="8.099550304468721"><ele>1807.8999938964844</ele></trkpt><trkpt lat="46.775950375944376" lon="8.099560304079205"><ele>1807.5</ele></trkpt><trkpt lat="46.77594037586823" lon="8.099560304079205"><ele>1807.0699768066406</ele></trkpt><trkpt lat="46.775930375792086" lon="8.099560304079205"><ele>1807.2999877929688</ele></trkpt><trkpt lat="46.77588037541136" lon="8.099530304316431"><ele>1806.4399719238281</ele></trkpt><trkpt lat="46.77587037533522" lon="8.099520304240286"><ele>1806.22998046875</ele></trkpt><trkpt lat="46.77587037533522" lon="8.09953030385077"><ele>1806.1999816894531</ele></trkpt><trkpt lat="46.77586037572473" lon="8.09953030385077"><ele>1806.2999877929688</ele></trkpt><trkpt lat="46.77586037572473" lon="8.099540303926915"><ele>1806.1099853515625</ele></trkpt><trkpt lat="46.77585037564859" lon="8.099580303765833"><ele>1805.7999877929688</ele></trkpt><trkpt lat="46.77585037518293" lon="8.099590303841978"><ele>1805.6499938964844</ele></trkpt><trkpt lat="46.7758303754963" lon="8.099600303918123"><ele>1805.5</ele></trkpt><trkpt lat="46.77582037542015" lon="8.099600303918123"><ele>1805.0199890136719</ele></trkpt><trkpt lat="46.77582037542015" lon="8.099600303918123"><ele>1805.0</ele></trkpt><trkpt lat="46.77576037496328" lon="8.099520303774625"><ele>1803.7999877929688</ele></trkpt><trkpt lat="46.775740375276655" lon="8.09951030369848"><ele>1804.0099792480469</ele></trkpt><trkpt lat="46.77573037520051" lon="8.099500303622335"><ele>1803.75</ele></trkpt><trkpt lat="46.77571037504822" lon="8.099500303622335"><ele>1803.25</ele></trkpt><trkpt lat="46.775680374819785" lon="8.099540303461254"><ele>1802.6999816894531</ele></trkpt><trkpt lat="46.775640374515206" lon="8.099580303300172"><ele>1802.0</ele></trkpt><trkpt lat="46.775640374515206" lon="8.099580303300172"><ele>1801.8999938964844</ele></trkpt><trkpt lat="46.77563037490472" lon="8.099580303300172"><ele>1802.2999877929688</ele></trkpt><trkpt lat="46.77561037475243" lon="8.099540303461254"><ele>1801.3999938964844</ele></trkpt><trkpt lat="46.77559037460014" lon="8.099520303308964"><ele>1800.8999938964844</ele></trkpt><trkpt lat="46.77559037460014" lon="8.099520303308964"><ele>1800.8099975585938</ele></trkpt><trkpt lat="46.775580374524" lon="8.099520303308964"><ele>1800.6999816894531</ele></trkpt><trkpt lat="46.77557037444785" lon="8.099520303308964"><ele>1800.5999755859375</ele></trkpt><trkpt lat="46.77555037429556" lon="8.099540302995592"><ele>1800.5999755859375</ele></trkpt><trkpt lat="46.77554037421942" lon="8.099550303071737"><ele>1800.3999938964844</ele></trkpt><trkpt lat="46.77553037414327" lon="8.099550303071737"><ele>1800.2999877929688</ele></trkpt><trkpt lat="46.77550037391484" lon="8.099510302767158"><ele>1799.25</ele></trkpt><trkpt lat="46.77548037422821" lon="8.099490303080529"><ele>1799.2999877929688</ele></trkpt><trkpt lat="46.775430373847485" lon="8.099380302708596"><ele>1796.97998046875</ele></trkpt><trkpt lat="46.77542037377134" lon="8.099370302632451"><ele>1797.5</ele></trkpt><trkpt lat="46.77540037361905" lon="8.099360302556306"><ele>1797.0999755859375</ele></trkpt><trkpt lat="46.77532037347555" lon="8.099320302251726"><ele>1795.8399963378906</ele></trkpt><trkpt lat="46.77530037332326" lon="8.099320302251726"><ele>1795.8999938964844</ele></trkpt><trkpt lat="46.77527037309483" lon="8.099280301947147"><ele>1794.7999877929688</ele></trkpt><trkpt lat="46.77526037301868" lon="8.099260302260518"><ele>1795.0999755859375</ele></trkpt><trkpt lat="46.77523037279025" lon="8.099260301794857"><ele>1793.9399719238281</ele></trkpt><trkpt lat="46.77523037279025" lon="8.099260301794857"><ele>1793.8999938964844</ele></trkpt><trkpt lat="46.77519037295133" lon="8.099280301947147"><ele>1793.5</ele></trkpt><trkpt lat="46.77515037264675" lon="8.099320301786065"><ele>1792.5499877929688</ele></trkpt><trkpt lat="46.775140372570604" lon="8.09933030186221"><ele>1792.8999938964844</ele></trkpt><trkpt lat="46.77513037249446" lon="8.099340301938355"><ele>1792.5</ele></trkpt><trkpt lat="46.775100372731686" lon="8.099340301938355"><ele>1792.2999877929688</ele></trkpt><trkpt lat="46.77507037250325" lon="8.099330301396549"><ele>1791.1499938964844</ele></trkpt><trkpt lat="46.775040372274816" lon="8.099330301396549"><ele>1791.3999938964844</ele></trkpt><trkpt lat="46.77503037219867" lon="8.099340301472694"><ele>1789.72998046875</ele></trkpt><trkpt lat="46.775000371970236" lon="8.099350301083177"><ele>1789.2999877929688</ele></trkpt><trkpt lat="46.77495037158951" lon="8.09940030099824"><ele>1787.8999938964844</ele></trkpt><trkpt lat="46.77492037182674" lon="8.09944030083716"><ele>1787.7999877929688</ele></trkpt><trkpt lat="46.77491037175059" lon="8.099460300989449"><ele>1787.5899963378906</ele></trkpt><trkpt lat="46.77490037167445" lon="8.099480301141739"><ele>1788.0</ele></trkpt><trkpt lat="46.7748903715983" lon="8.099490301217884"><ele>1787.8999938964844</ele></trkpt><trkpt lat="46.77488037198782" lon="8.099490301217884"><ele>1788.0999755859375</ele></trkpt><trkpt lat="46.774850371759385" lon="8.099470301065594"><ele>1787.6999816894531</ele></trkpt><trkpt lat="46.774830371607095" lon="8.099460300989449"><ele>1787.1799926757812</ele></trkpt><trkpt lat="46.774810371920466" lon="8.099450300913304"><ele>1787.6999816894531</ele></trkpt><trkpt lat="46.77478037169203" lon="8.099430300761014"><ele>1787.2999877929688</ele></trkpt><trkpt lat="46.77477037161589" lon="8.09940030099824"><ele>1786.7999877929688</ele></trkpt><trkpt lat="46.77476037153974" lon="8.099370300769806"><ele>1785.7999877929688</ele></trkpt><trkpt lat="46.774750370997936" lon="8.099370300769806"><ele>1785.2099914550781</ele></trkpt><trkpt lat="46.77474037138745" lon="8.099360300693661"><ele>1785.5</ele></trkpt><trkpt lat="46.77470037108287" lon="8.099370300304145"><ele>1783.8999938964844</ele></trkpt><trkpt lat="46.774640370626" lon="8.099420300219208"><ele>1782.22998046875</ele></trkpt><trkpt lat="46.77457037055865" lon="8.099490300286561"><ele>1781.8999938964844</ele></trkpt><trkpt lat="46.774560370482504" lon="8.0994902998209"><ele>1781.5699768066406</ele></trkpt><trkpt lat="46.77453037025407" lon="8.099500299897045"><ele>1781.5</ele></trkpt><trkpt lat="46.774520370643586" lon="8.09951029997319"><ele>1781.5</ele></trkpt><trkpt lat="46.77451037056744" lon="8.099520300049335"><ele>1781.3999938964844</ele></trkpt><trkpt lat="46.77447037026286" lon="8.09951029997319"><ele>1780.2599792480469</ele></trkpt><trkpt lat="46.77445037011057" lon="8.099500299897045"><ele>1780.3999938964844</ele></trkpt><trkpt lat="46.77442036988214" lon="8.099480299744755"><ele>1779.5</ele></trkpt><trkpt lat="46.77442036988214" lon="8.09947029966861"><ele>1779.3999938964844</ele></trkpt><trkpt lat="46.77440037019551" lon="8.099460299592465"><ele>1779.5</ele></trkpt><trkpt lat="46.77437036996707" lon="8.099420299753547"><ele>1779.8999938964844</ele></trkpt><trkpt lat="46.77437036996707" lon="8.099410299677402"><ele>1779.9399719238281</ele></trkpt><trkpt lat="46.77436036989093" lon="8.099400299601257"><ele>1779.7999877929688</ele></trkpt><trkpt lat="46.774350370280445" lon="8.099400299601257"><ele>1780.0099792480469</ele></trkpt><trkpt lat="46.774350370280445" lon="8.099400299601257"><ele>1779.969970703125</ele></trkpt><trkpt lat="46.7743403702043" lon="8.099400299601257"><ele>1779.7999877929688</ele></trkpt><trkpt lat="46.77432037005201" lon="8.09943029936403"><ele>1778.4099731445312</ele></trkpt><trkpt lat="46.77430036989972" lon="8.099460299592465"><ele>1778.1999816894531</ele></trkpt><trkpt lat="46.774270369671285" lon="8.099490299355239"><ele>1777.4099731445312</ele></trkpt><trkpt lat="46.77426036959514" lon="8.099510299507529"><ele>1777.2599792480469</ele></trkpt><trkpt lat="46.774250369518995" lon="8.099510299507529"><ele>1777.2999877929688</ele></trkpt><trkpt lat="46.774250369518995" lon="8.099510299041867"><ele>1776.989990234375</ele></trkpt><trkpt lat="46.774230369366705" lon="8.099510299041867"><ele>1776.5999755859375</ele></trkpt><trkpt lat="46.774190369062126" lon="8.099470299202949"><ele>1775.7999877929688</ele></trkpt><trkpt lat="46.7741703693755" lon="8.099450299050659"><ele>1775.6999816894531</ele></trkpt><trkpt lat="46.77414036914706" lon="8.099450299050659"><ele>1775.6999816894531</ele></trkpt><trkpt lat="46.77414036914706" lon="8.099460299126804"><ele>1775.6999816894531</ele></trkpt><trkpt lat="46.77413036907092" lon="8.099460299126804"><ele>1775.1999816894531</ele></trkpt><trkpt lat="46.774120369460434" lon="8.099470299202949"><ele>1775.5399780273438</ele></trkpt><trkpt lat="46.77412036899477" lon="8.099460299126804"><ele>1775.5</ele></trkpt><trkpt lat="46.774090369232" lon="8.099380298983306"><ele>1774.7999877929688</ele></trkpt><trkpt lat="46.774060369003564" lon="8.099340298678726"><ele>1774.1999816894531</ele></trkpt><trkpt lat="46.774060369003564" lon="8.099340298678726"><ele>1774.0</ele></trkpt><trkpt lat="46.77405036892742" lon="8.099340298678726"><ele>1773.5699768066406</ele></trkpt><trkpt lat="46.77405036892742" lon="8.099350298754871"><ele>1773.5999755859375</ele></trkpt><trkpt lat="46.774020368698984" lon="8.0993702984415"><ele>1773.1999816894531</ele></trkpt><trkpt lat="46.77401036862284" lon="8.099360298365355"><ele>1773.0299987792969</ele></trkpt><trkpt lat="46.774000368546695" lon="8.099350298754871"><ele>1773.0999755859375</ele></trkpt><trkpt lat="46.774000368546695" lon="8.099360298365355"><ele>1772.969970703125</ele></trkpt><trkpt lat="46.77399036893621" lon="8.0993702984415"><ele>1773.0999755859375</ele></trkpt><trkpt lat="46.77397036878392" lon="8.09939029859379"><ele>1772.4399719238281</ele></trkpt><trkpt lat="46.773960368707776" lon="8.09939029859379"><ele>1772.6999816894531</ele></trkpt><trkpt lat="46.77395036863163" lon="8.099420298356563"><ele>1772.0099792480469</ele></trkpt><trkpt lat="46.773940368555486" lon="8.099440298508853"><ele>1772.0999755859375</ele></trkpt><trkpt lat="46.77391036832705" lon="8.099480298347771"><ele>1771.6999816894531</ele></trkpt><trkpt lat="46.77390036825091" lon="8.099480298347771"><ele>1771.5999755859375</ele></trkpt><trkpt lat="46.77388036856428" lon="8.099460298195481"><ele>1771.5999755859375</ele></trkpt><trkpt lat="46.77388036856428" lon="8.099420298356563"><ele>1771.7699890136719</ele></trkpt><trkpt lat="46.77387036848813" lon="8.099380298517644"><ele>1771.5999755859375</ele></trkpt><trkpt lat="46.7738403682597" lon="8.099340298213065"><ele>1771.469970703125</ele></trkpt><trkpt lat="46.77382036810741" lon="8.099300298374146"><ele>1770.8999938964844</ele></trkpt><trkpt lat="46.77380036795512" lon="8.099210298154503"><ele>1769.6699829101562</ele></trkpt><trkpt lat="46.77380036795512" lon="8.099190298002213"><ele>1769.3999938964844</ele></trkpt><trkpt lat="46.77378036780283" lon="8.099170297849923"><ele>1769.0</ele></trkpt><trkpt lat="46.773730367887765" lon="8.099110297858715"><ele>1767.8999938964844</ele></trkpt><trkpt lat="46.773730367887765" lon="8.099110297858715"><ele>1767.8899841308594</ele></trkpt><trkpt lat="46.77370036765933" lon="8.099090297706425"><ele>1767.2999877929688</ele></trkpt><trkpt lat="46.77366036735475" lon="8.099050297401845"><ele>1766.1999816894531</ele></trkpt><trkpt lat="46.77362036705017" lon="8.099010297097266"><ele>1765.2699890136719</ele></trkpt><trkpt lat="46.77362036705017" lon="8.099010297097266"><ele>1765.3999938964844</ele></trkpt><trkpt lat="46.77360036736354" lon="8.09902029717341"><ele>1765.4499816894531</ele></trkpt><trkpt lat="46.77360036736354" lon="8.09902029717341"><ele>1765.5999755859375</ele></trkpt><trkpt lat="46.7735903672874" lon="8.09902029717341"><ele>1765.1999816894531</ele></trkpt><trkpt lat="46.77358036721125" lon="8.099010297097266"><ele>1765.219970703125</ele></trkpt><trkpt lat="46.77357036713511" lon="8.099010297097266"><ele>1764.8999938964844</ele></trkpt><trkpt lat="46.77357036713511" lon="8.099010297097266"><ele>1764.6999816894531</ele></trkpt><trkpt lat="46.77357036713511" lon="8.09900029702112"><ele>1764.5799865722656</ele></trkpt><trkpt lat="46.77357036713511" lon="8.098990297410637"><ele>1764.5</ele></trkpt><trkpt lat="46.773570366669446" lon="8.098990296944976"><ele>1764.0799865722656</ele></trkpt><trkpt lat="46.7735603665933" lon="8.098980296868831"><ele>1763.6999816894531</ele></trkpt><trkpt lat="46.77354036690667" lon="8.098970296792686"><ele>1763.5</ele></trkpt><trkpt lat="46.77351036667824" lon="8.098970296792686"><ele>1763.5</ele></trkpt><trkpt lat="46.77347036683932" lon="8.098980296868831"><ele>1764.0</ele></trkpt><trkpt lat="46.77345036668703" lon="8.098980296868831"><ele>1764.0</ele></trkpt><trkpt lat="46.77345036668703" lon="8.098980296868831"><ele>1763.9299926757812</ele></trkpt><trkpt lat="46.77345036668703" lon="8.098970297258347"><ele>1764.0</ele></trkpt><trkpt lat="46.77337036700919" lon="8.098890297114849"><ele>1764.3999938964844</ele></trkpt><trkpt lat="46.77334036678076" lon="8.09883029712364"><ele>1764.0999755859375</ele></trkpt><trkpt lat="46.77328036678955" lon="8.098730296827853"><ele>1763.2999877929688</ele></trkpt><trkpt lat="46.77320036664605" lon="8.098670296836644"><ele>1762.5999755859375</ele></trkpt><trkpt lat="46.77315036626533" lon="8.098620296921581"><ele>1762.0</ele></trkpt><trkpt lat="46.77312036650255" lon="8.098610296845436"><ele>1762.5999755859375</ele></trkpt><trkpt lat="46.77311036642641" lon="8.098610296845436"><ele>1762.4099731445312</ele></trkpt><trkpt lat="46.77309036673978" lon="8.098620296921581"><ele>1762.489990234375</ele></trkpt><trkpt lat="46.77309036673978" lon="8.098620296921581"><ele>1762.7999877929688</ele></trkpt><trkpt lat="46.77310036635026" lon="8.098690296523273"><ele>1761.9199829101562</ele></trkpt><trkpt lat="46.77311036642641" lon="8.098730296827853"><ele>1762.1999816894531</ele></trkpt><trkpt lat="46.77310036635026" lon="8.098790296819061"><ele>1761.0599975585938</ele></trkpt><trkpt lat="46.77310036635026" lon="8.098940296564251"><ele>1760.5999755859375</ele></trkpt><trkpt lat="46.7731003658846" lon="8.09896029625088"><ele>1759.4299926757812</ele></trkpt><trkpt lat="46.77309036580846" lon="8.09900029655546"><ele>1759.5999755859375</ele></trkpt><trkpt lat="46.77309036580846" lon="8.099010296165943"><ele>1759.1299743652344</ele></trkpt><trkpt lat="46.77308036573231" lon="8.099050296470523"><ele>1759.2999877929688</ele></trkpt><trkpt lat="46.77304036542773" lon="8.099100295919925"><ele>1757.8999938964844</ele></trkpt><trkpt lat="46.77303036535159" lon="8.09911029599607"><ele>1757.22998046875</ele></trkpt><trkpt lat="46.7730103651993" lon="8.099120296072215"><ele>1756.8199768066406</ele></trkpt><trkpt lat="46.773000365588814" lon="8.09913029614836"><ele>1757.3999938964844</ele></trkpt><trkpt lat="46.772980365436524" lon="8.099200295750052"><ele>1756.1999816894531</ele></trkpt><trkpt lat="46.772960365284234" lon="8.099230295512825"><ele>1755.4099731445312</ele></trkpt><trkpt lat="46.772960365284234" lon="8.099230295512825"><ele>1755.3999938964844</ele></trkpt><trkpt lat="46.772940365131944" lon="8.09926029574126"><ele>1755.25</ele></trkpt><trkpt lat="46.7729303650558" lon="8.099290295969695"><ele>1755.6999816894531</ele></trkpt><trkpt lat="46.77289036521688" lon="8.099360295571387"><ele>1755.2999877929688</ele></trkpt><trkpt lat="46.77287036459893" lon="8.099360295571387"><ele>1753.8899841308594</ele></trkpt><trkpt lat="46.772860364988446" lon="8.099360295571387"><ele>1754.5</ele></trkpt><trkpt lat="46.77283036476001" lon="8.09939029533416"><ele>1754.0999755859375</ele></trkpt><trkpt lat="46.77277036430314" lon="8.099410295020789"><ele>1752.0</ele></trkpt><trkpt lat="46.77273036446422" lon="8.099420295096934"><ele>1752.0999755859375</ele></trkpt><trkpt lat="46.77270036423579" lon="8.099430295173079"><ele>1751.0999755859375</ele></trkpt><trkpt lat="46.772650364320725" lon="8.099470295011997"><ele>1751.0999755859375</ele></trkpt><trkpt lat="46.772610364016145" lon="8.099480295088142"><ele>1750.2999877929688</ele></trkpt><trkpt lat="46.77260036394" lon="8.09948029462248"><ele>1749.7799987792969</ele></trkpt><trkpt lat="46.77258036378771" lon="8.099450294859707"><ele>1749.1999816894531</ele></trkpt><trkpt lat="46.77254036348313" lon="8.099440294783562"><ele>1748.5</ele></trkpt><trkpt lat="46.7725203637965" lon="8.099430294707417"><ele>1748.8999938964844</ele></trkpt><trkpt lat="46.77247036341578" lon="8.099400294478983"><ele>1747.7999877929688</ele></trkpt><trkpt lat="46.772360363043845" lon="8.099370294250548"><ele>1745.8999938964844</ele></trkpt><trkpt lat="46.77231036312878" lon="8.099370293784887"><ele>1744.9599914550781</ele></trkpt><trkpt lat="46.77223036251962" lon="8.099370293784887"><ele>1743.7799987792969</ele></trkpt><trkpt lat="46.77221036283299" lon="8.099370293784887"><ele>1743.5</ele></trkpt><trkpt lat="46.7721903626807" lon="8.09938029339537"><ele>1742.6799926757812</ele></trkpt><trkpt lat="46.7721903626807" lon="8.09938029339537"><ele>1742.5899963378906</ele></trkpt><trkpt lat="46.77218036260456" lon="8.09938029339537"><ele>1742.4099731445312</ele></trkpt><trkpt lat="46.77212036214769" lon="8.099390293471515"><ele>1741.0</ele></trkpt><trkpt lat="46.77208036184311" lon="8.099420293234289"><ele>1739.7599792480469</ele></trkpt><trkpt lat="46.772070361766964" lon="8.099430293310434"><ele>1739.5999755859375</ele></trkpt><trkpt lat="46.77202036138624" lon="8.099450292997062"><ele>1738.219970703125</ele></trkpt><trkpt lat="46.77200036123395" lon="8.099460292607546"><ele>1737.5999755859375</ele></trkpt><trkpt lat="46.77198036154732" lon="8.099480292759836"><ele>1737.0999755859375</ele></trkpt><trkpt lat="46.771970361005515" lon="8.09949029237032"><ele>1736.4599914550781</ele></trkpt><trkpt lat="46.77196036092937" lon="8.099520292598754"><ele>1736.0</ele></trkpt><trkpt lat="46.771930360700935" lon="8.099540292285383"><ele>1734.9099731445312</ele></trkpt><trkpt lat="46.771910360548645" lon="8.099550292361528"><ele>1734.22998046875</ele></trkpt><trkpt lat="46.771890360396355" lon="8.099560291972011"><ele>1733.2999877929688</ele></trkpt><trkpt lat="46.77188036032021" lon="8.099560291972011"><ele>1733.1599731445312</ele></trkpt><trkpt lat="46.77187036070973" lon="8.099560291972011"><ele>1733.0999755859375</ele></trkpt><trkpt lat="46.77180036017671" lon="8.099640291649848"><ele>1731.7999877929688</ele></trkpt><trkpt lat="46.77179036010057" lon="8.099650291725993"><ele>1731.3399963378906</ele></trkpt><trkpt lat="46.77178036002442" lon="8.099670291878283"><ele>1731.5</ele></trkpt><trkpt lat="46.77173036010936" lon="8.099710291717201"><ele>1730.7999877929688</ele></trkpt><trkpt lat="46.771720360033214" lon="8.099720291793346"><ele>1731.0</ele></trkpt><trkpt lat="46.771700359880924" lon="8.09975029155612"><ele>1731.0099792480469</ele></trkpt><trkpt lat="46.77167036011815" lon="8.099800291936845"><ele>1731.1999816894531</ele></trkpt><trkpt lat="46.771640359889716" lon="8.099820291623473"><ele>1730.5399780273438</ele></trkpt><trkpt lat="46.77161036012694" lon="8.099850291386247"><ele>1730.0999755859375</ele></trkpt><trkpt lat="46.77159035997465" lon="8.099880291614681"><ele>1729.5499877929688</ele></trkpt><trkpt lat="46.77158035989851" lon="8.099910291377455"><ele>1729.1999816894531</ele></trkpt><trkpt lat="46.77156035974622" lon="8.099930291064084"><ele>1728.3499755859375</ele></trkpt><trkpt lat="46.77155035920441" lon="8.099940291140229"><ele>1727.6999816894531</ele></trkpt><trkpt lat="46.77155035967007" lon="8.099940291140229"><ele>1728.0</ele></trkpt><trkpt lat="46.77151035936549" lon="8.10003029089421"><ele>1727.1999816894531</ele></trkpt><trkpt lat="46.77151035936549" lon="8.10003029089421"><ele>1726.97998046875</ele></trkpt><trkpt lat="46.77151035936549" lon="8.100040290970355"><ele>1727.0</ele></trkpt><trkpt lat="46.77151035936549" lon="8.10007029119879"><ele>1726.7999877929688</ele></trkpt><trkpt lat="46.77151035936549" lon="8.100080290809274"><ele>1726.5699768066406</ele></trkpt><trkpt lat="46.77155035920441" lon="8.100150290876627"><ele>1726.8999938964844</ele></trkpt><trkpt lat="46.77157035889104" lon="8.10020029079169"><ele>1726.0999755859375</ele></trkpt><trkpt lat="46.771580358967185" lon="8.10024029109627"><ele>1726.0999755859375</ele></trkpt><trkpt lat="46.771580358967185" lon="8.100270290859044"><ele>1725.7999877929688</ele></trkpt><trkpt lat="46.77157035889104" lon="8.100280290935189"><ele>1725.6299743652344</ele></trkpt><trkpt lat="46.77157035889104" lon="8.100290291011333"><ele>1725.5999755859375</ele></trkpt><trkpt lat="46.77153035905212" lon="8.100320290774107"><ele>1725.0</ele></trkpt><trkpt lat="46.77151035889983" lon="8.100330290850252"><ele>1724.239990234375</ele></trkpt><trkpt lat="46.77149035874754" lon="8.100340290460736"><ele>1723.7999877929688</ele></trkpt><trkpt lat="46.77146035851911" lon="8.10035029053688"><ele>1722.989990234375</ele></trkpt><trkpt lat="46.77144035836682" lon="8.100360290147364"><ele>1722.5999755859375</ele></trkpt><trkpt lat="46.77141035813838" lon="8.100370290223509"><ele>1721.5999755859375</ele></trkpt><trkpt lat="46.77140035806224" lon="8.100390290375799"><ele>1721.2999877929688</ele></trkpt><trkpt lat="46.7713703578338" lon="8.100450289901346"><ele>1721.0</ele></trkpt><trkpt lat="46.77134035760537" lon="8.10048029012978"><ele>1719.8999938964844</ele></trkpt><trkpt lat="46.77134035760537" lon="8.10050028981641"><ele>1719.3599853515625</ele></trkpt><trkpt lat="46.77133035752922" lon="8.1005202899687"><ele>1719.2999877929688</ele></trkpt><trkpt lat="46.77134035760537" lon="8.100560289807618"><ele>1718.75</ele></trkpt><trkpt lat="46.77134035760537" lon="8.100580289959908"><ele>1718.7999877929688</ele></trkpt><trkpt lat="46.77134035760537" lon="8.100590289570391"><ele>1718.6299743652344</ele></trkpt><trkpt lat="46.77136035775766" lon="8.100630289874971"><ele>1719.3999938964844</ele></trkpt><trkpt lat="46.771380357444286" lon="8.100710289552808"><ele>1718.2999877929688</ele></trkpt><trkpt lat="46.771380356978625" lon="8.100810289382935"><ele>1716.6999816894531</ele></trkpt><trkpt lat="46.77139035705477" lon="8.100830289535224"><ele>1716.5199890136719</ele></trkpt><trkpt lat="46.77139035705477" lon="8.100850289221853"><ele>1716.0999755859375</ele></trkpt><trkpt lat="46.77139035705477" lon="8.100860289297998"><ele>1716.1999816894531</ele></trkpt><trkpt lat="46.771380356978625" lon="8.100870289374143"><ele>1716.0999755859375</ele></trkpt><trkpt lat="46.771380356978625" lon="8.100880289450288"><ele>1715.7799987792969</ele></trkpt><trkpt lat="46.77137035690248" lon="8.100890289060771"><ele>1715.8999938964844</ele></trkpt><trkpt lat="46.771360356826335" lon="8.100900289136916"><ele>1715.0899963378906</ele></trkpt><trkpt lat="46.7713303565979" lon="8.100900289136916"><ele>1714.0999755859375</ele></trkpt><trkpt lat="46.771300356369466" lon="8.100950288586318"><ele>1712.5199890136719</ele></trkpt><trkpt lat="46.771280356217176" lon="8.100970288738608"><ele>1712.5</ele></trkpt><trkpt lat="46.771260356064886" lon="8.101000288501382"><ele>1712.1299743652344</ele></trkpt><trkpt lat="46.77124035637826" lon="8.101020288653672"><ele>1712.1999816894531</ele></trkpt><trkpt lat="46.77124035637826" lon="8.101030288729817"><ele>1711.7899780273438</ele></trkpt><trkpt lat="46.7712503564544" lon="8.101050288882107"><ele>1712.1999816894531</ele></trkpt><trkpt lat="46.771260356064886" lon="8.10110028879717"><ele>1711.7999877929688</ele></trkpt><trkpt lat="46.771260356064886" lon="8.101140288636088"><ele>1711.5999755859375</ele></trkpt><trkpt lat="46.77125035598874" lon="8.101150288712233"><ele>1711.0499877929688</ele></trkpt><trkpt lat="46.771240355912596" lon="8.10121028823778"><ele>1710.5499877929688</ele></trkpt><trkpt lat="46.77123035583645" lon="8.101260288618505"><ele>1710.6999816894531</ele></trkpt><trkpt lat="46.77121035568416" lon="8.101270288228989"><ele>1710.0999755859375</ele></trkpt><trkpt lat="46.77121035568416" lon="8.101270288228989"><ele>1709.5499877929688</ele></trkpt><trkpt lat="46.77118035592139" lon="8.101270288228989"><ele>1709.7999877929688</ele></trkpt><trkpt lat="46.77109035523608" lon="8.101280287839472"><ele>1707.1999816894531</ele></trkpt><trkpt lat="46.77109035523608" lon="8.101280287839472"><ele>1706.8699951171875</ele></trkpt><trkpt lat="46.77108035515994" lon="8.101310287602246"><ele>1706.7599792480469</ele></trkpt><trkpt lat="46.77106035500765" lon="8.101410287898034"><ele>1706.0999755859375</ele></trkpt><trkpt lat="46.77106035500765" lon="8.101430287584662"><ele>1705.5499877929688</ele></trkpt><trkpt lat="46.77106035500765" lon="8.101440287660807"><ele>1705.8999938964844</ele></trkpt><trkpt lat="46.77102035470307" lon="8.101440287660807"><ele>1705.3999938964844</ele></trkpt><trkpt lat="46.77100035455078" lon="8.101430287119001"><ele>1703.5499877929688</ele></trkpt><trkpt lat="46.770950354170054" lon="8.101410286966711"><ele>1702.0999755859375</ele></trkpt><trkpt lat="46.77092035394162" lon="8.10143028665334"><ele>1701.1099853515625</ele></trkpt><trkpt lat="46.770910353865474" lon="8.101440286729485"><ele>1701.2999877929688</ele></trkpt><trkpt lat="46.7708803541027" lon="8.101490286644548"><ele>1701.0</ele></trkpt><trkpt lat="46.770830353721976" lon="8.101530286483467"><ele>1699.5</ele></trkpt><trkpt lat="46.77077035326511" lon="8.10160028655082"><ele>1698.0</ele></trkpt><trkpt lat="46.77073035296053" lon="8.101620286237448"><ele>1696.6699829101562</ele></trkpt><trkpt lat="46.77072035335004" lon="8.101630286313593"><ele>1697.0999755859375</ele></trkpt><trkpt lat="46.77071035280824" lon="8.101640285924077"><ele>1696.3999938964844</ele></trkpt><trkpt lat="46.770680353045464" lon="8.101680286228657"><ele>1696.7999877929688</ele></trkpt><trkpt lat="46.770640353206545" lon="8.10171028599143"><ele>1696.1999816894531</ele></trkpt><trkpt lat="46.77063035266474" lon="8.10171028599143"><ele>1695.0799865722656</ele></trkpt><trkpt lat="46.77061035297811" lon="8.10171028599143"><ele>1695.3999938964844</ele></trkpt><trkpt lat="46.77059035236016" lon="8.101750285830349"><ele>1694.0399780273438</ele></trkpt><trkpt lat="46.770580352749676" lon="8.101770285982639"><ele>1694.5</ele></trkpt><trkpt lat="46.77055035252124" lon="8.101800285745412"><ele>1693.0899963378906</ele></trkpt><trkpt lat="46.77051035221666" lon="8.101870285347104"><ele>1692.2999877929688</ele></trkpt><trkpt lat="46.77051035221666" lon="8.101880285423249"><ele>1692.1499938964844</ele></trkpt><trkpt lat="46.77051035221666" lon="8.101890285499394"><ele>1692.5</ele></trkpt><trkpt lat="46.770500352140516" lon="8.101910285186023"><ele>1691.7599792480469</ele></trkpt><trkpt lat="46.770500352140516" lon="8.101940285414457"><ele>1691.3999938964844</ele></trkpt><trkpt lat="46.77049035159871" lon="8.102050285320729"><ele>1690.3999938964844</ele></trkpt><trkpt lat="46.770480351988226" lon="8.102120284922421"><ele>1690.3999938964844</ele></trkpt><trkpt lat="46.77047035191208" lon="8.102130284998566"><ele>1690.2899780273438</ele></trkpt><trkpt lat="46.770460351835936" lon="8.102160285227"><ele>1690.219970703125</ele></trkpt><trkpt lat="46.77045035175979" lon="8.102160285227"><ele>1690.1999816894531</ele></trkpt><trkpt lat="46.77040035137907" lon="8.10216028476134"><ele>1688.8999938964844</ele></trkpt><trkpt lat="46.77033035084605" lon="8.102190284524113"><ele>1686.7999877929688</ele></trkpt><trkpt lat="46.770310351159424" lon="8.102200284600258"><ele>1686.0999755859375</ele></trkpt><trkpt lat="46.770270350854844" lon="8.102230284363031"><ele>1685.5999755859375</ele></trkpt><trkpt lat="46.77024035062641" lon="8.102240283973515"><ele>1684.5</ele></trkpt><trkpt lat="46.77022035047412" lon="8.102260284125805"><ele>1683.5</ele></trkpt><trkpt lat="46.77020035032183" lon="8.102290283888578"><ele>1683.2999877929688</ele></trkpt><trkpt lat="46.77018035016954" lon="8.102320284117013"><ele>1682.6699829101562</ele></trkpt><trkpt lat="46.770170350093395" lon="8.102340283803642"><ele>1682.6199951171875</ele></trkpt><trkpt lat="46.770170350093395" lon="8.102340283803642"><ele>1682.6099853515625</ele></trkpt><trkpt lat="46.770090349949896" lon="8.102430284023285"><ele>1682.1999816894531</ele></trkpt><trkpt lat="46.77008035033941" lon="8.102440283633769"><ele>1682.1499938964844</ele></trkpt><trkpt lat="46.77006035018712" lon="8.102470283862203"><ele>1682.0</ele></trkpt><trkpt lat="46.77004035003483" lon="8.102480283938348"><ele>1681.6199951171875</ele></trkpt><trkpt lat="46.77002034988254" lon="8.102500283624977"><ele>1681.8999938964844</ele></trkpt><trkpt lat="46.76998034957796" lon="8.102520283311605"><ele>1679.739990234375</ele></trkpt><trkpt lat="46.76996034942567" lon="8.102540283463895"><ele>1678.7999877929688</ele></trkpt><trkpt lat="46.769940349273384" lon="8.102560283150524"><ele>1678.1999816894531</ele></trkpt><trkpt lat="46.76993034919724" lon="8.102560283150524"><ele>1677.739990234375</ele></trkpt><trkpt lat="46.769900348968804" lon="8.102560283150524"><ele>1676.7699890136719</ele></trkpt><trkpt lat="46.769900348968804" lon="8.102560282684863"><ele>1676.5</ele></trkpt><trkpt lat="46.769900348968804" lon="8.102560282684863"><ele>1676.5</ele></trkpt><trkpt lat="46.769900348968804" lon="8.102550282608718"><ele>1676.1999816894531</ele></trkpt><trkpt lat="46.76989034889266" lon="8.102540282998234"><ele>1675.8999938964844</ele></trkpt><trkpt lat="46.76989034889266" lon="8.102520282845944"><ele>1675.6999816894531</ele></trkpt><trkpt lat="46.76989034889266" lon="8.102520282845944"><ele>1675.3599853515625</ele></trkpt><trkpt lat="46.76989034889266" lon="8.1025102827698"><ele>1675.3999938964844</ele></trkpt><trkpt lat="46.76987034874037" lon="8.102510282304138"><ele>1674.3399963378906</ele></trkpt><trkpt lat="46.769860348664224" lon="8.102510282304138"><ele>1674.0799865722656</ele></trkpt><trkpt lat="46.769840348511934" lon="8.102500282227993"><ele>1673.5999755859375</ele></trkpt><trkpt lat="46.769840348511934" lon="8.102480282541364"><ele>1673.1999816894531</ele></trkpt><trkpt lat="46.76984034804627" lon="8.102460282389075"><ele>1672.6399841308594</ele></trkpt><trkpt lat="46.76984034804627" lon="8.102460282389075"><ele>1672.5599975585938</ele></trkpt><trkpt lat="46.76985034812242" lon="8.102420282084495"><ele>1671.7999877929688</ele></trkpt><trkpt lat="46.76985034812242" lon="8.102400281932205"><ele>1671.3299865722656</ele></trkpt><trkpt lat="46.76985034812242" lon="8.10239028185606"><ele>1671.2999877929688</ele></trkpt><trkpt lat="46.76988034788519" lon="8.102380281779915"><ele>1670.8799743652344</ele></trkpt><trkpt lat="46.76988034788519" lon="8.102380281779915"><ele>1670.8299865722656</ele></trkpt><trkpt lat="46.769890347961336" lon="8.102350282017142"><ele>1670.7999877929688</ele></trkpt><trkpt lat="46.76990034757182" lon="8.102310281712562"><ele>1669.5999755859375</ele></trkpt><trkpt lat="46.769890347030014" lon="8.102290281560272"><ele>1668.0</ele></trkpt><trkpt lat="46.76988034695387" lon="8.102270281407982"><ele>1666.8999938964844</ele></trkpt><trkpt lat="46.76986034680158" lon="8.102250281255692"><ele>1666.2999877929688</ele></trkpt><trkpt lat="46.76986034680158" lon="8.102240281179547"><ele>1665.3099975585938</ele></trkpt><trkpt lat="46.76984034618363" lon="8.102230280637741"><ele>1663.6999816894531</ele></trkpt><trkpt lat="46.769810346420854" lon="8.102240280713886"><ele>1664.3899841308594</ele></trkpt><trkpt lat="46.76977034565061" lon="8.102260280400515"><ele>1661.2999877929688</ele></trkpt><trkpt lat="46.76972034620121" lon="8.102390280924737"><ele>1664.0</ele></trkpt><trkpt lat="46.76970034604892" lon="8.10248028067872"><ele>1663.0</ele></trkpt><trkpt lat="46.76970034604892" lon="8.102510280441493"><ele>1662.239990234375</ele></trkpt><trkpt lat="46.76970034604892" lon="8.102520280517638"><ele>1662.0399780273438</ele></trkpt><trkpt lat="46.769710345659405" lon="8.10259028011933"><ele>1660.5</ele></trkpt><trkpt lat="46.7697803452611" lon="8.102700280025601"><ele>1659.0599975585938</ele></trkpt><trkpt lat="46.7697803452611" lon="8.102710280101746"><ele>1658.8099975585938</ele></trkpt><trkpt lat="46.76980034541339" lon="8.102770279627293"><ele>1657.8999938964844</ele></trkpt><trkpt lat="46.769840344786644" lon="8.10289027960971"><ele>1655.719970703125</ele></trkpt><trkpt lat="46.769840344786644" lon="8.102900279685855"><ele>1655.6399841308594</ele></trkpt><trkpt lat="46.769840344786644" lon="8.102900279685855"><ele>1656.0999755859375</ele></trkpt><trkpt lat="46.76985034486279" lon="8.102910279296339"><ele>1655.7899780273438</ele></trkpt><trkpt lat="46.769860344938934" lon="8.102920279372483"><ele>1656.0</ele></trkpt><trkpt lat="46.76990034477785" lon="8.102930279448628"><ele>1655.7999877929688</ele></trkpt><trkpt lat="46.769910344854" lon="8.102950279600918"><ele>1655.8999938964844</ele></trkpt><trkpt lat="46.76992034493014" lon="8.102970279287547"><ele>1655.7799987792969</ele></trkpt><trkpt lat="46.769930344540626" lon="8.10302027920261"><ele>1655.2999877929688</ele></trkpt><trkpt lat="46.76994034461677" lon="8.103030279278755"><ele>1655.2099914550781</ele></trkpt><trkpt lat="46.76994034461677" lon="8.103050279431045"><ele>1655.1999816894531</ele></trkpt><trkpt lat="46.76994034461677" lon="8.10306027950719"><ele>1655.0099792480469</ele></trkpt><trkpt lat="46.769930344540626" lon="8.103070279583335"><ele>1655.0</ele></trkpt><trkpt lat="46.769910344388336" lon="8.103120279498398"><ele>1654.7099914550781</ele></trkpt><trkpt lat="46.769910344388336" lon="8.103120279498398"><ele>1654.719970703125</ele></trkpt><trkpt lat="46.76990034477785" lon="8.103150279261172"><ele>1655.1999816894531</ele></trkpt><trkpt lat="46.76989034470171" lon="8.103180279489607"><ele>1655.1999816894531</ele></trkpt><trkpt lat="46.76990034477785" lon="8.103190279565752"><ele>1655.0599975585938</ele></trkpt><trkpt lat="46.76992034446448" lon="8.103220279328525"><ele>1654.8999938964844</ele></trkpt><trkpt lat="46.76998034445569" lon="8.103260279167444"><ele>1654.7999877929688</ele></trkpt><trkpt lat="46.76998034445569" lon="8.103260279167444"><ele>1654.6099853515625</ele></trkpt><trkpt lat="46.76998034445569" lon="8.103270279243588"><ele>1654.5999755859375</ele></trkpt><trkpt lat="46.769990344531834" lon="8.103280279319733"><ele>1654.3999938964844</ele></trkpt><trkpt lat="46.769990344531834" lon="8.103280279319733"><ele>1654.5</ele></trkpt><trkpt lat="46.769990344531834" lon="8.103300279472023"><ele>1654.5</ele></trkpt><trkpt lat="46.76998034445569" lon="8.103320279158652"><ele>1654.2099914550781</ele></trkpt><trkpt lat="46.76994034415111" lon="8.10340027930215"><ele>1653.1999816894531</ele></trkpt><trkpt lat="46.76992034446448" lon="8.103440279141068"><ele>1653.7999877929688</ele></trkpt><trkpt lat="46.76992034446448" lon="8.103450279217213"><ele>1653.7999877929688</ele></trkpt><trkpt lat="46.76992034446448" lon="8.103510279208422"><ele>1654.9399719238281</ele></trkpt><trkpt lat="46.76992034446448" lon="8.103520279284567"><ele>1655.0999755859375</ele></trkpt><trkpt lat="46.769930344540626" lon="8.103530279360712"><ele>1654.8799743652344</ele></trkpt><trkpt lat="46.76994034461677" lon="8.103530279360712"><ele>1654.7999877929688</ele></trkpt><trkpt lat="46.76994034461677" lon="8.103540279436857"><ele>1654.6499938964844</ele></trkpt><trkpt lat="46.76994034461677" lon="8.103560279123485"><ele>1654.5</ele></trkpt><trkpt lat="46.769950344227254" lon="8.103660279419273"><ele>1653.6999816894531</ele></trkpt><trkpt lat="46.769950344227254" lon="8.103700279258192"><ele>1653.5</ele></trkpt><trkpt lat="46.7699603443034" lon="8.103770279325545"><ele>1653.2999877929688</ele></trkpt><trkpt lat="46.7699603443034" lon="8.103780278936028"><ele>1653.2999877929688</ele></trkpt><trkpt lat="46.7699603443034" lon="8.103800279088318"><ele>1653.4299926757812</ele></trkpt><trkpt lat="46.769950344227254" lon="8.103810279164463"><ele>1653.5</ele></trkpt><trkpt lat="46.76994034415111" lon="8.103810279164463"><ele>1653.1899719238281</ele></trkpt><trkpt lat="46.76990034431219" lon="8.103810279164463"><ele>1653.0099792480469</ele></trkpt><trkpt lat="46.76986034400761" lon="8.103810279164463"><ele>1652.72998046875</ele></trkpt><trkpt lat="46.769760344177485" lon="8.103800279088318"><ele>1653.6999816894531</ele></trkpt><trkpt lat="46.769750344567" lon="8.103820279240608"><ele>1653.739990234375</ele></trkpt><trkpt lat="46.769720344338566" lon="8.103860279545188"><ele>1654.5999755859375</ele></trkpt><trkpt lat="46.76971034426242" lon="8.103910279460251"><ele>1654.2999877929688</ele></trkpt><trkpt lat="46.769720344338566" lon="8.10395027929917"><ele>1653.6999816894531</ele></trkpt><trkpt lat="46.76971034426242" lon="8.103970278985798"><ele>1653.5</ele></trkpt><trkpt lat="46.76971034426242" lon="8.103980279061943"><ele>1653.4099731445312</ele></trkpt><trkpt lat="46.76971034426242" lon="8.104010279290378"><ele>1653.0499877929688</ele></trkpt><trkpt lat="46.769700344186276" lon="8.104030278977007"><ele>1652.1999816894531</ele></trkpt><trkpt lat="46.769700344186276" lon="8.104040279053152"><ele>1651.97998046875</ele></trkpt><trkpt lat="46.76969034411013" lon="8.104050279129297"><ele>1652.0999755859375</ele></trkpt><trkpt lat="46.76969034411013" lon="8.10408027889207"><ele>1651.6999816894531</ele></trkpt><trkpt lat="46.769700343720615" lon="8.104120278730989"><ele>1651.3799743652344</ele></trkpt><trkpt lat="46.769700343720615" lon="8.104130278807133"><ele>1651.5999755859375</ele></trkpt><trkpt lat="46.769700343720615" lon="8.104130278807133"><ele>1651.1899719238281</ele></trkpt><trkpt lat="46.769680343568325" lon="8.104160278569907"><ele>1651.0</ele></trkpt><trkpt lat="46.769680343568325" lon="8.104160278569907"><ele>1650.8099975585938</ele></trkpt><trkpt lat="46.7696603438817" lon="8.104180278722197"><ele>1650.5</ele></trkpt><trkpt lat="46.76960034342483" lon="8.104220278561115"><ele>1650.3999938964844</ele></trkpt><trkpt lat="46.76959034381434" lon="8.104220278561115"><ele>1650.1599731445312</ele></trkpt><trkpt lat="46.7695803437382" lon="8.104220278561115"><ele>1650.3999938964844</ele></trkpt><trkpt lat="46.7695803437382" lon="8.104240278713405"><ele>1650.1499938964844</ele></trkpt><trkpt lat="46.76957034366205" lon="8.10425027878955"><ele>1649.97998046875</ele></trkpt><trkpt lat="46.76956034358591" lon="8.104260278400034"><ele>1650.0</ele></trkpt><trkpt lat="46.76956034358591" lon="8.104300278704613"><ele>1649.4199829101562</ele></trkpt><trkpt lat="46.76956034312025" lon="8.10436027823016"><ele>1648.6499938964844</ele></trkpt><trkpt lat="46.76956034312025" lon="8.104370278306305"><ele>1648.4499816894531</ele></trkpt><trkpt lat="46.76956034312025" lon="8.104390278458595"><ele>1648.0</ele></trkpt><trkpt lat="46.7695503430441" lon="8.104430278297514"><ele>1647.5399780273438</ele></trkpt><trkpt lat="46.76954034296796" lon="8.104460278060287"><ele>1647.3999938964844</ele></trkpt><trkpt lat="46.76954034296796" lon="8.10451027797535"><ele>1646.0999755859375</ele></trkpt><trkpt lat="46.76955034257844" lon="8.104560277890414"><ele>1644.7899780273438</ele></trkpt><trkpt lat="46.769560342188925" lon="8.104630277492106"><ele>1644.2999877929688</ele></trkpt><trkpt lat="46.76957034226507" lon="8.104650277644396"><ele>1644.0999755859375</ele></trkpt><trkpt lat="46.76957034226507" lon="8.10466027772054"><ele>1643.6399841308594</ele></trkpt><trkpt lat="46.76957034226507" lon="8.104670277796686"><ele>1643.7999877929688</ele></trkpt><trkpt lat="46.769560342188925" lon="8.10468027740717"><ele>1642.3599853515625</ele></trkpt><trkpt lat="46.76955034211278" lon="8.10468027740717"><ele>1642.5</ele></trkpt><trkpt lat="46.76953034196049" lon="8.104730277322233"><ele>1641.2999877929688</ele></trkpt><trkpt lat="46.769520341884345" lon="8.10481027700007"><ele>1640.6999816894531</ele></trkpt><trkpt lat="46.76952034141868" lon="8.104860276915133"><ele>1640.0099792480469</ele></trkpt><trkpt lat="46.76952034141868" lon="8.104860276915133"><ele>1640.0</ele></trkpt><trkpt lat="46.76951034134254" lon="8.104880277067423"><ele>1639.8199768066406</ele></trkpt><trkpt lat="46.76951034134254" lon="8.104950277134776"><ele>1639.6999816894531</ele></trkpt><trkpt lat="46.769500341266394" lon="8.104990276973695"><ele>1639.2099914550781</ele></trkpt><trkpt lat="46.769500341266394" lon="8.105020276736468"><ele>1639.1999816894531</ele></trkpt><trkpt lat="46.76949034119025" lon="8.105050276964903"><ele>1638.7899780273438</ele></trkpt><trkpt lat="46.769480341114104" lon="8.105070276651531"><ele>1638.7999877929688</ele></trkpt><trkpt lat="46.76945034088567" lon="8.10513027664274"><ele>1637.0199890136719</ele></trkpt><trkpt lat="46.769440340809524" lon="8.105150276329368"><ele>1636.7699890136719</ele></trkpt><trkpt lat="46.769420340657234" lon="8.105190276633948"><ele>1636.3999938964844</ele></trkpt><trkpt lat="46.76941034058109" lon="8.105190276168287"><ele>1636.0199890136719</ele></trkpt><trkpt lat="46.769360340666026" lon="8.105230276007205"><ele>1634.8999938964844</ele></trkpt><trkpt lat="46.769360340200365" lon="8.105250276159495"><ele>1634.3099975585938</ele></trkpt><trkpt lat="46.76935034012422" lon="8.105310276150703"><ele>1634.1999816894531</ele></trkpt><trkpt lat="46.769340340513736" lon="8.105320276226848"><ele>1634.2999877929688</ele></trkpt><trkpt lat="46.76933034043759" lon="8.105330275837332"><ele>1634.1999816894531</ele></trkpt><trkpt lat="46.769320340361446" lon="8.105330275837332"><ele>1634.1999816894531</ele></trkpt><trkpt lat="46.769320340361446" lon="8.105340275913477"><ele>1633.7999877929688</ele></trkpt><trkpt lat="46.7693103402853" lon="8.105370276141912"><ele>1633.5999755859375</ele></trkpt><trkpt lat="46.7693103402853" lon="8.105400275904685"><ele>1633.0999755859375</ele></trkpt><trkpt lat="46.76931033981964" lon="8.105470275972039"><ele>1632.5399780273438</ele></trkpt><trkpt lat="46.7693103402853" lon="8.105500275734812"><ele>1632.8999938964844</ele></trkpt><trkpt lat="46.76931033981964" lon="8.105520275887102"><ele>1632.6899719238281</ele></trkpt><trkpt lat="46.769320340361446" lon="8.105540276039392"><ele>1633.0999755859375</ele></trkpt><trkpt lat="46.769320340361446" lon="8.105570275802165"><ele>1633.1999816894531</ele></trkpt><trkpt lat="46.769320339895785" lon="8.105570275802165"><ele>1632.97998046875</ele></trkpt><trkpt lat="46.769320339895785" lon="8.10558027587831"><ele>1632.8299865722656</ele></trkpt><trkpt lat="46.7693103402853" lon="8.10558027587831"><ele>1632.7999877929688</ele></trkpt><trkpt lat="46.76927033998072" lon="8.10558027587831"><ele>1632.0</ele></trkpt><trkpt lat="46.76920033944771" lon="8.105590275488794"><ele>1630.2999877929688</ele></trkpt><trkpt lat="46.76917033921927" lon="8.105610275175422"><ele>1629.0099792480469</ele></trkpt><trkpt lat="46.769130339380354" lon="8.105640275403857"><ele>1629.2999877929688</ele></trkpt><trkpt lat="46.76910033915192" lon="8.105640274938196"><ele>1627.3699951171875</ele></trkpt><trkpt lat="46.769090339075774" lon="8.105640274938196"><ele>1628.0</ele></trkpt><trkpt lat="46.76906033884734" lon="8.105700274929404"><ele>1626.5999755859375</ele></trkpt><trkpt lat="46.76904033869505" lon="8.105730274692178"><ele>1626.7999877929688</ele></trkpt><trkpt lat="46.76902033854276" lon="8.105770274531096"><ele>1625.3999938964844</ele></trkpt><trkpt lat="46.76898033823818" lon="8.10584027459845"><ele>1624.3999938964844</ele></trkpt><trkpt lat="46.768950338009745" lon="8.105920274276286"><ele>1623.6999816894531</ele></trkpt><trkpt lat="46.76892033778131" lon="8.105920273810625"><ele>1621.5799865722656</ele></trkpt><trkpt lat="46.76890033762902" lon="8.10593027388677"><ele>1621.2999877929688</ele></trkpt><trkpt lat="46.768890337552875" lon="8.10595027403906"><ele>1620.6599731445312</ele></trkpt><trkpt lat="46.76888033747673" lon="8.105980273801833"><ele>1620.2999877929688</ele></trkpt><trkpt lat="46.76886033732444" lon="8.106040273793042"><ele>1619.8999938964844</ele></trkpt><trkpt lat="46.768850337248296" lon="8.106070273555815"><ele>1619.219970703125</ele></trkpt><trkpt lat="46.76883033756167" lon="8.10610027378425"><ele>1619.5999755859375</ele></trkpt><trkpt lat="46.76878033671528" lon="8.10619027307257"><ele>1617.1999816894531</ele></trkpt><trkpt lat="46.76875033695251" lon="8.10623027337715"><ele>1616.6999816894531</ele></trkpt><trkpt lat="46.76872033672407" lon="8.106280273292214"><ele>1616.0</ele></trkpt><trkpt lat="46.76870033657178" lon="8.106320273131132"><ele>1615.5699768066406</ele></trkpt><trkpt lat="46.76870033657178" lon="8.106340273283422"><ele>1615.7999877929688</ele></trkpt><trkpt lat="46.76870033657178" lon="8.106390272732824"><ele>1614.6899719238281</ele></trkpt><trkpt lat="46.76870033657178" lon="8.106390272732824"><ele>1614.6299743652344</ele></trkpt><trkpt lat="46.76869033649564" lon="8.106410272885114"><ele>1614.5799865722656</ele></trkpt><trkpt lat="46.76869033649564" lon="8.106420272961259"><ele>1614.4399719238281</ele></trkpt><trkpt lat="46.76867033634335" lon="8.106420272961259"><ele>1614.5999755859375</ele></trkpt><trkpt lat="46.76867033634335" lon="8.106440272647887"><ele>1614.1899719238281</ele></trkpt><trkpt lat="46.7686603362672" lon="8.106500272639096"><ele>1613.8999938964844</ele></trkpt><trkpt lat="46.76865033619106" lon="8.10651027271524"><ele>1613.7999877929688</ele></trkpt><trkpt lat="46.76862033596262" lon="8.10655027255416"><ele>1613.0999755859375</ele></trkpt><trkpt lat="46.76861033588648" lon="8.106570272240788"><ele>1612.0299987792969</ele></trkpt><trkpt lat="46.76859033573419" lon="8.106590272393078"><ele>1610.6399841308594</ele></trkpt><trkpt lat="46.768580335658044" lon="8.106600272003561"><ele>1610.5699768066406</ele></trkpt><trkpt lat="46.768580335658044" lon="8.106600272469223"><ele>1610.6999816894531</ele></trkpt><trkpt lat="46.768580335658044" lon="8.106610272079706"><ele>1610.4399719238281</ele></trkpt><trkpt lat="46.7685703355819" lon="8.106670272070915"><ele>1609.7999877929688</ele></trkpt><trkpt lat="46.768540335353464" lon="8.106770271901041"><ele>1608.7899780273438</ele></trkpt><trkpt lat="46.76853033527732" lon="8.106780271977186"><ele>1608.6999816894531</ele></trkpt><trkpt lat="46.768520335201174" lon="8.10683027189225"><ele>1607.9499816894531</ele></trkpt><trkpt lat="46.76851033512503" lon="8.106870271731168"><ele>1608.6999816894531</ele></trkpt><trkpt lat="46.768460334744304" lon="8.10696027148515"><ele>1606.3999938964844</ele></trkpt><trkpt lat="46.76845033466816" lon="8.107060271315277"><ele>1606.1999816894531</ele></trkpt><trkpt lat="46.76841033436358" lon="8.107220271136612"><ele>1603.7999877929688</ele></trkpt><trkpt lat="46.76840033382177" lon="8.10724027082324"><ele>1603.0999755859375</ele></trkpt><trkpt lat="46.76840033382177" lon="8.107250270899385"><ele>1602.22998046875</ele></trkpt><trkpt lat="46.76839033374563" lon="8.107270270586014"><ele>1601.6999816894531</ele></trkpt><trkpt lat="46.76837033359334" lon="8.107320270501077"><ele>1601.2099914550781</ele></trkpt><trkpt lat="46.768360333517194" lon="8.107330270577222"><ele>1601.1999816894531</ele></trkpt><trkpt lat="46.76833033328876" lon="8.107460270635784"><ele>1599.989990234375</ele></trkpt><trkpt lat="46.76831033313647" lon="8.107530270237476"><ele>1599.2999877929688</ele></trkpt><trkpt lat="46.76831033313647" lon="8.107550270389766"><ele>1598.1399841308594</ele></trkpt><trkpt lat="46.768300333060324" lon="8.107580270152539"><ele>1597.6999816894531</ele></trkpt><trkpt lat="46.768300333060324" lon="8.107600270304829"><ele>1597.4099731445312</ele></trkpt><trkpt lat="46.76829033298418" lon="8.107630270067602"><ele>1597.5</ele></trkpt><trkpt lat="46.768280332908034" lon="8.107660269830376"><ele>1596.8699951171875</ele></trkpt><trkpt lat="46.768280332908034" lon="8.10767026990652"><ele>1597.0999755859375</ele></trkpt><trkpt lat="46.768280332908034" lon="8.10771026974544"><ele>1596.5899963378906</ele></trkpt><trkpt lat="46.76829033251852" lon="8.10773026989773"><ele>1596.5999755859375</ele></trkpt><trkpt lat="46.76826033229008" lon="8.10790026979521"><ele>1594.6999816894531</ele></trkpt><trkpt lat="46.76824033213779" lon="8.107950269710273"><ele>1593.6999816894531</ele></trkpt><trkpt lat="46.76824033213779" lon="8.107960269320756"><ele>1593.1999816894531</ele></trkpt><trkpt lat="46.7682203319855" lon="8.108050269074738"><ele>1592.0899963378906</ele></trkpt><trkpt lat="46.768200331833214" lon="8.108110269065946"><ele>1591.5</ele></trkpt><trkpt lat="46.76819033129141" lon="8.108170269057155"><ele>1590.6999816894531</ele></trkpt><trkpt lat="46.76819033129141" lon="8.108240269124508"><ele>1590.1999816894531</ele></trkpt><trkpt lat="46.76818033121526" lon="8.108290269039571"><ele>1590.1999816894531</ele></trkpt><trkpt lat="46.76816033106297" lon="8.108380268793553"><ele>1589.1399841308594</ele></trkpt><trkpt lat="46.76815033098683" lon="8.108410268556327"><ele>1588.5</ele></trkpt><trkpt lat="46.76815033098683" lon="8.108430268708616"><ele>1588.2999877929688</ele></trkpt><trkpt lat="46.76813033083454" lon="8.1084402683191"><ele>1587.4199829101562</ele></trkpt><trkpt lat="46.76811033068225" lon="8.10846026847139"><ele>1586.7999877929688</ele></trkpt><trkpt lat="46.76809033052996" lon="8.108500268310308"><ele>1586.0699768066406</ele></trkpt><trkpt lat="46.76808033045381" lon="8.108580268453807"><ele>1586.1999816894531</ele></trkpt><trkpt lat="46.76808033045381" lon="8.10861026821658"><ele>1585.4099731445312</ele></trkpt><trkpt lat="46.76807033037767" lon="8.10863026836887"><ele>1585.219970703125</ele></trkpt><trkpt lat="46.76806033030152" lon="8.108650268055499"><ele>1585.5</ele></trkpt><trkpt lat="46.76805033022538" lon="8.108710268046707"><ele>1584.0999755859375</ele></trkpt><trkpt lat="46.76805033022538" lon="8.108720268122852"><ele>1583.9399719238281</ele></trkpt><trkpt lat="46.76804033014923" lon="8.10876026796177"><ele>1583.7999877929688</ele></trkpt><trkpt lat="46.76804033014923" lon="8.10876026796177"><ele>1583.1799926757812</ele></trkpt><trkpt lat="46.76804032968357" lon="8.108810267876834"><ele>1582.7999877929688</ele></trkpt><trkpt lat="46.76802032953128" lon="8.108860267791897"><ele>1582.1999816894531</ele></trkpt><trkpt lat="46.76800032937899" lon="8.108930267393589"><ele>1581.0999755859375</ele></trkpt><trkpt lat="46.76796032907441" lon="8.109050266910344"><ele>1578.4199829101562</ele></trkpt><trkpt lat="46.76794032892212" lon="8.109110266901553"><ele>1578.2999877929688</ele></trkpt><trkpt lat="46.76793032884598" lon="8.109120266977698"><ele>1577.5799865722656</ele></trkpt><trkpt lat="46.76793032884598" lon="8.109160266816616"><ele>1577.5</ele></trkpt><trkpt lat="46.76791032869369" lon="8.109200266655535"><ele>1577.0999755859375</ele></trkpt><trkpt lat="46.7678903285414" lon="8.10923026688397"><ele>1576.239990234375</ele></trkpt><trkpt lat="46.76788032846525" lon="8.109240266494453"><ele>1576.1499938964844</ele></trkpt><trkpt lat="46.76785032823682" lon="8.109270266722888"><ele>1575.7999877929688</ele></trkpt><trkpt lat="46.76784032816067" lon="8.109310266561806"><ele>1575.0</ele></trkpt><trkpt lat="46.76783032808453" lon="8.10938026662916"><ele>1574.7999877929688</ele></trkpt><trkpt lat="46.76781032793224" lon="8.109460266306996"><ele>1574.0</ele></trkpt><trkpt lat="46.767800327856094" lon="8.109480266459286"><ele>1573.5099792480469</ele></trkpt><trkpt lat="46.767780328169465" lon="8.109490266535431"><ele>1573.8999938964844</ele></trkpt><trkpt lat="46.76777032809332" lon="8.109500266145915"><ele>1573.0899963378906</ele></trkpt><trkpt lat="46.76775032794103" lon="8.10951026622206"><ele>1573.0999755859375</ele></trkpt><trkpt lat="46.767740327864885" lon="8.109520265832543"><ele>1572.3499755859375</ele></trkpt><trkpt lat="46.76773032778874" lon="8.109530265908688"><ele>1572.2099914550781</ele></trkpt><trkpt lat="46.767720327712595" lon="8.109580265823752"><ele>1572.0999755859375</ele></trkpt><trkpt lat="46.767680327408016" lon="8.109610266052186"><ele>1570.8899841308594</ele></trkpt><trkpt lat="46.76767032733187" lon="8.109620266128331"><ele>1571.5</ele></trkpt><trkpt lat="46.76765032717958" lon="8.10964026581496"><ele>1570.1399841308594</ele></trkpt><trkpt lat="46.76762032741681" lon="8.109680265653878"><ele>1569.6999816894531</ele></trkpt><trkpt lat="46.76759032672271" lon="8.109720265492797"><ele>1568.3199768066406</ele></trkpt><trkpt lat="46.76756032695994" lon="8.109760265331715"><ele>1568.0999755859375</ele></trkpt><trkpt lat="46.76752032665536" lon="8.109840265009552"><ele>1566.6999816894531</ele></trkpt><trkpt lat="46.76750032650307" lon="8.10988026484847"><ele>1566.0</ele></trkpt><trkpt lat="46.76749032642692" lon="8.10988026484847"><ele>1565.6599731445312</ele></trkpt><trkpt lat="46.76747032627463" lon="8.10992026515305"><ele>1565.5</ele></trkpt><trkpt lat="46.7674403260462" lon="8.109970265068114"><ele>1564.8999938964844</ele></trkpt><trkpt lat="46.767430325970054" lon="8.109970264602453"><ele>1564.0399780273438</ele></trkpt><trkpt lat="46.76742032635957" lon="8.109980264678597"><ele>1564.5999755859375</ele></trkpt><trkpt lat="46.76740032574162" lon="8.109980264678597"><ele>1563.5999755859375</ele></trkpt><trkpt lat="46.76738032558933" lon="8.110000264365226"><ele>1562.5999755859375</ele></trkpt><trkpt lat="46.767350325826555" lon="8.11003026459366"><ele>1562.0199890136719</ele></trkpt><trkpt lat="46.767330325674266" lon="8.11005026428029"><ele>1562.1999816894531</ele></trkpt><trkpt lat="46.767310325521976" lon="8.110040264204144"><ele>1561.6999816894531</ele></trkpt><trkpt lat="46.76730032544583" lon="8.110060264356434"><ele>1561.1599731445312</ele></trkpt><trkpt lat="46.76727032568306" lon="8.110080264508724"><ele>1561.3999938964844</ele></trkpt><trkpt lat="46.767250325065106" lon="8.110100264195353"><ele>1559.989990234375</ele></trkpt><trkpt lat="46.76724032545462" lon="8.110110264271498"><ele>1560.3999938964844</ele></trkpt><trkpt lat="46.76720032515004" lon="8.110140264034271"><ele>1559.7999877929688</ele></trkpt><trkpt lat="46.7671903250739" lon="8.110140264034271"><ele>1559.0399780273438</ele></trkpt><trkpt lat="46.76717032492161" lon="8.1101602637209"><ele>1559.0</ele></trkpt><trkpt lat="46.76716032484546" lon="8.110170263797045"><ele>1558.3999938964844</ele></trkpt><trkpt lat="46.76709032477811" lon="8.110240263398737"><ele>1557.1999816894531</ele></trkpt><trkpt lat="46.767040324397385" lon="8.110280263237655"><ele>1555.1999816894531</ele></trkpt><trkpt lat="46.767000324092805" lon="8.110290262848139"><ele>1554.0</ele></trkpt><trkpt lat="46.76699032401666" lon="8.110300262924284"><ele>1553.6999816894531</ele></trkpt><trkpt lat="46.76699032401666" lon="8.110310263000429"><ele>1553.4199829101562</ele></trkpt><trkpt lat="46.766960323788226" lon="8.110350262839347"><ele>1552.3999938964844</ele></trkpt><trkpt lat="46.7669103234075" lon="8.110410262830555"><ele>1551.7999877929688</ele></trkpt><trkpt lat="46.766900323331356" lon="8.110410262364894"><ele>1550.8999938964844</ele></trkpt><trkpt lat="46.76689032325521" lon="8.110410262364894"><ele>1551.0</ele></trkpt><trkpt lat="46.76689032325521" lon="8.110410262364894"><ele>1550.6099853515625</ele></trkpt><trkpt lat="46.766880323179066" lon="8.110430262517184"><ele>1550.7999877929688</ele></trkpt><trkpt lat="46.766860323026776" lon="8.110440262593329"><ele>1549.739990234375</ele></trkpt><trkpt lat="46.76682032318786" lon="8.110460262279958"><ele>1549.1999816894531</ele></trkpt><trkpt lat="46.766690322197974" lon="8.110520261805505"><ele>1544.8999938964844</ele></trkpt><trkpt lat="46.766670322045684" lon="8.110550261568278"><ele>1544.7999877929688</ele></trkpt><trkpt lat="46.76652032090351" lon="8.110680260695517"><ele>1539.5999755859375</ele></trkpt><trkpt lat="46.766510320827365" lon="8.110700260847807"><ele>1539.2999877929688</ele></trkpt><trkpt lat="46.76646032044664" lon="8.11073026061058"><ele>1537.6099853515625</ele></trkpt><trkpt lat="46.76645032083616" lon="8.110740260221064"><ele>1537.5999755859375</ele></trkpt><trkpt lat="46.76644032076001" lon="8.110740260221064"><ele>1537.3999938964844</ele></trkpt><trkpt lat="46.766450320370495" lon="8.11071025999263"><ele>1536.2599792480469</ele></trkpt><trkpt lat="46.76646032044664" lon="8.110690260306"><ele>1536.3999938964844</ele></trkpt><trkpt lat="46.76646032044664" lon="8.110680260229856"><ele>1535.9399719238281</ele></trkpt><trkpt lat="46.76646032044664" lon="8.110680260229856"><ele>1536.0999755859375</ele></trkpt><trkpt lat="46.766450320370495" lon="8.110680260229856"><ele>1535.5999755859375</ele></trkpt><trkpt lat="46.766430320218205" lon="8.110700259916484"><ele>1535.1999816894531</ele></trkpt><trkpt lat="46.76642032014206" lon="8.11071025999263"><ele>1534.5099792480469</ele></trkpt><trkpt lat="46.766410320065916" lon="8.11071025999263"><ele>1534.6999816894531</ele></trkpt><trkpt lat="46.76638031937182" lon="8.110710259526968"><ele>1532.1699829101562</ele></trkpt><trkpt lat="46.766370319295675" lon="8.110710259526968"><ele>1531.7999877929688</ele></trkpt><trkpt lat="46.76636031921953" lon="8.110730259213597"><ele>1531.5</ele></trkpt><trkpt lat="46.766310318838805" lon="8.110730258747935"><ele>1528.7599792480469</ele></trkpt><trkpt lat="46.76628031861037" lon="8.110730258747935"><ele>1527.6399841308594</ele></trkpt><trkpt lat="46.76628031861037" lon="8.110730258747935"><ele>1527.5</ele></trkpt><trkpt lat="46.766250318381935" lon="8.110750258434564"><ele>1526.489990234375</ele></trkpt><trkpt lat="46.766230318229645" lon="8.110750258434564"><ele>1525.8999938964844</ele></trkpt><trkpt lat="46.766210318077356" lon="8.110760258510709"><ele>1525.3099975585938</ele></trkpt><trkpt lat="46.76620031800121" lon="8.110780258197337"><ele>1524.8499755859375</ele></trkpt><trkpt lat="46.766190317925066" lon="8.110780258197337"><ele>1524.5699768066406</ele></trkpt><trkpt lat="46.766170317772776" lon="8.110780258197337"><ele>1523.5999755859375</ele></trkpt><trkpt lat="46.766150317620486" lon="8.110780258197337"><ele>1522.7999877929688</ele></trkpt><trkpt lat="46.76614031754434" lon="8.110790257807821"><ele>1521.5</ele></trkpt><trkpt lat="46.766110317315906" lon="8.110820257570595"><ele>1521.0999755859375</ele></trkpt><trkpt lat="46.76610031723976" lon="8.110820257570595"><ele>1520.4599914550781</ele></trkpt><trkpt lat="46.766090317163616" lon="8.11083025764674"><ele>1520.2999877929688</ele></trkpt><trkpt lat="46.76608031708747" lon="8.11083025764674"><ele>1520.0499877929688</ele></trkpt><trkpt lat="46.76608031708747" lon="8.11083025764674"><ele>1520.0199890136719</ele></trkpt><trkpt lat="46.76608031708747" lon="8.110820257570595"><ele>1519.7999877929688</ele></trkpt><trkpt lat="46.7661003167741" lon="8.110780257266015"><ele>1519.1999816894531</ele></trkpt><trkpt lat="46.7661003167741" lon="8.110760257113725"><ele>1518.5999755859375</ele></trkpt><trkpt lat="46.7661003167741" lon="8.11075025703758"><ele>1518.5099792480469</ele></trkpt><trkpt lat="46.7661003167741" lon="8.110740257427096"><ele>1518.1999816894531</ele></trkpt><trkpt lat="46.7661003167741" lon="8.110730257350951"><ele>1517.8999938964844</ele></trkpt><trkpt lat="46.76608031662181" lon="8.110710257198662"><ele>1517.0499877929688</ele></trkpt><trkpt lat="46.76608031662181" lon="8.110710257198662"><ele>1517.1999816894531</ele></trkpt><trkpt lat="46.766070316545665" lon="8.110710257198662"><ele>1516.7999877929688</ele></trkpt><trkpt lat="46.766050316393375" lon="8.110740256961435"><ele>1516.3999938964844</ele></trkpt><trkpt lat="46.76604031631723" lon="8.110750256571919"><ele>1515.5999755859375</ele></trkpt><trkpt lat="46.76602031616494" lon="8.110770256724209"><ele>1514.9499816894531</ele></trkpt><trkpt lat="46.76598031586036" lon="8.110800256486982"><ele>1513.8999938964844</ele></trkpt><trkpt lat="46.765950315631926" lon="8.110830256249756"><ele>1512.3999938964844</ele></trkpt><trkpt lat="46.765910315327346" lon="8.11084025586024"><ele>1511.0</ele></trkpt><trkpt lat="46.76587031502277" lon="8.110880255699158"><ele>1510.0</ele></trkpt><trkpt lat="46.76583031471819" lon="8.110940255690366"><ele>1507.7999877929688</ele></trkpt><trkpt lat="46.76582031464204" lon="8.11095025530085"><ele>1507.239990234375</ele></trkpt><trkpt lat="46.76580031448975" lon="8.11097025545314"><ele>1506.5</ele></trkpt><trkpt lat="46.76578031433746" lon="8.110980255063623"><ele>1506.2999877929688</ele></trkpt><trkpt lat="46.76577031426132" lon="8.111010255292058"><ele>1505.5</ele></trkpt><trkpt lat="46.76576031418517" lon="8.110990255139768"><ele>1505.0</ele></trkpt><trkpt lat="46.76574031403288" lon="8.110990255139768"><ele>1504.0999755859375</ele></trkpt><trkpt lat="46.76572031388059" lon="8.111020254902542"><ele>1503.5999755859375</ele></trkpt><trkpt lat="46.76567031303421" lon="8.111080254428089"><ele>1501.1999816894531</ele></trkpt><trkpt lat="46.76565031288192" lon="8.111090254504234"><ele>1500.3699951171875</ele></trkpt><trkpt lat="46.76565031288192" lon="8.111100254114717"><ele>1500.5999755859375</ele></trkpt><trkpt lat="46.76562031265348" lon="8.111160254105926"><ele>1499.22998046875</ele></trkpt><trkpt lat="46.76555031212047" lon="8.111250253859907"><ele>1496.3199768066406</ele></trkpt><trkpt lat="46.7654903116636" lon="8.111320252995938"><ele>1493.5</ele></trkpt><trkpt lat="46.76533031044528" lon="8.111590252257884"><ele>1488.2999877929688</ele></trkpt><trkpt lat="46.7652903101407" lon="8.111540251877159"><ele>1485.0299987792969</ele></trkpt><trkpt lat="46.76527030952275" lon="8.11150025157258"><ele>1483.5</ele></trkpt><trkpt lat="46.76527030952275" lon="8.111460251268"><ele>1483.22998046875</ele></trkpt><trkpt lat="46.76527030905709" lon="8.11125025106594"><ele>1480.2999877929688</ele></trkpt><trkpt lat="46.76527030905709" lon="8.11123025091365"><ele>1479.8199768066406</ele></trkpt><trkpt lat="46.76528030866757" lon="8.111180250998586"><ele>1479.5999755859375</ele></trkpt><trkpt lat="46.765290308743715" lon="8.111150250770152"><ele>1478.8999938964844</ele></trkpt><trkpt lat="46.765290308743715" lon="8.111130250617862"><ele>1478.6899719238281</ele></trkpt><trkpt lat="46.765290308743715" lon="8.111130250617862"><ele>1478.5699768066406</ele></trkpt><trkpt lat="46.76528030866757" lon="8.111100250389427"><ele>1477.9099731445312</ele></trkpt><trkpt lat="46.765270308591425" lon="8.111080250702798"><ele>1477.4599914550781</ele></trkpt><trkpt lat="46.765270308591425" lon="8.111080250702798"><ele>1477.4299926757812</ele></trkpt><trkpt lat="46.765270308125764" lon="8.111030250322074"><ele>1476.6999816894531</ele></trkpt><trkpt lat="46.76523030735552" lon="8.11090024979785"><ele>1473.1999816894531</ele></trkpt><trkpt lat="46.76522030727938" lon="8.110890249721706"><ele>1472.6199951171875</ele></trkpt><trkpt lat="46.76521030720323" lon="8.110870249569416"><ele>1472.3999938964844</ele></trkpt><trkpt lat="46.76521030720323" lon="8.110840249806643"><ele>1471.7099914550781</ele></trkpt><trkpt lat="46.76521030720323" lon="8.110800249502063"><ele>1471.5</ele></trkpt><trkpt lat="46.76522030681372" lon="8.110700249206275"><ele>1470.5</ele></trkpt><trkpt lat="46.76524030696601" lon="8.110610249452293"><ele>1470.0</ele></trkpt><trkpt lat="46.765260306652635" lon="8.110450249165297"><ele>1468.7999877929688</ele></trkpt><trkpt lat="46.76527030672878" lon="8.110360248945653"><ele>1468.5999755859375</ele></trkpt><trkpt lat="46.76527030672878" lon="8.110320249106735"><ele>1468.0999755859375</ele></trkpt><trkpt lat="46.765280306339264" lon="8.110300248954445"><ele>1467.7799987792969</ele></trkpt><trkpt lat="46.765280306339264" lon="8.11027024872601"><ele>1467.7999877929688</ele></trkpt><trkpt lat="46.765280306339264" lon="8.110190248582512"><ele>1466.8999938964844</ele></trkpt><trkpt lat="46.76527030626312" lon="8.110120248515159"><ele>1466.2999877929688</ele></trkpt><trkpt lat="46.765260306186974" lon="8.11010024882853"><ele>1465.9299926757812</ele></trkpt><trkpt lat="46.765240306034684" lon="8.11006024852395"><ele>1466.0999755859375</ele></trkpt><trkpt lat="46.765240306034684" lon="8.110030248761177"><ele>1465.5699768066406</ele></trkpt><trkpt lat="46.765240306034684" lon="8.110010248608887"><ele>1465.6999816894531</ele></trkpt><trkpt lat="46.76523030595854" lon="8.109970248304307"><ele>1464.7999877929688</ele></trkpt><trkpt lat="46.76523030595854" lon="8.109950248617679"><ele>1464.6999816894531</ele></trkpt><trkpt lat="46.76523030595854" lon="8.109900248236954"><ele>1464.3999938964844</ele></trkpt><trkpt lat="46.76524030556902" lon="8.109880248084664"><ele>1464.0999755859375</ele></trkpt><trkpt lat="46.76524030556902" lon="8.109880248084664"><ele>1464.0999755859375</ele></trkpt><trkpt lat="46.76524030556902" lon="8.109860248398036"><ele>1463.8999938964844</ele></trkpt><trkpt lat="46.76524030556902" lon="8.109860248398036"><ele>1463.7999877929688</ele></trkpt><trkpt lat="46.76522030541673" lon="8.10985024832189"><ele>1463.5999755859375</ele></trkpt><trkpt lat="46.7651903051883" lon="8.109840248245746"><ele>1462.739990234375</ele></trkpt><trkpt lat="46.76519030565396" lon="8.109840248245746"><ele>1463.5999755859375</ele></trkpt><trkpt lat="46.765120305120945" lon="8.109860247932374"><ele>1460.6999816894531</ele></trkpt><trkpt lat="46.765120305120945" lon="8.109880247619003"><ele>1460.4599914550781</ele></trkpt><trkpt lat="46.76511030457914" lon="8.109940247610211"><ele>1459.3599853515625</ele></trkpt><trkpt lat="46.765100304502994" lon="8.109950247686356"><ele>1459.1799926757812</ele></trkpt><trkpt lat="46.76509030442685" lon="8.11000024760142"><ele>1458.8999938964844</ele></trkpt><trkpt lat="46.765080304350704" lon="8.110010247211903"><ele>1458.3299865722656</ele></trkpt><trkpt lat="46.76499030319974" lon="8.110190246254206"><ele>1453.0</ele></trkpt><trkpt lat="46.76487030182034" lon="8.110560245346278"><ele>1445.2999877929688</ele></trkpt><trkpt lat="46.76480030128732" lon="8.110690244939178"><ele>1442.7999877929688</ele></trkpt><trkpt lat="46.76479030074552" lon="8.110800244379789"><ele>1440.7999877929688</ele></trkpt><trkpt lat="46.7647203002125" lon="8.110960243735462"><ele>1437.1999816894531</ele></trkpt><trkpt lat="46.76467029983178" lon="8.111070243641734"><ele>1435.5999755859375</ele></trkpt><trkpt lat="46.76463029906154" lon="8.111230242997408"><ele>1432.2999877929688</ele></trkpt><trkpt lat="46.76463029906154" lon="8.111270242836326"><ele>1431.1799926757812</ele></trkpt><trkpt lat="46.76462029898539" lon="8.11132024275139"><ele>1431.0</ele></trkpt><trkpt lat="46.764610298443586" lon="8.111360242590308"><ele>1429.3999938964844</ele></trkpt><trkpt lat="46.764610298443586" lon="8.111400242894888"><ele>1429.6299743652344</ele></trkpt><trkpt lat="46.764610298443586" lon="8.111430242657661"><ele>1429.2999877929688</ele></trkpt><trkpt lat="46.76460029836744" lon="8.111460242420435"><ele>1428.3999938964844</ele></trkpt><trkpt lat="46.764570298139006" lon="8.111490242183208"><ele>1426.6999816894531</ele></trkpt><trkpt lat="46.764570297673345" lon="8.111500242259353"><ele>1425.5999755859375</ele></trkpt><trkpt lat="46.76456029806286" lon="8.111530242022127"><ele>1425.9599914550781</ele></trkpt><trkpt lat="46.764550297521055" lon="8.111620241776109"><ele>1424.8999938964844</ele></trkpt><trkpt lat="46.764510297216475" lon="8.111640241462737"><ele>1423.1099853515625</ele></trkpt><trkpt lat="46.76450029714033" lon="8.111650241538882"><ele>1423.1999816894531</ele></trkpt><trkpt lat="46.764470296911895" lon="8.1116902413778"><ele>1421.8999938964844</ele></trkpt><trkpt lat="46.764430296607316" lon="8.111700240988284"><ele>1420.5699768066406</ele></trkpt><trkpt lat="46.76442029699683" lon="8.11171024106443"><ele>1420.5999755859375</ele></trkpt><trkpt lat="46.7642802959308" lon="8.111810240428895"><ele>1415.75</ele></trkpt><trkpt lat="46.76424029562622" lon="8.111840240191668"><ele>1415.1999816894531</ele></trkpt><trkpt lat="46.764180295635015" lon="8.111880240030587"><ele>1413.7999877929688</ele></trkpt><trkpt lat="46.764110295102" lon="8.11193023994565"><ele>1412.8999938964844</ele></trkpt><trkpt lat="46.76399029465392" lon="8.111950239632279"><ele>1410.2899780273438</ele></trkpt><trkpt lat="46.76399029465392" lon="8.111950239632279"><ele>1410.219970703125</ele></trkpt><trkpt lat="46.76390029443428" lon="8.111980239395052"><ele>1409.2999877929688</ele></trkpt><trkpt lat="46.76386029459536" lon="8.111990239471197"><ele>1408.5</ele></trkpt><trkpt lat="46.763830294366926" lon="8.11202023923397"><ele>1407.3899841308594</ele></trkpt><trkpt lat="46.76376029383391" lon="8.112070238683373"><ele>1405.7999877929688</ele></trkpt><trkpt lat="46.76366029307246" lon="8.112190238200128"><ele>1402.9199829101562</ele></trkpt><trkpt lat="46.76363029284403" lon="8.112220237962902"><ele>1402.0499877929688</ele></trkpt><trkpt lat="46.76354029215872" lon="8.112340237479657"><ele>1398.5</ele></trkpt><trkpt lat="46.763520292472094" lon="8.112350237555802"><ele>1398.5399780273438</ele></trkpt><trkpt lat="46.763460292015225" lon="8.112380237318575"><ele>1397.4199829101562</ele></trkpt><trkpt lat="46.76343029225245" lon="8.11239023739472"><ele>1397.1999816894531</ele></trkpt><trkpt lat="46.76339029194787" lon="8.112420237157494"><ele>1396.8999938964844</ele></trkpt><trkpt lat="46.76339029194787" lon="8.112420237157494"><ele>1397.0</ele></trkpt><trkpt lat="46.76339029194787" lon="8.112440237309784"><ele>1397.0799865722656</ele></trkpt><trkpt lat="46.76339029194787" lon="8.112440237309784"><ele>1397.7999877929688</ele></trkpt><trkpt lat="46.76338029233739" lon="8.112480237614363"><ele>1398.6999816894531</ele></trkpt><trkpt lat="46.76336029265076" lon="8.112510237842798"><ele>1400.1999816894531</ele></trkpt><trkpt lat="46.76336029265076" lon="8.112510237842798"><ele>1399.2099914550781</ele></trkpt><trkpt lat="46.76336029265076" lon="8.112510237842798"><ele>1399.4099731445312</ele></trkpt><trkpt lat="46.763330292887986" lon="8.112520237918943"><ele>1400.3299865722656</ele></trkpt><trkpt lat="46.763330292887986" lon="8.112520237918943"><ele>1400.8999938964844</ele></trkpt><trkpt lat="46.763330292887986" lon="8.112530237995088"><ele>1401.5</ele></trkpt><trkpt lat="46.76334029296413" lon="8.112560238223523"><ele>1402.5</ele></trkpt><trkpt lat="46.7633202932775" lon="8.112580238375813"><ele>1402.5799865722656</ele></trkpt><trkpt lat="46.7633202932775" lon="8.112590238451958"><ele>1403.6999816894531</ele></trkpt><trkpt lat="46.7632702938281" lon="8.112590238451958"><ele>1404.8999938964844</ele></trkpt><trkpt lat="46.76325029367581" lon="8.112600238993764"><ele>1405.5</ele></trkpt><trkpt lat="46.76323029398918" lon="8.112620238680393"><ele>1405.9399719238281</ele></trkpt><trkpt lat="46.76323029398918" lon="8.112630238756537"><ele>1406.0199890136719</ele></trkpt><trkpt lat="46.76325029414147" lon="8.112640238832682"><ele>1407.1999816894531</ele></trkpt><trkpt lat="46.763280294369906" lon="8.112690239213407"><ele>1408.0599975585938</ele></trkpt><trkpt lat="46.76329029444605" lon="8.112720239441842"><ele>1409.1999816894531</ele></trkpt><trkpt lat="46.76329029444605" lon="8.112730239517987"><ele>1409.5999755859375</ele></trkpt><trkpt lat="46.76327029475942" lon="8.112770239822567"><ele>1411.0999755859375</ele></trkpt><trkpt lat="46.76324029499665" lon="8.112810239661485"><ele>1412.0999755859375</ele></trkpt><trkpt lat="46.763210295233876" lon="8.112830239813775"><ele>1413.1999816894531</ele></trkpt><trkpt lat="46.76317029539496" lon="8.112890240270644"><ele>1414.4599914550781</ele></trkpt><trkpt lat="46.76315029570833" lon="8.112910240422934"><ele>1415.6999816894531</ele></trkpt><trkpt lat="46.76314029563218" lon="8.112930240575224"><ele>1415.6799926757812</ele></trkpt><trkpt lat="46.76311029586941" lon="8.112960240803659"><ele>1416.6999816894531</ele></trkpt><trkpt lat="46.763100296258926" lon="8.112990240566432"><ele>1416.8799743652344</ele></trkpt><trkpt lat="46.76307029649615" lon="8.113040240947157"><ele>1418.0</ele></trkpt><trkpt lat="46.76307029649615" lon="8.113040240947157"><ele>1418.0</ele></trkpt><trkpt lat="46.76298029627651" lon="8.11309024086222"><ele>1417.1999816894531</ele></trkpt><trkpt lat="46.762930295895785" lon="8.11309024039656"><ele>1415.8499755859375</ele></trkpt><trkpt lat="46.76292029581964" lon="8.11309024039656"><ele>1415.9599914550781</ele></trkpt><trkpt lat="46.76289029605687" lon="8.11309024039656"><ele>1416.5999755859375</ele></trkpt><trkpt lat="46.76286029582843" lon="8.113080240320414"><ele>1416.0999755859375</ele></trkpt><trkpt lat="46.76284029567614" lon="8.113080240320414"><ele>1416.0999755859375</ele></trkpt><trkpt lat="46.76282029598951" lon="8.11309024039656"><ele>1416.0299987792969</ele></trkpt><trkpt lat="46.76279029576108" lon="8.113100240472704"><ele>1416.0599975585938</ele></trkpt><trkpt lat="46.762780295684934" lon="8.113100240472704"><ele>1416.0699768066406</ele></trkpt><trkpt lat="46.76273029576987" lon="8.113130240701139"><ele>1416.0</ele></trkpt><trkpt lat="46.76271029561758" lon="8.113160240463912"><ele>1415.5</ele></trkpt><trkpt lat="46.76271029561758" lon="8.113160240463912"><ele>1415.6399841308594</ele></trkpt><trkpt lat="46.76271029561758" lon="8.113270240370184"><ele>1414.6899719238281</ele></trkpt><trkpt lat="46.76271029561758" lon="8.113340239971876"><ele>1413.8499755859375</ele></trkpt><trkpt lat="46.762720295228064" lon="8.113470240030438"><ele>1412.3999938964844</ele></trkpt><trkpt lat="46.76271029515192" lon="8.113500239793211"><ele>1412.239990234375</ele></trkpt><trkpt lat="46.76271029468626" lon="8.11354023963213"><ele>1411.3999938964844</ele></trkpt><trkpt lat="46.76270029461011" lon="8.113630239386111"><ele>1410.0</ele></trkpt><trkpt lat="46.762730294372886" lon="8.113770239520818"><ele>1409.1899719238281</ele></trkpt><trkpt lat="46.762750294059515" lon="8.113920239266008"><ele>1407.5399780273438</ele></trkpt><trkpt lat="46.762750294059515" lon="8.113920239266008"><ele>1407.5</ele></trkpt><trkpt lat="46.76276029413566" lon="8.113970239181072"><ele>1406.8999938964844</ele></trkpt><trkpt lat="46.762750294059515" lon="8.114090238697827"><ele>1406.1999816894531</ele></trkpt><trkpt lat="46.762730293441564" lon="8.114210238680243"><ele>1404.4199829101562</ele></trkpt><trkpt lat="46.76274029351771" lon="8.114230238832533"><ele>1404.3299865722656</ele></trkpt><trkpt lat="46.76274029351771" lon="8.114260238595307"><ele>1404.2999877929688</ele></trkpt><trkpt lat="46.76274029351771" lon="8.114270238671452"><ele>1403.8099975585938</ele></trkpt><trkpt lat="46.76272029336542" lon="8.11429023835808"><ele>1403.5999755859375</ele></trkpt><trkpt lat="46.76270029321313" lon="8.114320238120854"><ele>1402.5699768066406</ele></trkpt><trkpt lat="46.762690293136984" lon="8.114350238349289"><ele>1401.8999938964844</ele></trkpt><trkpt lat="46.76266029290855" lon="8.114430238027126"><ele>1401.3699951171875</ele></trkpt><trkpt lat="46.76266029290855" lon="8.11444023810327"><ele>1401.1999816894531</ele></trkpt><trkpt lat="46.76266029290855" lon="8.11446023825556"><ele>1401.1599731445312</ele></trkpt><trkpt lat="46.76266029290855" lon="8.114530237857252"><ele>1400.7999877929688</ele></trkpt><trkpt lat="46.76267029251903" lon="8.114620238076895"><ele>1400.2999877929688</ele></trkpt><trkpt lat="46.76267029251903" lon="8.114700237754732"><ele>1399.5999755859375</ele></trkpt><trkpt lat="46.76266029244289" lon="8.11480023758486"><ele>1398.2999877929688</ele></trkpt><trkpt lat="46.76266029244289" lon="8.114810237661004"><ele>1398.2799987792969</ele></trkpt><trkpt lat="46.76265029236674" lon="8.114880237728357"><ele>1397.7999877929688</ele></trkpt><trkpt lat="46.76259029190987" lon="8.11497023748234"><ele>1396.3999938964844</ele></trkpt><trkpt lat="46.76258029183373" lon="8.115010237321258"><ele>1395.5999755859375</ele></trkpt><trkpt lat="46.762570291757584" lon="8.115070237312466"><ele>1394.8999938964844</ele></trkpt><trkpt lat="46.76257029129192" lon="8.115140236914158"><ele>1394.3999938964844</ele></trkpt><trkpt lat="46.76256029121578" lon="8.115170236676931"><ele>1393.5999755859375</ele></trkpt><trkpt lat="46.76256029121578" lon="8.115180236753076"><ele>1393.3999938964844</ele></trkpt><trkpt lat="46.76256029121578" lon="8.115200236905366"><ele>1393.2899780273438</ele></trkpt><trkpt lat="46.76256029121578" lon="8.115240236744285"><ele>1392.7999877929688</ele></trkpt><trkpt lat="46.762560290750116" lon="8.115330236498266"><ele>1391.5099792480469</ele></trkpt><trkpt lat="46.76257029082626" lon="8.115420236252248"><ele>1390.4099731445312</ele></trkpt><trkpt lat="46.762580290436745" lon="8.115540236234665"><ele>1389.22998046875</ele></trkpt><trkpt lat="46.76259029004723" lon="8.115620235912502"><ele>1388.2999877929688</ele></trkpt><trkpt lat="46.76260029012337" lon="8.11568023590371"><ele>1387.3999938964844</ele></trkpt><trkpt lat="46.76265029003844" lon="8.115730235818774"><ele>1387.0</ele></trkpt><trkpt lat="46.76266029011458" lon="8.115750235971063"><ele>1386.8499755859375</ele></trkpt><trkpt lat="46.762690289877355" lon="8.115790235809982"><ele>1386.3999938964844</ele></trkpt><trkpt lat="46.762710289563984" lon="8.1158302356489"><ele>1385.5</ele></trkpt><trkpt lat="46.76270028948784" lon="8.115910235326737"><ele>1383.9399719238281</ele></trkpt><trkpt lat="46.76270028902218" lon="8.11594023508951"><ele>1383.3999938964844</ele></trkpt><trkpt lat="46.76271028863266" lon="8.116060235071927"><ele>1380.8999938964844</ele></trkpt><trkpt lat="46.762720288708806" lon="8.1160902348347"><ele>1380.0099792480469</ele></trkpt><trkpt lat="46.76273028831929" lon="8.116140234749764"><ele>1379.0999755859375</ele></trkpt><trkpt lat="46.76276028808206" lon="8.116170234512538"><ele>1378.0999755859375</ele></trkpt><trkpt lat="46.76276028808206" lon="8.116180234123021"><ele>1377.5499877929688</ele></trkpt><trkpt lat="46.76279028784484" lon="8.116230234038085"><ele>1376.0599975585938</ele></trkpt><trkpt lat="46.76279028784484" lon="8.11624023411423"><ele>1375.8699951171875</ele></trkpt><trkpt lat="46.76279028784484" lon="8.116250233724713"><ele>1375.469970703125</ele></trkpt><trkpt lat="46.762790286913514" lon="8.11635023355484"><ele>1373.0</ele></trkpt><trkpt lat="46.76280028698966" lon="8.116400233469903"><ele>1372.1099853515625</ele></trkpt><trkpt lat="46.76280028698966" lon="8.116430233232677"><ele>1371.2999877929688</ele></trkpt><trkpt lat="46.76283028675243" lon="8.116440233308822"><ele>1370.5</ele></trkpt><trkpt lat="46.762860286515206" lon="8.11648023314774"><ele>1369.7999877929688</ele></trkpt><trkpt lat="46.76287028612569" lon="8.116520232986659"><ele>1369.1999816894531</ele></trkpt><trkpt lat="46.76287028612569" lon="8.116570232901722"><ele>1368.0</ele></trkpt><trkpt lat="46.76289028581232" lon="8.11661023274064"><ele>1367.5999755859375</ele></trkpt><trkpt lat="46.76289028581232" lon="8.116670232266188"><ele>1366.1999816894531</ele></trkpt><trkpt lat="46.76291028549895" lon="8.116740232333541"><ele>1364.5</ele></trkpt><trkpt lat="46.762930285185575" lon="8.116800231859088"><ele>1363.5</ele></trkpt><trkpt lat="46.76297028455883" lon="8.116930231451988"><ele>1360.3999938964844</ele></trkpt><trkpt lat="46.7629902837798" lon="8.117050230968744"><ele>1356.3999938964844</ele></trkpt><trkpt lat="46.763000283390284" lon="8.11711023049429"><ele>1355.3999938964844</ele></trkpt><trkpt lat="46.762980283237994" lon="8.117260230705142"><ele>1354.6999816894531</ele></trkpt><trkpt lat="46.762980283237994" lon="8.117270230315626"><ele>1354.4499816894531</ele></trkpt><trkpt lat="46.76297028316185" lon="8.117330230306834"><ele>1354.0999755859375</ele></trkpt><trkpt lat="46.762940282933414" lon="8.117410230450332"><ele>1352.8999938964844</ele></trkpt><trkpt lat="46.762920282781124" lon="8.11745023028925"><ele>1351.8999938964844</ele></trkpt><trkpt lat="46.762920282781124" lon="8.117460229899734"><ele>1351.739990234375</ele></trkpt><trkpt lat="46.76290028216317" lon="8.117570229806006"><ele>1348.8999938964844</ele></trkpt><trkpt lat="46.76289028208703" lon="8.117590229492635"><ele>1348.6299743652344</ele></trkpt><trkpt lat="46.76289028208703" lon="8.11760022956878"><ele>1348.1999816894531</ele></trkpt><trkpt lat="46.76286028185859" lon="8.117610229179263"><ele>1347.0</ele></trkpt><trkpt lat="46.76287028193474" lon="8.117660229094326"><ele>1346.6999816894531</ele></trkpt><trkpt lat="46.76287028146908" lon="8.117670229170471"><ele>1345.7999877929688</ele></trkpt><trkpt lat="46.762890281155705" lon="8.117780228611082"><ele>1343.7999877929688</ele></trkpt><trkpt lat="46.76288028107956" lon="8.117800228763372"><ele>1343.1999816894531</ele></trkpt><trkpt lat="46.76286028092727" lon="8.11784022860229"><ele>1342.3999938964844</ele></trkpt><trkpt lat="46.76286028046161" lon="8.117910228203982"><ele>1340.8999938964844</ele></trkpt><trkpt lat="46.762870280537754" lon="8.117920228280127"><ele>1341.0499877929688</ele></trkpt><trkpt lat="46.76289028022438" lon="8.117960228119045"><ele>1340.0999755859375</ele></trkpt><trkpt lat="46.76295028021559" lon="8.11812022794038"><ele>1338.0299987792969</ele></trkpt><trkpt lat="46.762980279978365" lon="8.118200227618217"><ele>1337.2999877929688</ele></trkpt><trkpt lat="46.76304027903825" lon="8.118410226888955"><ele>1333.0</ele></trkpt><trkpt lat="46.763090278953314" lon="8.118460226804018"><ele>1332.6999816894531</ele></trkpt><trkpt lat="46.763140278402716" lon="8.118540226481855"><ele>1330.8999938964844</ele></trkpt><trkpt lat="46.76321027847007" lon="8.118580226786435"><ele>1330.5999755859375</ele></trkpt><trkpt lat="46.76323027862236" lon="8.118600226473063"><ele>1330.3299865722656</ele></trkpt><trkpt lat="46.76324027823284" lon="8.118610226549208"><ele>1330.2999877929688</ele></trkpt><trkpt lat="46.76324027823284" lon="8.118620226625353"><ele>1330.0999755859375</ele></trkpt><trkpt lat="46.76325027830899" lon="8.11870022630319"><ele>1329.0</ele></trkpt><trkpt lat="46.76326027838513" lon="8.11870022630319"><ele>1328.969970703125</ele></trkpt><trkpt lat="46.76333027752116" lon="8.118940225802362"><ele>1326.2999877929688</ele></trkpt><trkpt lat="46.76342027634382" lon="8.119160225149244"><ele>1320.5999755859375</ele></trkpt><trkpt lat="46.76342027587816" lon="8.119370224419981"><ele>1317.3999938964844</ele></trkpt><trkpt lat="46.763450276106596" lon="8.119410224724561"><ele>1318.7699890136719</ele></trkpt><trkpt lat="46.763490275945514" lon="8.119480224326253"><ele>1317.0</ele></trkpt><trkpt lat="46.763600275851786" lon="8.119570224545896"><ele>1316.5</ele></trkpt><trkpt lat="46.7636302751489" lon="8.119630224071443"><ele>1315.0</ele></trkpt><trkpt lat="46.76366027537733" lon="8.119690224062651"><ele>1314.3999938964844</ele></trkpt><trkpt lat="46.76367027498782" lon="8.119740223977715"><ele>1313.7999877929688</ele></trkpt><trkpt lat="46.76367027498782" lon="8.119760223664343"><ele>1313.5199890136719</ele></trkpt><trkpt lat="46.76367027498782" lon="8.119800223968923"><ele>1313.0</ele></trkpt><trkpt lat="46.76368027506396" lon="8.119840223807842"><ele>1312.8299865722656</ele></trkpt><trkpt lat="46.76372027490288" lon="8.119930223561823"><ele>1312.1599731445312</ele></trkpt><trkpt lat="46.76374027412385" lon="8.11999022308737"><ele>1308.8999938964844</ele></trkpt><trkpt lat="46.76372027397156" lon="8.120050223078579"><ele>1307.72998046875</ele></trkpt><trkpt lat="46.76371027389541" lon="8.120050222612917"><ele>1306.7999877929688</ele></trkpt><trkpt lat="46.76356027228758" lon="8.12021022150293"><ele>1299.0999755859375</ele></trkpt><trkpt lat="46.76353027159348" lon="8.120250221341848"><ele>1297.5</ele></trkpt><trkpt lat="46.76351027144119" lon="8.120270221028477"><ele>1296.3299865722656</ele></trkpt><trkpt lat="46.76346027106047" lon="8.120310220867395"><ele>1294.9399719238281</ele></trkpt><trkpt lat="46.76345027144998" lon="8.120330221019685"><ele>1294.7999877929688</ele></trkpt><trkpt lat="46.763350270688534" lon="8.120310220401734"><ele>1292.0999755859375</ele></trkpt><trkpt lat="46.76334027061239" lon="8.120310220401734"><ele>1291.22998046875</ele></trkpt><trkpt lat="46.7633202704601" lon="8.12030022032559"><ele>1291.2999877929688</ele></trkpt><trkpt lat="46.763290270697325" lon="8.120270220097154"><ele>1290.8999938964844</ele></trkpt><trkpt lat="46.763190269935876" lon="8.12026022002101"><ele>1289.0</ele></trkpt><trkpt lat="46.76314027002081" lon="8.12022021971643"><ele>1288.8999938964844</ele></trkpt><trkpt lat="46.763040269725025" lon="8.120120219420642"><ele>1287.5</ele></trkpt><trkpt lat="46.763040269725025" lon="8.120130219496787"><ele>1287.239990234375</ele></trkpt><trkpt lat="46.76303026964888" lon="8.120140219572932"><ele>1287.0</ele></trkpt><trkpt lat="46.76304026925936" lon="8.120190219487995"><ele>1286.0</ele></trkpt><trkpt lat="46.76305026933551" lon="8.120230219326913"><ele>1285.5</ele></trkpt><trkpt lat="46.76311026932672" lon="8.120320219080895"><ele>1285.0999755859375</ele></trkpt><trkpt lat="46.763150269165635" lon="8.120390219148248"><ele>1283.5</ele></trkpt><trkpt lat="46.763150268699974" lon="8.120410218834877"><ele>1282.1799926757812</ele></trkpt><trkpt lat="46.763150268699974" lon="8.120430218987167"><ele>1282.2999877929688</ele></trkpt><trkpt lat="46.76315026823431" lon="8.120450218673795"><ele>1281.0</ele></trkpt><trkpt lat="46.763180267997086" lon="8.120510218199342"><ele>1278.969970703125</ele></trkpt><trkpt lat="46.76319026807323" lon="8.120540218427777"><ele>1278.7999877929688</ele></trkpt><trkpt lat="46.76323026744649" lon="8.120700217783451"><ele>1275.3999938964844</ele></trkpt><trkpt lat="46.76323026698083" lon="8.120750217232853"><ele>1273.3999938964844</ele></trkpt><trkpt lat="46.76322026690468" lon="8.120770217385143"><ele>1272.9599914550781</ele></trkpt><trkpt lat="46.76321026682854" lon="8.120810217224061"><ele>1272.5</ele></trkpt><trkpt lat="46.76320026628673" lon="8.12087021721527"><ele>1271.3999938964844</ele></trkpt><trkpt lat="46.76320026628673" lon="8.120900216978043"><ele>1270.7699890136719</ele></trkpt><trkpt lat="46.763210266362876" lon="8.120960216969252"><ele>1270.1999816894531</ele></trkpt><trkpt lat="46.76324026612565" lon="8.121030216570944"><ele>1268.5999755859375</ele></trkpt><trkpt lat="46.76326026581228" lon="8.121100216172636"><ele>1267.2999877929688</ele></trkpt><trkpt lat="46.76327026542276" lon="8.12113021640107"><ele>1266.3599853515625</ele></trkpt><trkpt lat="46.76329026557505" lon="8.121190215926617"><ele>1265.6999816894531</ele></trkpt><trkpt lat="46.7633502651006" lon="8.121290215756744"><ele>1263.7999877929688</ele></trkpt><trkpt lat="46.76338026486337" lon="8.121310215443373"><ele>1262.8599853515625</ele></trkpt><trkpt lat="46.763450264465064" lon="8.121360215358436"><ele>1261.1999816894531</ele></trkpt><trkpt lat="46.763480263762176" lon="8.121410214807838"><ele>1258.6599731445312</ele></trkpt><trkpt lat="46.76351026399061" lon="8.121440215036273"><ele>1258.0</ele></trkpt><trkpt lat="46.763520263601094" lon="8.12148021440953"><ele>1256.8999938964844</ele></trkpt><trkpt lat="46.76353026321158" lon="8.121540214400738"><ele>1255.3999938964844</ele></trkpt><trkpt lat="46.76354026328772" lon="8.121610214468092"><ele>1254.5999755859375</ele></trkpt><trkpt lat="46.76355026289821" lon="8.121680214069784"><ele>1253.7699890136719</ele></trkpt><trkpt lat="46.76355026289821" lon="8.121700214222074"><ele>1253.8999938964844</ele></trkpt><trkpt lat="46.763550262432545" lon="8.121820213738829"><ele>1252.1999816894531</ele></trkpt><trkpt lat="46.76356026250869" lon="8.12191021349281"><ele>1251.0</ele></trkpt><trkpt lat="46.763570262119174" lon="8.121960213407874"><ele>1249.5</ele></trkpt><trkpt lat="46.76358026172966" lon="8.122030213475227"><ele>1248.5999755859375</ele></trkpt><trkpt lat="46.76358026172966" lon="8.122030213009566"><ele>1248.1899719238281</ele></trkpt><trkpt lat="46.76360026188195" lon="8.122070213314146"><ele>1247.5999755859375</ele></trkpt><trkpt lat="46.76361026149243" lon="8.122090213000774"><ele>1246.6999816894531</ele></trkpt><trkpt lat="46.76363026117906" lon="8.122170212678611"><ele>1245.0</ele></trkpt><trkpt lat="46.76366026094183" lon="8.12223021266982"><ele>1243.8999938964844</ele></trkpt><trkpt lat="46.76372026046738" lon="8.122330212034285"><ele>1241.3699951171875</ele></trkpt><trkpt lat="46.763730260543525" lon="8.122330212034285"><ele>1241.3199768066406</ele></trkpt><trkpt lat="46.763750260230154" lon="8.122360211797059"><ele>1240.3999938964844</ele></trkpt><trkpt lat="46.763750260230154" lon="8.122400211635977"><ele>1239.6999816894531</ele></trkpt><trkpt lat="46.76375025976449" lon="8.122440211940557"><ele>1239.0</ele></trkpt><trkpt lat="46.76375025976449" lon="8.122460211627185"><ele>1238.22998046875</ele></trkpt><trkpt lat="46.76372025953606" lon="8.122520211152732"><ele>1236.25</ele></trkpt><trkpt lat="46.76370025891811" lon="8.122570211067796"><ele>1234.8199768066406</ele></trkpt><trkpt lat="46.76367025868967" lon="8.122630211059004"><ele>1233.5999755859375</ele></trkpt><trkpt lat="46.76364025846124" lon="8.12273021042347"><ele>1231.2799987792969</ele></trkpt><trkpt lat="46.76363025838509" lon="8.122800210490823"><ele>1230.5999755859375</ele></trkpt><trkpt lat="46.76362025830895" lon="8.122840210329741"><ele>1229.8999938964844</ele></trkpt><trkpt lat="46.763620257843286" lon="8.122970209922642"><ele>1228.0999755859375</ele></trkpt><trkpt lat="46.76363025745377" lon="8.123050209600478"><ele>1226.5999755859375</ele></trkpt><trkpt lat="46.76363025745377" lon="8.123090209439397"><ele>1225.8999938964844</ele></trkpt><trkpt lat="46.76362025691196" lon="8.12314020935446"><ele>1225.0999755859375</ele></trkpt><trkpt lat="46.76363025698811" lon="8.123190209269524"><ele>1224.5</ele></trkpt><trkpt lat="46.76364025706425" lon="8.123240209184587"><ele>1223.9499816894531</ele></trkpt><trkpt lat="46.76369025697932" lon="8.123440209310502"><ele>1223.6999816894531</ele></trkpt><trkpt lat="46.7637002565898" lon="8.123490209225565"><ele>1223.5999755859375</ele></trkpt><trkpt lat="46.76370025705546" lon="8.123510209377855"><ele>1223.7999877929688</ele></trkpt><trkpt lat="46.76370025705546" lon="8.123530209064484"><ele>1223.7099914550781</ele></trkpt><trkpt lat="46.76370025705546" lon="8.123560209292918"><ele>1223.8999938964844</ele></trkpt><trkpt lat="46.763710257131606" lon="8.123720209114254"><ele>1224.25</ele></trkpt><trkpt lat="46.76372025720775" lon="8.124050209764391"><ele>1226.5999755859375</ele></trkpt><trkpt lat="46.76373025774956" lon="8.124230209738016"><ele>1227.8999938964844</ele></trkpt><trkpt lat="46.76370025752112" lon="8.124260209966451"><ele>1227.25</ele></trkpt><trkpt lat="46.76370025752112" lon="8.124270210042596"><ele>1227.3999938964844</ele></trkpt><trkpt lat="46.76364025706425" lon="8.124390209559351"><ele>1225.5</ele></trkpt><trkpt lat="46.76349025731906" lon="8.124580209609121"><ele>1225.5</ele></trkpt><trkpt lat="46.76336025772616" lon="8.124800209887326"><ele>1227.5</ele></trkpt><trkpt lat="46.76329025719315" lon="8.12502020969987"><ele>1226.1999816894531</ele></trkpt><trkpt lat="46.763280257117" lon="8.125060209538788"><ele>1225.22998046875</ele></trkpt><trkpt lat="46.76327025704086" lon="8.125090209301561"><ele>1225.0099792480469</ele></trkpt><trkpt lat="46.76324025681242" lon="8.125210209283978"><ele>1223.3999938964844</ele></trkpt><trkpt lat="46.76325025642291" lon="8.125230208970606"><ele>1222.6799926757812</ele></trkpt><trkpt lat="46.76325025642291" lon="8.125270209275186"><ele>1222.5999755859375</ele></trkpt><trkpt lat="46.76332025649026" lon="8.12549020908773"><ele>1221.2999877929688</ele></trkpt><trkpt lat="46.76334025617689" lon="8.125530208926648"><ele>1221.2999877929688</ele></trkpt><trkpt lat="46.76342025632039" lon="8.125630208756775"><ele>1220.5799865722656</ele></trkpt><trkpt lat="46.763460256159306" lon="8.125670209061354"><ele>1221.3999938964844</ele></trkpt><trkpt lat="46.76359025668353" lon="8.125920209102333"><ele>1223.1999816894531</ele></trkpt><trkpt lat="46.76361025683582" lon="8.125940209254622"><ele>1223.2999877929688</ele></trkpt><trkpt lat="46.7636202564463" lon="8.12604020908475"><ele>1222.3999938964844</ele></trkpt><trkpt lat="46.76360025582835" lon="8.126260208431631"><ele>1219.3999938964844</ele></trkpt><trkpt lat="46.763590255752206" lon="8.12634020857513"><ele>1218.0999755859375</ele></trkpt><trkpt lat="46.76360025443137" lon="8.126620207447559"><ele>1212.1999816894531</ele></trkpt><trkpt lat="46.76360025443137" lon="8.126650207210332"><ele>1211.7999877929688</ele></trkpt><trkpt lat="46.76359025435522" lon="8.126670207362622"><ele>1211.0899963378906</ele></trkpt><trkpt lat="46.76358025427908" lon="8.126680207438767"><ele>1211.0999755859375</ele></trkpt><trkpt lat="46.76349025359377" lon="8.12669020658359"><ele>1208.2999877929688</ele></trkpt><trkpt lat="46.76347025344148" lon="8.12671020673588"><ele>1206.7799987792969</ele></trkpt><trkpt lat="46.763350252527744" lon="8.12682020617649"><ele>1203.6999816894531</ele></trkpt><trkpt lat="46.76322025200352" lon="8.126970205456018"><ele>1200.0999755859375</ele></trkpt><trkpt lat="46.76316025154665" lon="8.127090204972774"><ele>1197.239990234375</ele></trkpt><trkpt lat="46.76308025047183" lon="8.127240204252303"><ele>1193.2999877929688</ele></trkpt><trkpt lat="46.76305025070906" lon="8.127280204091221"><ele>1192.5999755859375</ele></trkpt><trkpt lat="46.763030250091106" lon="8.127380203921348"><ele>1190.8999938964844</ele></trkpt><trkpt lat="46.7630202495493" lon="8.127520203590393"><ele>1188.5</ele></trkpt><trkpt lat="46.76304024923593" lon="8.12781020347029"><ele>1187.1999816894531</ele></trkpt><trkpt lat="46.76303024915978" lon="8.127880203537643"><ele>1187.0299987792969</ele></trkpt><trkpt lat="46.763010249473155" lon="8.127990203443915"><ele>1187.2999877929688</ele></trkpt><trkpt lat="46.762930249329656" lon="8.12815020326525"><ele>1187.3999938964844</ele></trkpt><trkpt lat="46.76287024933845" lon="8.128260203637183"><ele>1187.7999877929688</ele></trkpt><trkpt lat="46.76285024965182" lon="8.128310203552246"><ele>1187.3399963378906</ele></trkpt><trkpt lat="46.762840249575675" lon="8.12834020331502"><ele>1187.1999816894531</ele></trkpt><trkpt lat="46.76281024934724" lon="8.128390203230083"><ele>1186.5299987792969</ele></trkpt><trkpt lat="46.76279024919495" lon="8.128420202992857"><ele>1186.0999755859375</ele></trkpt><trkpt lat="46.762760248966515" lon="8.12847020290792"><ele>1185.0999755859375</ele></trkpt><trkpt lat="46.76273024873808" lon="8.128500202670693"><ele>1184.0999755859375</ele></trkpt><trkpt lat="46.762720248661935" lon="8.128510202746838"><ele>1183.7999877929688</ele></trkpt><trkpt lat="46.76271024858579" lon="8.128510202746838"><ele>1183.3999938964844</ele></trkpt><trkpt lat="46.762700248509645" lon="8.128510202746838"><ele>1183.3499755859375</ele></trkpt><trkpt lat="46.76267024828121" lon="8.128510202746838"><ele>1182.1999816894531</ele></trkpt><trkpt lat="46.76261024829" lon="8.128490202128887"><ele>1180.9199829101562</ele></trkpt><trkpt lat="46.76257024798542" lon="8.128470201976597"><ele>1180.0</ele></trkpt><trkpt lat="46.76253024768084" lon="8.128450201824307"><ele>1178.9099731445312</ele></trkpt><trkpt lat="46.762490247841924" lon="8.128430202137679"><ele>1178.6999816894531</ele></trkpt><trkpt lat="46.76247024722397" lon="8.128430201672018"><ele>1177.5799865722656</ele></trkpt><trkpt lat="46.7624402474612" lon="8.128430201672018"><ele>1177.5</ele></trkpt><trkpt lat="46.762390247080475" lon="8.128410201519728"><ele>1175.9499816894531</ele></trkpt><trkpt lat="46.76229024678469" lon="8.128380201291293"><ele>1174.4099731445312</ele></trkpt><trkpt lat="46.76211024587974" lon="8.128330200444907"><ele>1170.719970703125</ele></trkpt><trkpt lat="46.76205024588853" lon="8.128310200292617"><ele>1169.5999755859375</ele></trkpt><trkpt lat="46.76196024520323" lon="8.128280200064182"><ele>1167.5999755859375</ele></trkpt><trkpt lat="46.76194024505094" lon="8.128270199988037"><ele>1166.5999755859375</ele></trkpt><trkpt lat="46.76190024521202" lon="8.128260199911892"><ele>1166.1999816894531</ele></trkpt><trkpt lat="46.76178024476394" lon="8.128280199598521"><ele>1163.3999938964844</ele></trkpt><trkpt lat="46.76176024461165" lon="8.12830019928515"><ele>1162.7799987792969</ele></trkpt><trkpt lat="46.761750244535506" lon="8.128310199361295"><ele>1162.5</ele></trkpt><trkpt lat="46.76172024430707" lon="8.128330199047923"><ele>1162.2999877929688</ele></trkpt><trkpt lat="46.76172024430707" lon="8.128350199200213"><ele>1161.72998046875</ele></trkpt><trkpt lat="46.761710244230926" lon="8.128380198962986"><ele>1161.6999816894531</ele></trkpt><trkpt lat="46.76168024353683" lon="8.12873019836843"><ele>1157.5999755859375</ele></trkpt><trkpt lat="46.761670242995024" lon="8.1289201984182"><ele>1155.7999877929688</ele></trkpt><trkpt lat="46.761650242842734" lon="8.129030198324472"><ele>1155.0999755859375</ele></trkpt><trkpt lat="46.761630242690444" lon="8.129180198069662"><ele>1153.8999938964844</ele></trkpt><trkpt lat="46.76158024230972" lon="8.12937019765377"><ele>1151.8099975585938</ele></trkpt><trkpt lat="46.76154024200514" lon="8.12950019724667"><ele>1151.0999755859375</ele></trkpt><trkpt lat="46.761530241928995" lon="8.129570197314024"><ele>1150.6999816894531</ele></trkpt><trkpt lat="46.761530241928995" lon="8.129620197229087"><ele>1150.3999938964844</ele></trkpt><trkpt lat="46.76155024161562" lon="8.12984019704163"><ele>1148.6999816894531</ele></trkpt><trkpt lat="46.76155024114996" lon="8.13005019677803"><ele>1146.4099731445312</ele></trkpt><trkpt lat="46.76155024114996" lon="8.130130196455866"><ele>1145.8099975585938</ele></trkpt><trkpt lat="46.76155024114996" lon="8.13018019683659"><ele>1146.0999755859375</ele></trkpt><trkpt lat="46.7615502406843" lon="8.13020019652322"><ele>1145.1999816894531</ele></trkpt><trkpt lat="46.76154024107382" lon="8.130250196438283"><ele>1145.2999877929688</ele></trkpt><trkpt lat="46.76153024053201" lon="8.130280196201056"><ele>1144.4399719238281</ele></trkpt><trkpt lat="46.76152024092153" lon="8.130300196353346"><ele>1144.5999755859375</ele></trkpt><trkpt lat="46.76149024069309" lon="8.130340196192265"><ele>1143.8999938964844</ele></trkpt><trkpt lat="46.76144024031237" lon="8.130370195955038"><ele>1142.8999938964844</ele></trkpt><trkpt lat="46.76141024008393" lon="8.130370195955038"><ele>1142.0099792480469</ele></trkpt><trkpt lat="46.761370240245014" lon="8.130380196031183"><ele>1141.8999938964844</ele></trkpt><trkpt lat="46.76132023986429" lon="8.130390195641667"><ele>1141.0999755859375</ele></trkpt><trkpt lat="46.761270239949226" lon="8.130430195480585"><ele>1140.1999816894531</ele></trkpt><trkpt lat="46.76124023972079" lon="8.130470195319504"><ele>1138.72998046875</ele></trkpt><trkpt lat="46.76121023949236" lon="8.130510195158422"><ele>1138.0099792480469</ele></trkpt><trkpt lat="46.76120023941621" lon="8.130510195158422"><ele>1137.97998046875</ele></trkpt><trkpt lat="46.76115023903549" lon="8.130650195293128"><ele>1136.5299987792969</ele></trkpt><trkpt lat="46.7611302388832" lon="8.130690195132047"><ele>1136.6999816894531</ele></trkpt><trkpt lat="46.761060238815844" lon="8.130790194962174"><ele>1135.0599975585938</ele></trkpt><trkpt lat="46.7610502387397" lon="8.130800195038319"><ele>1134.9099731445312</ele></trkpt><trkpt lat="46.761000238824636" lon="8.130820194724947"><ele>1134.7999877929688</ele></trkpt><trkpt lat="46.76095023844391" lon="8.130880194716156"><ele>1133.0399780273438</ele></trkpt><trkpt lat="46.76091023813933" lon="8.130930194165558"><ele>1131.8499755859375</ele></trkpt><trkpt lat="46.76087023783475" lon="8.130990194156766"><ele>1130.6999816894531</ele></trkpt><trkpt lat="46.760680236388" lon="8.13126019295305"><ele>1124.0999755859375</ele></trkpt><trkpt lat="46.76056023593992" lon="8.131440192461014"><ele>1120.0699768066406</ele></trkpt><trkpt lat="46.76044023549184" lon="8.131610191892833"><ele>1118.0999755859375</ele></trkpt><trkpt lat="46.76038023503497" lon="8.13167019188404"><ele>1117.75</ele></trkpt><trkpt lat="46.76037023542449" lon="8.13169019203633"><ele>1118.0999755859375</ele></trkpt><trkpt lat="46.760360235348344" lon="8.131700192112476"><ele>1117.6999816894531</ele></trkpt><trkpt lat="46.760320235043764" lon="8.131740191951394"><ele>1117.7999877929688</ele></trkpt><trkpt lat="46.76029023528099" lon="8.131750192027539"><ele>1117.47998046875</ele></trkpt><trkpt lat="46.76023023528978" lon="8.131760192103684"><ele>1117.3999938964844</ele></trkpt><trkpt lat="46.76012023491785" lon="8.131750192027539"><ele>1116.5</ele></trkpt><trkpt lat="46.76010023476556" lon="8.131770191714168"><ele>1116.1299743652344</ele></trkpt><trkpt lat="46.760050234850496" lon="8.131800191942602"><ele>1116.1999816894531</ele></trkpt><trkpt lat="46.760030234698206" lon="8.131830191705376"><ele>1116.1999816894531</ele></trkpt><trkpt lat="46.76000023493543" lon="8.13188019162044"><ele>1115.6799926757812</ele></trkpt><trkpt lat="46.759970234707" lon="8.131930191535503"><ele>1115.5199890136719</ele></trkpt><trkpt lat="46.75995023502037" lon="8.131970191840082"><ele>1115.5999755859375</ele></trkpt><trkpt lat="46.75993023486808" lon="8.131990191526711"><ele>1115.219970703125</ele></trkpt><trkpt lat="46.759820234496146" lon="8.132130191195756"><ele>1113.5</ele></trkpt><trkpt lat="46.75978023419157" lon="8.132140191271901"><ele>1112.8999938964844</ele></trkpt><trkpt lat="46.75975023396313" lon="8.132130191195756"><ele>1112.0999755859375</ele></trkpt><trkpt lat="46.759670233819634" lon="8.132080190815032"><ele>1110.4599914550781</ele></trkpt><trkpt lat="46.75960023375228" lon="8.132030190899968"><ele>1109.5</ele></trkpt><trkpt lat="46.75952023360878" lon="8.132000190671533"><ele>1108.8999938964844</ele></trkpt><trkpt lat="46.7594802333042" lon="8.132000190671533"><ele>1108.5999755859375</ele></trkpt><trkpt lat="46.759440233465284" lon="8.132020190358162"><ele>1108.3999938964844</ele></trkpt><trkpt lat="46.75941023323685" lon="8.132040190510452"><ele>1108.2999877929688</ele></trkpt><trkpt lat="46.759360233321786" lon="8.132090190425515"><ele>1107.7899780273438</ele></trkpt><trkpt lat="46.75935023324564" lon="8.132090190425515"><ele>1108.1999816894531</ele></trkpt><trkpt lat="46.75930023333058" lon="8.132170190569013"><ele>1107.5399780273438</ele></trkpt><trkpt lat="46.75928023317829" lon="8.132200190331787"><ele>1107.469970703125</ele></trkpt><trkpt lat="46.75927023310214" lon="8.132200190331787"><ele>1107.4399719238281</ele></trkpt><trkpt lat="46.75924023333937" lon="8.132260190322995"><ele>1107.7999877929688</ele></trkpt><trkpt lat="46.759230233263224" lon="8.132300190161914"><ele>1107.2999877929688</ele></trkpt><trkpt lat="46.759210233110934" lon="8.132340190466493"><ele>1107.6999816894531</ele></trkpt><trkpt lat="46.75920023303479" lon="8.13246019044891"><ele>1107.219970703125</ele></trkpt><trkpt lat="46.759190232958645" lon="8.132590190507472"><ele>1107.0299987792969</ele></trkpt><trkpt lat="46.759170233272016" lon="8.132750190328807"><ele>1107.1999816894531</ele></trkpt><trkpt lat="46.759170232806355" lon="8.13295018998906"><ele>1106.4099731445312</ele></trkpt><trkpt lat="46.759170232806355" lon="8.13299019029364"><ele>1106.6999816894531</ele></trkpt><trkpt lat="46.75916023273021" lon="8.133010189980268"><ele>1106.2999877929688</ele></trkpt><trkpt lat="46.759150233119726" lon="8.133060190360993"><ele>1106.3999938964844</ele></trkpt><trkpt lat="46.759130232967436" lon="8.133150190114975"><ele>1105.97998046875</ele></trkpt><trkpt lat="46.759110232815146" lon="8.133230190258473"><ele>1105.8999938964844</ele></trkpt><trkpt lat="46.75909023266286" lon="8.133250189945102"><ele>1105.6399841308594</ele></trkpt><trkpt lat="46.75907023251057" lon="8.133270190097392"><ele>1105.3999938964844</ele></trkpt><trkpt lat="46.75906023243442" lon="8.13329018978402"><ele>1105.1999816894531</ele></trkpt><trkpt lat="46.75904023274779" lon="8.13331018993631"><ele>1104.9199829101562</ele></trkpt><trkpt lat="46.75903023267165" lon="8.133320190012455"><ele>1104.7999877929688</ele></trkpt><trkpt lat="46.7590202325955" lon="8.133320190012455"><ele>1104.72998046875</ele></trkpt><trkpt lat="46.758940232452005" lon="8.13331018993631"><ele>1103.7999877929688</ele></trkpt><trkpt lat="46.758900232147425" lon="8.13329018978402"><ele>1103.2999877929688</ele></trkpt><trkpt lat="46.75889023207128" lon="8.133280189707875"><ele>1103.0199890136719</ele></trkpt><trkpt lat="46.75886023230851" lon="8.13325018947944"><ele>1102.5999755859375</ele></trkpt><trkpt lat="46.75874023139477" lon="8.133130189031363"><ele>1099.5999755859375</ele></trkpt><trkpt lat="46.758670231327415" lon="8.133090188726783"><ele>1098.3399963378906</ele></trkpt><trkpt lat="46.75847023073584" lon="8.13296018820256"><ele>1095.2999877929688</ele></trkpt><trkpt lat="46.75829023029655" lon="8.132900188211352"><ele>1093.6799926757812</ele></trkpt><trkpt lat="46.75828023022041" lon="8.132890188135207"><ele>1093.6999816894531</ele></trkpt><trkpt lat="46.75826023006812" lon="8.132890188135207"><ele>1093.5599975585938</ele></trkpt><trkpt lat="46.7582202302292" lon="8.132900188211352"><ele>1093.5</ele></trkpt><trkpt lat="46.75809023017064" lon="8.132970187813044"><ele>1092.989990234375</ele></trkpt><trkpt lat="46.75801023002714" lon="8.133020187728107"><ele>1092.6099853515625</ele></trkpt><trkpt lat="46.75801023002714" lon="8.133020187728107"><ele>1092.7999877929688</ele></trkpt><trkpt lat="46.75797023018822" lon="8.133020187728107"><ele>1092.4099731445312</ele></trkpt><trkpt lat="46.75789023004472" lon="8.133030187804252"><ele>1091.9399719238281</ele></trkpt><trkpt lat="46.75788022996858" lon="8.133030187804252"><ele>1092.0</ele></trkpt><trkpt lat="46.75783022958785" lon="8.133080187719315"><ele>1090.2999877929688</ele></trkpt><trkpt lat="46.75781022943556" lon="8.133130187168717"><ele>1089.1999816894531</ele></trkpt><trkpt lat="46.75781022943556" lon="8.133150187321007"><ele>1088.7699890136719</ele></trkpt><trkpt lat="46.7578102289699" lon="8.133190187159926"><ele>1088.1999816894531</ele></trkpt><trkpt lat="46.75782022904605" lon="8.133280186913908"><ele>1086.3999938964844</ele></trkpt><trkpt lat="46.75783022865653" lon="8.133340186905116"><ele>1085.1899719238281</ele></trkpt><trkpt lat="46.75783022865653" lon="8.133340186905116"><ele>1085.1999816894531</ele></trkpt><trkpt lat="46.757860228419304" lon="8.133380186744034"><ele>1084.1999816894531</ele></trkpt><trkpt lat="46.75790022825822" lon="8.133400186430663"><ele>1082.9399719238281</ele></trkpt><trkpt lat="46.75796022778377" lon="8.133400185965002"><ele>1081.3999938964844</ele></trkpt><trkpt lat="46.75805022707209" lon="8.133370185736567"><ele>1078.6999816894531</ele></trkpt><trkpt lat="46.75810022698715" lon="8.13336018519476"><ele>1076.6999816894531</ele></trkpt><trkpt lat="46.758150226436555" lon="8.13336018519476"><ele>1075.6999816894531</ele></trkpt><trkpt lat="46.758190226275474" lon="8.133370184805244"><ele>1074.5</ele></trkpt><trkpt lat="46.75825022626668" lon="8.133400184568018"><ele>1072.6999816894531</ele></trkpt><trkpt lat="46.75833022547886" lon="8.13347018416971"><ele>1070.6099853515625</ele></trkpt><trkpt lat="46.758340225555" lon="8.133480184245855"><ele>1070.0</ele></trkpt><trkpt lat="46.75838022539392" lon="8.133530184160918"><ele>1068.2999877929688</ele></trkpt><trkpt lat="46.75841022469103" lon="8.133590183686465"><ele>1066.7999877929688</ele></trkpt><trkpt lat="46.75842022476718" lon="8.133640183601528"><ele>1065.2999877929688</ele></trkpt><trkpt lat="46.75843022437766" lon="8.13369018305093"><ele>1064.2999877929688</ele></trkpt><trkpt lat="46.75842022430152" lon="8.133760183118284"><ele>1063.1999816894531</ele></trkpt><trkpt lat="46.758420223835856" lon="8.133780182804912"><ele>1062.5299987792969</ele></trkpt><trkpt lat="46.75841022375971" lon="8.133800182957202"><ele>1062.2999877929688</ele></trkpt><trkpt lat="46.75841022375971" lon="8.133800182957202"><ele>1062.239990234375</ele></trkpt><trkpt lat="46.758380223531276" lon="8.13382018264383"><ele>1061.0</ele></trkpt><trkpt lat="46.75835022330284" lon="8.13384018279612"><ele>1060.0</ele></trkpt><trkpt lat="46.75827022315934" lon="8.133830182254314"><ele>1057.739990234375</ele></trkpt><trkpt lat="46.75825022254139" lon="8.133830181788653"><ele>1056.3999938964844</ele></trkpt><trkpt lat="46.75822022277862" lon="8.133850181940943"><ele>1055.6999816894531</ele></trkpt><trkpt lat="46.75818022247404" lon="8.133870181627572"><ele>1054.1899719238281</ele></trkpt><trkpt lat="46.75818022247404" lon="8.133870181627572"><ele>1054.2999877929688</ele></trkpt><trkpt lat="46.75817022193223" lon="8.133900181390345"><ele>1053.4399719238281</ele></trkpt><trkpt lat="46.75816022185609" lon="8.13391018146649"><ele>1053.1399841308594</ele></trkpt><trkpt lat="46.75815022177994" lon="8.133960181381553"><ele>1051.989990234375</ele></trkpt><trkpt lat="46.75815022131428" lon="8.134080180898309"><ele>1049.5999755859375</ele></trkpt><trkpt lat="46.758160220924765" lon="8.13419018033892"><ele>1047.6999816894531</ele></trkpt><trkpt lat="46.758160220924765" lon="8.134210180491209"><ele>1047.25</ele></trkpt><trkpt lat="46.75817022053525" lon="8.134240180253983"><ele>1046.5999755859375</ele></trkpt><trkpt lat="46.75818022061139" lon="8.134270180482417"><ele>1046.2799987792969</ele></trkpt><trkpt lat="46.75821022037417" lon="8.13432017993182"><ele>1045.0599975585938</ele></trkpt><trkpt lat="46.75833021942526" lon="8.134570179041475"><ele>1039.5299987792969</ele></trkpt><trkpt lat="46.75833021942526" lon="8.13458017911762"><ele>1039.3199768066406</ele></trkpt><trkpt lat="46.75835021911189" lon="8.134700178634375"><ele>1037.3599853515625</ele></trkpt><trkpt lat="46.75836021872237" lon="8.134790178854018"><ele>1036.0999755859375</ele></trkpt><trkpt lat="46.75836021825671" lon="8.134920178446919"><ele>1034.1499938964844</ele></trkpt><trkpt lat="46.75836021732539" lon="8.135120177641511"><ele>1030.3999938964844</ele></trkpt><trkpt lat="46.75839021708816" lon="8.135280177462846"><ele>1027.6699829101562</ele></trkpt><trkpt lat="46.75840021669865" lon="8.135380176827312"><ele>1026.0999755859375</ele></trkpt><trkpt lat="46.75840021669865" lon="8.135420177131891"><ele>1025.6999816894531</ele></trkpt><trkpt lat="46.758400216232985" lon="8.135430176742375"><ele>1025.4199829101562</ele></trkpt><trkpt lat="46.75838021654636" lon="8.135480176657438"><ele>1024.8999938964844</ele></trkpt><trkpt lat="46.75836021639407" lon="8.135500176809728"><ele>1024.3799743652344</ele></trkpt><trkpt lat="46.75836021639407" lon="8.135500176809728"><ele>1024.2999877929688</ele></trkpt><trkpt lat="46.75836021639407" lon="8.135500176809728"><ele>1024.2999877929688</ele></trkpt><trkpt lat="46.75824021548033" lon="8.135410176124424"><ele>1021.25</ele></trkpt><trkpt lat="46.758150215260684" lon="8.13534017605707"><ele>1018.9999694824219</ele></trkpt><trkpt lat="46.758070214651525" lon="8.135270175524056"><ele>1016.7999877929688</ele></trkpt><trkpt lat="46.75799021450803" lon="8.135230175219476"><ele>1014.9999694824219</ele></trkpt><trkpt lat="46.75787021359429" lon="8.135190174914896"><ele>1012.0</ele></trkpt><trkpt lat="46.757800213526934" lon="8.135140174534172"><ele>1010.1999816894531</ele></trkpt><trkpt lat="46.757760213222355" lon="8.135110174305737"><ele>1008.8099975585938</ele></trkpt><trkpt lat="46.757700212765485" lon="8.135070174001157"><ele>1007.2999877929688</ele></trkpt><trkpt lat="46.757680212613195" lon="8.135080174077302"><ele>1006.8999938964844</ele></trkpt><trkpt lat="46.75763021269813" lon="8.13510017376393"><ele>1007.0999755859375</ele></trkpt><trkpt lat="46.7576102130115" lon="8.135110173840076"><ele>1007.3499755859375</ele></trkpt><trkpt lat="46.757550213020295" lon="8.135130173992366"><ele>1008.0999755859375</ele></trkpt><trkpt lat="46.7574802134186" lon="8.13518017437309"><ele>1009.7999877929688</ele></trkpt><trkpt lat="46.75746021326631" lon="8.13520017452538"><ele>1010.0</ele></trkpt><trkpt lat="46.757400213275105" lon="8.135240174364299"><ele>1010.1999816894531</ele></trkpt><trkpt lat="46.75739021319896" lon="8.135240174364299"><ele>1010.2599792480469</ele></trkpt><trkpt lat="46.75732021359727" lon="8.135290174745023"><ele>1011.0999755859375</ele></trkpt><trkpt lat="46.75724021391943" lon="8.135330174583942"><ele>1012.4299926757812</ele></trkpt><trkpt lat="46.757230213377625" lon="8.135340174660087"><ele>1011.0999755859375</ele></trkpt><trkpt lat="46.75714021362364" lon="8.135430174414068"><ele>1011.1999816894531</ele></trkpt><trkpt lat="46.75714021362364" lon="8.135430174414068"><ele>1011.5299987792969</ele></trkpt><trkpt lat="46.757100213784724" lon="8.135450174566358"><ele>1011.47998046875</ele></trkpt><trkpt lat="46.75705021386966" lon="8.135470174718648"><ele>1011.7999877929688</ele></trkpt><trkpt lat="46.757000213488936" lon="8.135490174405277"><ele>1010.5</ele></trkpt><trkpt lat="46.756960212718695" lon="8.135560174006969"><ele>1007.3999938964844</ele></trkpt><trkpt lat="46.756880212109536" lon="8.135580173227936"><ele>1004.3999938964844</ele></trkpt><trkpt lat="46.75683021219447" lon="8.135570173617452"><ele>1004.6199951171875</ele></trkpt><trkpt lat="46.75682021211833" lon="8.135570173617452"><ele>1004.5</ele></trkpt><trkpt lat="46.75674021244049" lon="8.135700173676014"><ele>1005.1999816894531</ele></trkpt><trkpt lat="46.75661021238193" lon="8.135920173954219"><ele>1006.5299987792969</ele></trkpt><trkpt lat="46.75657021254301" lon="8.136000173632056"><ele>1006.6999816894531</ele></trkpt><trkpt lat="46.75652021262795" lon="8.136090173851699"><ele>1006.9999694824219</ele></trkpt><trkpt lat="46.75650021294132" lon="8.136130174156278"><ele>1007.2599792480469</ele></trkpt><trkpt lat="46.75648021278903" lon="8.136170173995197"><ele>1007.1999816894531</ele></trkpt><trkpt lat="46.75646021263674" lon="8.136260173749179"><ele>1007.5</ele></trkpt><trkpt lat="46.75646021263674" lon="8.136350173968822"><ele>1007.3999938964844</ele></trkpt><trkpt lat="46.75646021263674" lon="8.13639017380774"><ele>1007.6299743652344</ele></trkpt><trkpt lat="46.756470212712884" lon="8.136480174027383"><ele>1007.6199951171875</ele></trkpt><trkpt lat="46.756470212712884" lon="8.136520173866302"><ele>1007.5999755859375</ele></trkpt><trkpt lat="46.75648021278903" lon="8.136550174094737"><ele>1007.5799865722656</ele></trkpt><trkpt lat="46.75652021262795" lon="8.136660174001008"><ele>1007.5499877929688</ele></trkpt><trkpt lat="46.75653021270409" lon="8.136700173839927"><ele>1007.5</ele></trkpt><trkpt lat="46.75655021285638" lon="8.136720173992217"><ele>1007.5199890136719</ele></trkpt><trkpt lat="46.75656021293253" lon="8.136730174068362"><ele>1007.1999816894531</ele></trkpt><trkpt lat="46.75661021284759" lon="8.136780173983425"><ele>1007.2999877929688</ele></trkpt><trkpt lat="46.7566702128388" lon="8.136830173898488"><ele>1006.97998046875</ele></trkpt><trkpt lat="46.75671021267772" lon="8.136870173737407"><ele>1006.8199768066406</ele></trkpt><trkpt lat="46.756900212261826" lon="8.137020173948258"><ele>1005.8199768066406</ele></trkpt><trkpt lat="46.757000212557614" lon="8.137100173626095"><ele>1005.3999938964844</ele></trkpt><trkpt lat="46.75704021239653" lon="8.13713017385453"><ele>1005.2099914550781</ele></trkpt><trkpt lat="46.75708021223545" lon="8.137170173693448"><ele>1004.9999694824219</ele></trkpt><trkpt lat="46.757130212150514" lon="8.137210173532367"><ele>1004.6599731445312</ele></trkpt><trkpt lat="46.75719021214172" lon="8.137250173371285"><ele>1004.3999938964844</ele></trkpt><trkpt lat="46.75719021214172" lon="8.137250173371285"><ele>1004.2999877929688</ele></trkpt><trkpt lat="46.75718021206558" lon="8.137290173675865"><ele>1004.1999816894531</ele></trkpt><trkpt lat="46.75718021206558" lon="8.137300173286349"><ele>1004.2999877929688</ele></trkpt><trkpt lat="46.75718021206558" lon="8.137300173286349"><ele>1004.1999816894531</ele></trkpt><trkpt lat="46.75719021214172" lon="8.137310173362494"><ele>1004.1999816894531</ele></trkpt><trkpt lat="46.757260211743414" lon="8.137380173429847"><ele>1003.1699829101562</ele></trkpt><trkpt lat="46.75732021173462" lon="8.13743017334491"><ele>1002.1999816894531</ele></trkpt><trkpt lat="46.75734021188691" lon="8.137460173107684"><ele>1002.1999816894531</ele></trkpt><trkpt lat="46.75734021188691" lon="8.137490173336118"><ele>1002.1999816894531</ele></trkpt><trkpt lat="46.75732021173462" lon="8.137530173175037"><ele>1002.3999938964844</ele></trkpt><trkpt lat="46.75732021173462" lon="8.137540173251182"><ele>1002.2999877929688</ele></trkpt><trkpt lat="46.757390211801976" lon="8.137670173309743"><ele>1002.2999877929688</ele></trkpt><trkpt lat="46.757410211954266" lon="8.137710173148662"><ele>1002.3899841308594</ele></trkpt><trkpt lat="46.757430211640894" lon="8.13775017298758"><ele>1002.2999877929688</ele></trkpt><trkpt lat="46.757450211793184" lon="8.137820173054934"><ele>1002.2999877929688</ele></trkpt><trkpt lat="46.757470211945474" lon="8.137840173207223"><ele>1002.3799743652344</ele></trkpt><trkpt lat="46.75748021155596" lon="8.137870172969997"><ele>1002.2999877929688</ele></trkpt><trkpt lat="46.75751021178439" lon="8.137970173265785"><ele>1002.3599853515625</ele></trkpt><trkpt lat="46.75752021186054" lon="8.138020173180848"><ele>1002.3299865722656</ele></trkpt></trkseg></trk></gpx>