<?xml version="1.0" encoding="utf-8"?><gpx version="1.1" creator="MySchweizMobil - https://map.schweizmobil.ch/" xmlns:xsi="http://www.w3.org/2001/XMLSchema-instance" xmlns="http://www.topografix.com/GPX/1/1" xsi:schemaLocation="http://www.topografix.com/GPX/1/1 http://www.topografix.com/GPX/1/1/gpx.xsd"><metadata><name>Eigergletscher to Lauterbrunnen</name><bounds minlat="46.566220230888575" minlon="7.907260136213154" maxlat="46.59815016807988" maxlon="7.9758003782480955" /></metadata><trk><name>Eigergletscher to Lauterbrunnen</name><trkseg><trkpt lat="46.57471047202125" lon="7.975040380377322"><ele>2322.719970703125</ele></trkpt><trkpt lat="46.57471047248691" lon="7.975040380377322"><ele>2323.72998046875</ele></trkpt><trkpt lat="46.57460047211498" lon="7.975000380538404"><ele>2323.0899963378906</ele></trkpt><trkpt lat="46.574570471886545" lon="7.975000380538404"><ele>2323.0399780273438</ele></trkpt><trkpt lat="46.57453047204763" lon="7.975010380148888"><ele>2322.5999755859375</ele></trkpt><trkpt lat="46.57449047174305" lon="7.9750303803011775"><ele>2322.0799865722656</ele></trkpt><trkpt lat="46.574460471980274" lon="7.975080380216241"><ele>2321.439971923828</ele></trkpt><trkpt lat="46.57443047175184" lon="7.975140380207449"><ele>2320.949981689453</ele></trkpt><trkpt lat="46.574420471675694" lon="7.975200379732996"><ele>2319.97998046875</ele></trkpt><trkpt lat="46.57433047052473" lon="7.97540037939325"><ele>2315.8199768066406</ele></trkpt><trkpt lat="46.574260469991714" lon="7.975520378910005"><ele>2313.1499938964844</ele></trkpt><trkpt lat="46.574200470000505" lon="7.975600378587842"><ele>2311.6799926757812</ele></trkpt><trkpt lat="46.574160469695926" lon="7.975670378189534"><ele>2310.5499877929688</ele></trkpt><trkpt lat="46.57408046955243" lon="7.9758003782480955"><ele>2309.6799926757812</ele></trkpt><trkpt lat="46.574080469086766" lon="7.975610377732664"><ele>2307.3999938964844</ele></trkpt><trkpt lat="46.57400046894327" lon="7.975620377808809"><ele>2306.47998046875</ele></trkpt><trkpt lat="46.57396046863869" lon="7.975640377495438"><ele>2305.8199768066406</ele></trkpt><trkpt lat="46.57393046841025" lon="7.975650377571583"><ele>2305.259979248047</ele></trkpt><trkpt lat="46.573890468571335" lon="7.975670377258211"><ele>2304.719970703125</ele></trkpt><trkpt lat="46.57376046851277" lon="7.975720377638936"><ele>2304.3199768066406</ele></trkpt><trkpt lat="46.57373046828434" lon="7.975740377325565"><ele>2304.8199768066406</ele></trkpt><trkpt lat="46.573700468521565" lon="7.975770377553999"><ele>2305.5699768066406</ele></trkpt><trkpt lat="46.57367046875879" lon="7.975790377706289"><ele>2306.189971923828</ele></trkpt><trkpt lat="46.5736504686065" lon="7.975800377782434"><ele>2306.3099975585938</ele></trkpt><trkpt lat="46.57366046868265" lon="7.975750377867371"><ele>2306.75</ele></trkpt><trkpt lat="46.57368046883494" lon="7.9757003779523075"><ele>2307.519989013672</ele></trkpt><trkpt lat="46.57369046891108" lon="7.975650378037244"><ele>2307.719970703125</ele></trkpt><trkpt lat="46.57371046906337" lon="7.975600378122181"><ele>2307.739990234375</ele></trkpt><trkpt lat="46.573720469139516" lon="7.9755303780548275"><ele>2307.4199829101562</ele></trkpt><trkpt lat="46.57373046875" lon="7.975480377674103"><ele>2307.0999755859375</ele></trkpt><trkpt lat="46.573740468826145" lon="7.975430377759039"><ele>2306.709991455078</ele></trkpt><trkpt lat="46.573740468826145" lon="7.975370377767831"><ele>2305.8799743652344</ele></trkpt><trkpt lat="46.57375046843663" lon="7.975280377548188"><ele>2304.8999938964844</ele></trkpt><trkpt lat="46.57376046851277" lon="7.97520037740469"><ele>2304.22998046875</ele></trkpt><trkpt lat="46.57377046812326" lon="7.975070377346128"><ele>2303.0699768066406</ele></trkpt><trkpt lat="46.57377046812326" lon="7.975000377278775"><ele>2302.8199768066406</ele></trkpt><trkpt lat="46.57378046773374" lon="7.974900376982987"><ele>2302.259979248047</ele></trkpt><trkpt lat="46.573790467809886" lon="7.974650376942009"><ele>2302.029998779297</ele></trkpt><trkpt lat="46.573790467809886" lon="7.974550377111882"><ele>2301.5399780273438</ele></trkpt><trkpt lat="46.573790467809886" lon="7.974480377044529"><ele>2301.0699768066406</ele></trkpt><trkpt lat="46.573790467344224" lon="7.9744003769010305"><ele>2300.189971923828</ele></trkpt><trkpt lat="46.57380046742037" lon="7.974310376681387"><ele>2298.969970703125</ele></trkpt><trkpt lat="46.57380046695471" lon="7.974230376072228"><ele>2297.6499938964844</ele></trkpt><trkpt lat="46.57381046609953" lon="7.974020375870168"><ele>2294.0499877929688</ele></trkpt><trkpt lat="46.57381046609953" lon="7.973940375261009"><ele>2292.529998779297</ele></trkpt><trkpt lat="46.573800465557724" lon="7.973860375117511"><ele>2290.9299926757812</ele></trkpt><trkpt lat="46.57379046548158" lon="7.973800375126302"><ele>2289.9099731445312</ele></trkpt><trkpt lat="46.57376046478748" lon="7.973640374373645"><ele>2287.1599731445312</ele></trkpt><trkpt lat="46.57375046471134" lon="7.973510374315083"><ele>2285.47998046875</ele></trkpt><trkpt lat="46.57375046424568" lon="7.97344037424773"><ele>2284.6699829101562</ele></trkpt><trkpt lat="46.57374046416953" lon="7.973390373867005"><ele>2283.5599975585938</ele></trkpt><trkpt lat="46.57372046401724" lon="7.973290373571217"><ele>2281.459991455078</ele></trkpt><trkpt lat="46.573710463475436" lon="7.973150373436511"><ele>2279.3299865722656</ele></trkpt><trkpt lat="46.57372046308592" lon="7.973060372751206"><ele>2276.8499755859375</ele></trkpt><trkpt lat="46.5737304626964" lon="7.973020372446626"><ele>2275.6499938964844</ele></trkpt><trkpt lat="46.57373046223074" lon="7.972950372379273"><ele>2273.75</ele></trkpt><trkpt lat="46.57373046176508" lon="7.97284037200734"><ele>2271.2899780273438</ele></trkpt><trkpt lat="46.573720461688936" lon="7.972760371863842"><ele>2269.8099975585938</ele></trkpt><trkpt lat="46.57373046129942" lon="7.972710371483117"><ele>2268.8599853515625</ele></trkpt><trkpt lat="46.573720461223274" lon="7.972660371568054"><ele>2267.8099975585938</ele></trkpt><trkpt lat="46.57371046068147" lon="7.97257037088275"><ele>2265.6499938964844</ele></trkpt><trkpt lat="46.57369046006352" lon="7.9724703705869615"><ele>2263.5999755859375</ele></trkpt><trkpt lat="46.57368045998737" lon="7.972380370367318"><ele>2261.989990234375</ele></trkpt><trkpt lat="46.573670459445566" lon="7.972290370147675"><ele>2260.1099853515625</ele></trkpt><trkpt lat="46.573650458827615" lon="7.972160369623452"><ele>2257.3299865722656</ele></trkpt><trkpt lat="46.57362045813352" lon="7.971970369108021"><ele>2253.6699829101562</ele></trkpt><trkpt lat="46.573590457905084" lon="7.97178036859259"><ele>2250.9299926757812</ele></trkpt><trkpt lat="46.57357045728713" lon="7.971650368068367"><ele>2248.3199768066406</ele></trkpt><trkpt lat="46.57355045666918" lon="7.971510367933661"><ele>2245.209991455078</ele></trkpt><trkpt lat="46.573540455661714" lon="7.971340367104858"><ele>2241.47998046875</ele></trkpt><trkpt lat="46.5735204545781" lon="7.971140366047621"><ele>2236.4099731445312</ele></trkpt><trkpt lat="46.57349045434967" lon="7.971020365599543"><ele>2233.0799865722656</ele></trkpt><trkpt lat="46.573450453113765" lon="7.970790364779532"><ele>2227.6499938964844</ele></trkpt><trkpt lat="46.573430452961475" lon="7.970740364864469"><ele>2226.2899780273438</ele></trkpt><trkpt lat="46.57342045241967" lon="7.970700364559889"><ele>2225.1199951171875</ele></trkpt><trkpt lat="46.57340045226738" lon="7.970670364331454"><ele>2224.0999755859375</ele></trkpt><trkpt lat="46.57340045226738" lon="7.970650364179164"><ele>2223.439971923828</ele></trkpt><trkpt lat="46.57338045164943" lon="7.970590363722295"><ele>2221.5699768066406</ele></trkpt><trkpt lat="46.57338045164943" lon="7.970570363570005"><ele>2220.97998046875</ele></trkpt><trkpt lat="46.573340450879186" lon="7.970480363350362"><ele>2217.269989013672</ele></trkpt><trkpt lat="46.573320450261235" lon="7.970360362436622"><ele>2213.029998779297</ele></trkpt><trkpt lat="46.57331044971943" lon="7.970320362132043"><ele>2211.689971923828</ele></trkpt><trkpt lat="46.573320449795574" lon="7.970260362140834"><ele>2210.22998046875</ele></trkpt><trkpt lat="46.57331044971943" lon="7.9702403619885445"><ele>2209.9299926757812</ele></trkpt><trkpt lat="46.57331044925377" lon="7.970220361836255"><ele>2209.5399780273438</ele></trkpt><trkpt lat="46.57329044910148" lon="7.970140361692756"><ele>2207.5</ele></trkpt><trkpt lat="46.57328044902533" lon="7.9701203615404665"><ele>2207.0999755859375</ele></trkpt><trkpt lat="46.57325044833124" lon="7.969970360863954"><ele>2203.3499755859375</ele></trkpt><trkpt lat="46.573210447560996" lon="7.969850360415876"><ele>2200.6599731445312</ele></trkpt><trkpt lat="46.573170447256416" lon="7.969750360120088"><ele>2198.529998779297</ele></trkpt><trkpt lat="46.57314044702798" lon="7.969690359663218"><ele>2196.949981689453</ele></trkpt><trkpt lat="46.57310044625774" lon="7.969560359138995"><ele>2193.5</ele></trkpt><trkpt lat="46.57308044610545" lon="7.969510359223932"><ele>2192.3699951171875</ele></trkpt><trkpt lat="46.5730604454875" lon="7.969430358614773"><ele>2190.3699951171875</ele></trkpt><trkpt lat="46.57298044441268" lon="7.969160357955843"><ele>2184.97998046875</ele></trkpt><trkpt lat="46.57296044426039" lon="7.96909035788849"><ele>2183.519989013672</ele></trkpt><trkpt lat="46.572930444031954" lon="7.96903035743162"><ele>2181.97998046875</ele></trkpt><trkpt lat="46.57288044365123" lon="7.968920357059687"><ele>2179.6599731445312</ele></trkpt><trkpt lat="46.57284044334665" lon="7.968870356678963"><ele>2178.5499877929688</ele></trkpt><trkpt lat="46.572830443270504" lon="7.968850356992334"><ele>2178.0699768066406</ele></trkpt><trkpt lat="46.572790442965925" lon="7.968760356772691"><ele>2176.8599853515625</ele></trkpt><trkpt lat="46.572750442661345" lon="7.968690356705338"><ele>2176.259979248047</ele></trkpt><trkpt lat="46.572690442204475" lon="7.968540356028825"><ele>2174.2899780273438</ele></trkpt><trkpt lat="46.572670442052186" lon="7.968490356113762"><ele>2173.72998046875</ele></trkpt><trkpt lat="46.57266044197604" lon="7.968440355733037"><ele>2172.769989013672</ele></trkpt><trkpt lat="46.57264044182375" lon="7.968390355817974"><ele>2171.7999877929688</ele></trkpt><trkpt lat="46.572590440977365" lon="7.968240355141461"><ele>2168.439971923828</ele></trkpt><trkpt lat="46.57254044013098" lon="7.968020354397595"><ele>2163.22998046875</ele></trkpt><trkpt lat="46.572460438124835" lon="7.967580352444202"><ele>2152.3999938964844</ele></trkpt><trkpt lat="46.572420437354594" lon="7.967470352072269"><ele>2149.9099731445312</ele></trkpt><trkpt lat="46.57241043727845" lon="7.967460351996124"><ele>2149.449981689453</ele></trkpt><trkpt lat="46.57241043727845" lon="7.967450351919979"><ele>2149.2999877929688</ele></trkpt><trkpt lat="46.572420437354594" lon="7.967440352309495"><ele>2149.2899780273438</ele></trkpt><trkpt lat="46.57246043719351" lon="7.967460351996124"><ele>2148.3899841308594</ele></trkpt><trkpt lat="46.57247043726966" lon="7.967450351919979"><ele>2148.219970703125</ele></trkpt><trkpt lat="46.5724804373458" lon="7.967440351843834"><ele>2148.1599731445312</ele></trkpt><trkpt lat="46.57250043703243" lon="7.967300352174789"><ele>2148.5799865722656</ele></trkpt><trkpt lat="46.57250043703243" lon="7.967270351946354"><ele>2148.279998779297</ele></trkpt><trkpt lat="46.57250043703243" lon="7.967240351717919"><ele>2147.6399841308594</ele></trkpt><trkpt lat="46.572490436956286" lon="7.967210351489484"><ele>2146.7999877929688</ele></trkpt><trkpt lat="46.572490436956286" lon="7.967190351802856"><ele>2146.3799743652344</ele></trkpt><trkpt lat="46.57250043656677" lon="7.967170351650566"><ele>2145.8999938964844</ele></trkpt><trkpt lat="46.57250043656677" lon="7.967160351574421"><ele>2145.6099853515625</ele></trkpt><trkpt lat="46.57248043641448" lon="7.967140351422131"><ele>2144.5</ele></trkpt><trkpt lat="46.572470436338335" lon="7.967130351345986"><ele>2144.029998779297</ele></trkpt><trkpt lat="46.57246043626219" lon="7.967120351269841"><ele>2143.7999877929688</ele></trkpt><trkpt lat="46.57246043626219" lon="7.967100351117551"><ele>2143.4199829101562</ele></trkpt><trkpt lat="46.572470436338335" lon="7.967090351041406"><ele>2143.1099853515625</ele></trkpt><trkpt lat="46.57248043594882" lon="7.967090351041406"><ele>2142.739990234375</ele></trkpt><trkpt lat="46.57251043571159" lon="7.967050350736827"><ele>2141.6199951171875</ele></trkpt><trkpt lat="46.57253043539822" lon="7.967010350432247"><ele>2139.709991455078</ele></trkpt><trkpt lat="46.572540435474366" lon="7.967000350356102"><ele>2139.0399780273438</ele></trkpt><trkpt lat="46.572560435160995" lon="7.966980350203812"><ele>2138.5899963378906</ele></trkpt><trkpt lat="46.57257043523714" lon="7.966950350441039"><ele>2138.0</ele></trkpt><trkpt lat="46.57257043523714" lon="7.966940350364894"><ele>2137.439971923828</ele></trkpt><trkpt lat="46.57259043445811" lon="7.966900350060314"><ele>2135.709991455078</ele></trkpt><trkpt lat="46.5726104346104" lon="7.966870349831879"><ele>2134.8299865722656</ele></trkpt><trkpt lat="46.57262043422088" lon="7.966850349679589"><ele>2134.509979248047</ele></trkpt><trkpt lat="46.57262043422088" lon="7.966830349527299"><ele>2134.1499938964844</ele></trkpt><trkpt lat="46.572610434144735" lon="7.966750349383801"><ele>2133.5999755859375</ele></trkpt><trkpt lat="46.572610434144735" lon="7.966720349621028"><ele>2133.269989013672</ele></trkpt><trkpt lat="46.57260043406859" lon="7.966680349316448"><ele>2132.6599731445312</ele></trkpt><trkpt lat="46.572590433992445" lon="7.9666503495536745"><ele>2132.1099853515625</ele></trkpt><trkpt lat="46.572590433992445" lon="7.966630349401385"><ele>2131.8399963378906</ele></trkpt><trkpt lat="46.572590433992445" lon="7.96660034917295"><ele>2131.47998046875</ele></trkpt><trkpt lat="46.57260043360293" lon="7.96658034902066"><ele>2131.3599853515625</ele></trkpt><trkpt lat="46.57260043360293" lon="7.966560349334031"><ele>2130.969970703125</ele></trkpt><trkpt lat="46.572590433526784" lon="7.9665403491817415"><ele>2130.4299926757812</ele></trkpt><trkpt lat="46.57260043360293" lon="7.966490348801017"><ele>2129.6399841308594</ele></trkpt><trkpt lat="46.57262043328956" lon="7.966390348505229"><ele>2127.5799865722656</ele></trkpt><trkpt lat="46.57263043290004" lon="7.966360348276794"><ele>2127.029998779297</ele></trkpt><trkpt lat="46.57263043290004" lon="7.966340348590165"><ele>2126.3899841308594</ele></trkpt><trkpt lat="46.57263043290004" lon="7.966300348285586"><ele>2125.6399841308594</ele></trkpt><trkpt lat="46.572640432510525" lon="7.966280348133296"><ele>2125.189971923828</ele></trkpt><trkpt lat="46.57265043212101" lon="7.966190347913653"><ele>2123.6699829101562</ele></trkpt><trkpt lat="46.57265043212101" lon="7.966160347685218"><ele>2123.199981689453</ele></trkpt><trkpt lat="46.5726704322733" lon="7.9661103477701545"><ele>2122.6799926757812</ele></trkpt><trkpt lat="46.57268043188378" lon="7.966070347931236"><ele>2122.2999877929688</ele></trkpt><trkpt lat="46.57270043203607" lon="7.966040347702801"><ele>2121.7899780273438</ele></trkpt><trkpt lat="46.572710431646556" lon="7.966010347474366"><ele>2121.1199951171875</ele></trkpt><trkpt lat="46.57274043140933" lon="7.965990347322077"><ele>2120.1299743652344</ele></trkpt><trkpt lat="46.57279043132439" lon="7.965970347169787"><ele>2119.1499938964844</ele></trkpt><trkpt lat="46.57280043140054" lon="7.965950347017497"><ele>2118.759979248047</ele></trkpt><trkpt lat="46.57281043101102" lon="7.965940346941352"><ele>2118.3599853515625</ele></trkpt><trkpt lat="46.57281043101102" lon="7.965910347178578"><ele>2118.029998779297</ele></trkpt><trkpt lat="46.57281043101102" lon="7.965870346873999"><ele>2117.3099975585938</ele></trkpt><trkpt lat="46.572800430934876" lon="7.965840346645564"><ele>2116.72998046875</ele></trkpt><trkpt lat="46.57279043085873" lon="7.96581034688279"><ele>2115.8299865722656</ele></trkpt><trkpt lat="46.57279043039307" lon="7.9657803466543555"><ele>2115.269989013672</ele></trkpt><trkpt lat="46.57279043039307" lon="7.965750346425921"><ele>2114.8899841308594</ele></trkpt><trkpt lat="46.572800430469215" lon="7.965710346587002"><ele>2114.259979248047</ele></trkpt><trkpt lat="46.572800430003554" lon="7.965650346130133"><ele>2113.1599731445312</ele></trkpt><trkpt lat="46.57279042992741" lon="7.965600345749408"><ele>2111.459991455078</ele></trkpt><trkpt lat="46.5727804293856" lon="7.9655403457582"><ele>2109.8899841308594</ele></trkpt><trkpt lat="46.5727804293856" lon="7.96550034545362"><ele>2108.8999938964844</ele></trkpt><trkpt lat="46.5727804293856" lon="7.965470345225185"><ele>2108.219970703125</ele></trkpt><trkpt lat="46.57278042891994" lon="7.965450345538557"><ele>2107.769989013672</ele></trkpt><trkpt lat="46.57278042891994" lon="7.965420345310122"><ele>2107.199981689453</ele></trkpt><trkpt lat="46.572790428996086" lon="7.965400345157832"><ele>2106.97998046875</ele></trkpt><trkpt lat="46.572770428843796" lon="7.965360344853252"><ele>2105.3099975585938</ele></trkpt><trkpt lat="46.572750428225845" lon="7.965280344709754"><ele>2103.529998779297</ele></trkpt><trkpt lat="46.572750428225845" lon="7.965240344405174"><ele>2102.5799865722656</ele></trkpt><trkpt lat="46.572750428225845" lon="7.965220344718546"><ele>2102.3299865722656</ele></trkpt><trkpt lat="46.57276042783633" lon="7.965210344642401"><ele>2102.019989013672</ele></trkpt><trkpt lat="46.57276042783633" lon="7.965190344490111"><ele>2101.739990234375</ele></trkpt><trkpt lat="46.57276042783633" lon="7.965170344337821"><ele>2101.47998046875</ele></trkpt><trkpt lat="46.572750427760184" lon="7.965150344185531"><ele>2101.189971923828</ele></trkpt><trkpt lat="46.57274042768404" lon="7.965120344422758"><ele>2101.029998779297</ele></trkpt><trkpt lat="46.572730427607894" lon="7.965060343965888"><ele>2100.3999938964844</ele></trkpt><trkpt lat="46.57270042737946" lon="7.964950344059616"><ele>2099.269989013672</ele></trkpt><trkpt lat="46.572690427303314" lon="7.964910343755037"><ele>2098.6099853515625</ele></trkpt><trkpt lat="46.57268042722717" lon="7.964880343992263"><ele>2097.989990234375</ele></trkpt><trkpt lat="46.57268042722717" lon="7.964850343763828"><ele>2097.6699829101562</ele></trkpt><trkpt lat="46.57268042722717" lon="7.964830343611538"><ele>2097.519989013672</ele></trkpt><trkpt lat="46.57268042676151" lon="7.9648103434592485"><ele>2097.019989013672</ele></trkpt><trkpt lat="46.57267042668536" lon="7.964780343696475"><ele>2096.529998779297</ele></trkpt><trkpt lat="46.57266042660922" lon="7.96477034362033"><ele>2095.9199829101562</ele></trkpt><trkpt lat="46.57266042660922" lon="7.96475034346804"><ele>2095.6599731445312</ele></trkpt><trkpt lat="46.57267042668536" lon="7.96473034331575"><ele>2094.989990234375</ele></trkpt><trkpt lat="46.5726704262197" lon="7.9647103431634605"><ele>2094.3399963378906</ele></trkpt><trkpt lat="46.57265042606741" lon="7.964680342935026"><ele>2093.47998046875</ele></trkpt><trkpt lat="46.57264042599127" lon="7.964660342782736"><ele>2092.719970703125</ele></trkpt><trkpt lat="46.57264042599127" lon="7.964650342706591"><ele>2092.3799743652344</ele></trkpt><trkpt lat="46.57265042606741" lon="7.964640342630446"><ele>2092.219970703125</ele></trkpt><trkpt lat="46.57267042575404" lon="7.964630342554301"><ele>2091.3799743652344</ele></trkpt><trkpt lat="46.57267042575404" lon="7.964620342478156"><ele>2091.219970703125</ele></trkpt><trkpt lat="46.57265042560175" lon="7.9646003427915275"><ele>2090.8299865722656</ele></trkpt><trkpt lat="46.572620425373316" lon="7.964590342715383"><ele>2090.1399841308594</ele></trkpt><trkpt lat="46.57260042568669" lon="7.964590342249721"><ele>2089.759979248047</ele></trkpt><trkpt lat="46.57257042545825" lon="7.964590342249721"><ele>2088.72998046875</ele></trkpt><trkpt lat="46.57257042545825" lon="7.964590342249721"><ele>2088.5399780273438</ele></trkpt><trkpt lat="46.57257042499259" lon="7.964570342097431"><ele>2088.25</ele></trkpt><trkpt lat="46.572580425068736" lon="7.964540342334658"><ele>2087.6699829101562</ele></trkpt><trkpt lat="46.57259042514488" lon="7.964520342182368"><ele>2087.189971923828</ele></trkpt><trkpt lat="46.57264042459428" lon="7.964480341877788"><ele>2085.519989013672</ele></trkpt><trkpt lat="46.57264042459428" lon="7.9644503416493535"><ele>2085.1299743652344</ele></trkpt><trkpt lat="46.57261042436585" lon="7.964430341497064"><ele>2083.8699951171875</ele></trkpt><trkpt lat="46.57261042436585" lon="7.964400341268629"><ele>2082.8999938964844</ele></trkpt><trkpt lat="46.57260042382404" lon="7.964370341040194"><ele>2082.1499938964844</ele></trkpt><trkpt lat="46.5725904237479" lon="7.964320341125131"><ele>2081.3099975585938</ele></trkpt><trkpt lat="46.57260042382404" lon="7.964290340896696"><ele>2080.739990234375</ele></trkpt><trkpt lat="46.5725904237479" lon="7.964250341057777"><ele>2079.9099731445312</ele></trkpt><trkpt lat="46.57258042320609" lon="7.964200340677053"><ele>2079.1699829101562</ele></trkpt><trkpt lat="46.572570423129946" lon="7.964160340372473"><ele>2078.3699951171875</ele></trkpt><trkpt lat="46.5725604230538" lon="7.9641203405335546"><ele>2077.779998779297</ele></trkpt><trkpt lat="46.5725604230538" lon="7.96409034030512"><ele>2077.4299926757812</ele></trkpt><trkpt lat="46.572570423129946" lon="7.964070340618491"><ele>2077.0899963378906</ele></trkpt><trkpt lat="46.57260042289272" lon="7.964030340313911"><ele>2076.939971923828</ele></trkpt><trkpt lat="46.57264042273164" lon="7.963980340398848"><ele>2076.509979248047</ele></trkpt><trkpt lat="46.572680422570556" lon="7.9639203399419785"><ele>2074.8899841308594</ele></trkpt><trkpt lat="46.57271042233333" lon="7.9639103398658335"><ele>2074.2999877929688</ele></trkpt><trkpt lat="46.572720422409475" lon="7.963880339637399"><ele>2073.4199829101562</ele></trkpt><trkpt lat="46.572720421943814" lon="7.963860339485109"><ele>2072.939971923828</ele></trkpt><trkpt lat="46.572720421943814" lon="7.963830339722335"><ele>2071.989990234375</ele></trkpt><trkpt lat="46.5727304215543" lon="7.963730338960886"><ele>2069.3599853515625</ele></trkpt><trkpt lat="46.57274042116478" lon="7.963680339045823"><ele>2068.0899963378906</ele></trkpt><trkpt lat="46.57274042069912" lon="7.963580338284373"><ele>2065.3799743652344</ele></trkpt><trkpt lat="46.57274042023346" lon="7.963520338293165"><ele>2064.0499877929688</ele></trkpt><trkpt lat="46.57274042023346" lon="7.96347033791244"><ele>2062.5899963378906</ele></trkpt><trkpt lat="46.57273041969165" lon="7.9634403376840055"><ele>2061.5</ele></trkpt><trkpt lat="46.57273041969165" lon="7.963370337616652"><ele>2059.5</ele></trkpt><trkpt lat="46.57273041922599" lon="7.963310337159783"><ele>2058.279998779297</ele></trkpt><trkpt lat="46.572740418836474" lon="7.963270337320864"><ele>2057.2999877929688</ele></trkpt><trkpt lat="46.57273041876033" lon="7.963210336863995"><ele>2055.739990234375</ele></trkpt><trkpt lat="46.57274041837081" lon="7.96318033663556"><ele>2054.9299926757812</ele></trkpt><trkpt lat="46.57274041837081" lon="7.963140336796641"><ele>2053.9099731445312</ele></trkpt><trkpt lat="46.57273041829467" lon="7.9631203366443515"><ele>2053.0399780273438</ele></trkpt><trkpt lat="46.57274041790515" lon="7.963100336492062"><ele>2052.5</ele></trkpt><trkpt lat="46.57273041782901" lon="7.963060336187482"><ele>2051.22998046875</ele></trkpt><trkpt lat="46.57272041775286" lon="7.963030335959047"><ele>2050.3999938964844</ele></trkpt><trkpt lat="46.5727204172872" lon="7.963000335730612"><ele>2049.489990234375</ele></trkpt><trkpt lat="46.57274041697383" lon="7.962940335739404"><ele>2047.9599914550781</ele></trkpt><trkpt lat="46.57276041712612" lon="7.962930335663259"><ele>2047.4399719238281</ele></trkpt><trkpt lat="46.5727704167366" lon="7.962910335510969"><ele>2046.7899780273438</ele></trkpt><trkpt lat="46.57278041681275" lon="7.962900335434824"><ele>2046.4299926757812</ele></trkpt><trkpt lat="46.57281041657552" lon="7.962890335358679"><ele>2045.5699768066406</ele></trkpt><trkpt lat="46.57283041672781" lon="7.962880335282534"><ele>2045.22998046875</ele></trkpt><trkpt lat="46.57283041626215" lon="7.9628603351302445"><ele>2044.219970703125</ele></trkpt><trkpt lat="46.572820416186005" lon="7.96283033490181"><ele>2043.5399780273438</ele></trkpt><trkpt lat="46.572820416186005" lon="7.96281033474952"><ele>2042.7599792480469</ele></trkpt><trkpt lat="46.572820416186005" lon="7.962780334521085"><ele>2042.0699768066406</ele></trkpt><trkpt lat="46.57283041579649" lon="7.9627503347583115"><ele>2041.0499877929688</ele></trkpt><trkpt lat="46.57284041540697" lon="7.962720334529877"><ele>2040.1299743652344</ele></trkpt><trkpt lat="46.57284041540697" lon="7.962700334377587"><ele>2039.6099853515625</ele></trkpt><trkpt lat="46.57284041540697" lon="7.962670334149152"><ele>2038.9099731445312</ele></trkpt><trkpt lat="46.57280041510239" lon="7.962660334073007"><ele>2037.6299743652344</ele></trkpt><trkpt lat="46.57280041510239" lon="7.962630333844572"><ele>2037.0399780273438</ele></trkpt><trkpt lat="46.57282041478902" lon="7.962610333692282"><ele>2036.2699890136719</ele></trkpt><trkpt lat="46.572830414399505" lon="7.962530333548784"><ele>2034.489990234375</ele></trkpt><trkpt lat="46.572810414247215" lon="7.9624903332442045"><ele>2033.1399841308594</ele></trkpt><trkpt lat="46.57282041432336" lon="7.962450333405286"><ele>2032.5299987792969</ele></trkpt><trkpt lat="46.57283041393384" lon="7.962400333024561"><ele>2031.3899841308594</ele></trkpt><trkpt lat="46.57283041346818" lon="7.962350332643837"><ele>2029.7899780273438</ele></trkpt><trkpt lat="46.57283041346818" lon="7.962320332415402"><ele>2028.8099975585938</ele></trkpt><trkpt lat="46.57281041331589" lon="7.962290332186967"><ele>2027.719970703125</ele></trkpt><trkpt lat="46.57281041285023" lon="7.962260332424194"><ele>2026.8799743652344</ele></trkpt><trkpt lat="46.572800412774086" lon="7.962230332195759"><ele>2025.8099975585938</ele></trkpt><trkpt lat="46.57279041269794" lon="7.962200331967324"><ele>2025.3299865722656</ele></trkpt><trkpt lat="46.572800412774086" lon="7.962180331815034"><ele>2024.7599792480469</ele></trkpt><trkpt lat="46.572800412308425" lon="7.962150332052261"><ele>2024.2899780273438</ele></trkpt><trkpt lat="46.57281041238457" lon="7.962120331823826"><ele>2023.75</ele></trkpt><trkpt lat="46.572820412460715" lon="7.962090331595391"><ele>2023.0999755859375</ele></trkpt><trkpt lat="46.57280041184276" lon="7.962060331366956"><ele>2022.2599792480469</ele></trkpt><trkpt lat="46.57280041184276" lon="7.962010331451893"><ele>2021.5099792480469</ele></trkpt><trkpt lat="46.57280041184276" lon="7.961970331147313"><ele>2020.6799926757812</ele></trkpt><trkpt lat="46.57280041184276" lon="7.961930331308395"><ele>2020.1199951171875</ele></trkpt><trkpt lat="46.57282041152939" lon="7.961890331003815"><ele>2019.5899963378906</ele></trkpt><trkpt lat="46.57284041121602" lon="7.96186033077538"><ele>2018.7799987792969</ele></trkpt><trkpt lat="46.57284041121602" lon="7.961820330936462"><ele>2017.989990234375</ele></trkpt><trkpt lat="46.572830411139876" lon="7.961790330708027"><ele>2017.1899719238281</ele></trkpt><trkpt lat="46.57282041106373" lon="7.961760330479592"><ele>2016.4299926757812</ele></trkpt><trkpt lat="46.57284041075036" lon="7.961730330251157"><ele>2015.8599853515625</ele></trkpt><trkpt lat="46.572830410674214" lon="7.961690330412239"><ele>2015.1599731445312</ele></trkpt><trkpt lat="46.5728404102847" lon="7.961630329955369"><ele>2013.7099914550781</ele></trkpt><trkpt lat="46.57283041020855" lon="7.961600330192596"><ele>2012.97998046875</ele></trkpt><trkpt lat="46.5728404102847" lon="7.961570329964161"><ele>2012.5499877929688</ele></trkpt><trkpt lat="46.57284040981904" lon="7.961540329735726"><ele>2011.969970703125</ele></trkpt><trkpt lat="46.57284040981904" lon="7.961500329896808"><ele>2011.47998046875</ele></trkpt><trkpt lat="46.57283040974289" lon="7.961470329668373"><ele>2010.6599731445312</ele></trkpt><trkpt lat="46.57283040974289" lon="7.961440329439938"><ele>2010.1799926757812</ele></trkpt><trkpt lat="46.57283040974289" lon="7.96140032960102"><ele>2009.5399780273438</ele></trkpt><trkpt lat="46.57285040942952" lon="7.96136032929644"><ele>2009.1699829101562</ele></trkpt><trkpt lat="46.57285040942952" lon="7.961320329457521"><ele>2008.5999755859375</ele></trkpt><trkpt lat="46.57285040942952" lon="7.961290329229087"><ele>2008.3299865722656</ele></trkpt><trkpt lat="46.57287040911615" lon="7.961260329000652"><ele>2008.1599731445312</ele></trkpt><trkpt lat="46.572900409344584" lon="7.9612103290855885"><ele>2007.6399841308594</ele></trkpt><trkpt lat="46.57290040887892" lon="7.9612003290094435"><ele>2007.3899841308594</ele></trkpt><trkpt lat="46.57289040880278" lon="7.961170328781009"><ele>2006.25</ele></trkpt><trkpt lat="46.572890408337116" lon="7.9611003287136555"><ele>2004.4599914550781</ele></trkpt><trkpt lat="46.572910408489406" lon="7.961050328332931"><ele>2003.72998046875</ele></trkpt><trkpt lat="46.57292040809989" lon="7.961010328494012"><ele>2003.0199890136719</ele></trkpt><trkpt lat="46.572930408176035" lon="7.9609803282655776"><ele>2002.6399841308594</ele></trkpt><trkpt lat="46.57294040825218" lon="7.960960328113288"><ele>2002.3399963378906</ele></trkpt><trkpt lat="46.57295040786266" lon="7.960920328274369"><ele>2001.8799743652344</ele></trkpt><trkpt lat="46.57297040801495" lon="7.960850328207016"><ele>2001.489990234375</ele></trkpt><trkpt lat="46.57297040754929" lon="7.960820327978581"><ele>2000.7099914550781</ele></trkpt><trkpt lat="46.57297040754929" lon="7.960790327750146"><ele>2000.1499938964844</ele></trkpt><trkpt lat="46.57297040754929" lon="7.960760327987373"><ele>1999.739990234375</ele></trkpt><trkpt lat="46.57298040762544" lon="7.960740327835083"><ele>1999.2699890136719</ele></trkpt><trkpt lat="46.57299040723592" lon="7.960710327606648"><ele>1999.0799865722656</ele></trkpt><trkpt lat="46.57299040723592" lon="7.960660327691585"><ele>1998.22998046875</ele></trkpt><trkpt lat="46.57299040723592" lon="7.960620327387005"><ele>1997.5999755859375</ele></trkpt><trkpt lat="46.57299040723592" lon="7.960590327624232"><ele>1997.1199951171875</ele></trkpt><trkpt lat="46.573000406846404" lon="7.960550327319652"><ele>1996.3999938964844</ele></trkpt><trkpt lat="46.57300040638074" lon="7.960430326871574"><ele>1994.3899841308594</ele></trkpt><trkpt lat="46.573030405677855" lon="7.9601803263649344"><ele>1991.1799926757812</ele></trkpt><trkpt lat="46.573050405830145" lon="7.960010326467454"><ele>1990.25</ele></trkpt><trkpt lat="46.57306040544063" lon="7.95996032608673"><ele>1989.72998046875</ele></trkpt><trkpt lat="46.57307040551677" lon="7.959920326247811"><ele>1989.3999938964844</ele></trkpt><trkpt lat="46.57307040551677" lon="7.95979032618925"><ele>1989.6099853515625</ele></trkpt><trkpt lat="46.57308040559292" lon="7.959580326452851"><ele>1990.5399780273438</ele></trkpt><trkpt lat="46.57308040559292" lon="7.959490326233208"><ele>1990.6799926757812</ele></trkpt><trkpt lat="46.57307040551677" lon="7.959440326318145"><ele>1990.1499938964844</ele></trkpt><trkpt lat="46.57306040544063" lon="7.959360326174647"><ele>1989.4199829101562</ele></trkpt><trkpt lat="46.57306040544063" lon="7.959280326031148"><ele>1988.4299926757812</ele></trkpt><trkpt lat="46.57306040544063" lon="7.959250325802714"><ele>1988.0</ele></trkpt><trkpt lat="46.57307040505111" lon="7.959230325650424"><ele>1987.489990234375</ele></trkpt><trkpt lat="46.57307040505111" lon="7.959190325811505"><ele>1986.7599792480469</ele></trkpt><trkpt lat="46.57306040497497" lon="7.9591703256592155"><ele>1986.1999816894531</ele></trkpt><trkpt lat="46.57307040458545" lon="7.959110325202346"><ele>1984.75</ele></trkpt><trkpt lat="46.57307040458545" lon="7.959090325050056"><ele>1984.0999755859375</ele></trkpt><trkpt lat="46.57307040411979" lon="7.9590603252872825"><ele>1983.4299926757812</ele></trkpt><trkpt lat="46.573060404043645" lon="7.959020324982703"><ele>1982.4299926757812</ele></trkpt><trkpt lat="46.5730504039675" lon="7.9589403248392045"><ele>1981.0899963378906</ele></trkpt><trkpt lat="46.573000403586775" lon="7.958820324391127"><ele>1979.3299865722656</ele></trkpt><trkpt lat="46.57299040351063" lon="7.958760324399918"><ele>1978.6299743652344</ele></trkpt><trkpt lat="46.572960403282195" lon="7.958650324027985"><ele>1977.5</ele></trkpt><trkpt lat="46.572960402816534" lon="7.958570323884487"><ele>1976.8699951171875</ele></trkpt><trkpt lat="46.572960402816534" lon="7.958540324121714"><ele>1976.6199951171875</ele></trkpt><trkpt lat="46.57297040289268" lon="7.95847032405436"><ele>1976.8699951171875</ele></trkpt><trkpt lat="46.572960403282195" lon="7.958410324063152"><ele>1977.0199890136719</ele></trkpt><trkpt lat="46.572960403282195" lon="7.958370324224234"><ele>1977.0399780273438</ele></trkpt><trkpt lat="46.572960402816534" lon="7.958320323843509"><ele>1976.8499755859375</ele></trkpt><trkpt lat="46.57297040289268" lon="7.9582803240045905"><ele>1976.6499938964844</ele></trkpt><trkpt lat="46.57297040289268" lon="7.958210323937237"><ele>1976.3699951171875</ele></trkpt><trkpt lat="46.572960402816534" lon="7.958100324030966"><ele>1975.4099731445312</ele></trkpt><trkpt lat="46.57295040274039" lon="7.958040323574096"><ele>1974.5599975585938</ele></trkpt><trkpt lat="46.57294040219858" lon="7.957980323582888"><ele>1973.75</ele></trkpt><trkpt lat="46.57294040173292" lon="7.957830323372036"><ele>1971.22998046875</ele></trkpt><trkpt lat="46.57292040158063" lon="7.9577903230674565"><ele>1969.9599914550781</ele></trkpt><trkpt lat="46.57293040165678" lon="7.957760322839022"><ele>1969.2699890136719</ele></trkpt><trkpt lat="46.57292040158063" lon="7.957720322534442"><ele>1968.5899963378906</ele></trkpt><trkpt lat="46.57290040096268" lon="7.957650322467089"><ele>1967.6999816894531</ele></trkpt><trkpt lat="46.5728904013522" lon="7.95763032278046"><ele>1967.6099853515625</ele></trkpt><trkpt lat="46.57287040119991" lon="7.95761032262817"><ele>1967.0599975585938</ele></trkpt><trkpt lat="46.57288040081039" lon="7.957550322171301"><ele>1966.6299743652344</ele></trkpt><trkpt lat="46.572870400734246" lon="7.957500322256237"><ele>1966.0399780273438</ele></trkpt><trkpt lat="46.5728604006581" lon="7.957430322188884"><ele>1965.1499938964844</ele></trkpt><trkpt lat="46.57284040050581" lon="7.957390321884304"><ele>1964.7999877929688</ele></trkpt><trkpt lat="46.57279040059075" lon="7.957310322206467"><ele>1964.22998046875</ele></trkpt><trkpt lat="46.5727804005146" lon="7.957280321978033"><ele>1964.219970703125</ele></trkpt><trkpt lat="46.57277040043846" lon="7.957240322139114"><ele>1964.1899719238281</ele></trkpt><trkpt lat="46.57277040043846" lon="7.957210321910679"><ele>1964.0799865722656</ele></trkpt><trkpt lat="46.57276040036231" lon="7.957120321691036"><ele>1963.219970703125</ele></trkpt><trkpt lat="46.57275040028617" lon="7.957070321775973"><ele>1962.7899780273438</ele></trkpt><trkpt lat="46.57273040013388" lon="7.957030321471393"><ele>1962.4499816894531</ele></trkpt><trkpt lat="46.57272040005773" lon="7.9570103217847645"><ele>1962.1799926757812</ele></trkpt><trkpt lat="46.57272040005773" lon="7.95698032155633"><ele>1961.9499816894531</ele></trkpt><trkpt lat="46.57271039998159" lon="7.956950321327895"><ele>1961.2999877929688</ele></trkpt><trkpt lat="46.5726903998293" lon="7.9569003214128315"><ele>1960.1199951171875</ele></trkpt><trkpt lat="46.57267039967701" lon="7.956840320955962"><ele>1959.0699768066406</ele></trkpt><trkpt lat="46.57263039937243" lon="7.9568003211170435"><ele>1957.7599792480469</ele></trkpt><trkpt lat="46.57261039922014" lon="7.956740320660174"><ele>1956.9599914550781</ele></trkpt><trkpt lat="46.57258039852604" lon="7.956680320668966"><ele>1955.4599914550781</ele></trkpt><trkpt lat="46.5725703984499" lon="7.956620320212096"><ele>1953.97998046875</ele></trkpt><trkpt lat="46.57256039837375" lon="7.9565803203731775"><ele>1953.3399963378906</ele></trkpt><trkpt lat="46.57256039790809" lon="7.956530319992453"><ele>1952.3799743652344</ele></trkpt><trkpt lat="46.57256039790809" lon="7.956450319848955"><ele>1950.5599975585938</ele></trkpt><trkpt lat="46.57254039729014" lon="7.9563703197054565"><ele>1948.9099731445312</ele></trkpt><trkpt lat="46.57252039713785" lon="7.956350319553167"><ele>1948.1699829101562</ele></trkpt><trkpt lat="46.57250039698556" lon="7.956320319324732"><ele>1947.1999816894531</ele></trkpt><trkpt lat="46.572490396909416" lon="7.956280319020152"><ele>1946.1999816894531</ele></trkpt><trkpt lat="46.572470396757126" lon="7.956190318800509"><ele>1945.4199829101562</ele></trkpt><trkpt lat="46.572450396604836" lon="7.956140318885446"><ele>1944.989990234375</ele></trkpt><trkpt lat="46.57244039652869" lon="7.956090318970382"><ele>1944.6899719238281</ele></trkpt><trkpt lat="46.572430396452546" lon="7.956030318979174"><ele>1944.3099975585938</ele></trkpt><trkpt lat="46.5724203963764" lon="7.955980318598449"><ele>1943.7899780273438</ele></trkpt><trkpt lat="46.57240039622411" lon="7.955880318302661"><ele>1942.8899841308594</ele></trkpt><trkpt lat="46.572390396147966" lon="7.955830318387598"><ele>1942.489990234375</ele></trkpt><trkpt lat="46.57237039599568" lon="7.9557703183963895"><ele>1941.6799926757812</ele></trkpt><trkpt lat="46.57231039553881" lon="7.955670318100601"><ele>1939.3999938964844</ele></trkpt><trkpt lat="46.57231039553881" lon="7.955650317948312"><ele>1939.0799865722656</ele></trkpt><trkpt lat="46.57231039553881" lon="7.955610317643732"><ele>1938.6799926757812</ele></trkpt><trkpt lat="46.572310395073146" lon="7.9555603177286685"><ele>1938.0299987792969</ele></trkpt><trkpt lat="46.572290394920856" lon="7.955520317424089"><ele>1937.0</ele></trkpt><trkpt lat="46.572270394768566" lon="7.955490317195654"><ele>1936.1799926757812</ele></trkpt><trkpt lat="46.572250394616276" lon="7.955360317137092"><ele>1934.0799865722656</ele></trkpt><trkpt lat="46.57224039407447" lon="7.955310316756368"><ele>1933.1799926757812</ele></trkpt><trkpt lat="46.572230393998325" lon="7.955270316917449"><ele>1931.9399719238281</ele></trkpt><trkpt lat="46.57220039376989" lon="7.95519031630829"><ele>1929.8299865722656</ele></trkpt><trkpt lat="46.57218039315194" lon="7.9551303163170815"><ele>1928.2999877929688</ele></trkpt><trkpt lat="46.572170393075794" lon="7.955070315860212"><ele>1926.9199829101562</ele></trkpt><trkpt lat="46.572170393075794" lon="7.955050315707922"><ele>1926.5999755859375</ele></trkpt><trkpt lat="46.57219039276242" lon="7.9550203159451485"><ele>1925.719970703125</ele></trkpt><trkpt lat="46.57220039283857" lon="7.954980315640569"><ele>1925.1199951171875</ele></trkpt><trkpt lat="46.57218039268628" lon="7.954950315412134"><ele>1924.4499816894531</ele></trkpt><trkpt lat="46.57216039253399" lon="7.954890315420926"><ele>1923.3099975585938</ele></trkpt><trkpt lat="46.57215039152652" lon="7.954770314972848"><ele>1919.8099975585938</ele></trkpt><trkpt lat="46.572140391450375" lon="7.954700314439833"><ele>1918.239990234375</ele></trkpt><trkpt lat="46.57213039137423" lon="7.954680314287543"><ele>1917.5099792480469</ele></trkpt><trkpt lat="46.572100390680134" lon="7.954660314135253"><ele>1916.2799987792969</ele></trkpt><trkpt lat="46.57209039106965" lon="7.954640313982964"><ele>1915.9499816894531</ele></trkpt><trkpt lat="46.57209039060399" lon="7.954620314296335"><ele>1915.719970703125</ele></trkpt><trkpt lat="46.572100390680134" lon="7.9545903140679"><ele>1915.2799987792969</ele></trkpt><trkpt lat="46.57209039060399" lon="7.95457031391561"><ele>1915.0699768066406</ele></trkpt><trkpt lat="46.572020390536636" lon="7.954500313848257"><ele>1914.6199951171875</ele></trkpt><trkpt lat="46.572000390384346" lon="7.954430313780904"><ele>1914.1499938964844</ele></trkpt><trkpt lat="46.571980390232056" lon="7.954320313874632"><ele>1913.5099792480469</ele></trkpt><trkpt lat="46.57196039007977" lon="7.954240313731134"><ele>1912.1399841308594</ele></trkpt><trkpt lat="46.57194038992748" lon="7.954150313511491"><ele>1911.1099853515625</ele></trkpt><trkpt lat="46.57193038985133" lon="7.954120313283056"><ele>1910.5499877929688</ele></trkpt><trkpt lat="46.57191038969904" lon="7.954070312902331"><ele>1909.7599792480469</ele></trkpt><trkpt lat="46.57188038947061" lon="7.954030313063413"><ele>1909.5199890136719</ele></trkpt><trkpt lat="46.57186038931832" lon="7.9539903132244945"><ele>1909.0099792480469</ele></trkpt><trkpt lat="46.57180038932711" lon="7.953860312700272"><ele>1907.8499755859375</ele></trkpt><trkpt lat="46.57178038917482" lon="7.953760312870145"><ele>1907.1699829101562</ele></trkpt><trkpt lat="46.571750388946384" lon="7.953670312650502"><ele>1907.3799743652344</ele></trkpt><trkpt lat="46.5717403893359" lon="7.95358031289652"><ele>1907.5699768066406</ele></trkpt><trkpt lat="46.571730389259756" lon="7.953480312600732"><ele>1907.969970703125</ele></trkpt><trkpt lat="46.571730389259756" lon="7.95341031299904"><ele>1908.3599853515625</ele></trkpt><trkpt lat="46.571730389259756" lon="7.953350313007832"><ele>1908.3799743652344</ele></trkpt><trkpt lat="46.57170038949698" lon="7.9532503127120435"><ele>1908.3199768066406</ele></trkpt><trkpt lat="46.57170038949698" lon="7.95318031264469"><ele>1908.4099731445312</ele></trkpt><trkpt lat="46.57170038949698" lon="7.953130312729627"><ele>1908.3999938964844</ele></trkpt><trkpt lat="46.57169038942084" lon="7.9530803128145635"><ele>1908.219970703125</ele></trkpt><trkpt lat="46.57169038942084" lon="7.953060312662274"><ele>1907.969970703125</ele></trkpt><trkpt lat="46.57169038942084" lon="7.9530303128995"><ele>1907.72998046875</ele></trkpt><trkpt lat="46.571690388955176" lon="7.95299031259492"><ele>1907.1899719238281</ele></trkpt><trkpt lat="46.57168038887903" lon="7.9529703124426305"><ele>1906.8599853515625</ele></trkpt><trkpt lat="46.571670388802886" lon="7.952940312679857"><ele>1906.6199951171875</ele></trkpt><trkpt lat="46.571670388802886" lon="7.952910312451422"><ele>1906.22998046875</ele></trkpt><trkpt lat="46.571670388802886" lon="7.952860312536359"><ele>1905.739990234375</ele></trkpt><trkpt lat="46.57166038872674" lon="7.952840312384069"><ele>1905.3499755859375</ele></trkpt><trkpt lat="46.57166038872674" lon="7.952820312231779"><ele>1905.1499938964844</ele></trkpt><trkpt lat="46.57166038872674" lon="7.952790312469006"><ele>1904.8599853515625</ele></trkpt><trkpt lat="46.57168038794771" lon="7.952610311564058"><ele>1901.2799987792969</ele></trkpt><trkpt lat="46.57166038779542" lon="7.9525803118012846"><ele>1900.5999755859375</ele></trkpt><trkpt lat="46.571650387719274" lon="7.95257031172514"><ele>1900.3999938964844</ele></trkpt><trkpt lat="46.571650387719274" lon="7.95255031157285"><ele>1900.2899780273438</ele></trkpt><trkpt lat="46.571650387719274" lon="7.95251031126827"><ele>1899.8399963378906</ele></trkpt><trkpt lat="46.571650387719274" lon="7.9524803115054965"><ele>1899.22998046875</ele></trkpt><trkpt lat="46.57164038717747" lon="7.952440311200917"><ele>1898.6999816894531</ele></trkpt><trkpt lat="46.57164038717747" lon="7.952390311285853"><ele>1898.4499816894531</ele></trkpt><trkpt lat="46.57163038710132" lon="7.9523203112185"><ele>1897.9599914550781</ele></trkpt><trkpt lat="46.57162038702518" lon="7.95228031091392"><ele>1897.6099853515625</ele></trkpt><trkpt lat="46.57162038702518" lon="7.952250311151147"><ele>1897.5499877929688</ele></trkpt><trkpt lat="46.57162038702518" lon="7.9522003112360835"><ele>1897.7799987792969</ele></trkpt><trkpt lat="46.57161038694903" lon="7.952160310931504"><ele>1897.6099853515625</ele></trkpt><trkpt lat="46.57162038702518" lon="7.952060311101377"><ele>1897.3999938964844</ele></trkpt><trkpt lat="46.57164038717747" lon="7.951990311034024"><ele>1897.0299987792969</ele></trkpt><trkpt lat="46.57164038717747" lon="7.951960310805589"><ele>1896.72998046875</ele></trkpt><trkpt lat="46.57165038678795" lon="7.95194031111896"><ele>1896.3399963378906</ele></trkpt><trkpt lat="46.571640386711806" lon="7.951900310814381"><ele>1895.8299865722656</ele></trkpt><trkpt lat="46.57165038678795" lon="7.951880310662091"><ele>1895.6099853515625</ele></trkpt><trkpt lat="46.57165038678795" lon="7.951860310509801"><ele>1895.0</ele></trkpt><trkpt lat="46.57165038632229" lon="7.951780310366303"><ele>1892.8999938964844</ele></trkpt><trkpt lat="46.57166038593277" lon="7.951750310137868"><ele>1892.1999816894531</ele></trkpt><trkpt lat="46.5716803856194" lon="7.951700309757143"><ele>1890.4199829101562</ele></trkpt><trkpt lat="46.57169038569555" lon="7.95167030999437"><ele>1889.6399841308594</ele></trkpt><trkpt lat="46.571690385229886" lon="7.951640309765935"><ele>1888.8599853515625</ele></trkpt><trkpt lat="46.57170038530603" lon="7.951620309613645"><ele>1888.2999877929688</ele></trkpt><trkpt lat="46.57172038499266" lon="7.951600309461355"><ele>1887.6699829101562</ele></trkpt><trkpt lat="46.571710384916514" lon="7.951580309309065"><ele>1887.3799743652344</ele></trkpt><trkpt lat="46.571670385077596" lon="7.9515503090806305"><ele>1886.3999938964844</ele></trkpt><trkpt lat="46.571670385077596" lon="7.951540309004486"><ele>1886.0399780273438</ele></trkpt><trkpt lat="46.57168038468808" lon="7.951520309317857"><ele>1885.6499938964844</ele></trkpt><trkpt lat="46.57170038484037" lon="7.951500309165567"><ele>1884.7699890136719</ele></trkpt><trkpt lat="46.57170038437471" lon="7.951470308937132"><ele>1883.989990234375</ele></trkpt><trkpt lat="46.57170038437471" lon="7.951430308632553"><ele>1882.97998046875</ele></trkpt><trkpt lat="46.57170038390905" lon="7.951390308793634"><ele>1881.9599914550781</ele></trkpt><trkpt lat="46.5716903838329" lon="7.9513403084129095"><ele>1881.0399780273438</ele></trkpt><trkpt lat="46.57167038368061" lon="7.951290308032185"><ele>1879.8999938964844</ele></trkpt><trkpt lat="46.57166038360447" lon="7.951220307964832"><ele>1878.7699890136719</ele></trkpt><trkpt lat="46.57165038306266" lon="7.951160307973623"><ele>1877.7799987792969</ele></trkpt><trkpt lat="46.57165038306266" lon="7.951110307592899"><ele>1877.0499877929688</ele></trkpt><trkpt lat="46.571660382673144" lon="7.951040307525545"><ele>1875.6399841308594</ele></trkpt><trkpt lat="46.571660382673144" lon="7.951010307297111"><ele>1875.1599731445312</ele></trkpt><trkpt lat="46.571660382673144" lon="7.950970307458192"><ele>1874.2599792480469</ele></trkpt><trkpt lat="46.571650382597" lon="7.950960307382047"><ele>1873.6399841308594</ele></trkpt><trkpt lat="46.57163038244471" lon="7.950940307229757"><ele>1873.5</ele></trkpt><trkpt lat="46.57163038244471" lon="7.950920307077467"><ele>1873.0199890136719</ele></trkpt><trkpt lat="46.57163038197905" lon="7.950870306696743"><ele>1871.4499816894531</ele></trkpt><trkpt lat="46.57162038143724" lon="7.950820306781679"><ele>1870.0</ele></trkpt><trkpt lat="46.57162038143724" lon="7.9507803064771"><ele>1869.1699829101562</ele></trkpt><trkpt lat="46.5716103813611" lon="7.950750306248665"><ele>1868.75</ele></trkpt><trkpt lat="46.57159038120881" lon="7.950720306485891"><ele>1868.1399841308594</ele></trkpt><trkpt lat="46.57157038105652" lon="7.950670306105167"><ele>1867.25</ele></trkpt><trkpt lat="46.57156038098037" lon="7.950630306266248"><ele>1866.75</ele></trkpt><trkpt lat="46.57154038082808" lon="7.95055030612275"><ele>1866.0</ele></trkpt><trkpt lat="46.57152038067579" lon="7.950460305903107"><ele>1865.3299865722656</ele></trkpt><trkpt lat="46.57153038075194" lon="7.950370305683464"><ele>1864.8799743652344</ele></trkpt><trkpt lat="46.57149038044736" lon="7.950200305785984"><ele>1864.5999755859375</ele></trkpt><trkpt lat="46.57147038076073" lon="7.950120305642486"><ele>1864.9199829101562</ele></trkpt><trkpt lat="46.57143038045615" lon="7.950100305955857"><ele>1865.0599975585938</ele></trkpt><trkpt lat="46.5713703809306" lon="7.950080305803567"><ele>1865.5299987792969</ele></trkpt><trkpt lat="46.57135038077831" lon="7.950050306040794"><ele>1865.3599853515625</ele></trkpt><trkpt lat="46.57131038047373" lon="7.950050305575132"><ele>1863.9299926757812</ele></trkpt><trkpt lat="46.5712803802453" lon="7.950080305337906"><ele>1862.6999816894531</ele></trkpt><trkpt lat="46.57126037962735" lon="7.950170305091888"><ele>1860.5799865722656</ele></trkpt><trkpt lat="46.571240379009396" lon="7.950280304532498"><ele>1857.1999816894531</ele></trkpt><trkpt lat="46.571220378391445" lon="7.950370303820819"><ele>1853.6799926757812</ele></trkpt><trkpt lat="46.5712103783153" lon="7.950460304040462"><ele>1852.5399780273438</ele></trkpt><trkpt lat="46.571180378086865" lon="7.950590303633362"><ele>1851.0499877929688</ele></trkpt><trkpt lat="46.57115037739277" lon="7.950650303158909"><ele>1848.6699829101562</ele></trkpt><trkpt lat="46.571120377164334" lon="7.950730302836746"><ele>1847.75</ele></trkpt><trkpt lat="46.5710903769359" lon="7.950790302827954"><ele>1845.8599853515625</ele></trkpt><trkpt lat="46.57105037663132" lon="7.950840302277356"><ele>1843.6899719238281</ele></trkpt><trkpt lat="46.57103037601337" lon="7.95089030219242"><ele>1842.3199768066406</ele></trkpt><trkpt lat="46.57099037570879" lon="7.951010301709175"><ele>1840.4099731445312</ele></trkpt><trkpt lat="46.570980375632644" lon="7.951030301861465"><ele>1839.9299926757812</ele></trkpt><trkpt lat="46.570960375480354" lon="7.951030301861465"><ele>1839.3099975585938</ele></trkpt><trkpt lat="46.57095037540421" lon="7.95102030178532"><ele>1839.0499877929688</ele></trkpt><trkpt lat="46.57093037525192" lon="7.95100030163303"><ele>1838.5899963378906</ele></trkpt><trkpt lat="46.570900375023484" lon="7.950890301261097"><ele>1837.4199829101562</ele></trkpt><trkpt lat="46.570880374871194" lon="7.950800301507115"><ele>1836.5999755859375</ele></trkpt><trkpt lat="46.570880374871194" lon="7.950710301287472"><ele>1836.0799865722656</ele></trkpt><trkpt lat="46.570900375023484" lon="7.9506003013812006"><ele>1836.1799926757812</ele></trkpt><trkpt lat="46.570900375023484" lon="7.950520301237702"><ele>1836.0899963378906</ele></trkpt><trkpt lat="46.570880374871194" lon="7.950410301331431"><ele>1836.0499877929688</ele></trkpt><trkpt lat="46.57083037495613" lon="7.950300300959498"><ele>1835.9299926757812</ele></trkpt><trkpt lat="46.57081037480384" lon="7.950170300900936"><ele>1835.6799926757812</ele></trkpt><trkpt lat="46.570800374727696" lon="7.950010301079601"><ele>1835.6699829101562</ele></trkpt><trkpt lat="46.570800374727696" lon="7.949630300980061"><ele>1836.3399963378906</ele></trkpt><trkpt lat="46.57081037480384" lon="7.949570301454514"><ele>1836.6899719238281</ele></trkpt><trkpt lat="46.570840375032276" lon="7.949500301387161"><ele>1837.47998046875</ele></trkpt><trkpt lat="46.57085037510842" lon="7.949420301243663"><ele>1837.4299926757812</ele></trkpt><trkpt lat="46.57089037494734" lon="7.949260301422328"><ele>1837.4499816894531</ele></trkpt><trkpt lat="46.570920375175774" lon="7.949200301431119"><ele>1837.4299926757812</ele></trkpt><trkpt lat="46.57099037524313" lon="7.949130301363766"><ele>1838.3799743652344</ele></trkpt><trkpt lat="46.57108037546277" lon="7.949070301838219"><ele>1839.7999877929688</ele></trkpt><trkpt lat="46.57112037576735" lon="7.949050301685929"><ele>1840.2599792480469</ele></trkpt><trkpt lat="46.57114037591964" lon="7.949040302075446"><ele>1840.6499938964844</ele></trkpt><trkpt lat="46.57123037567362" lon="7.949090301524848"><ele>1839.219970703125</ele></trkpt><trkpt lat="46.571320375427604" lon="7.949050301220268"><ele>1837.6699829101562</ele></trkpt><trkpt lat="46.57138037495315" lon="7.94901030138135"><ele>1836.6399841308594</ele></trkpt><trkpt lat="46.57146037463099" lon="7.948930301237851"><ele>1835.469970703125</ele></trkpt><trkpt lat="46.57153037469834" lon="7.948860300704837"><ele>1834.6599731445312</ele></trkpt><trkpt lat="46.57160037430003" lon="7.94876030087471"><ele>1834.1899719238281</ele></trkpt><trkpt lat="46.57164037460461" lon="7.94872030057013"><ele>1834.0999755859375</ele></trkpt><trkpt lat="46.57174037443474" lon="7.948600300587714"><ele>1834.0199890136719</ele></trkpt><trkpt lat="46.571670374367386" lon="7.948610300663859"><ele>1833.0099792480469</ele></trkpt><trkpt lat="46.57153037376702" lon="7.9486903003416955"><ele>1831.3499755859375</ele></trkpt><trkpt lat="46.57145037362352" lon="7.948700299952179"><ele>1829.6199951171875</ele></trkpt><trkpt lat="46.57137037348002" lon="7.948680299799889"><ele>1828.1599731445312</ele></trkpt><trkpt lat="46.57130037294701" lon="7.9486502995714545"><ele>1826.47998046875</ele></trkpt><trkpt lat="46.571230372879654" lon="7.94864029949531"><ele>1825.2899780273438</ele></trkpt><trkpt lat="46.57116037234664" lon="7.94860029919073"><ele>1823.47998046875</ele></trkpt><trkpt lat="46.57110037235543" lon="7.94858029903844"><ele>1822.3899841308594</ele></trkpt><trkpt lat="46.57104037189856" lon="7.948580298572779"><ele>1821.1099853515625</ele></trkpt><trkpt lat="46.57099037151784" lon="7.948590298648924"><ele>1819.7799987792969</ele></trkpt><trkpt lat="46.570940371602774" lon="7.948620298411697"><ele>1819.0399780273438</ele></trkpt><trkpt lat="46.57091037137434" lon="7.948620298411697"><ele>1818.4199829101562</ele></trkpt><trkpt lat="46.570840370841324" lon="7.948620297946036"><ele>1816.8299865722656</ele></trkpt><trkpt lat="46.570800371002406" lon="7.948650298174471"><ele>1816.3299865722656</ele></trkpt><trkpt lat="46.570760370697826" lon="7.948690298013389"><ele>1815.6699829101562</ele></trkpt><trkpt lat="46.57068037008867" lon="7.9488102975301445"><ele>1812.2599792480469</ele></trkpt><trkpt lat="46.57064036978409" lon="7.948850296903402"><ele>1810.0599975585938</ele></trkpt><trkpt lat="46.57059036940336" lon="7.94887029659003"><ele>1808.1999816894531</ele></trkpt><trkpt lat="46.5705103687942" lon="7.94902029633522"><ele>1805.4299926757812</ele></trkpt><trkpt lat="46.57048036856577" lon="7.949080295860767"><ele>1804.0399780273438</ele></trkpt><trkpt lat="46.57047036802396" lon="7.948970295488834"><ele>1801.6599731445312</ele></trkpt><trkpt lat="46.57042036764324" lon="7.949080295395106"><ele>1800.0799865722656</ele></trkpt><trkpt lat="46.57036036718637" lon="7.949200294911861"><ele>1797.469970703125</ele></trkpt><trkpt lat="46.57032036688179" lon="7.94926029490307"><ele>1795.8699951171875</ele></trkpt><trkpt lat="46.57026036642492" lon="7.949320294428617"><ele>1792.739990234375</ele></trkpt><trkpt lat="46.57019036542624" lon="7.949400293640792"><ele>1789.3099975585938</ele></trkpt><trkpt lat="46.57016036519781" lon="7.949460293166339"><ele>1787.4199829101562</ele></trkpt><trkpt lat="46.57007036404684" lon="7.949630292598158"><ele>1783.0799865722656</ele></trkpt><trkpt lat="46.57004036381841" lon="7.949710292275995"><ele>1781.8299865722656</ele></trkpt><trkpt lat="46.57002036413178" lon="7.949830292258412"><ele>1781.2999877929688</ele></trkpt><trkpt lat="46.57000036397949" lon="7.949900292325765"><ele>1781.0099792480469</ele></trkpt><trkpt lat="46.569970363751054" lon="7.949980292003602"><ele>1779.5299987792969</ele></trkpt><trkpt lat="46.56994036305696" lon="7.9500902919098735"><ele>1777.969970703125</ele></trkpt><trkpt lat="46.56992036290467" lon="7.95017029158771"><ele>1777.0799865722656</ele></trkpt><trkpt lat="46.5698603624478" lon="7.950300291180611"><ele>1774.5599975585938</ele></trkpt><trkpt lat="46.56982036214322" lon="7.950450290925801"><ele>1772.7999877929688</ele></trkpt><trkpt lat="46.569750361610204" lon="7.950630290899426"><ele>1770.8999938964844</ele></trkpt><trkpt lat="46.56972036184743" lon="7.950710290577263"><ele>1770.0199890136719</ele></trkpt><trkpt lat="46.56970036122948" lon="7.950760290492326"><ele>1768.8899841308594</ele></trkpt><trkpt lat="46.56970036122948" lon="7.950810290407389"><ele>1768.8299865722656</ele></trkpt><trkpt lat="46.569690361153334" lon="7.950890290550888"><ele>1768.6499938964844</ele></trkpt><trkpt lat="46.56968036154285" lon="7.950990290381014"><ele>1768.6099853515625</ele></trkpt><trkpt lat="46.5696603609249" lon="7.95113029005006"><ele>1767.1799926757812</ele></trkpt><trkpt lat="46.569630360696465" lon="7.951210290193558"><ele>1766.2999877929688</ele></trkpt><trkpt lat="46.569590360857546" lon="7.951380290091038"><ele>1765.739990234375</ele></trkpt><trkpt lat="46.5695803607814" lon="7.951500289607793"><ele>1764.7899780273438</ele></trkpt><trkpt lat="46.569530359935015" lon="7.951670289505273"><ele>1762.2599792480469</ele></trkpt><trkpt lat="46.56950035970658" lon="7.951810289174318"><ele>1760.6699829101562</ele></trkpt><trkpt lat="46.569470359478146" lon="7.95192028908059"><ele>1759.5799865722656</ele></trkpt><trkpt lat="46.569430359173566" lon="7.952010288834572"><ele>1758.25</ele></trkpt><trkpt lat="46.56940035894513" lon="7.952190288808197"><ele>1756.8799743652344</ele></trkpt><trkpt lat="46.5693703587167" lon="7.95237028831616"><ele>1755.8299865722656</ele></trkpt><trkpt lat="46.56934035848826" lon="7.952520288061351"><ele>1754.8399963378906</ele></trkpt><trkpt lat="46.56927035795525" lon="7.9527102881111205"><ele>1752.4099731445312</ele></trkpt><trkpt lat="46.56927035795525" lon="7.952810287941247"><ele>1751.9099731445312</ele></trkpt><trkpt lat="46.56925035780296" lon="7.9529402875341475"><ele>1750.969970703125</ele></trkpt><trkpt lat="46.56925035780296" lon="7.953030287753791"><ele>1751.0299987792969</ele></trkpt><trkpt lat="46.56925035780296" lon="7.953150287736207"><ele>1751.989990234375</ele></trkpt><trkpt lat="46.56923035811633" lon="7.953560288064182"><ele>1752.3999938964844</ele></trkpt><trkpt lat="46.56923035811633" lon="7.953610287979245"><ele>1752.5399780273438</ele></trkpt><trkpt lat="46.569220358040184" lon="7.953630288131535"><ele>1752.3999938964844</ele></trkpt><trkpt lat="46.569200357887894" lon="7.953660287894309"><ele>1751.7899780273438</ele></trkpt><trkpt lat="46.56919035781175" lon="7.953700287733227"><ele>1751.2899780273438</ele></trkpt><trkpt lat="46.56919035781175" lon="7.9537302874960005"><ele>1750.9099731445312</ele></trkpt><trkpt lat="46.569200357887894" lon="7.9538402878679335"><ele>1750.47998046875</ele></trkpt><trkpt lat="46.56921035749838" lon="7.95392028754577"><ele>1750.4199829101562</ele></trkpt><trkpt lat="46.56920035742223" lon="7.954000287689269"><ele>1749.6199951171875</ele></trkpt><trkpt lat="46.56918035726994" lon="7.95409028744325"><ele>1749.1099853515625</ele></trkpt><trkpt lat="46.56919035734609" lon="7.954160287510604"><ele>1748.4199829101562</ele></trkpt><trkpt lat="46.5691703571938" lon="7.954220287036151"><ele>1747.6099853515625</ele></trkpt><trkpt lat="46.56916035711765" lon="7.954330286942422"><ele>1747.2799987792969</ele></trkpt><trkpt lat="46.56912035681307" lon="7.95443028723821"><ele>1746.7599792480469</ele></trkpt><trkpt lat="46.5690903570503" lon="7.954500286839902"><ele>1746.6499938964844</ele></trkpt><trkpt lat="46.569060356821865" lon="7.954530287068337"><ele>1747.0699768066406</ele></trkpt><trkpt lat="46.56905035721138" lon="7.954570286907256"><ele>1746.969970703125</ele></trkpt><trkpt lat="46.56903035705909" lon="7.9546002871356905"><ele>1747.0399780273438</ele></trkpt><trkpt lat="46.56896035699174" lon="7.954640286974609"><ele>1746.9099731445312</ele></trkpt><trkpt lat="46.568910357076675" lon="7.954690286889672"><ele>1746.8999938964844</ele></trkpt><trkpt lat="46.56886035669595" lon="7.954740287270397"><ele>1746.5099792480469</ele></trkpt><trkpt lat="46.56884035700932" lon="7.954800286795944"><ele>1745.7799987792969</ele></trkpt><trkpt lat="46.56878035655245" lon="7.954850286711007"><ele>1744.72998046875</ele></trkpt><trkpt lat="46.56874035671353" lon="7.954910286702216"><ele>1744.8099975585938</ele></trkpt><trkpt lat="46.568700356408954" lon="7.954990286845714"><ele>1744.3199768066406</ele></trkpt><trkpt lat="46.568680356256664" lon="7.955020286608487"><ele>1743.6699829101562</ele></trkpt><trkpt lat="46.56865035602823" lon="7.955050286371261"><ele>1742.8099975585938</ele></trkpt><trkpt lat="46.568620356265455" lon="7.955050286371261"><ele>1742.3799743652344</ele></trkpt><trkpt lat="46.568620356265455" lon="7.955050286371261"><ele>1742.1499938964844</ele></trkpt><trkpt lat="46.56859035603702" lon="7.955040286295116"><ele>1741.9299926757812</ele></trkpt><trkpt lat="46.56857035588473" lon="7.955030286218971"><ele>1741.25</ele></trkpt><trkpt lat="46.568540355656296" lon="7.954990285914391"><ele>1740.1099853515625</ele></trkpt><trkpt lat="46.56855035573244" lon="7.954930285923183"><ele>1740.7099914550781</ele></trkpt><trkpt lat="46.568580355495214" lon="7.9549002861604095"><ele>1740.1999816894531</ele></trkpt><trkpt lat="46.568580355495214" lon="7.95488028600812"><ele>1740.0299987792969</ele></trkpt><trkpt lat="46.56857035541907" lon="7.95486028585583"><ele>1739.6799926757812</ele></trkpt><trkpt lat="46.56855035526678" lon="7.95484028570354"><ele>1739.239990234375</ele></trkpt><trkpt lat="46.568540355190635" lon="7.954820286016911"><ele>1738.8699951171875</ele></trkpt><trkpt lat="46.56853035511449" lon="7.954700285568833"><ele>1737.4599914550781</ele></trkpt><trkpt lat="46.56853035511449" lon="7.954640285577625"><ele>1736.6999816894531</ele></trkpt><trkpt lat="46.568520354572684" lon="7.9545902851969"><ele>1735.9199829101562</ele></trkpt><trkpt lat="46.568500354886055" lon="7.954530285205692"><ele>1735.2899780273438</ele></trkpt><trkpt lat="46.568480354268104" lon="7.954480285290629"><ele>1734.3699951171875</ele></trkpt><trkpt lat="46.56847035419196" lon="7.954410284757614"><ele>1733.1599731445312</ele></trkpt><trkpt lat="46.568460354115814" lon="7.954350284766406"><ele>1732.0399780273438</ele></trkpt><trkpt lat="46.56845035403967" lon="7.954280284699053"><ele>1730.9599914550781</ele></trkpt><trkpt lat="46.56845035357401" lon="7.954210284166038"><ele>1729.8499755859375</ele></trkpt><trkpt lat="46.56843035342172" lon="7.954160284250975"><ele>1728.7699890136719</ele></trkpt><trkpt lat="46.56841035326943" lon="7.95411028387025"><ele>1728.0299987792969</ele></trkpt><trkpt lat="46.56839035311714" lon="7.9540802841074765"><ele>1727.5299987792969</ele></trkpt><trkpt lat="46.56837035296485" lon="7.954050283879042"><ele>1726.8699951171875</ele></trkpt><trkpt lat="46.56835035281256" lon="7.954010283574462"><ele>1726.1099853515625</ele></trkpt><trkpt lat="46.56833035266027" lon="7.9539702837355435"><ele>1725.3699951171875</ele></trkpt><trkpt lat="46.568320352584124" lon="7.953930283430964"><ele>1725.0199890136719</ele></trkpt><trkpt lat="46.568320352584124" lon="7.9538802835159"><ele>1724.5299987792969</ele></trkpt><trkpt lat="46.568320352584124" lon="7.953820283524692"><ele>1723.9299926757812</ele></trkpt><trkpt lat="46.56831035250798" lon="7.953760283533484"><ele>1723.489990234375</ele></trkpt><trkpt lat="46.568280352279544" lon="7.953660283237696"><ele>1722.75</ele></trkpt><trkpt lat="46.568260352127254" lon="7.953600283246487"><ele>1722.3699951171875</ele></trkpt><trkpt lat="46.568220351822674" lon="7.953560282941908"><ele>1721.0999755859375</ele></trkpt><trkpt lat="46.568200351670384" lon="7.9534802827984095"><ele>1720.5099792480469</ele></trkpt><trkpt lat="46.56817035144195" lon="7.95344028249383"><ele>1719.719970703125</ele></trkpt><trkpt lat="46.56817035144195" lon="7.953420282807201"><ele>1719.5599975585938</ele></trkpt><trkpt lat="46.568160351365805" lon="7.953380282502621"><ele>1719.3299865722656</ele></trkpt><trkpt lat="46.56813035113737" lon="7.953290282282978"><ele>1718.4099731445312</ele></trkpt><trkpt lat="46.568120351061225" lon="7.95325028244406"><ele>1717.7099914550781</ele></trkpt><trkpt lat="46.56813035113737" lon="7.9532002825289965"><ele>1718.0099792480469</ele></trkpt><trkpt lat="46.568140351213515" lon="7.953070282470435"><ele>1716.9199829101562</ele></trkpt><trkpt lat="46.568140351213515" lon="7.95302028208971"><ele>1717.0699768066406</ele></trkpt><trkpt lat="46.56819035112858" lon="7.952730282209814"><ele>1716.8099975585938</ele></trkpt><trkpt lat="46.56820035073906" lon="7.952540282160044"><ele>1716.75</ele></trkpt><trkpt lat="46.56821035081521" lon="7.952350282110274"><ele>1715.4099731445312</ele></trkpt><trkpt lat="46.56822035042569" lon="7.952240281738341"><ele>1714.5</ele></trkpt><trkpt lat="46.56822035042569" lon="7.952150281518698"><ele>1713.9499816894531</ele></trkpt><trkpt lat="46.568230350501835" lon="7.952070281840861"><ele>1713.47998046875</ele></trkpt><trkpt lat="46.568250350188464" lon="7.951990281697363"><ele>1713.0499877929688</ele></trkpt><trkpt lat="46.56824035011232" lon="7.951890281401575"><ele>1712.4599914550781</ele></trkpt><trkpt lat="46.56824035011232" lon="7.951800281647593"><ele>1712.219970703125</ele></trkpt><trkpt lat="46.56826034979895" lon="7.95169028127566"><ele>1711.3099975585938</ele></trkpt><trkpt lat="46.56827034987509" lon="7.9516302812844515"><ele>1710.97998046875</ele></trkpt><trkpt lat="46.568280349485576" lon="7.951550281140953"><ele>1710.4199829101562</ele></trkpt><trkpt lat="46.568320349324495" lon="7.951440281234682"><ele>1709.5499877929688</ele></trkpt><trkpt lat="46.568340349476784" lon="7.951320280786604"><ele>1708.5099792480469</ele></trkpt><trkpt lat="46.56837034923956" lon="7.951230280566961"><ele>1707.6299743652344</ele></trkpt><trkpt lat="46.56838034885004" lon="7.951160280499607"><ele>1706.8999938964844</ele></trkpt><trkpt lat="46.568410349078476" lon="7.951100280508399"><ele>1706.8999938964844</ele></trkpt><trkpt lat="46.568470349069685" lon="7.9508902807720006"><ele>1707.1899719238281</ele></trkpt><trkpt lat="46.568490349221975" lon="7.950820280704647"><ele>1707.4299926757812</ele></trkpt><trkpt lat="46.568510349374264" lon="7.950770280789584"><ele>1708.1099853515625</ele></trkpt><trkpt lat="46.56855034921318" lon="7.950660280883312"><ele>1707.7099914550781</ele></trkpt><trkpt lat="46.568580348975956" lon="7.950520280748606"><ele>1706.9599914550781</ele></trkpt><trkpt lat="46.56861034920439" lon="7.950400280766189"><ele>1707.3599853515625</ele></trkpt><trkpt lat="46.568640349432826" lon="7.950300280936062"><ele>1708.1799926757812</ele></trkpt><trkpt lat="46.56865034950897" lon="7.950180280953646"><ele>1708.2599792480469</ele></trkpt><trkpt lat="46.568640349432826" lon="7.950010280590504"><ele>1708.0799865722656</ele></trkpt><trkpt lat="46.56863034935668" lon="7.949890280608088"><ele>1707.4599914550781</ele></trkpt><trkpt lat="46.568640348967165" lon="7.949790280777961"><ele>1707.7599792480469</ele></trkpt><trkpt lat="46.568620349280536" lon="7.949680280406028"><ele>1707.25</ele></trkpt><trkpt lat="46.568620349280536" lon="7.949600280728191"><ele>1707.4199829101562</ele></trkpt><trkpt lat="46.56863034935668" lon="7.949510280508548"><ele>1708.2599792480469</ele></trkpt><trkpt lat="46.56861034920439" lon="7.949390280526131"><ele>1708.3299865722656</ele></trkpt><trkpt lat="46.56863034935668" lon="7.949330281000584"><ele>1709.0399780273438</ele></trkpt><trkpt lat="46.56863034935668" lon="7.949260280933231"><ele>1708.9099731445312</ele></trkpt><trkpt lat="46.568640349432826" lon="7.949210281018168"><ele>1709.1299743652344</ele></trkpt><trkpt lat="46.56865034950897" lon="7.9491302808746696"><ele>1709.469970703125</ele></trkpt><trkpt lat="46.568660349585116" lon="7.949050281196833"><ele>1710.3499755859375</ele></trkpt><trkpt lat="46.56865034997463" lon="7.948990281205624"><ele>1710.6299743652344</ele></trkpt><trkpt lat="46.56867035012692" lon="7.948920281138271"><ele>1711.3299865722656</ele></trkpt><trkpt lat="46.56866035005078" lon="7.948880281299353"><ele>1711.5399780273438</ele></trkpt><trkpt lat="46.56865034997463" lon="7.948830281384289"><ele>1711.8699951171875</ele></trkpt><trkpt lat="46.56866035005078" lon="7.948750281240791"><ele>1712.2699890136719</ele></trkpt><trkpt lat="46.56868035020307" lon="7.948650281410664"><ele>1712.1699829101562</ele></trkpt><trkpt lat="46.568720350041986" lon="7.948570281267166"><ele>1712.72998046875</ele></trkpt><trkpt lat="46.568780350498855" lon="7.948510281741619"><ele>1713.8099975585938</ele></trkpt><trkpt lat="46.56884035049006" lon="7.9484502812847495"><ele>1713.2799987792969</ele></trkpt><trkpt lat="46.56888035032898" lon="7.948420281521976"><ele>1712.6999816894531</ele></trkpt><trkpt lat="46.568910350091755" lon="7.948320281226188"><ele>1711.5599975585938</ele></trkpt><trkpt lat="46.568910350091755" lon="7.948210281319916"><ele>1711.6799926757812</ele></trkpt><trkpt lat="46.568910350091755" lon="7.94807028118521"><ele>1711.469970703125</ele></trkpt><trkpt lat="46.56888034986332" lon="7.947890281211585"><ele>1710.4599914550781</ele></trkpt><trkpt lat="46.568850349634886" lon="7.947770280763507"><ele>1709.1799926757812</ele></trkpt><trkpt lat="46.568810349330306" lon="7.947610280942172"><ele>1709.219970703125</ele></trkpt><trkpt lat="46.568810349330306" lon="7.947440281044692"><ele>1709.3899841308594</ele></trkpt><trkpt lat="46.568830349482596" lon="7.9472702806815505"><ele>1708.739990234375</ele></trkpt><trkpt lat="46.568850349169225" lon="7.947140280622989"><ele>1708.0299987792969</ele></trkpt><trkpt lat="46.568880348932" lon="7.947050280403346"><ele>1707.0199890136719</ele></trkpt><trkpt lat="46.568940348923206" lon="7.946920280344784"><ele>1705.969970703125</ele></trkpt><trkpt lat="46.56901034899056" lon="7.946840280201286"><ele>1705.5199890136719</ele></trkpt><trkpt lat="46.56907034898177" lon="7.946800280362368"><ele>1705.47998046875</ele></trkpt><trkpt lat="46.569110348820686" lon="7.946780280210078"><ele>1705.0399780273438</ele></trkpt><trkpt lat="46.56914034858346" lon="7.946740279905498"><ele>1704.8499755859375</ele></trkpt><trkpt lat="46.56918034842238" lon="7.946660279762"><ele>1704.3999938964844</ele></trkpt><trkpt lat="46.56921034865081" lon="7.946590279694647"><ele>1703.989990234375</ele></trkpt><trkpt lat="46.5692203482613" lon="7.94651028001681"><ele>1703.9299926757812</ele></trkpt><trkpt lat="46.56925034848973" lon="7.9464302798733115"><ele>1703.7799987792969</ele></trkpt><trkpt lat="46.56940034823492" lon="7.946230279747397"><ele>1702.0599975585938</ele></trkpt><trkpt lat="46.56946034776047" lon="7.946160279214382"><ele>1701.1099853515625</ele></trkpt><trkpt lat="46.5694903479889" lon="7.946120279375464"><ele>1700.6999816894531</ele></trkpt><trkpt lat="46.56953034782782" lon="7.9460502793081105"><ele>1700.739990234375</ele></trkpt><trkpt lat="46.569560347590595" lon="7.945970279164612"><ele>1699.989990234375</ele></trkpt><trkpt lat="46.56966034695506" lon="7.945820278953761"><ele>1696.9199829101562</ele></trkpt><trkpt lat="46.56968034664169" lon="7.945760278496891"><ele>1695.5099792480469</ele></trkpt><trkpt lat="46.569690346717834" lon="7.945680278353393"><ele>1694.0199890136719</ele></trkpt><trkpt lat="46.56970034632832" lon="7.94559027813375"><ele>1692.0099792480469</ele></trkpt><trkpt lat="46.569720345549285" lon="7.9455102775245905"><ele>1690.0599975585938</ele></trkpt><trkpt lat="46.569810344837606" lon="7.945220276713371"><ele>1685.5099792480469</ele></trkpt><trkpt lat="46.56986034475267" lon="7.945160276722163"><ele>1684.3399963378906</ele></trkpt><trkpt lat="46.569920344278216" lon="7.945110276341438"><ele>1682.8399963378906</ele></trkpt><trkpt lat="46.56999034387991" lon="7.9450802761130035"><ele>1681.8299865722656</ele></trkpt><trkpt lat="46.57006034394726" lon="7.945040276274085"><ele>1681.4299926757812</ele></trkpt><trkpt lat="46.57006034394726" lon="7.944980276282877"><ele>1681.239990234375</ele></trkpt><trkpt lat="46.57005034387112" lon="7.944890276063234"><ele>1681.1099853515625</ele></trkpt><trkpt lat="46.57002034410834" lon="7.944850276224315"><ele>1681.25</ele></trkpt><trkpt lat="46.5700103440322" lon="7.944800276309252"><ele>1682.1399841308594</ele></trkpt><trkpt lat="46.57003034418449" lon="7.944660276640207"><ele>1682.8099975585938</ele></trkpt><trkpt lat="46.57004034426063" lon="7.944600276183337"><ele>1682.22998046875</ele></trkpt><trkpt lat="46.57004034426063" lon="7.944450276438147"><ele>1681.5899963378906</ele></trkpt><trkpt lat="46.57005034387112" lon="7.944300276227295"><ele>1681.3799743652344</ele></trkpt><trkpt lat="46.57006034394726" lon="7.944160276092589"><ele>1680.9399719238281</ele></trkpt><trkpt lat="46.57006034394726" lon="7.944030276034027"><ele>1680.6899719238281</ele></trkpt><trkpt lat="46.57008034363389" lon="7.943920276127756"><ele>1680.2699890136719</ele></trkpt><trkpt lat="46.570090343710035" lon="7.943750275764614"><ele>1679.0899963378906</ele></trkpt><trkpt lat="46.57012034347281" lon="7.943640275858343"><ele>1678.25</ele></trkpt><trkpt lat="46.57018034346402" lon="7.943500275723636"><ele>1677.7699890136719</ele></trkpt><trkpt lat="46.57023034291342" lon="7.94334027543664"><ele>1677.0</ele></trkpt><trkpt lat="46.570260343141854" lon="7.943240275140852"><ele>1676.2799987792969</ele></trkpt><trkpt lat="46.57029034290463" lon="7.943120275158435"><ele>1675.97998046875</ele></trkpt><trkpt lat="46.57032034313306" lon="7.942870275117457"><ele>1675.8799743652344</ele></trkpt><trkpt lat="46.57033034320921" lon="7.94277027528733"><ele>1676.3199768066406</ele></trkpt><trkpt lat="46.57034034281969" lon="7.942630275152624"><ele>1676.1599731445312</ele></trkpt><trkpt lat="46.570350342895836" lon="7.942500275094062"><ele>1676.2099914550781</ele></trkpt><trkpt lat="46.57036034297198" lon="7.942440275568515"><ele>1676.3899841308594</ele></trkpt><trkpt lat="46.570370343048126" lon="7.942400275263935"><ele>1676.7699890136719</ele></trkpt><trkpt lat="46.57040034327656" lon="7.942360275425017"><ele>1677.719970703125</ele></trkpt><trkpt lat="46.570410343352705" lon="7.942340275738388"><ele>1678.1599731445312</ele></trkpt><trkpt lat="46.570410343352705" lon="7.942300275433809"><ele>1677.8099975585938</ele></trkpt><trkpt lat="46.57040034327656" lon="7.94226027559489"><ele>1677.2599792480469</ele></trkpt><trkpt lat="46.57040034327656" lon="7.942180275451392"><ele>1676.8199768066406</ele></trkpt><trkpt lat="46.57044034311548" lon="7.942060275468975"><ele>1677.8099975585938</ele></trkpt><trkpt lat="46.570470343343914" lon="7.941950275562704"><ele>1678.72998046875</ele></trkpt><trkpt lat="46.57048034342006" lon="7.941880275961012"><ele>1679.5499877929688</ele></trkpt><trkpt lat="46.570530344266444" lon="7.941740276291966"><ele>1682.219970703125</ele></trkpt><trkpt lat="46.57054034434259" lon="7.94164027646184"><ele>1684.1299743652344</ele></trkpt><trkpt lat="46.570530344732106" lon="7.941550276707858"><ele>1685.1799926757812</ele></trkpt><trkpt lat="46.570530344732106" lon="7.9415002767927945"><ele>1685.8899841308594</ele></trkpt><trkpt lat="46.570550344884396" lon="7.941450276877731"><ele>1686.3899841308594</ele></trkpt><trkpt lat="46.570630345493555" lon="7.941230277065188"><ele>1688.5399780273438</ele></trkpt><trkpt lat="46.57072034617886" lon="7.940930277574807"><ele>1691.5099792480469</ele></trkpt><trkpt lat="46.57076034601778" lon="7.940820277668536"><ele>1692.25</ele></trkpt><trkpt lat="46.57079034624621" lon="7.940750278066844"><ele>1692.7599792480469</ele></trkpt><trkpt lat="46.57084034662694" lon="7.94070027815178"><ele>1694.3099975585938</ele></trkpt><trkpt lat="46.57086034677923" lon="7.940640278160572"><ele>1694.989990234375</ele></trkpt><trkpt lat="46.57087034685537" lon="7.940560278482735"><ele>1695.5499877929688</ele></trkpt><trkpt lat="46.57090034708381" lon="7.940460278652608"><ele>1696.6299743652344</ele></trkpt><trkpt lat="46.57094034738839" lon="7.940390278585255"><ele>1698.0599975585938</ele></trkpt><trkpt lat="46.57095034746453" lon="7.940310278907418"><ele>1698.3299865722656</ele></trkpt><trkpt lat="46.57094034738839" lon="7.9402802786789834"><ele>1698.0499877929688</ele></trkpt><trkpt lat="46.57095034746453" lon="7.940140278544277"><ele>1697.8999938964844</ele></trkpt><trkpt lat="46.57096034754068" lon="7.940010278485715"><ele>1697.7899780273438</ele></trkpt><trkpt lat="46.57097034715116" lon="7.939960278570652"><ele>1697.7599792480469</ele></trkpt><trkpt lat="46.57097034761682" lon="7.939900278579444"><ele>1698.5</ele></trkpt><trkpt lat="46.57097034761682" lon="7.939820278901607"><ele>1698.4299926757812</ele></trkpt><trkpt lat="46.57097034761682" lon="7.939740278758109"><ele>1698.8099975585938</ele></trkpt><trkpt lat="46.57099034776911" lon="7.939660279080272"><ele>1699.8199768066406</ele></trkpt><trkpt lat="46.5710103479214" lon="7.93957027932629"><ele>1701.1299743652344</ele></trkpt><trkpt lat="46.57103034807369" lon="7.939460279420018"><ele>1701.7099914550781</ele></trkpt><trkpt lat="46.571020347997546" lon="7.939370279200375"><ele>1701.1499938964844</ele></trkpt><trkpt lat="46.571020347997546" lon="7.9392502792179585"><ele>1700.739990234375</ele></trkpt><trkpt lat="46.571020347997546" lon="7.939110279083252"><ele>1701.1399841308594</ele></trkpt><trkpt lat="46.57103034807369" lon="7.938930279109627"><ele>1701.6699829101562</ele></trkpt><trkpt lat="46.57105034822598" lon="7.938760279212147"><ele>1702.4099731445312</ele></trkpt><trkpt lat="46.571060348302126" lon="7.938610279466957"><ele>1703.239990234375</ele></trkpt><trkpt lat="46.57107034837827" lon="7.938410279806703"><ele>1704.1399841308594</ele></trkpt><trkpt lat="46.57110034953803" lon="7.937990280333906"><ele>1708.0999755859375</ele></trkpt><trkpt lat="46.57111034961417" lon="7.93787028035149"><ele>1708.7799987792969</ele></trkpt><trkpt lat="46.57112034969032" lon="7.9378102803602815"><ele>1709.3399963378906</ele></trkpt><trkpt lat="46.57113034976646" lon="7.937710280530155"><ele>1709.1899719238281</ele></trkpt><trkpt lat="46.57114034984261" lon="7.937600280623883"><ele>1709.5899963378906</ele></trkpt><trkpt lat="46.57114034984261" lon="7.9374602804891765"><ele>1710.1299743652344</ele></trkpt><trkpt lat="46.57113034976646" lon="7.937380280345678"><ele>1709.8399963378906</ele></trkpt><trkpt lat="46.57113034976646" lon="7.937310280278325"><ele>1709.7099914550781</ele></trkpt><trkpt lat="46.57113034976646" lon="7.937240280676633"><ele>1709.8599853515625</ele></trkpt><trkpt lat="46.57113034976646" lon="7.93717028060928"><ele>1710.2899780273438</ele></trkpt><trkpt lat="46.57118035061285" lon="7.93702028086409"><ele>1713.47998046875</ele></trkpt><trkpt lat="46.57118035061285" lon="7.936910280957818"><ele>1713.8399963378906</ele></trkpt><trkpt lat="46.57116035046056" lon="7.936810281127691"><ele>1714.47998046875</ele></trkpt><trkpt lat="46.57116035092622" lon="7.936760281212628"><ele>1714.6699829101562</ele></trkpt><trkpt lat="46.57118035107851" lon="7.9366402816958725"><ele>1716.3499755859375</ele></trkpt><trkpt lat="46.57119035162032" lon="7.936530281789601"><ele>1719.1199951171875</ele></trkpt><trkpt lat="46.571210351772606" lon="7.936450282111764"><ele>1720.5199890136719</ele></trkpt><trkpt lat="46.571230351924896" lon="7.936400282196701"><ele>1721.3999938964844</ele></trkpt><trkpt lat="46.571250352077186" lon="7.936260282527655"><ele>1722.5499877929688</ele></trkpt><trkpt lat="46.571270352229476" lon="7.936150282621384"><ele>1722.9399719238281</ele></trkpt><trkpt lat="46.57130035245791" lon="7.93608028255403"><ele>1723.0699768066406</ele></trkpt><trkpt lat="46.571330352220684" lon="7.936000282410532"><ele>1723.4199829101562</ele></trkpt><trkpt lat="46.571350352372974" lon="7.9359002825804055"><ele>1723.7099914550781</ele></trkpt><trkpt lat="46.571370352525264" lon="7.935830282513052"><ele>1723.9599914550781</ele></trkpt><trkpt lat="46.571390352677554" lon="7.935750282835215"><ele>1724.0599975585938</ele></trkpt><trkpt lat="46.57142035290599" lon="7.935680282767862"><ele>1724.6299743652344</ele></trkpt><trkpt lat="46.57144035259262" lon="7.935530283022672"><ele>1725.219970703125</ele></trkpt><trkpt lat="46.57145035266876" lon="7.935460282955319"><ele>1725.5399780273438</ele></trkpt><trkpt lat="46.57146035274491" lon="7.935290283057839"><ele>1725.3799743652344</ele></trkpt><trkpt lat="46.57147035282105" lon="7.935260282829404"><ele>1725.3999938964844</ele></trkpt><trkpt lat="46.57149035297334" lon="7.935200282838196"><ele>1725.739990234375</ele></trkpt><trkpt lat="46.57151035312563" lon="7.935160282999277"><ele>1726.1899719238281</ele></trkpt><trkpt lat="46.57153035327792" lon="7.935120283160359"><ele>1726.4399719238281</ele></trkpt><trkpt lat="46.57155035296455" lon="7.935090282931924"><ele>1726.5699768066406</ele></trkpt><trkpt lat="46.57157035311684" lon="7.93506028316915"><ele>1726.8699951171875</ele></trkpt><trkpt lat="46.571580353192985" lon="7.935020283330232"><ele>1727.0399780273438</ele></trkpt><trkpt lat="46.57159035326913" lon="7.934910282958299"><ele>1726.75</ele></trkpt><trkpt lat="46.571600353345275" lon="7.9348602830432355"><ele>1726.6999816894531</ele></trkpt><trkpt lat="46.57165035326034" lon="7.934730282984674"><ele>1726.6899719238281</ele></trkpt><trkpt lat="46.57167035294697" lon="7.934660282917321"><ele>1726.5899963378906</ele></trkpt><trkpt lat="46.57168035302311" lon="7.934540282934904"><ele>1726.3499755859375</ele></trkpt><trkpt lat="46.571710352785885" lon="7.934380283113569"><ele>1725.9499816894531</ele></trkpt><trkpt lat="46.57178035285324" lon="7.934080282691866"><ele>1725.3599853515625</ele></trkpt><trkpt lat="46.571770352777094" lon="7.933870282955468"><ele>1725.489990234375</ele></trkpt><trkpt lat="46.57178035285324" lon="7.933740282896906"><ele>1725.219970703125</ele></trkpt><trkpt lat="46.57179035292938" lon="7.933650282677263"><ele>1725.22998046875</ele></trkpt><trkpt lat="46.57180035300553" lon="7.933530282694846"><ele>1725.1599731445312</ele></trkpt><trkpt lat="46.57182035269216" lon="7.933420282788575"><ele>1724.8199768066406</ele></trkpt><trkpt lat="46.5719603523612" lon="7.932840282097459"><ele>1722.2599792480469</ele></trkpt><trkpt lat="46.57197035243735" lon="7.932760282419622"><ele>1722.0799865722656</ele></trkpt><trkpt lat="46.57198035204783" lon="7.932680282276124"><ele>1721.9599914550781</ele></trkpt><trkpt lat="46.571970351971686" lon="7.932600282132626"><ele>1721.9599914550781</ele></trkpt><trkpt lat="46.57194035220891" lon="7.932390282396227"><ele>1722.2699890136719</ele></trkpt><trkpt lat="46.571920352522284" lon="7.932290282100439"><ele>1722.5699768066406</ele></trkpt><trkpt lat="46.57189035229385" lon="7.932170282583684"><ele>1723.1099853515625</ele></trkpt><trkpt lat="46.571880352683365" lon="7.9320902824401855"><ele>1723.5599975585938</ele></trkpt><trkpt lat="46.571880352683365" lon="7.932030282448977"><ele>1723.7999877929688</ele></trkpt><trkpt lat="46.571900352369994" lon="7.931970282457769"><ele>1723.6099853515625</ele></trkpt><trkpt lat="46.57189035229385" lon="7.931970282457769"><ele>1723.5599975585938</ele></trkpt><trkpt lat="46.57189035229385" lon="7.931940282229334"><ele>1723.3699951171875</ele></trkpt><trkpt lat="46.57189035229385" lon="7.931880282238126"><ele>1723.1999816894531</ele></trkpt><trkpt lat="46.57189035229385" lon="7.931840282399207"><ele>1723.0099792480469</ele></trkpt><trkpt lat="46.57189035229385" lon="7.931790282484144"><ele>1722.7599792480469</ele></trkpt><trkpt lat="46.571900352369994" lon="7.931700282264501"><ele>1722.3199768066406</ele></trkpt><trkpt lat="46.57193035213277" lon="7.931550282053649"><ele>1721.5599975585938</ele></trkpt><trkpt lat="46.57205035164952" lon="7.931010281667113"><ele>1718.4099731445312</ele></trkpt><trkpt lat="46.572060351260006" lon="7.93094028159976"><ele>1718.2099914550781</ele></trkpt><trkpt lat="46.572120351251215" lon="7.930640281178057"><ele>1717.2099914550781</ele></trkpt><trkpt lat="46.57218035124242" lon="7.930340281222016"><ele>1716.4099731445312</ele></trkpt><trkpt lat="46.57219035085291" lon="7.930220281239599"><ele>1716.0699768066406</ele></trkpt><trkpt lat="46.57218035077676" lon="7.930110281333327"><ele>1715.7599792480469</ele></trkpt><trkpt lat="46.57218035077676" lon="7.929980281274766"><ele>1715.3299865722656</ele></trkpt><trkpt lat="46.57217035070062" lon="7.929880280978978"><ele>1714.9599914550781</ele></trkpt><trkpt lat="46.57219035085291" lon="7.929770281072706"><ele>1714.5999755859375</ele></trkpt><trkpt lat="46.572210350539535" lon="7.929640281014144"><ele>1714.1399841308594</ele></trkpt><trkpt lat="46.572270350530744" lon="7.929390280973166"><ele>1713.7999877929688</ele></trkpt><trkpt lat="46.57230035029352" lon="7.92919028038159"><ele>1712.719970703125</ele></trkpt><trkpt lat="46.57233035005629" lon="7.929090280551463"><ele>1712.3499755859375</ele></trkpt><trkpt lat="46.57235035020858" lon="7.92900028033182"><ele>1712.0699768066406</ele></trkpt><trkpt lat="46.572360350284725" lon="7.928980280645192"><ele>1712.0</ele></trkpt><trkpt lat="46.57245035003871" lon="7.928780280519277"><ele>1711.6999816894531</ele></trkpt><trkpt lat="46.572530350182205" lon="7.928630280308425"><ele>1711.0</ele></trkpt><trkpt lat="46.57263035001233" lon="7.9284402802586555"><ele>1710.5999755859375</ele></trkpt><trkpt lat="46.57263035001233" lon="7.928430280182511"><ele>1710.5899963378906</ele></trkpt><trkpt lat="46.572700350079685" lon="7.928240280132741"><ele>1710.2999877929688</ele></trkpt><trkpt lat="46.57278034975752" lon="7.9280002801679075"><ele>1709.5999755859375</ele></trkpt><trkpt lat="46.57284034974873" lon="7.927820279728621"><ele>1709.0099792480469</ele></trkpt><trkpt lat="46.57290034927428" lon="7.927600279916078"><ele>1708.2899780273438</ele></trkpt><trkpt lat="46.57294034957886" lon="7.927450279705226"><ele>1707.8299865722656</ele></trkpt><trkpt lat="46.572960349265486" lon="7.9272702797316015"><ele>1707.3199768066406</ele></trkpt><trkpt lat="46.573000349104404" lon="7.927030279301107"><ele>1706.47998046875</ele></trkpt><trkpt lat="46.57301034918055" lon="7.9269902794621885"><ele>1706.3199768066406</ele></trkpt><trkpt lat="46.57301034918055" lon="7.9269802793860435"><ele>1706.3999938964844</ele></trkpt><trkpt lat="46.57304034894332" lon="7.926850279327482"><ele>1706.0999755859375</ele></trkpt><trkpt lat="46.57306034909561" lon="7.9268102794885635"><ele>1705.7999877929688</ele></trkpt><trkpt lat="46.57307034917176" lon="7.926800279412419"><ele>1705.6699829101562</ele></trkpt><trkpt lat="46.57308034878224" lon="7.926770279183984"><ele>1705.6199951171875</ele></trkpt><trkpt lat="46.573110349010676" lon="7.92674027942121"><ele>1705.469970703125</ele></trkpt><trkpt lat="46.573150348849595" lon="7.9267102791927755"><ele>1705.1999816894531</ele></trkpt><trkpt lat="46.57320034876466" lon="7.926690279040486"><ele>1704.7899780273438</ele></trkpt><trkpt lat="46.573260348755866" lon="7.926650279201567"><ele>1704.3199768066406</ele></trkpt><trkpt lat="46.573300348594785" lon="7.926610278896987"><ele>1703.9399719238281</ele></trkpt><trkpt lat="46.573300348594785" lon="7.926610278896987"><ele>1703.8999938964844</ele></trkpt><trkpt lat="46.57333034835756" lon="7.926560278981924"><ele>1703.5299987792969</ele></trkpt><trkpt lat="46.57336034858599" lon="7.926500278990716"><ele>1702.9399719238281</ele></trkpt><trkpt lat="46.57336034858599" lon="7.926470278762281"><ele>1702.7699890136719</ele></trkpt><trkpt lat="46.57338034827262" lon="7.926420278847218"><ele>1702.8999938964844</ele></trkpt><trkpt lat="46.57340034795925" lon="7.926280278712511"><ele>1701.6199951171875</ele></trkpt><trkpt lat="46.57342034811154" lon="7.926200278569013"><ele>1701.0699768066406</ele></trkpt><trkpt lat="46.573430348187685" lon="7.92611027834937"><ele>1700.47998046875</ele></trkpt><trkpt lat="46.57344034779817" lon="7.926000278443098"><ele>1699.7999877929688</ele></trkpt><trkpt lat="46.57347034756094" lon="7.925790278241038"><ele>1698.5499877929688</ele></trkpt><trkpt lat="46.573520347476006" lon="7.925460278056562"><ele>1697.8699951171875</ele></trkpt><trkpt lat="46.57353034755215" lon="7.925330277998"><ele>1697.6599731445312</ele></trkpt><trkpt lat="46.573540347162634" lon="7.925280278082937"><ele>1697.5099792480469</ele></trkpt><trkpt lat="46.57355034723878" lon="7.925200277939439"><ele>1697.3299865722656</ele></trkpt><trkpt lat="46.57357034739107" lon="7.925070277880877"><ele>1696.9399719238281</ele></trkpt><trkpt lat="46.57362034684047" lon="7.924780277535319"><ele>1695.5499877929688</ele></trkpt><trkpt lat="46.573630346916616" lon="7.924670277629048"><ele>1694.9599914550781</ele></trkpt><trkpt lat="46.573630346916616" lon="7.92457027733326"><ele>1694.3399963378906</ele></trkpt><trkpt lat="46.57362034684047" lon="7.924460277426988"><ele>1693.7999877929688</ele></trkpt><trkpt lat="46.573610346764326" lon="7.924320277292281"><ele>1693.6699829101562</ele></trkpt><trkpt lat="46.57360034668818" lon="7.924250277224928"><ele>1693.3499755859375</ele></trkpt><trkpt lat="46.573590346612036" lon="7.924080277327448"><ele>1692.5199890136719</ele></trkpt><trkpt lat="46.573570345994085" lon="7.923930277116597"><ele>1691.5499877929688</ele></trkpt><trkpt lat="46.573570345994085" lon="7.923900276888162"><ele>1691.5499877929688</ele></trkpt><trkpt lat="46.573570345994085" lon="7.923870277125388"><ele>1691.5399780273438</ele></trkpt><trkpt lat="46.57358034607023" lon="7.9238502769730985"><ele>1691.5199890136719</ele></trkpt><trkpt lat="46.57358034607023" lon="7.923820277210325"><ele>1691.489990234375</ele></trkpt><trkpt lat="46.573590346146375" lon="7.92379027698189"><ele>1691.4499816894531</ele></trkpt><trkpt lat="46.57364034606144" lon="7.923690277151763"><ele>1691.3199768066406</ele></trkpt><trkpt lat="46.57366034621373" lon="7.923640276771039"><ele>1691.1499938964844</ele></trkpt><trkpt lat="46.57368034590036" lon="7.92360027693212"><ele>1690.9299926757812</ele></trkpt><trkpt lat="46.57373034581542" lon="7.923510276712477"><ele>1690.4499816894531</ele></trkpt><trkpt lat="46.57378034573048" lon="7.923420276958495"><ele>1690.1699829101562</ele></trkpt><trkpt lat="46.57381034595892" lon="7.923370276577771"><ele>1690.0199890136719</ele></trkpt><trkpt lat="46.57383034611121" lon="7.923340276814997"><ele>1689.9399719238281</ele></trkpt><trkpt lat="46.57385034579784" lon="7.923260276671499"><ele>1689.97998046875</ele></trkpt><trkpt lat="46.573950346093625" lon="7.922940277028829"><ele>1690.8499755859375</ele></trkpt><trkpt lat="46.57407034607604" lon="7.922540276776999"><ele>1690.3299865722656</ele></trkpt><trkpt lat="46.57407034607604" lon="7.922520276624709"><ele>1690.3099975585938</ele></trkpt><trkpt lat="46.574120345991105" lon="7.922420276794583"><ele>1690.1899719238281</ele></trkpt><trkpt lat="46.57415034575388" lon="7.922340276651084"><ele>1690.1799926757812</ele></trkpt><trkpt lat="46.57418034598231" lon="7.922300276812166"><ele>1690.1299743652344</ele></trkpt><trkpt lat="46.5742003461346" lon="7.922260276507586"><ele>1690.0199890136719</ele></trkpt><trkpt lat="46.574250346049666" lon="7.922200276516378"><ele>1689.719970703125</ele></trkpt><trkpt lat="46.574440345633775" lon="7.922000276856124"><ele>1689.719970703125</ele></trkpt><trkpt lat="46.574440345633775" lon="7.922000276856124"><ele>1689.75</ele></trkpt><trkpt lat="46.574650345835835" lon="7.921770276501775"><ele>1689.7799987792969</ele></trkpt><trkpt lat="46.57487034564838" lon="7.921560276765376"><ele>1689.5999755859375</ele></trkpt><trkpt lat="46.57491034595296" lon="7.9215302765369415"><ele>1689.2999877929688</ele></trkpt><trkpt lat="46.574950345791876" lon="7.921490276698023"><ele>1689.2999877929688</ele></trkpt><trkpt lat="46.57500034570694" lon="7.921470276545733"><ele>1689.4099731445312</ele></trkpt><trkpt lat="46.575030345935374" lon="7.921450276859105"><ele>1689.8999938964844</ele></trkpt><trkpt lat="46.57519034575671" lon="7.921460276469588"><ele>1688.1999816894531</ele></trkpt><trkpt lat="46.57519034575671" lon="7.921460276469588"><ele>1688.1999816894531</ele></trkpt><trkpt lat="46.57520034536719" lon="7.9214202761650085"><ele>1687.6999816894531</ele></trkpt><trkpt lat="46.57532034488395" lon="7.921350275631994"><ele>1683.739990234375</ele></trkpt><trkpt lat="46.57537034433335" lon="7.921300275251269"><ele>1681.6999816894531</ele></trkpt><trkpt lat="46.575380343943834" lon="7.9212702750228345"><ele>1680.219970703125</ele></trkpt><trkpt lat="46.57540034363046" lon="7.9212402747944"><ele>1679.1799926757812</ele></trkpt><trkpt lat="46.57542034378275" lon="7.921210274565965"><ele>1678.0099792480469</ele></trkpt><trkpt lat="46.575430343393236" lon="7.921180274803191"><ele>1677.1499938964844</ele></trkpt><trkpt lat="46.57544034346938" lon="7.921160274650902"><ele>1676.4499816894531</ele></trkpt><trkpt lat="46.57546034315601" lon="7.92116027418524"><ele>1675.6099853515625</ele></trkpt><trkpt lat="46.575470342766494" lon="7.921140274498612"><ele>1675.1899719238281</ele></trkpt><trkpt lat="46.57548034284264" lon="7.921130274422467"><ele>1674.8199768066406</ele></trkpt><trkpt lat="46.57549034291878" lon="7.921100274194032"><ele>1673.7099914550781</ele></trkpt><trkpt lat="46.57551034260541" lon="7.921070273965597"><ele>1672.25</ele></trkpt><trkpt lat="46.57553034182638" lon="7.920990273356438"><ele>1670.2899780273438</ele></trkpt><trkpt lat="46.5755703416653" lon="7.920940273441374"><ele>1668.5499877929688</ele></trkpt><trkpt lat="46.5755703416653" lon="7.920900273136795"><ele>1667.8699951171875</ele></trkpt><trkpt lat="46.57556034158915" lon="7.92087027290836"><ele>1667.2899780273438</ele></trkpt><trkpt lat="46.57558034127578" lon="7.920770272612572"><ele>1665.5199890136719</ele></trkpt><trkpt lat="46.575570340733975" lon="7.9206902724690735"><ele>1664.47998046875</ele></trkpt><trkpt lat="46.5756203411147" lon="7.920720272697508"><ele>1664.6399841308594</ele></trkpt><trkpt lat="46.575570340733975" lon="7.9206902724690735"><ele>1664.47998046875</ele></trkpt><trkpt lat="46.57539034029469" lon="7.9205802720971406"><ele>1662.0599975585938</ele></trkpt><trkpt lat="46.575260339770466" lon="7.920550271868706"><ele>1660.0599975585938</ele></trkpt><trkpt lat="46.57519033970311" lon="7.920480271335691"><ele>1657.97998046875</ele></trkpt><trkpt lat="46.57516033947468" lon="7.920480271335691"><ele>1657.2899780273438</ele></trkpt><trkpt lat="46.57510033901781" lon="7.920500271487981"><ele>1656.3699951171875</ele></trkpt><trkpt lat="46.575010338798165" lon="7.920490270946175"><ele>1654.4499816894531</ele></trkpt><trkpt lat="46.57498033856973" lon="7.92048027087003"><ele>1653.5</ele></trkpt><trkpt lat="46.57485033804551" lon="7.920380270108581"><ele>1649.7999877929688</ele></trkpt><trkpt lat="46.57480033766478" lon="7.920370270032436"><ele>1648.6199951171875</ele></trkpt><trkpt lat="46.57467033714056" lon="7.920390269719064"><ele>1645.6299743652344</ele></trkpt><trkpt lat="46.5745103363879" lon="7.920440269168466"><ele>1642.4199829101562</ele></trkpt><trkpt lat="46.574450336396694" lon="7.920480269007385"><ele>1641.8399963378906</ele></trkpt><trkpt lat="46.57442033616826" lon="7.920500268694013"><ele>1641.5499877929688</ele></trkpt><trkpt lat="46.57429033564404" lon="7.920530268456787"><ele>1639.4199829101562</ele></trkpt><trkpt lat="46.574160335585475" lon="7.92058026837185"><ele>1637.8999938964844</ele></trkpt><trkpt lat="46.57411033520475" lon="7.920590268447995"><ele>1637.4099731445312</ele></trkpt><trkpt lat="46.57402033498511" lon="7.920610268134624"><ele>1636.1399841308594</ele></trkpt><trkpt lat="46.573970335070044" lon="7.920640267897397"><ele>1635.719970703125</ele></trkpt><trkpt lat="46.573930334765464" lon="7.920670267660171"><ele>1635.0199890136719</ele></trkpt><trkpt lat="46.573870334774256" lon="7.920670267660171"><ele>1633.8599853515625</ele></trkpt><trkpt lat="46.573810334317386" lon="7.920690267346799"><ele>1632.3599853515625</ele></trkpt><trkpt lat="46.57369033386931" lon="7.920690266881138"><ele>1630.0599975585938</ele></trkpt><trkpt lat="46.57357033342123" lon="7.920710266567767"><ele>1627.2899780273438</ele></trkpt><trkpt lat="46.57351033296436" lon="7.920700266491622"><ele>1625.6399841308594</ele></trkpt><trkpt lat="46.573480332735926" lon="7.920700266491622"><ele>1624.9499816894531</ele></trkpt><trkpt lat="46.57322033168748" lon="7.920790265314281"><ele>1619.5</ele></trkpt><trkpt lat="46.57309033116326" lon="7.920850264839828"><ele>1616.9199829101562</ele></trkpt><trkpt lat="46.57295033102855" lon="7.920910264831036"><ele>1615.0</ele></trkpt><trkpt lat="46.572880330495536" lon="7.9208902646787465"><ele>1614.1299743652344</ele></trkpt><trkpt lat="46.57278033019975" lon="7.920830264221877"><ele>1612.219970703125</ele></trkpt><trkpt lat="46.572730330284685" lon="7.920820264145732"><ele>1611.1799926757812</ele></trkpt><trkpt lat="46.57255032937974" lon="7.920850263442844"><ele>1608.3299865722656</ele></trkpt><trkpt lat="46.57249032938853" lon="7.920840263366699"><ele>1607.489990234375</ele></trkpt><trkpt lat="46.57245032908395" lon="7.920870263595134"><ele>1607.0799865722656</ele></trkpt><trkpt lat="46.57235032878816" lon="7.920880263205618"><ele>1605.239990234375</ele></trkpt><trkpt lat="46.57225032849237" lon="7.920910262968391"><ele>1603.0499877929688</ele></trkpt><trkpt lat="46.57222032826394" lon="7.920940262731165"><ele>1601.75</ele></trkpt><trkpt lat="46.57210032688454" lon="7.921100261621177"><ele>1596.1399841308594</ele></trkpt><trkpt lat="46.571990326046944" lon="7.921240260824561"><ele>1591.1799926757812</ele></trkpt><trkpt lat="46.57189032481983" lon="7.9214202598668635"><ele>1585.72998046875</ele></trkpt><trkpt lat="46.57183032436296" lon="7.9214902594685555"><ele>1582.8099975585938</ele></trkpt><trkpt lat="46.571790324058384" lon="7.921530259307474"><ele>1580.6699829101562</ele></trkpt><trkpt lat="46.571730323601514" lon="7.921590258833021"><ele>1578.6599731445312</ele></trkpt><trkpt lat="46.57168032322079" lon="7.921640258748084"><ele>1576.3499755859375</ele></trkpt><trkpt lat="46.57164032291621" lon="7.921670258510858"><ele>1574.489990234375</ele></trkpt><trkpt lat="46.571570322383195" lon="7.921690257731825"><ele>1571.6499938964844</ele></trkpt><trkpt lat="46.571510321926326" lon="7.921730257570744"><ele>1569.3099975585938</ele></trkpt><trkpt lat="46.571430321317166" lon="7.921770256944001"><ele>1566.3499755859375</ele></trkpt><trkpt lat="46.57142032077536" lon="7.921750256791711"><ele>1565.6699829101562</ele></trkpt><trkpt lat="46.571430320851505" lon="7.921680256724358"><ele>1563.8899841308594</ele></trkpt><trkpt lat="46.57146032014862" lon="7.92156025627628"><ele>1562.22998046875</ele></trkpt><trkpt lat="46.57149031991139" lon="7.921440255828202"><ele>1559.97998046875</ele></trkpt><trkpt lat="46.571500319521874" lon="7.921340255532414"><ele>1557.8299865722656</ele></trkpt><trkpt lat="46.5715103186667" lon="7.921220255084336"><ele>1554.7099914550781</ele></trkpt><trkpt lat="46.571530318353325" lon="7.9211502550169826"><ele>1553.3699951171875</ele></trkpt><trkpt lat="46.57154031842947" lon="7.921100254636258"><ele>1552.2799987792969</ele></trkpt><trkpt lat="46.571530318353325" lon="7.921090254560113"><ele>1551.7899780273438</ele></trkpt><trkpt lat="46.57150031812489" lon="7.921110254712403"><ele>1551.0599975585938</ele></trkpt><trkpt lat="46.571450317744166" lon="7.921150254551321"><ele>1550.5</ele></trkpt><trkpt lat="46.5714003178291" lon="7.921180254314095"><ele>1549.6599731445312</ele></trkpt><trkpt lat="46.57138031767681" lon="7.92117025423795"><ele>1548.5599975585938</ele></trkpt><trkpt lat="46.57138031721115" lon="7.92111025378108"><ele>1547.0</ele></trkpt><trkpt lat="46.57140031689778" lon="7.921040253713727"><ele>1545.3499755859375</ele></trkpt><trkpt lat="46.57144031627104" lon="7.920950253494084"><ele>1543.0799865722656</ele></trkpt><trkpt lat="46.571480316109955" lon="7.920870252884924"><ele>1540.72998046875</ele></trkpt><trkpt lat="46.57152031548321" lon="7.92080025235191"><ele>1538.0</ele></trkpt><trkpt lat="46.571550314780325" lon="7.92074025189504"><ele>1535.2899780273438</ele></trkpt><trkpt lat="46.57157031446695" lon="7.920670251827687"><ele>1533.0899963378906</ele></trkpt><trkpt lat="46.571600313298404" lon="7.920500250998884"><ele>1528.0199890136719</ele></trkpt><trkpt lat="46.571580313146114" lon="7.920480250846595"><ele>1526.989990234375</ele></trkpt><trkpt lat="46.571540312841535" lon="7.920530250295997"><ele>1524.5699768066406</ele></trkpt><trkpt lat="46.57140031224117" lon="7.920730249490589"><ele>1520.8199768066406</ele></trkpt><trkpt lat="46.57113031158224" lon="7.921090249437839"><ele>1517.72998046875</ele></trkpt><trkpt lat="46.57107031159103" lon="7.921170249115676"><ele>1517.97998046875</ele></trkpt><trkpt lat="46.571020311210304" lon="7.921270249411464"><ele>1517.7099914550781</ele></trkpt><trkpt lat="46.57099031144753" lon="7.921340249013156"><ele>1517.1899719238281</ele></trkpt><trkpt lat="46.570930310525" lon="7.921490248758346"><ele>1513.22998046875</ele></trkpt><trkpt lat="46.570880310144275" lon="7.921580248046666"><ele>1510.4599914550781</ele></trkpt><trkpt lat="46.57079030945897" lon="7.921680247411132"><ele>1507.2799987792969</ele></trkpt><trkpt lat="46.570740309078246" lon="7.92172024725005"><ele>1505.4399719238281</ele></trkpt><trkpt lat="46.57072030892596" lon="7.921730247326195"><ele>1504.2899780273438</ele></trkpt><trkpt lat="46.570720308460295" lon="7.921680246945471"><ele>1502.8899841308594</ele></trkpt><trkpt lat="46.57073030807078" lon="7.9215802466496825"><ele>1500.7799987792969</ele></trkpt><trkpt lat="46.57076030783355" lon="7.921510246116668"><ele>1498.8999938964844</ele></trkpt><trkpt lat="46.57074030768126" lon="7.921500246040523"><ele>1497.9099731445312</ele></trkpt><trkpt lat="46.57068030722439" lon="7.921510245651007"><ele>1496.1899719238281</ele></trkpt><trkpt lat="46.57061030669138" lon="7.92154024541378"><ele>1493.5799865722656</ele></trkpt><trkpt lat="46.57057030592114" lon="7.921640244778246"><ele>1490.9299926757812</ele></trkpt><trkpt lat="46.57050030538812" lon="7.921720244456083"><ele>1486.7799987792969</ele></trkpt><trkpt lat="46.57043030438945" lon="7.9218602436594665"><ele>1482.6799926757812</ele></trkpt><trkpt lat="46.57029030332342" lon="7.922010242938995"><ele>1477.1599731445312</ele></trkpt><trkpt lat="46.57011030148715" lon="7.92226024158299"><ele>1468.25</ele></trkpt><trkpt lat="46.5699803000316" lon="7.922440240159631"><ele>1461.0899963378906</ele></trkpt><trkpt lat="46.56989029888064" lon="7.922540239524096"><ele>1456.219970703125</ele></trkpt><trkpt lat="46.56983029842377" lon="7.922650238964707"><ele>1452.75</ele></trkpt><trkpt lat="46.56979029811919" lon="7.922780238557607"><ele>1450.8099975585938</ele></trkpt><trkpt lat="46.56972029712051" lon="7.922890237998217"><ele>1447.1899719238281</ele></trkpt><trkpt lat="46.56961029628292" lon="7.923060236964375"><ele>1441.5299987792969</ele></trkpt><trkpt lat="46.56949029536918" lon="7.923250236548483"><ele>1436.75</ele></trkpt><trkpt lat="46.56944029498845" lon="7.923340236302465"><ele>1434.8399963378906</ele></trkpt><trkpt lat="46.56941029476002" lon="7.923420235980302"><ele>1434.1299743652344</ele></trkpt><trkpt lat="46.569400294683874" lon="7.923490236047655"><ele>1433.1399841308594</ele></trkpt><trkpt lat="46.56935029383749" lon="7.923680235631764"><ele>1430.6699829101562</ele></trkpt><trkpt lat="46.569300293922424" lon="7.923820235300809"><ele>1429.8399963378906</ele></trkpt><trkpt lat="46.569280293770134" lon="7.923860235139728"><ele>1429.1799926757812</ele></trkpt><trkpt lat="46.56927029369399" lon="7.923850235063583"><ele>1428.8599853515625</ele></trkpt><trkpt lat="46.56927029322833" lon="7.9237702349200845"><ele>1427.9299926757812</ele></trkpt><trkpt lat="46.56929029338062" lon="7.923680234700441"><ele>1427.1799926757812</ele></trkpt><trkpt lat="46.56928029330447" lon="7.9235902349464595"><ele>1426.6299743652344</ele></trkpt><trkpt lat="46.56927029276267" lon="7.92355023464188"><ele>1425.6899719238281</ele></trkpt><trkpt lat="46.56923029245809" lon="7.923410234041512"><ele>1422.5599975585938</ele></trkpt><trkpt lat="46.569210291840136" lon="7.9232802339829504"><ele>1420.1299743652344</ele></trkpt><trkpt lat="46.569170291535556" lon="7.923140233382583"><ele>1417.3399963378906</ele></trkpt><trkpt lat="46.569150290917605" lon="7.922980233095586"><ele>1415.0999755859375</ele></trkpt><trkpt lat="46.5690602902323" lon="7.922770232427865"><ele>1410.8499755859375</ele></trkpt><trkpt lat="46.56904028961435" lon="7.922690232284367"><ele>1409.7099914550781</ele></trkpt><trkpt lat="46.56902028946206" lon="7.922670232132077"><ele>1408.8099975585938</ele></trkpt><trkpt lat="46.56898028915748" lon="7.922700231894851"><ele>1407.22998046875</ele></trkpt><trkpt lat="46.568950288929045" lon="7.922810231335461"><ele>1405.47998046875</ele></trkpt><trkpt lat="46.568910288624465" lon="7.922960231080651"><ele>1403.969970703125</ele></trkpt><trkpt lat="46.568910288624465" lon="7.923060230910778"><ele>1403.0999755859375</ele></trkpt><trkpt lat="46.56884028762579" lon="7.92315023066476"><ele>1399.739990234375</ele></trkpt><trkpt lat="46.5688202874735" lon="7.923220230266452"><ele>1398.5399780273438</ele></trkpt><trkpt lat="46.568770287092775" lon="7.923310230020434"><ele>1396.5599975585938</ele></trkpt><trkpt lat="46.56876028701663" lon="7.923370230011642"><ele>1396.0599975585938</ele></trkpt><trkpt lat="46.568730286788195" lon="7.923450229689479"><ele>1395.469970703125</ele></trkpt><trkpt lat="46.56868028687313" lon="7.923550229519606"><ele>1394.4499816894531</ele></trkpt><trkpt lat="46.56863028649241" lon="7.923710229340941"><ele>1393.3999938964844</ele></trkpt><trkpt lat="46.56859028618783" lon="7.923900229390711"><ele>1392.2999877929688</ele></trkpt><trkpt lat="46.56856028595939" lon="7.924050229135901"><ele>1390.72998046875</ele></trkpt><trkpt lat="46.56851028557867" lon="7.924140228889883"><ele>1389.2999877929688</ele></trkpt><trkpt lat="46.56846028519794" lon="7.924250228796154"><ele>1387.4099731445312</ele></trkpt><trkpt lat="46.568400284741074" lon="7.924340228084475"><ele>1385.1899719238281</ele></trkpt><trkpt lat="46.56833028467372" lon="7.924400228075683"><ele>1383.5599975585938</ele></trkpt><trkpt lat="46.568260284140706" lon="7.924500227440149"><ele>1381.4299926757812</ele></trkpt><trkpt lat="46.56825028406456" lon="7.924530227668583"><ele>1380.6199951171875</ele></trkpt><trkpt lat="46.568240283988416" lon="7.924560227431357"><ele>1379.989990234375</ele></trkpt><trkpt lat="46.568220283836126" lon="7.9245802271179855"><ele>1379.2599792480469</ele></trkpt><trkpt lat="46.56821028375998" lon="7.924540227279067"><ele>1378.5099792480469</ele></trkpt><trkpt lat="46.56819028314203" lon="7.924440226983279"><ele>1377.5699768066406</ele></trkpt><trkpt lat="46.56817028298974" lon="7.924320226535201"><ele>1375.7599792480469</ele></trkpt><trkpt lat="46.56815028283745" lon="7.924220226239413"><ele>1373.7899780273438</ele></trkpt><trkpt lat="46.5681302822195" lon="7.92413022601977"><ele>1372.0299987792969</ele></trkpt><trkpt lat="46.56811028206721" lon="7.924070226028562"><ele>1370.4299926757812</ele></trkpt><trkpt lat="46.56809028191492" lon="7.924010225571692"><ele>1369.5099792480469</ele></trkpt><trkpt lat="46.56811028160155" lon="7.923950225580484"><ele>1368.2699890136719</ele></trkpt><trkpt lat="46.56811028113589" lon="7.92388022551313"><ele>1366.8399963378906</ele></trkpt><trkpt lat="46.56812028121203" lon="7.923820225056261"><ele>1365.8199768066406</ele></trkpt><trkpt lat="46.56812028121203" lon="7.923800224903971"><ele>1365.7099914550781</ele></trkpt><trkpt lat="46.5680902809836" lon="7.923820225056261"><ele>1364.75</ele></trkpt><trkpt lat="46.56805028067902" lon="7.923870224505663"><ele>1363.0699768066406</ele></trkpt><trkpt lat="46.56799028022215" lon="7.923980224411935"><ele>1362.4399719238281</ele></trkpt><trkpt lat="46.56796027999371" lon="7.924070224631578"><ele>1361.5899963378906</ele></trkpt><trkpt lat="46.56793027976528" lon="7.924200224224478"><ele>1359.5299987792969</ele></trkpt><trkpt lat="46.56790027860552" lon="7.92438022326678"><ele>1354.6599731445312</ele></trkpt><trkpt lat="46.56786027783528" lon="7.924550222698599"><ele>1350.739990234375</ele></trkpt><trkpt lat="46.56782027706504" lon="7.924770222045481"><ele>1346.0099792480469</ele></trkpt><trkpt lat="46.56780027691275" lon="7.924850221723318"><ele>1344.4599914550781</ele></trkpt><trkpt lat="46.56779027637094" lon="7.924930221401155"><ele>1343.2899780273438</ele></trkpt><trkpt lat="46.56777027621865" lon="7.9249402214773"><ele>1342.8199768066406</ele></trkpt><trkpt lat="46.56776027614251" lon="7.924860221333802"><ele>1341.3599853515625</ele></trkpt><trkpt lat="46.56771027576178" lon="7.924730220809579"><ele>1338.6399841308594</ele></trkpt><trkpt lat="46.56768027506769" lon="7.924630220513791"><ele>1336.4499816894531</ele></trkpt><trkpt lat="46.5676302742213" lon="7.924500219989568"><ele>1332.6399841308594</ele></trkpt><trkpt lat="46.56759027345106" lon="7.92434021923691"><ele>1328.3199768066406</ele></trkpt><trkpt lat="46.567560272756964" lon="7.924190218560398"><ele>1325.6399841308594</ele></trkpt><trkpt lat="46.56758027244359" lon="7.924080218654126"><ele>1324.0299987792969</ele></trkpt><trkpt lat="46.56760027213022" lon="7.9240002180449665"><ele>1322.1299743652344</ele></trkpt><trkpt lat="46.567590272054076" lon="7.923920217901468"><ele>1320.4199829101562</ele></trkpt><trkpt lat="46.567570271901786" lon="7.923980217892677"><ele>1319.7999877929688</ele></trkpt><trkpt lat="46.5675502717495" lon="7.92401021765545"><ele>1319.0099792480469</ele></trkpt><trkpt lat="46.567530271131545" lon="7.923900217283517"><ele>1316.0799865722656</ele></trkpt><trkpt lat="46.56752027012408" lon="7.9237302164547145"><ele>1312.2999877929688</ele></trkpt><trkpt lat="46.5674802698195" lon="7.923640216235071"><ele>1309.3099975585938</ele></trkpt><trkpt lat="46.56746026920155" lon="7.9235202157869935"><ele>1306.5899963378906</ele></trkpt><trkpt lat="46.56745026865974" lon="7.923380215186626"><ele>1303.8199768066406</ele></trkpt><trkpt lat="46.56745026819408" lon="7.923280214890838"><ele>1301.7699890136719</ele></trkpt><trkpt lat="46.5674102678895" lon="7.923210214823484"><ele>1300.0799865722656</ele></trkpt><trkpt lat="46.56739026727155" lon="7.923060214146972"><ele>1297.6999816894531</ele></trkpt><trkpt lat="46.56737026711926" lon="7.923000214155763"><ele>1296.3399963378906</ele></trkpt><trkpt lat="46.56738026672974" lon="7.92291021393612"><ele>1294.5899963378906</ele></trkpt><trkpt lat="46.56740026641637" lon="7.922790213488042"><ele>1293.3499755859375</ele></trkpt><trkpt lat="46.567450266331434" lon="7.922500213608146"><ele>1292.6899719238281</ele></trkpt><trkpt lat="46.56746026640758" lon="7.9223202131688595"><ele>1291.6699829101562</ele></trkpt><trkpt lat="46.56748026609421" lon="7.922120213042945"><ele>1291.0299987792969</ele></trkpt><trkpt lat="46.56751026632264" lon="7.922040213365108"><ele>1292.1899719238281</ele></trkpt><trkpt lat="46.56757026584819" lon="7.921900213230401"><ele>1290.9499816894531</ele></trkpt><trkpt lat="46.56774026481435" lon="7.921490212436765"><ele>1284.9299926757812</ele></trkpt><trkpt lat="46.56774026481435" lon="7.921490211971104"><ele>1284.5599975585938</ele></trkpt><trkpt lat="46.56767026428133" lon="7.9215402118861675"><ele>1282.8699951171875</ele></trkpt><trkpt lat="46.56761026382446" lon="7.92159021133557"><ele>1280.5399780273438</ele></trkpt><trkpt lat="46.56757026351988" lon="7.921610211022198"><ele>1277.9399719238281</ele></trkpt><trkpt lat="46.56757026305422" lon="7.9215702107176185"><ele>1276.5199890136719</ele></trkpt><trkpt lat="46.56759026274085" lon="7.92151021072641"><ele>1275.4099731445312</ele></trkpt><trkpt lat="46.567620262503624" lon="7.921340210363269"><ele>1272.3699951171875</ele></trkpt><trkpt lat="46.56761026196182" lon="7.921310210134834"><ele>1270.6199951171875</ele></trkpt><trkpt lat="46.56757026165724" lon="7.921330209821463"><ele>1269.3499755859375</ele></trkpt><trkpt lat="46.5674502607435" lon="7.921430208720267"><ele>1263.6899719238281</ele></trkpt><trkpt lat="46.56744026020169" lon="7.921310208272189"><ele>1261.6299743652344</ele></trkpt><trkpt lat="46.56746025942266" lon="7.921140207909048"><ele>1257.8099975585938</ele></trkpt><trkpt lat="46.56749025918543" lon="7.9210402076132596"><ele>1256.1099853515625</ele></trkpt><trkpt lat="46.56753025855869" lon="7.920990207232535"><ele>1254.3099975585938</ele></trkpt><trkpt lat="46.56759025808424" lon="7.9210102069191635"><ele>1252.0099792480469</ele></trkpt><trkpt lat="46.567610257305205" lon="7.921010205987841"><ele>1247.1099853515625</ele></trkpt><trkpt lat="46.56754025677219" lon="7.920930205844343"><ele>1244.8899841308594</ele></trkpt><trkpt lat="46.56756025645882" lon="7.920910205692053"><ele>1243.8499755859375</ele></trkpt><trkpt lat="46.567620255984366" lon="7.920890205074102"><ele>1239.2899780273438</ele></trkpt><trkpt lat="46.56770025473088" lon="7.920870203990489"><ele>1234.6299743652344</ele></trkpt><trkpt lat="46.5677402545698" lon="7.920840204227716"><ele>1234.0</ele></trkpt><trkpt lat="46.56778025440872" lon="7.920760203618556"><ele>1232.2999877929688</ele></trkpt><trkpt lat="46.567950253374875" lon="7.92058020317927"><ele>1228.22998046875</ele></trkpt><trkpt lat="46.56802025344223" lon="7.920460202731192"><ele>1226.6699829101562</ele></trkpt><trkpt lat="46.5681002526544" lon="7.920300202444196"><ele>1223.97998046875</ele></trkpt><trkpt lat="46.568210252560675" lon="7.920200202148408"><ele>1222.2099914550781</ele></trkpt><trkpt lat="46.56844025151804" lon="7.92002020124346"><ele>1217.4199829101562</ele></trkpt><trkpt lat="46.56849025096744" lon="7.919950201176107"><ele>1216.1799926757812</ele></trkpt><trkpt lat="46.56859025079757" lon="7.919870201032609"><ele>1214.9499816894531</ele></trkpt><trkpt lat="46.568750250618905" lon="7.9196902005933225"><ele>1212.8099975585938</ele></trkpt><trkpt lat="46.5689202491194" lon="7.919400199782103"><ele>1206.6499938964844</ele></trkpt><trkpt lat="46.568990249186754" lon="7.919250199571252"><ele>1205.0399780273438</ele></trkpt><trkpt lat="46.5690502487123" lon="7.9190901992842555"><ele>1203.5399780273438</ele></trkpt><trkpt lat="46.569080248475075" lon="7.918970198836178"><ele>1201.5899963378906</ele></trkpt><trkpt lat="46.56907024746761" lon="7.918800198007375"><ele>1196.6699829101562</ele></trkpt><trkpt lat="46.569050246383995" lon="7.918700197245926"><ele>1192.5399780273438</ele></trkpt><trkpt lat="46.5690202456899" lon="7.9186101970262825"><ele>1188.6499938964844</ele></trkpt><trkpt lat="46.5690202456899" lon="7.918530196417123"><ele>1187.6699829101562</ele></trkpt><trkpt lat="46.569040244910866" lon="7.9184101964347064"><ele>1185.6199951171875</ele></trkpt><trkpt lat="46.56903024436906" lon="7.918270195834339"><ele>1181.989990234375</ele></trkpt><trkpt lat="46.569020243827254" lon="7.918160194996744"><ele>1178.8099975585938</ele></trkpt><trkpt lat="46.56902024289593" lon="7.918020194862038"><ele>1175.0799865722656</ele></trkpt><trkpt lat="46.56902024243027" lon="7.917870194185525"><ele>1171.1699829101562</ele></trkpt><trkpt lat="46.56905024126172" lon="7.917730193119496"><ele>1167.0099792480469</ele></trkpt><trkpt lat="46.56906024040654" lon="7.917630192823708"><ele>1163.2999877929688</ele></trkpt><trkpt lat="46.56909024016932" lon="7.917520192451775"><ele>1160.6799926757812</ele></trkpt><trkpt lat="46.569070239551365" lon="7.9174501919187605"><ele>1157.4499816894531</ele></trkpt><trkpt lat="46.568990238476545" lon="7.9174101911485195"><ele>1153.5199890136719</ele></trkpt><trkpt lat="46.56892023840919" lon="7.917450190987438"><ele>1151.3299865722656</ele></trkpt><trkpt lat="46.56890023779124" lon="7.917420190759003"><ele>1149.97998046875</ele></trkpt><trkpt lat="46.568910237867385" lon="7.9173701903782785"><ele>1148.8699951171875</ele></trkpt><trkpt lat="46.56899023707956" lon="7.917210190091282"><ele>1145.6799926757812</ele></trkpt><trkpt lat="46.569020236842334" lon="7.917180189862847"><ele>1144.6499938964844</ele></trkpt><trkpt lat="46.569090236444026" lon="7.917060189414769"><ele>1141.2599792480469</ele></trkpt><trkpt lat="46.56902023591101" lon="7.917060188949108"><ele>1139.6499938964844</ele></trkpt><trkpt lat="46.56898023560643" lon="7.917030188720673"><ele>1137.5599975585938</ele></trkpt><trkpt lat="46.56898023514077" lon="7.916990188416094"><ele>1136.239990234375</ele></trkpt><trkpt lat="46.56909023458138" lon="7.916850187815726"><ele>1131.8599853515625</ele></trkpt><trkpt lat="46.5690502342768" lon="7.916850187815726"><ele>1131.22998046875</ele></trkpt><trkpt lat="46.568910233676434" lon="7.9168601874262094"><ele>1128.97998046875</ele></trkpt><trkpt lat="46.568830233532935" lon="7.916880187112838"><ele>1127.75</ele></trkpt><trkpt lat="46.5688002333045" lon="7.916870187036693"><ele>1127.1099853515625</ele></trkpt><trkpt lat="46.56888023298234" lon="7.916730186436325"><ele>1123.8899841308594</ele></trkpt><trkpt lat="46.568920232355595" lon="7.916670185979456"><ele>1122.2699890136719</ele></trkpt><trkpt lat="46.56895023211837" lon="7.916630186140537"><ele>1120.7599792480469</ele></trkpt><trkpt lat="46.56892023188993" lon="7.916610185988247"><ele>1120.2599792480469</ele></trkpt><trkpt lat="46.56887023197487" lon="7.916640186216682"><ele>1121.0599975585938</ele></trkpt><trkpt lat="46.56881023198366" lon="7.916670185979456"><ele>1120.9099731445312</ele></trkpt><trkpt lat="46.56870023207739" lon="7.916730185970664"><ele>1120.3599853515625</ele></trkpt><trkpt lat="46.56864023208618" lon="7.916800186038017"><ele>1119.7999877929688</ele></trkpt><trkpt lat="46.5686002317816" lon="7.916860185563564"><ele>1119.6599731445312</ele></trkpt><trkpt lat="46.568540231790394" lon="7.9169301856309175"><ele>1118.8399963378906</ele></trkpt><trkpt lat="46.568480231799185" lon="7.916980185545981"><ele>1119.0399780273438</ele></trkpt><trkpt lat="46.56845023157075" lon="7.916980185545981"><ele>1118.9599914550781</ele></trkpt><trkpt lat="46.56840023165569" lon="7.916950185783207"><ele>1118.5199890136719</ele></trkpt><trkpt lat="46.56835023127496" lon="7.916870185174048"><ele>1117.1099853515625</ele></trkpt><trkpt lat="46.56832023151219" lon="7.916860185097903"><ele>1116.7799987792969</ele></trkpt><trkpt lat="46.56828023120761" lon="7.916880185250193"><ele>1115.739990234375</ele></trkpt><trkpt lat="46.568250230979174" lon="7.916930185165256"><ele>1114.6099853515625</ele></trkpt><trkpt lat="46.56824023090303" lon="7.916980184614658"><ele>1113.7099914550781</ele></trkpt><trkpt lat="46.56823023036122" lon="7.917030184529722"><ele>1113.0399780273438</ele></trkpt><trkpt lat="46.568190230522305" lon="7.917080184444785"><ele>1112.5599975585938</ele></trkpt><trkpt lat="46.56811023037881" lon="7.917170184664428"><ele>1111.3499755859375</ele></trkpt><trkpt lat="46.56805022992194" lon="7.917280184105039"><ele>1110.0699768066406</ele></trkpt><trkpt lat="46.56801022961736" lon="7.917350184172392"><ele>1109.0599975585938</ele></trkpt><trkpt lat="46.56795022916049" lon="7.917380183935165"><ele>1106.8499755859375</ele></trkpt><trkpt lat="46.56790022877976" lon="7.917440183460712"><ele>1105.0999755859375</ele></trkpt><trkpt lat="46.567860228940845" lon="7.917470183223486"><ele>1103.7899780273438</ele></trkpt><trkpt lat="46.567800228483975" lon="7.917510183062404"><ele>1101.9599914550781</ele></trkpt><trkpt lat="46.567760228179395" lon="7.917560182977468"><ele>1100.8099975585938</ele></trkpt><trkpt lat="46.567700227722526" lon="7.91761018242687"><ele>1099.3899841308594</ele></trkpt><trkpt lat="46.56760022742674" lon="7.917660182341933"><ele>1097.0499877929688</ele></trkpt><trkpt lat="46.56752022681758" lon="7.917680182028562"><ele>1094.739990234375</ele></trkpt><trkpt lat="46.56746022636071" lon="7.91770018171519"><ele>1093.1199951171875</ele></trkpt><trkpt lat="46.5674002263695" lon="7.917770181316882"><ele>1091.1199951171875</ele></trkpt><trkpt lat="46.56730022421107" lon="7.917800179682672"><ele>1082.0099792480469</ele></trkpt><trkpt lat="46.567250224296004" lon="7.9177701799198985"><ele>1081.47998046875</ele></trkpt><trkpt lat="46.567230224609375" lon="7.91777018038556"><ele>1084.1299743652344</ele></trkpt><trkpt lat="46.5672302255407" lon="7.917660180479288"><ele>1087.469970703125</ele></trkpt><trkpt lat="46.56723022600636" lon="7.917620181106031"><ele>1089.5599975585938</ele></trkpt><trkpt lat="46.56721022585407" lon="7.917650181334466"><ele>1090.5399780273438</ele></trkpt><trkpt lat="46.56719022616744" lon="7.917670181486756"><ele>1091.6499938964844</ele></trkpt><trkpt lat="46.56718022655696" lon="7.917660181410611"><ele>1092.6299743652344</ele></trkpt><trkpt lat="46.5671902266331" lon="7.917620181571692"><ele>1093.8799743652344</ele></trkpt><trkpt lat="46.56718022702262" lon="7.917580181732774"><ele>1094.5799865722656</ele></trkpt><trkpt lat="46.56717022694647" lon="7.917600181885064"><ele>1095.5499877929688</ele></trkpt><trkpt lat="46.56716022733599" lon="7.917650182265788"><ele>1096.9499816894531</ele></trkpt><trkpt lat="46.567130227573216" lon="7.917700182180852"><ele>1097.9199829101562</ele></trkpt><trkpt lat="46.56714022764936" lon="7.917660182341933"><ele>1099.3099975585938</ele></trkpt><trkpt lat="46.56713022803888" lon="7.917600182816386"><ele>1100.1499938964844</ele></trkpt><trkpt lat="46.56714022811502" lon="7.917540182825178"><ele>1100.8499755859375</ele></trkpt><trkpt lat="46.56720022857189" lon="7.917320183478296"><ele>1103.989990234375</ele></trkpt><trkpt lat="46.567350229248405" lon="7.917070183437318"><ele>1105.489990234375</ele></trkpt><trkpt lat="46.56738022947684" lon="7.917010183911771"><ele>1106.97998046875</ele></trkpt><trkpt lat="46.567390229552984" lon="7.916970184072852"><ele>1107.9199829101562</ele></trkpt><trkpt lat="46.56732022995129" lon="7.917010183911771"><ele>1109.0399780273438</ele></trkpt><trkpt lat="46.56742023071274" lon="7.916860184632242"><ele>1113.1099853515625</ele></trkpt><trkpt lat="46.56743023078889" lon="7.916830184869468"><ele>1113.6299743652344</ele></trkpt><trkpt lat="46.56744023133069" lon="7.916740185115486"><ele>1115.75</ele></trkpt><trkpt lat="46.5674202311784" lon="7.916670185513794"><ele>1116.72998046875</ele></trkpt><trkpt lat="46.567380231805146" lon="7.916600185446441"><ele>1118.1199951171875</ele></trkpt><trkpt lat="46.5673202322796" lon="7.916530185844749"><ele>1121.0499877929688</ele></trkpt><trkpt lat="46.56730023212731" lon="7.916490186005831"><ele>1121.5999755859375</ele></trkpt><trkpt lat="46.56726023228839" lon="7.916490186005831"><ele>1122.0199890136719</ele></trkpt><trkpt lat="46.56721023237333" lon="7.916500186081976"><ele>1122.719970703125</ele></trkpt><trkpt lat="46.567140232771635" lon="7.916470186319202"><ele>1123.2699890136719</ele></trkpt><trkpt lat="46.56705023255199" lon="7.916390186175704"><ele>1123.4199829101562</ele></trkpt><trkpt lat="46.56689023273066" lon="7.916270186658949"><ele>1124.25</ele></trkpt><trkpt lat="46.56679023290053" lon="7.916170186828822"><ele>1125.7799987792969</ele></trkpt><trkpt lat="46.566690234001726" lon="7.9160601873882115"><ele>1129.6799926757812</ele></trkpt><trkpt lat="46.566610233392566" lon="7.915970187168568"><ele>1127.5699768066406</ele></trkpt><trkpt lat="46.5665502329357" lon="7.915870186407119"><ele>1125.0899963378906</ele></trkpt><trkpt lat="46.56650023302063" lon="7.915770186576992"><ele>1124.3299865722656</ele></trkpt><trkpt lat="46.56647023232654" lon="7.915650186128914"><ele>1122.72998046875</ele></trkpt><trkpt lat="46.56646023225039" lon="7.915470186155289"><ele>1121.7799987792969</ele></trkpt><trkpt lat="46.56641023233533" lon="7.915340186096728"><ele>1122.0199890136719</ele></trkpt><trkpt lat="46.566220230888575" lon="7.914930185303092"><ele>1115.9199829101562</ele></trkpt><trkpt lat="46.56624023010954" lon="7.914840184152126"><ele>1110.9199829101562</ele></trkpt><trkpt lat="46.56630022963509" lon="7.914880183991045"><ele>1108.719970703125</ele></trkpt><trkpt lat="46.56630022963509" lon="7.914840183686465"><ele>1107.6899719238281</ele></trkpt><trkpt lat="46.56626022933051" lon="7.914750183466822"><ele>1106.2999877929688</ele></trkpt><trkpt lat="46.56630022870377" lon="7.9147701831534505"><ele>1104.6999816894531</ele></trkpt><trkpt lat="46.56642022775486" lon="7.914870182517916"><ele>1100.0099792480469</ele></trkpt><trkpt lat="46.566470227669924" lon="7.9149001822806895"><ele>1097.8999938964844</ele></trkpt><trkpt lat="46.56645022705197" lon="7.914810182061046"><ele>1095.8299865722656</ele></trkpt><trkpt lat="46.56646022712812" lon="7.9147901819087565"><ele>1094.9299926757812</ele></trkpt><trkpt lat="46.56666022539139" lon="7.914930180646479"><ele>1087.75</ele></trkpt><trkpt lat="46.56675022467971" lon="7.914980180095881"><ele>1083.6299743652344</ele></trkpt><trkpt lat="46.56676022429019" lon="7.9149401797913015"><ele>1081.6799926757812</ele></trkpt><trkpt lat="46.566730223596096" lon="7.914820179343224"><ele>1078.8499755859375</ele></trkpt><trkpt lat="46.566690223291516" lon="7.914670178666711"><ele>1075.8199768066406</ele></trkpt><trkpt lat="46.566700222902" lon="7.914640178438276"><ele>1074.1599731445312</ele></trkpt><trkpt lat="46.56674022227526" lon="7.914660178124905"><ele>1072.5999755859375</ele></trkpt><trkpt lat="46.566760221961886" lon="7.914640177972615"><ele>1070.8799743652344</ele></trkpt><trkpt lat="46.566720221657306" lon="7.914520177524537"><ele>1067.7899780273438</ele></trkpt><trkpt lat="46.566740221343935" lon="7.914490177296102"><ele>1066.7599792480469</ele></trkpt><trkpt lat="46.56681022094563" lon="7.914560176897794"><ele>1064.3499755859375</ele></trkpt><trkpt lat="46.56692022038624" lon="7.914680176414549"><ele>1061.6099853515625</ele></trkpt><trkpt lat="46.56701021967456" lon="7.914750176016241"><ele>1058.0999755859375</ele></trkpt><trkpt lat="46.56704021897167" lon="7.91473017539829"><ele>1056.0</ele></trkpt><trkpt lat="46.567010218743235" lon="7.914650175254792"><ele>1054.22998046875</ele></trkpt><trkpt lat="46.566970218438655" lon="7.9145101751200855"><ele>1052.2799987792969</ele></trkpt><trkpt lat="46.56695021735504" lon="7.914320174138993"><ele>1047.3699951171875</ele></trkpt><trkpt lat="46.56695021688938" lon="7.91425017407164"><ele>1045.4499816894531</ele></trkpt><trkpt lat="46.56701021641493" lon="7.9142501736059785"><ele>1043.0399780273438</ele></trkpt><trkpt lat="46.56708021601662" lon="7.9143101731315255"><ele>1041.0199890136719</ele></trkpt><trkpt lat="46.56714021600783" lon="7.914370173122734"><ele>1039.5899963378906</ele></trkpt><trkpt lat="46.56724021490663" lon="7.914480172097683"><ele>1035.0399780273438</ele></trkpt><trkpt lat="46.56728021474555" lon="7.914500172249973"><ele>1033.5599975585938</ele></trkpt><trkpt lat="46.567310214508325" lon="7.9145001717843115"><ele>1031.6099853515625</ele></trkpt><trkpt lat="46.56730021396652" lon="7.914450171403587"><ele>1030.7999877929688</ele></trkpt><trkpt lat="46.5674402131699" lon="7.914570170920342"><ele>1026.5699768066406</ele></trkpt><trkpt lat="46.56754021300003" lon="7.914650170598179"><ele>1025.1399841308594</ele></trkpt><trkpt lat="46.56756021315232" lon="7.914670170750469"><ele>1024.7899780273438</ele></trkpt><trkpt lat="46.567640212830156" lon="7.914710170589387"><ele>1023.5499877929688</ele></trkpt><trkpt lat="46.56771021243185" lon="7.914740170352161"><ele>1022.2699890136719</ele></trkpt><trkpt lat="46.56764021143317" lon="7.914600169751793"><ele>1018.1499938964844</ele></trkpt><trkpt lat="46.567710211500525" lon="7.914620169438422"><ele>1016.6699829101562</ele></trkpt><trkpt lat="46.56779021117836" lon="7.91466016927734"><ele>1014.75</ele></trkpt><trkpt lat="46.56785021070391" lon="7.914700168650597"><ele>1012.4499816894531</ele></trkpt><trkpt lat="46.56789021007717" lon="7.914720168337226"><ele>1010.6599731445312</ele></trkpt><trkpt lat="46.567930209916085" lon="7.91473016794771"><ele>1009.1199951171875</ele></trkpt><trkpt lat="46.56800020951778" lon="7.914740167558193"><ele>1006.3999938964844</ele></trkpt><trkpt lat="46.56795020867139" lon="7.914640167262405"><ele>1004.1999816894531</ele></trkpt><trkpt lat="46.56808020826429" lon="7.9146901671774685"><ele>1001.5699768066406</ele></trkpt><trkpt lat="46.56850020727143" lon="7.914890166372061"><ele>996.8599853515625</ele></trkpt><trkpt lat="46.56855020718649" lon="7.914910166058689"><ele>995.8799743652344</ele></trkpt><trkpt lat="46.56860020663589" lon="7.914910165593028"><ele>994.1599731445312</ele></trkpt><trkpt lat="46.56860020663589" lon="7.914890165440738"><ele>993.0499877929688</ele></trkpt><trkpt lat="46.5685802064836" lon="7.914840165525675"><ele>991.7799987792969</ele></trkpt><trkpt lat="46.568610206246376" lon="7.9148501651361585"><ele>990.3499755859375</ele></trkpt><trkpt lat="46.56868020538241" lon="7.914880164433271"><ele>986.9099731445312</ele></trkpt><trkpt lat="46.56875020451844" lon="7.914910164196044"><ele>982.6999816894531</ele></trkpt><trkpt lat="46.56882020365447" lon="7.914920163340867"><ele>978.9499816894531</ele></trkpt><trkpt lat="46.56887020310387" lon="7.914900162722915"><ele>975.3699951171875</ele></trkpt><trkpt lat="46.56892020208761" lon="7.914860161952674"><ele>971.2099914550781</ele></trkpt><trkpt lat="46.56900020129979" lon="7.914820161648095"><ele>966.8599853515625</ele></trkpt><trkpt lat="46.56892020069063" lon="7.91475016111508"><ele>963.4399719238281</ele></trkpt><trkpt lat="46.56888020038605" lon="7.9147001607343554"><ele>961.6899719238281</ele></trkpt><trkpt lat="46.56889019999653" lon="7.914670160505921"><ele>959.8099975585938</ele></trkpt><trkpt lat="46.56896019959822" lon="7.914670160040259"><ele>957.469970703125</ele></trkpt><trkpt lat="46.56900019943714" lon="7.914660159498453"><ele>955.8599853515625</ele></trkpt><trkpt lat="46.568990198895335" lon="7.914630159270018"><ele>954.6299743652344</ele></trkpt><trkpt lat="46.568930198438466" lon="7.914560159202665"><ele>952.9599914550781</ele></trkpt><trkpt lat="46.56887019844726" lon="7.914520158898085"><ele>951.1399841308594</ele></trkpt><trkpt lat="46.56881019799039" lon="7.914420158602297"><ele>949.1599731445312</ele></trkpt><trkpt lat="46.568760197144" lon="7.914330157916993"><ele>945.8699951171875</ele></trkpt><trkpt lat="46.56872019683942" lon="7.914270157925785"><ele>943.5099792480469</ele></trkpt><trkpt lat="46.56868019653484" lon="7.91422015754506"><ele>942.4299926757812</ele></trkpt><trkpt lat="46.56870019622147" lon="7.91420015739277"><ele>940.72998046875</ele></trkpt><trkpt lat="46.568780195433646" lon="7.914220156613737"><ele>937.5299987792969</ele></trkpt><trkpt lat="46.56891019502655" lon="7.914270156528801"><ele>935.4299926757812</ele></trkpt><trkpt lat="46.568950194399804" lon="7.914230156224221"><ele>932.7899780273438</ele></trkpt><trkpt lat="46.56900019431487" lon="7.91423015575856"><ele>930.4299926757812</ele></trkpt><trkpt lat="46.569040194153786" lon="7.914250155445188"><ele>930.1699829101562</ele></trkpt><trkpt lat="46.569080193992704" lon="7.914280155673623"><ele>929.9099731445312</ele></trkpt><trkpt lat="46.56912019383162" lon="7.914290155284107"><ele>929.4099731445312</ele></trkpt><trkpt lat="46.569110193289816" lon="7.914250154979527"><ele>926.6399841308594</ele></trkpt><trkpt lat="46.56907019298524" lon="7.914180154912174"><ele>925.5799865722656</ele></trkpt><trkpt lat="46.56896019214764" lon="7.914030154235661"><ele>921.3599853515625</ele></trkpt><trkpt lat="46.56892019184306" lon="7.913950153626502"><ele>918.1699829101562</ele></trkpt><trkpt lat="46.56890019122511" lon="7.913900153245777"><ele>916.8099975585938</ele></trkpt><trkpt lat="46.568930190987885" lon="7.913900153245777"><ele>915.4199829101562</ele></trkpt><trkpt lat="46.56901019113138" lon="7.91397015331313"><ele>915.8799743652344</ele></trkpt><trkpt lat="46.569080191198736" lon="7.9140201532281935"><ele>916.6299743652344</ele></trkpt><trkpt lat="46.569140191189945" lon="7.914040152914822"><ele>914.4299926757812</ele></trkpt><trkpt lat="46.56909019034356" lon="7.913920152466744"><ele>910.4399719238281</ele></trkpt><trkpt lat="46.56908018980175" lon="7.913900152314454"><ele>909.5399780273438</ele></trkpt><trkpt lat="46.56908018980175" lon="7.913900152314454"><ele>909.4199829101562</ele></trkpt><trkpt lat="46.569090188946575" lon="7.913850151468068"><ele>905.0699768066406</ele></trkpt><trkpt lat="46.56904018903151" lon="7.913800151553005"><ele>904.0</ele></trkpt><trkpt lat="46.56893018865958" lon="7.913720151409507"><ele>902.719970703125</ele></trkpt><trkpt lat="46.568840188439935" lon="7.913650150876492"><ele>901.4299926757812</ele></trkpt><trkpt lat="46.56879018805921" lon="7.9136101505719125"><ele>899.4499816894531</ele></trkpt><trkpt lat="46.56879018712789" lon="7.913550150115043"><ele>894.7699890136719</ele></trkpt><trkpt lat="46.568870186340064" lon="7.913530149497092"><ele>890.9099731445312</ele></trkpt><trkpt lat="46.56897018570453" lon="7.913550148718059"><ele>887.6699829101562</ele></trkpt><trkpt lat="46.56904018530622" lon="7.913560148328543"><ele>885.0</ele></trkpt><trkpt lat="46.56915018428117" lon="7.913590147625655"><ele>881.4399719238281</ele></trkpt><trkpt lat="46.56921018427238" lon="7.913630147930235"><ele>881.0499877929688</ele></trkpt><trkpt lat="46.56928018433973" lon="7.913670147769153"><ele>880.4099731445312</ele></trkpt><trkpt lat="46.569310184102505" lon="7.913670147769153"><ele>879.6499938964844</ele></trkpt><trkpt lat="46.569350183941424" lon="7.913660147227347"><ele>878.1099853515625</ele></trkpt><trkpt lat="46.56937018362805" lon="7.913630146998912"><ele>876.9599914550781</ele></trkpt><trkpt lat="46.5693501830101" lon="7.913590146694332"><ele>875.6799926757812</ele></trkpt><trkpt lat="46.56929018208757" lon="7.913510146085173"><ele>870.2999877929688</ele></trkpt><trkpt lat="46.569200180936605" lon="7.913390145171434"><ele>863.719970703125</ele></trkpt><trkpt lat="46.56915017962456" lon="7.913320144172758"><ele>858.4499816894531</ele></trkpt><trkpt lat="46.5691601797007" lon="7.913310144096613"><ele>857.4199829101562</ele></trkpt><trkpt lat="46.56917017977685" lon="7.913300144020468"><ele>857.4199829101562</ele></trkpt><trkpt lat="46.56922017922625" lon="7.913300144020468"><ele>856.6099853515625</ele></trkpt><trkpt lat="46.569320178125054" lon="7.91331014316529"><ele>851.0599975585938</ele></trkpt><trkpt lat="46.5693301782012" lon="7.913300142623484"><ele>849.5299987792969</ele></trkpt><trkpt lat="46.569330177269876" lon="7.913280142471194"><ele>846.8799743652344</ele></trkpt><trkpt lat="46.56932017719373" lon="7.913260142318904"><ele>845.8199768066406</ele></trkpt><trkpt lat="46.56925017666072" lon="7.913200141862035"><ele>843.0899963378906</ele></trkpt><trkpt lat="46.569270176813006" lon="7.913200141862035"><ele>842.8399963378906</ele></trkpt><trkpt lat="46.56932017672807" lon="7.913210141472518"><ele>842.8399963378906</ele></trkpt><trkpt lat="46.56943017616868" lon="7.913260141387582"><ele>840.5699768066406</ele></trkpt><trkpt lat="46.569460175931454" lon="7.9132601409219205"><ele>839.0299987792969</ele></trkpt><trkpt lat="46.56948017468676" lon="7.913260140456259"><ele>833.739990234375</ele></trkpt><trkpt lat="46.56950017483905" lon="7.913250139914453"><ele>832.5399780273438</ele></trkpt><trkpt lat="46.56953017413616" lon="7.913210139609873"><ele>830.72998046875</ele></trkpt><trkpt lat="46.56955017382279" lon="7.913150139618665"><ele>829.3899841308594</ele></trkpt><trkpt lat="46.56957017397508" lon="7.913070139475167"><ele>828.5499877929688</ele></trkpt><trkpt lat="46.569730173330754" lon="7.912680139299482"><ele>827.0499877929688</ele></trkpt><trkpt lat="46.56983017316088" lon="7.9124501389451325"><ele>826.3199768066406</ele></trkpt><trkpt lat="46.56994017306715" lon="7.912210138980299"><ele>825.5999755859375</ele></trkpt><trkpt lat="46.57006017304957" lon="7.911970139015466"><ele>825.0499877929688</ele></trkpt><trkpt lat="46.57012017304078" lon="7.911860138643533"><ele>824.8099975585938</ele></trkpt><trkpt lat="46.570180173031986" lon="7.911760138813406"><ele>824.6799926757812</ele></trkpt><trkpt lat="46.57021017326042" lon="7.911690138746053"><ele>824.6799926757812</ele></trkpt><trkpt lat="46.57021017326042" lon="7.911630138754845"><ele>824.6299743652344</ele></trkpt><trkpt lat="46.57021017326042" lon="7.911520138848573"><ele>824.6799926757812</ele></trkpt><trkpt lat="46.570180173031986" lon="7.911500138696283"><ele>824.6799926757812</ele></trkpt><trkpt lat="46.57019017264247" lon="7.910980138462037"><ele>823.0099792480469</ele></trkpt><trkpt lat="46.57019017264247" lon="7.910950138699263"><ele>823.0599975585938</ele></trkpt><trkpt lat="46.57023017294705" lon="7.91052013868466"><ele>823.7799987792969</ele></trkpt><trkpt lat="46.57027017278597" lon="7.910540138371289"><ele>823.1699829101562</ele></trkpt><trkpt lat="46.57089017285034" lon="7.9107601386494935"><ele>822.5599975585938</ele></trkpt><trkpt lat="46.57118017273024" lon="7.910870138555765"><ele>822.1299743652344</ele></trkpt><trkpt lat="46.571280172560364" lon="7.910910138394684"><ele>821.989990234375</ele></trkpt><trkpt lat="46.57136017270386" lon="7.910950138233602"><ele>821.7799987792969</ele></trkpt><trkpt lat="46.57150017237291" lon="7.911050138063729"><ele>821.2999877929688</ele></trkpt><trkpt lat="46.571580172516406" lon="7.911110138054937"><ele>821.1099853515625</ele></trkpt><trkpt lat="46.57168017234653" lon="7.911190138198435"><ele>820.5</ele></trkpt><trkpt lat="46.57176017202437" lon="7.911270137876272"><ele>820.0899963378906</ele></trkpt><trkpt lat="46.572110171895474" lon="7.9116801377385855"><ele>818.8299865722656</ele></trkpt><trkpt lat="46.57218017196283" lon="7.911750137805939"><ele>818.719970703125</ele></trkpt><trkpt lat="46.572240171954036" lon="7.911800137721002"><ele>818.5999755859375</ele></trkpt><trkpt lat="46.572320172097534" lon="7.91186013771221"><ele>818.5199890136719</ele></trkpt><trkpt lat="46.572410171851516" lon="7.911920137703419"><ele>818.3199768066406</ele></trkpt><trkpt lat="46.57255017198622" lon="7.912000137846917"><ele>818.0799865722656</ele></trkpt><trkpt lat="46.57267017196864" lon="7.91207013791427"><ele>818.0</ele></trkpt><trkpt lat="46.57291017193347" lon="7.91222013765946"><ele>817.8499755859375</ele></trkpt><trkpt lat="46.5730101717636" lon="7.912270137574524"><ele>817.7599792480469</ele></trkpt><trkpt lat="46.57310017151758" lon="7.91224013781175"><ele>817.3099975585938</ele></trkpt><trkpt lat="46.57320017134771" lon="7.912250137422234"><ele>816.2699890136719</ele></trkpt><trkpt lat="46.573300171177834" lon="7.912260137498379"><ele>815.75</ele></trkpt><trkpt lat="46.57339017139748" lon="7.912270137574524"><ele>815.5799865722656</ele></trkpt><trkpt lat="46.57346017146483" lon="7.912260137498379"><ele>815.5899963378906</ele></trkpt><trkpt lat="46.57352017145604" lon="7.912250137422234"><ele>815.5499877929688</ele></trkpt><trkpt lat="46.57356017129496" lon="7.912220137193799"><ele>815.5799865722656</ele></trkpt><trkpt lat="46.57356017129496" lon="7.912180137354881"><ele>815.6299743652344</ele></trkpt><trkpt lat="46.5735701713711" lon="7.912050137296319"><ele>815.469970703125</ele></trkpt><trkpt lat="46.5735701713711" lon="7.911850137170404"><ele>815.2599792480469</ele></trkpt><trkpt lat="46.57358017144725" lon="7.911640137434006"><ele>815.5999755859375</ele></trkpt><trkpt lat="46.57359017152339" lon="7.911540137603879"><ele>815.8999938964844</ele></trkpt><trkpt lat="46.573600171133876" lon="7.911470137536526"><ele>815.8899841308594</ele></trkpt><trkpt lat="46.573620171286166" lon="7.911420137621462"><ele>815.9399719238281</ele></trkpt><trkpt lat="46.573620171286166" lon="7.911410137545317"><ele>815.969970703125</ele></trkpt><trkpt lat="46.57363017136231" lon="7.9114001374691725"><ele>815.969970703125</ele></trkpt><trkpt lat="46.573640171438456" lon="7.9113901373930275"><ele>816.0199890136719</ele></trkpt><trkpt lat="46.57367017120123" lon="7.911360137630254"><ele>815.97998046875</ele></trkpt><trkpt lat="46.573700171429664" lon="7.911350137554109"><ele>815.8199768066406</ele></trkpt><trkpt lat="46.57376017142087" lon="7.911360137164593"><ele>815.7599792480469</ele></trkpt><trkpt lat="46.573790171183646" lon="7.911380137316883"><ele>815.8399963378906</ele></trkpt><trkpt lat="46.573850171174854" lon="7.911420137155801"><ele>815.7599792480469</ele></trkpt><trkpt lat="46.57409017113969" lon="7.911610137205571"><ele>815.1399841308594</ele></trkpt><trkpt lat="46.574190170969814" lon="7.911690137349069"><ele>814.8699951171875</ele></trkpt><trkpt lat="46.574360171332955" lon="7.911790137179196"><ele>814.719970703125</ele></trkpt><trkpt lat="46.57445017108694" lon="7.911850137170404"><ele>814.3899841308594</ele></trkpt><trkpt lat="46.574490170925856" lon="7.911880136933178"><ele>814.25</ele></trkpt><trkpt lat="46.574530171230435" lon="7.9119201372377574"><ele>814.0799865722656</ele></trkpt><trkpt lat="46.57497017085552" lon="7.912340136710554"><ele>812.9099731445312</ele></trkpt><trkpt lat="46.575080170761794" lon="7.912440137006342"><ele>812.6699829101562</ele></trkpt><trkpt lat="46.575140170753" lon="7.912490136921406"><ele>812.5499877929688</ele></trkpt><trkpt lat="46.575210170820355" lon="7.912530136760324"><ele>812.2699890136719</ele></trkpt><trkpt lat="46.57530017057434" lon="7.912580136675388"><ele>812.2899780273438</ele></trkpt><trkpt lat="46.57537017064169" lon="7.9126001368276775"><ele>812.1699829101562</ele></trkpt><trkpt lat="46.575530170463026" lon="7.912650136742741"><ele>812.0199890136719</ele></trkpt><trkpt lat="46.575610170606524" lon="7.912660136818886"><ele>812.0299987792969</ele></trkpt><trkpt lat="46.57565017044544" lon="7.912660136818886"><ele>812.22998046875</ele></trkpt><trkpt lat="46.57567017059773" lon="7.912650136742741"><ele>812.4599914550781</ele></trkpt><trkpt lat="46.57568017067388" lon="7.912630137056112"><ele>812.489990234375</ele></trkpt><trkpt lat="46.57572017097846" lon="7.912490136921406"><ele>812.6599731445312</ele></trkpt><trkpt lat="46.57575017074123" lon="7.912370136938989"><ele>812.5899963378906</ele></trkpt><trkpt lat="46.57575017074123" lon="7.912370136938989"><ele>812.5199890136719</ele></trkpt><trkpt lat="46.575760170817375" lon="7.912360136862844"><ele>812.4499816894531</ele></trkpt><trkpt lat="46.57577017042786" lon="7.912360136862844"><ele>812.0699768066406</ele></trkpt><trkpt lat="46.57584017049521" lon="7.912400136701763"><ele>811.2099914550781</ele></trkpt><trkpt lat="46.575870170257986" lon="7.912410136777908"><ele>811.0499877929688</ele></trkpt><trkpt lat="46.57590017048642" lon="7.912410136777908"><ele>811.0499877929688</ele></trkpt><trkpt lat="46.575930170249194" lon="7.912400136701763"><ele>810.9399719238281</ele></trkpt><trkpt lat="46.575950170401484" lon="7.912390136625618"><ele>810.9399719238281</ele></trkpt><trkpt lat="46.575970170553774" lon="7.912370136473328"><ele>810.8399963378906</ele></trkpt><trkpt lat="46.57602017046884" lon="7.912300136405975"><ele>810.8199768066406</ele></trkpt><trkpt lat="46.576120170298964" lon="7.912100136745721"><ele>810.6699829101562</ele></trkpt><trkpt lat="46.57613017037511" lon="7.912080136593431"><ele>810.6699829101562</ele></trkpt><trkpt lat="46.57613017037511" lon="7.912080136593431"><ele>810.6699829101562</ele></trkpt><trkpt lat="46.5761501705274" lon="7.912010136526078"><ele>810.6899719238281</ele></trkpt><trkpt lat="46.57618017029017" lon="7.91193013638258"><ele>810.72998046875</ele></trkpt><trkpt lat="46.576270170509815" lon="7.911410136613995"><ele>811.1999816894531</ele></trkpt><trkpt lat="46.57635017065331" lon="7.910990136675537"><ele>811.0299987792969</ele></trkpt><trkpt lat="46.57643017033115" lon="7.910600136499852"><ele>810.9299926757812</ele></trkpt><trkpt lat="46.57649017032236" lon="7.9102801363915205"><ele>810.9199829101562</ele></trkpt><trkpt lat="46.57649017032236" lon="7.910220136400312"><ele>810.8599853515625</ele></trkpt><trkpt lat="46.5765001703985" lon="7.910140136722475"><ele>810.9299926757812</ele></trkpt><trkpt lat="46.5765001703985" lon="7.909980136435479"><ele>811.0099792480469</ele></trkpt><trkpt lat="46.5765001703985" lon="7.909800136461854"><ele>811.0</ele></trkpt><trkpt lat="46.5765001703985" lon="7.909690136555582"><ele>811.1799926757812</ele></trkpt><trkpt lat="46.57651017047465" lon="7.909610136412084"><ele>811.3199768066406</ele></trkpt><trkpt lat="46.57652017055079" lon="7.909510136581957"><ele>811.3799743652344</ele></trkpt><trkpt lat="46.57654017070308" lon="7.909360136836767"><ele>811.2899780273438</ele></trkpt><trkpt lat="46.57668017037213" lon="7.908530136570334"><ele>811.719970703125</ele></trkpt><trkpt lat="46.5766601706855" lon="7.9085201364941895"><ele>811.7599792480469</ele></trkpt><trkpt lat="46.57668017037213" lon="7.908530136570334"><ele>811.719970703125</ele></trkpt><trkpt lat="46.57668017037213" lon="7.908530136570334"><ele>811.5</ele></trkpt><trkpt lat="46.57681017043069" lon="7.908560136798769"><ele>811.5399780273438</ele></trkpt><trkpt lat="46.57689017057419" lon="7.908580136485398"><ele>811.469970703125</ele></trkpt><trkpt lat="46.5770901707001" lon="7.908630136400461"><ele>811.22998046875</ele></trkpt><trkpt lat="46.57717017037794" lon="7.908650136552751"><ele>811.239990234375</ele></trkpt><trkpt lat="46.57725017052144" lon="7.908670136705041"><ele>811.239990234375</ele></trkpt><trkpt lat="46.57799017056823" lon="7.908940136898309"><ele>812.6399841308594</ele></trkpt><trkpt lat="46.578550171107054" lon="7.90909013710916"><ele>814.1499938964844</ele></trkpt><trkpt lat="46.57860017102212" lon="7.90911013726145"><ele>814.25</ele></trkpt><trkpt lat="46.57869017124176" lon="7.909120137337595"><ele>814.4099731445312</ele></trkpt><trkpt lat="46.57880017114803" lon="7.909140137024224"><ele>814.6599731445312</ele></trkpt><trkpt lat="46.57902017142624" lon="7.909160137176514"><ele>815.1699829101562</ele></trkpt><trkpt lat="46.57909017149359" lon="7.909170137252659"><ele>815.3699951171875</ele></trkpt><trkpt lat="46.57916017156094" lon="7.9091801373288035"><ele>815.5699768066406</ele></trkpt><trkpt lat="46.579290171619505" lon="7.909210137557238"><ele>815.8999938964844</ele></trkpt><trkpt lat="46.57938017137349" lon="7.909250137396157"><ele>816.0499877929688</ele></trkpt><trkpt lat="46.579570171423256" lon="7.9093401376158"><ele>816.3799743652344</ele></trkpt><trkpt lat="46.57975017139688" lon="7.909430137369782"><ele>816.5799865722656</ele></trkpt><trkpt lat="46.57975017139688" lon="7.909430137369782"><ele>816.5799865722656</ele></trkpt><trkpt lat="46.580140171572566" lon="7.9096401375718415"><ele>816.7799987792969</ele></trkpt><trkpt lat="46.5803801715374" lon="7.909770137630403"><ele>816.6299743652344</ele></trkpt><trkpt lat="46.580600171815604" lon="7.909900137688965"><ele>816.5099792480469</ele></trkpt><trkpt lat="46.58116017142311" lon="7.910220137331635"><ele>815.8399963378906</ele></trkpt><trkpt lat="46.581280171405524" lon="7.910290137398988"><ele>815.2599792480469</ele></trkpt><trkpt lat="46.58132017124444" lon="7.910310137085617"><ele>814.969970703125</ele></trkpt><trkpt lat="46.58133017132059" lon="7.9103201371617615"><ele>814.9399719238281</ele></trkpt><trkpt lat="46.58136017108336" lon="7.910340137314051"><ele>814.9299926757812</ele></trkpt><trkpt lat="46.581390171311796" lon="7.91036013700068"><ele>814.8399963378906</ele></trkpt><trkpt lat="46.58157017128542" lon="7.910450137220323"><ele>814.6899719238281</ele></trkpt><trkpt lat="46.58169017126784" lon="7.9105001371353865"><ele>814.8699951171875</ele></trkpt><trkpt lat="46.581790171563625" lon="7.910540137439966"><ele>815.1399841308594</ele></trkpt><trkpt lat="46.58189017139375" lon="7.910560137126595"><ele>815.4199829101562</ele></trkpt><trkpt lat="46.58199017122388" lon="7.910580137278885"><ele>815.6099853515625</ele></trkpt><trkpt lat="46.58212017128244" lon="7.91059013735503"><ele>815.8599853515625</ele></trkpt><trkpt lat="46.58259017160162" lon="7.9106001374311745"><ele>816.969970703125</ele></trkpt><trkpt lat="46.58273017173633" lon="7.9106001374311745"><ele>816.969970703125</ele></trkpt><trkpt lat="46.582930171862245" lon="7.9106001374311745"><ele>816.6299743652344</ele></trkpt><trkpt lat="46.58309017168358" lon="7.9106001374311745"><ele>815.9099731445312</ele></trkpt><trkpt lat="46.58349017100409" lon="7.910590136889368"><ele>813.8999938964844</ele></trkpt><trkpt lat="46.58360017091036" lon="7.910580136813223"><ele>813.3399963378906</ele></trkpt><trkpt lat="46.58399017062038" lon="7.9105601366609335"><ele>811.5299987792969</ele></trkpt><trkpt lat="46.58416017051786" lon="7.910520136356354"><ele>810.7899780273438</ele></trkpt><trkpt lat="46.58426017034799" lon="7.910500136669725"><ele>810.3799743652344</ele></trkpt><trkpt lat="46.58435017056763" lon="7.91047013644129"><ele>809.8999938964844</ele></trkpt><trkpt lat="46.58451017038897" lon="7.910430136136711"><ele>809.2599792480469</ele></trkpt><trkpt lat="46.584530170075595" lon="7.910420136526227"><ele>809.1699829101562</ele></trkpt><trkpt lat="46.584700169973075" lon="7.9103501359932125"><ele>808.3399963378906</ele></trkpt><trkpt lat="46.585060169454664" lon="7.910200135782361"><ele>806.469970703125</ele></trkpt><trkpt lat="46.58528016926721" lon="7.910110135562718"><ele>805.0599975585938</ele></trkpt><trkpt lat="46.58580016903579" lon="7.909890135284513"><ele>802.3499755859375</ele></trkpt><trkpt lat="46.58592016901821" lon="7.90984013536945"><ele>802.0299987792969</ele></trkpt><trkpt lat="46.58612016867846" lon="7.909750135149807"><ele>801.8999938964844</ele></trkpt><trkpt lat="46.58626016881317" lon="7.9096801350824535"><ele>802.2599792480469</ele></trkpt><trkpt lat="46.586460168939084" lon="7.909580135252327"><ele>802.9499816894531</ele></trkpt><trkpt lat="46.58652016893029" lon="7.909550135023892"><ele>802.5</ele></trkpt><trkpt lat="46.5867401692085" lon="7.9094501356594265"><ele>804.0</ele></trkpt><trkpt lat="46.58689016941935" lon="7.909400135744363"><ele>804.2999877929688</ele></trkpt><trkpt lat="46.586990169249475" lon="7.909370135515928"><ele>804.3999938964844</ele></trkpt><trkpt lat="46.58706016931683" lon="7.909350135363638"><ele>804.25</ele></trkpt><trkpt lat="46.5870901690796" lon="7.9093401352874935"><ele>804.0</ele></trkpt><trkpt lat="46.58730016928166" lon="7.90929013537243"><ele>803.5</ele></trkpt><trkpt lat="46.5873801689595" lon="7.909260135143995"><ele>803.1999816894531</ele></trkpt><trkpt lat="46.58744016895071" lon="7.909230135381222"><ele>803.0</ele></trkpt><trkpt lat="46.587500168941915" lon="7.909200135152787"><ele>802.5999755859375</ele></trkpt><trkpt lat="46.58756016893312" lon="7.9091601353138685"><ele>803.0899963378906</ele></trkpt><trkpt lat="46.587670168839395" lon="7.90908013517037"><ele>802.8699951171875</ele></trkpt><trkpt lat="46.58785016881302" lon="7.908950135111809"><ele>802.1999816894531</ele></trkpt><trkpt lat="46.58794016903266" lon="7.908870134968311"><ele>802.1999816894531</ele></trkpt><trkpt lat="46.588030168786645" lon="7.908780135214329"><ele>802.1999816894531</ele></trkpt><trkpt lat="46.58811016893014" lon="7.9087101351469755"><ele>801.97998046875</ele></trkpt><trkpt lat="46.58816016884521" lon="7.908650135155767"><ele>801.8899841308594</ele></trkpt><trkpt lat="46.58834016881883" lon="7.908480135258287"><ele>801.5699768066406</ele></trkpt><trkpt lat="46.58848016848788" lon="7.908330135047436"><ele>801.2799987792969</ele></trkpt><trkpt lat="46.58855016855523" lon="7.908240134827793"><ele>801.0399780273438</ele></trkpt><trkpt lat="46.58859016839415" lon="7.908200134988874"><ele>800.8599853515625</ele></trkpt><trkpt lat="46.58863016869873" lon="7.908160135149956"><ele>800.7099914550781</ele></trkpt><trkpt lat="46.58864016877487" lon="7.908130134921521"><ele>800.739990234375</ele></trkpt><trkpt lat="46.5886601684615" lon="7.908120134845376"><ele>800.7599792480469</ele></trkpt><trkpt lat="46.5886601684615" lon="7.908120134845376"><ele>800.7699890136719</ele></trkpt><trkpt lat="46.588690168689936" lon="7.908100135158747"><ele>800.8699951171875</ele></trkpt><trkpt lat="46.588730168528855" lon="7.908100135158747"><ele>801.0099792480469</ele></trkpt><trkpt lat="46.58876016875729" lon="7.908100135158747"><ele>801.0999755859375</ele></trkpt><trkpt lat="46.58878016844392" lon="7.908100135158747"><ele>801.1999816894531</ele></trkpt><trkpt lat="46.58879016852006" lon="7.908100135158747"><ele>801.219970703125</ele></trkpt><trkpt lat="46.58885016851127" lon="7.908120134845376"><ele>801.3899841308594</ele></trkpt><trkpt lat="46.588960168883204" lon="7.908170135226101"><ele>801.72998046875</ele></trkpt><trkpt lat="46.58899016864598" lon="7.908180135302246"><ele>801.8099975585938</ele></trkpt><trkpt lat="46.58902016887441" lon="7.908180135302246"><ele>802.0999755859375</ele></trkpt><trkpt lat="46.589070168789476" lon="7.908170135226101"><ele>802.1999816894531</ele></trkpt><trkpt lat="46.589130168780684" lon="7.908150135073811"><ele>802.3999938964844</ele></trkpt><trkpt lat="46.589170169085264" lon="7.908140134997666"><ele>802.1999816894531</ele></trkpt><trkpt lat="46.58927016891539" lon="7.908080135006458"><ele>802.1399841308594</ele></trkpt><trkpt lat="46.58935016859323" lon="7.908040135167539"><ele>801.9099731445312</ele></trkpt><trkpt lat="46.58937016874552" lon="7.908030135091394"><ele>801.8499755859375</ele></trkpt><trkpt lat="46.58940016897395" lon="7.908020135015249"><ele>801.7599792480469</ele></trkpt><trkpt lat="46.58950016880408" lon="7.907990135252476"><ele>801.5199890136719</ele></trkpt><trkpt lat="46.589640168938786" lon="7.907990135252476"><ele>801.5599975585938</ele></trkpt><trkpt lat="46.58974016876891" lon="7.907980135176331"><ele>801.6399841308594</ele></trkpt><trkpt lat="46.58982016891241" lon="7.907970135100186"><ele>801.5599975585938</ele></trkpt><trkpt lat="46.58991016866639" lon="7.907940134871751"><ele>801.5099792480469</ele></trkpt><trkpt lat="46.5900501688011" lon="7.907880134880543"><ele>801.22998046875</ele></trkpt><trkpt lat="46.590170168783516" lon="7.907820134889334"><ele>800.8699951171875</ele></trkpt><trkpt lat="46.59031016845256" lon="7.907770134974271"><ele>800.3599853515625</ele></trkpt><trkpt lat="46.590360168367624" lon="7.907750134821981"><ele>800.1499938964844</ele></trkpt><trkpt lat="46.59046016819775" lon="7.907700134906918"><ele>799.8299865722656</ele></trkpt><trkpt lat="46.59050016850233" lon="7.907670134678483"><ele>799.6799926757812</ele></trkpt><trkpt lat="46.59059016825631" lon="7.90762013476342"><ele>799.3999938964844</ele></trkpt><trkpt lat="46.590680168475956" lon="7.907550134696066"><ele>799.1999816894531</ele></trkpt><trkpt lat="46.590720168314874" lon="7.9075301345437765"><ele>799.1999816894531</ele></trkpt><trkpt lat="46.59080016845837" lon="7.907470134552568"><ele>799.1199951171875</ele></trkpt><trkpt lat="46.59095016820356" lon="7.9073601346462965"><ele>798.9499816894531</ele></trkpt><trkpt lat="46.59099016804248" lon="7.907340134494007"><ele>798.8699951171875</ele></trkpt><trkpt lat="46.591000168118626" lon="7.907330134417862"><ele>798.8599853515625</ele></trkpt><trkpt lat="46.591020168270916" lon="7.907330134417862"><ele>798.8499755859375</ele></trkpt><trkpt lat="46.591020168270916" lon="7.907330134417862"><ele>798.8699951171875</ele></trkpt><trkpt lat="46.591060168109834" lon="7.907330134883523"><ele>798.9599914550781</ele></trkpt><trkpt lat="46.591100168414414" lon="7.907330134883523"><ele>799.0499877929688</ele></trkpt><trkpt lat="46.59118016855791" lon="7.907340134494007"><ele>799.2999877929688</ele></trkpt><trkpt lat="46.591270168311894" lon="7.9073601346462965"><ele>799.6499938964844</ele></trkpt><trkpt lat="46.59139016829431" lon="7.907390134874731"><ele>800.1899719238281</ele></trkpt><trkpt lat="46.5914901685901" lon="7.907420135103166"><ele>800.6899719238281</ele></trkpt><trkpt lat="46.59160016849637" lon="7.90745013486594"><ele>801.25</ele></trkpt><trkpt lat="46.591650168877095" lon="7.9074701350182295"><ele>801.5499877929688</ele></trkpt><trkpt lat="46.59175016870722" lon="7.907490135170519"><ele>801.9099731445312</ele></trkpt><trkpt lat="46.591800169087946" lon="7.907500135246664"><ele>802.0499877929688</ele></trkpt><trkpt lat="46.59185016900301" lon="7.907500135246664"><ele>802.22998046875</ele></trkpt><trkpt lat="46.59196016890928" lon="7.907520135398954"><ele>802.6099853515625</ele></trkpt><trkpt lat="46.592010168824345" lon="7.907520135398954"><ele>802.7899780273438</ele></trkpt><trkpt lat="46.59213016927242" lon="7.907520135398954"><ele>803.25</ele></trkpt><trkpt lat="46.592200169339776" lon="7.907520135398954"><ele>803.5499877929688</ele></trkpt><trkpt lat="46.59232016932219" lon="7.907500135246664"><ele>804.0499877929688</ele></trkpt><trkpt lat="46.592390169389546" lon="7.907480135560036"><ele>804.2599792480469</ele></trkpt><trkpt lat="46.59250016929582" lon="7.907450135331601"><ele>804.3099975585938</ele></trkpt><trkpt lat="46.59255016921088" lon="7.907430135644972"><ele>804.3099975585938</ele></trkpt><trkpt lat="46.59263016935438" lon="7.907420135568827"><ele>804.1799926757812</ele></trkpt><trkpt lat="46.592810169328004" lon="7.907420135568827"><ele>803.3899841308594</ele></trkpt><trkpt lat="46.59291016915813" lon="7.907420135103166"><ele>803.0299987792969</ele></trkpt><trkpt lat="46.592920169234276" lon="7.907420135103166"><ele>803.0299987792969</ele></trkpt><trkpt lat="46.592940168920904" lon="7.907440135255456"><ele>803.0799865722656</ele></trkpt><trkpt lat="46.59295016899705" lon="7.907450135331601"><ele>803.1199951171875</ele></trkpt><trkpt lat="46.59295016899705" lon="7.907450135331601"><ele>803.1099853515625</ele></trkpt><trkpt lat="46.59295016899705" lon="7.907470135483891"><ele>803.0999755859375</ele></trkpt><trkpt lat="46.59305016929284" lon="7.907440135255456"><ele>803.5999755859375</ele></trkpt><trkpt lat="46.5935601699166" lon="7.907300136052072"><ele>806.6399841308594</ele></trkpt><trkpt lat="46.59368016989902" lon="7.907270135823637"><ele>807.1899719238281</ele></trkpt><trkpt lat="46.59375016996637" lon="7.907260136213154"><ele>807.5199890136719</ele></trkpt><trkpt lat="46.59379017027095" lon="7.907260136213154"><ele>807.7699890136719</ele></trkpt><trkpt lat="46.59383017010987" lon="7.907260136213154"><ele>807.9599914550781</ele></trkpt><trkpt lat="46.59384017018601" lon="7.9072701362892985"><ele>808.0299987792969</ele></trkpt><trkpt lat="46.59387016994879" lon="7.9072701362892985"><ele>808.1199951171875</ele></trkpt><trkpt lat="46.593890170101076" lon="7.9072801363654435"><ele>808.239990234375</ele></trkpt><trkpt lat="46.593910170253366" lon="7.907290135975927"><ele>808.3299865722656</ele></trkpt><trkpt lat="46.59398017032072" lon="7.907330136280507"><ele>808.7899780273438</ele></trkpt><trkpt lat="46.59403017023578" lon="7.90736013604328"><ele>809.0999755859375</ele></trkpt><trkpt lat="46.59407017054036" lon="7.907370136119425"><ele>809.3399963378906</ele></trkpt><trkpt lat="46.594120170455426" lon="7.90738013619557"><ele>809.5599975585938</ele></trkpt><trkpt lat="46.59425017051399" lon="7.90740013634786"><ele>810.1499938964844</ele></trkpt><trkpt lat="46.59434017073363" lon="7.907410136424005"><ele>810.5399780273438</ele></trkpt><trkpt lat="46.594430170953274" lon="7.90742013650015"><ele>811.0199890136719</ele></trkpt><trkpt lat="46.59446017071605" lon="7.907430136576295"><ele>811.1999816894531</ele></trkpt><trkpt lat="46.5946101709269" lon="7.907450136728585"><ele>812.0</ele></trkpt><trkpt lat="46.594750171061605" lon="7.907470136880875"><ele>812.5599975585938</ele></trkpt><trkpt lat="46.59482017112896" lon="7.907470136880875"><ele>812.75</ele></trkpt><trkpt lat="46.594920170959085" lon="7.90746013680473"><ele>812.8799743652344</ele></trkpt><trkpt lat="46.5950401709415" lon="7.907450136728585"><ele>812.9599914550781</ele></trkpt><trkpt lat="46.59546017087996" lon="7.907410136889666"><ele>812.4599914550781</ele></trkpt><trkpt lat="46.595470170956105" lon="7.907410136889666"><ele>812.4099731445312</ele></trkpt><trkpt lat="46.59559017093852" lon="7.907410136889666"><ele>812.0299987792969</ele></trkpt><trkpt lat="46.59575017075986" lon="7.907430136576295"><ele>811.3199768066406</ele></trkpt><trkpt lat="46.59587017074227" lon="7.907450136728585"><ele>810.7999877929688</ele></trkpt><trkpt lat="46.59627017052844" lon="7.907510136254132"><ele>809.239990234375</ele></trkpt><trkpt lat="46.59640017012134" lon="7.907540136016905"><ele>808.8799743652344</ele></trkpt><trkpt lat="46.59646017011255" lon="7.90755013609305"><ele>808.6999816894531</ele></trkpt><trkpt lat="46.59656017040834" lon="7.907560136169195"><ele>808.2699890136719</ele></trkpt><trkpt lat="46.59671017015353" lon="7.907580135855824"><ele>807.5599975585938</ele></trkpt><trkpt lat="46.59691016981378" lon="7.907610136084259"><ele>806.7699890136719</ele></trkpt><trkpt lat="46.59693016996607" lon="7.907610136084259"><ele>806.6899719238281</ele></trkpt><trkpt lat="46.59701016964391" lon="7.907610135618597"><ele>806.1999816894531</ele></trkpt><trkpt lat="46.59706016955897" lon="7.907610135618597"><ele>806.0599975585938</ele></trkpt><trkpt lat="46.59709016978741" lon="7.907610135618597"><ele>805.9599914550781</ele></trkpt><trkpt lat="46.597130169626325" lon="7.907590135931969"><ele>805.75</ele></trkpt><trkpt lat="46.597190169617534" lon="7.907570135779679"><ele>805.469970703125</ele></trkpt><trkpt lat="46.59721016976982" lon="7.907560135703534"><ele>805.3499755859375</ele></trkpt><trkpt lat="46.59725016960874" lon="7.907540135551244"><ele>805.1099853515625</ele></trkpt><trkpt lat="46.59729016944766" lon="7.907520135398954"><ele>804.8799743652344</ele></trkpt><trkpt lat="46.59729016944766" lon="7.907520135398954"><ele>804.8999938964844</ele></trkpt><trkpt lat="46.59731016959995" lon="7.9075101357884705"><ele>804.8999938964844</ele></trkpt><trkpt lat="46.59741016943008" lon="7.907440135721117"><ele>804.3999938964844</ele></trkpt><trkpt lat="46.597470169421285" lon="7.907420135568827"><ele>804.0</ele></trkpt><trkpt lat="46.597510169260204" lon="7.9074001354165375"><ele>803.8999938964844</ele></trkpt><trkpt lat="46.5975901694037" lon="7.9074001354165375"><ele>803.2999877929688</ele></trkpt><trkpt lat="46.597600169014186" lon="7.9074001354165375"><ele>803.2999877929688</ele></trkpt><trkpt lat="46.597620169166476" lon="7.9074101354926825"><ele>803.0999755859375</ele></trkpt><trkpt lat="46.59765016892925" lon="7.907430135179311"><ele>802.8899841308594</ele></trkpt><trkpt lat="46.59765016939491" lon="7.907430135179311"><ele>803.0</ele></trkpt><trkpt lat="46.59765016892925" lon="7.907460135407746"><ele>802.8699951171875</ele></trkpt><trkpt lat="46.597640168853104" lon="7.907480135094374"><ele>802.5</ele></trkpt><trkpt lat="46.59769016923383" lon="7.907510135322809"><ele>802.6999816894531</ele></trkpt><trkpt lat="46.597750168759376" lon="7.907550135161728"><ele>802.0</ele></trkpt><trkpt lat="46.59780016867444" lon="7.907580134924501"><ele>800.8499755859375</ele></trkpt><trkpt lat="46.59788016881794" lon="7.90762013476342"><ele>800.3999938964844</ele></trkpt><trkpt lat="46.597920168656856" lon="7.907630134839565"><ele>799.8999938964844</ele></trkpt><trkpt lat="46.59799016825855" lon="7.907650134526193"><ele>798.22998046875</ele></trkpt><trkpt lat="46.598050168249756" lon="7.907650134526193"><ele>797.5499877929688</ele></trkpt><trkpt lat="46.59815016807988" lon="7.907650134526193"><ele>797.0099792480469</ele></trkpt></trkseg></trk></gpx>