<?xml version="1.0" encoding="utf-8"?><gpx version="1.1" creator="MySchweizMobil - https://map.schweizmobil.ch/" xmlns:xsi="http://www.w3.org/2001/XMLSchema-instance" xmlns="http://www.topografix.com/GPX/1/1" xsi:schemaLocation="http://www.topografix.com/GPX/1/1 http://www.topografix.com/GPX/1/1/gpx.xsd"><metadata><name>Eigergletscher to Wengen</name><bounds minlat="46.568120351061225" minlon="7.9206902724690735" maxlat="46.60504026385024" maxlon="7.9758003782480955" /></metadata><trk><name>Eigergletscher to Wengen</name><trkseg><trkpt lat="46.5747204720974" lon="7.974990380462259"><ele>2322.719970703125</ele></trkpt><trkpt lat="46.57471047248691" lon="7.975040380377322"><ele>2323.72998046875</ele></trkpt><trkpt lat="46.57460047211498" lon="7.975000380538404"><ele>2323.0899963378906</ele></trkpt><trkpt lat="46.574570471886545" lon="7.975000380538404"><ele>2323.0399780273438</ele></trkpt><trkpt lat="46.57453047204763" lon="7.975010380148888"><ele>2322.5999755859375</ele></trkpt><trkpt lat="46.57449047174305" lon="7.9750303803011775"><ele>2322.0799865722656</ele></trkpt><trkpt lat="46.574460471980274" lon="7.975080380216241"><ele>2321.439971923828</ele></trkpt><trkpt lat="46.57443047175184" lon="7.975140380207449"><ele>2320.949981689453</ele></trkpt><trkpt lat="46.574420471675694" lon="7.975200379732996"><ele>2319.97998046875</ele></trkpt><trkpt lat="46.57433047052473" lon="7.97540037939325"><ele>2315.8199768066406</ele></trkpt><trkpt lat="46.574260469991714" lon="7.975520378910005"><ele>2313.1499938964844</ele></trkpt><trkpt lat="46.574200470000505" lon="7.975600378587842"><ele>2311.6799926757812</ele></trkpt><trkpt lat="46.574160469695926" lon="7.975670378189534"><ele>2310.5499877929688</ele></trkpt><trkpt lat="46.57408046955243" lon="7.9758003782480955"><ele>2309.6799926757812</ele></trkpt><trkpt lat="46.574080469086766" lon="7.975610377732664"><ele>2307.3999938964844</ele></trkpt><trkpt lat="46.57400046894327" lon="7.975620377808809"><ele>2306.47998046875</ele></trkpt><trkpt lat="46.57396046863869" lon="7.975640377495438"><ele>2305.8199768066406</ele></trkpt><trkpt lat="46.57393046841025" lon="7.975650377571583"><ele>2305.259979248047</ele></trkpt><trkpt lat="46.573890468571335" lon="7.975670377258211"><ele>2304.719970703125</ele></trkpt><trkpt lat="46.57376046851277" lon="7.975720377638936"><ele>2304.3199768066406</ele></trkpt><trkpt lat="46.57373046828434" lon="7.975740377325565"><ele>2304.8199768066406</ele></trkpt><trkpt lat="46.573700468521565" lon="7.975770377553999"><ele>2305.5699768066406</ele></trkpt><trkpt lat="46.57367046875879" lon="7.975790377706289"><ele>2306.189971923828</ele></trkpt><trkpt lat="46.5736504686065" lon="7.975800377782434"><ele>2306.3099975585938</ele></trkpt><trkpt lat="46.57366046868265" lon="7.975750377867371"><ele>2306.75</ele></trkpt><trkpt lat="46.57368046883494" lon="7.9757003779523075"><ele>2307.519989013672</ele></trkpt><trkpt lat="46.57369046891108" lon="7.975650378037244"><ele>2307.719970703125</ele></trkpt><trkpt lat="46.57371046906337" lon="7.975600378122181"><ele>2307.739990234375</ele></trkpt><trkpt lat="46.573720469139516" lon="7.9755303780548275"><ele>2307.4199829101562</ele></trkpt><trkpt lat="46.57373046875" lon="7.975480377674103"><ele>2307.0999755859375</ele></trkpt><trkpt lat="46.573740468826145" lon="7.975430377759039"><ele>2306.709991455078</ele></trkpt><trkpt lat="46.573740468826145" lon="7.975370377767831"><ele>2305.8799743652344</ele></trkpt><trkpt lat="46.57375046843663" lon="7.975280377548188"><ele>2304.8999938964844</ele></trkpt><trkpt lat="46.57376046851277" lon="7.97520037740469"><ele>2304.22998046875</ele></trkpt><trkpt lat="46.57377046812326" lon="7.975070377346128"><ele>2303.0699768066406</ele></trkpt><trkpt lat="46.57377046812326" lon="7.975000377278775"><ele>2302.8199768066406</ele></trkpt><trkpt lat="46.57378046773374" lon="7.974900376982987"><ele>2302.259979248047</ele></trkpt><trkpt lat="46.573790467809886" lon="7.974650376942009"><ele>2302.029998779297</ele></trkpt><trkpt lat="46.573790467809886" lon="7.974550377111882"><ele>2301.5399780273438</ele></trkpt><trkpt lat="46.573790467809886" lon="7.974480377044529"><ele>2301.0699768066406</ele></trkpt><trkpt lat="46.573790467344224" lon="7.9744003769010305"><ele>2300.189971923828</ele></trkpt><trkpt lat="46.57380046742037" lon="7.974310376681387"><ele>2298.969970703125</ele></trkpt><trkpt lat="46.57380046695471" lon="7.974230376072228"><ele>2297.6499938964844</ele></trkpt><trkpt lat="46.57381046609953" lon="7.974020375870168"><ele>2294.0499877929688</ele></trkpt><trkpt lat="46.57381046609953" lon="7.973940375261009"><ele>2292.529998779297</ele></trkpt><trkpt lat="46.573800465557724" lon="7.973860375117511"><ele>2290.9299926757812</ele></trkpt><trkpt lat="46.57379046548158" lon="7.973800375126302"><ele>2289.9099731445312</ele></trkpt><trkpt lat="46.57376046478748" lon="7.973640374373645"><ele>2287.1599731445312</ele></trkpt><trkpt lat="46.57375046471134" lon="7.973510374315083"><ele>2285.47998046875</ele></trkpt><trkpt lat="46.57375046424568" lon="7.97344037424773"><ele>2284.6699829101562</ele></trkpt><trkpt lat="46.57374046416953" lon="7.973390373867005"><ele>2283.5599975585938</ele></trkpt><trkpt lat="46.57372046401724" lon="7.973290373571217"><ele>2281.459991455078</ele></trkpt><trkpt lat="46.573710463475436" lon="7.973150373436511"><ele>2279.3299865722656</ele></trkpt><trkpt lat="46.57372046308592" lon="7.973060372751206"><ele>2276.8499755859375</ele></trkpt><trkpt lat="46.5737304626964" lon="7.973020372446626"><ele>2275.6499938964844</ele></trkpt><trkpt lat="46.57373046223074" lon="7.972950372379273"><ele>2273.75</ele></trkpt><trkpt lat="46.57373046176508" lon="7.97284037200734"><ele>2271.2899780273438</ele></trkpt><trkpt lat="46.573720461688936" lon="7.972760371863842"><ele>2269.8099975585938</ele></trkpt><trkpt lat="46.57373046129942" lon="7.972710371483117"><ele>2268.8599853515625</ele></trkpt><trkpt lat="46.573720461223274" lon="7.972660371568054"><ele>2267.8099975585938</ele></trkpt><trkpt lat="46.57371046068147" lon="7.97257037088275"><ele>2265.6499938964844</ele></trkpt><trkpt lat="46.57369046006352" lon="7.9724703705869615"><ele>2263.5999755859375</ele></trkpt><trkpt lat="46.57368045998737" lon="7.972380370367318"><ele>2261.989990234375</ele></trkpt><trkpt lat="46.573670459445566" lon="7.972290370147675"><ele>2260.1099853515625</ele></trkpt><trkpt lat="46.573650458827615" lon="7.972160369623452"><ele>2257.3299865722656</ele></trkpt><trkpt lat="46.57362045813352" lon="7.971970369108021"><ele>2253.6699829101562</ele></trkpt><trkpt lat="46.573590457905084" lon="7.97178036859259"><ele>2250.9299926757812</ele></trkpt><trkpt lat="46.57357045728713" lon="7.971650368068367"><ele>2248.3199768066406</ele></trkpt><trkpt lat="46.57355045666918" lon="7.971510367933661"><ele>2245.209991455078</ele></trkpt><trkpt lat="46.573540455661714" lon="7.971340367104858"><ele>2241.47998046875</ele></trkpt><trkpt lat="46.5735204545781" lon="7.971140366047621"><ele>2236.4099731445312</ele></trkpt><trkpt lat="46.57349045434967" lon="7.971020365599543"><ele>2233.0799865722656</ele></trkpt><trkpt lat="46.573450453113765" lon="7.970790364779532"><ele>2227.6499938964844</ele></trkpt><trkpt lat="46.573430452961475" lon="7.970740364864469"><ele>2226.2899780273438</ele></trkpt><trkpt lat="46.57342045241967" lon="7.970700364559889"><ele>2225.1199951171875</ele></trkpt><trkpt lat="46.57340045226738" lon="7.970670364331454"><ele>2224.0999755859375</ele></trkpt><trkpt lat="46.57340045226738" lon="7.970650364179164"><ele>2223.439971923828</ele></trkpt><trkpt lat="46.57338045164943" lon="7.970590363722295"><ele>2221.5699768066406</ele></trkpt><trkpt lat="46.57338045164943" lon="7.970570363570005"><ele>2220.97998046875</ele></trkpt><trkpt lat="46.573340450879186" lon="7.970480363350362"><ele>2217.269989013672</ele></trkpt><trkpt lat="46.573320450261235" lon="7.970360362436622"><ele>2213.029998779297</ele></trkpt><trkpt lat="46.57331044971943" lon="7.970320362132043"><ele>2211.689971923828</ele></trkpt><trkpt lat="46.573320449795574" lon="7.970260362140834"><ele>2210.22998046875</ele></trkpt><trkpt lat="46.57331044971943" lon="7.9702403619885445"><ele>2209.9299926757812</ele></trkpt><trkpt lat="46.57331044925377" lon="7.970220361836255"><ele>2209.5399780273438</ele></trkpt><trkpt lat="46.57329044910148" lon="7.970140361692756"><ele>2207.5</ele></trkpt><trkpt lat="46.57328044902533" lon="7.9701203615404665"><ele>2207.0999755859375</ele></trkpt><trkpt lat="46.57325044833124" lon="7.969970360863954"><ele>2203.3499755859375</ele></trkpt><trkpt lat="46.573210447560996" lon="7.969850360415876"><ele>2200.6599731445312</ele></trkpt><trkpt lat="46.573170447256416" lon="7.969750360120088"><ele>2198.529998779297</ele></trkpt><trkpt lat="46.57314044702798" lon="7.969690359663218"><ele>2196.949981689453</ele></trkpt><trkpt lat="46.57310044625774" lon="7.969560359138995"><ele>2193.5</ele></trkpt><trkpt lat="46.57308044610545" lon="7.969510359223932"><ele>2192.3699951171875</ele></trkpt><trkpt lat="46.5730604454875" lon="7.969430358614773"><ele>2190.3699951171875</ele></trkpt><trkpt lat="46.57298044441268" lon="7.969160357955843"><ele>2184.97998046875</ele></trkpt><trkpt lat="46.57296044426039" lon="7.96909035788849"><ele>2183.519989013672</ele></trkpt><trkpt lat="46.572930444031954" lon="7.96903035743162"><ele>2181.97998046875</ele></trkpt><trkpt lat="46.57288044365123" lon="7.968920357059687"><ele>2179.6599731445312</ele></trkpt><trkpt lat="46.57284044334665" lon="7.968870356678963"><ele>2178.5499877929688</ele></trkpt><trkpt lat="46.572830443270504" lon="7.968850356992334"><ele>2178.0699768066406</ele></trkpt><trkpt lat="46.572790442965925" lon="7.968760356772691"><ele>2176.8599853515625</ele></trkpt><trkpt lat="46.572750442661345" lon="7.968690356705338"><ele>2176.259979248047</ele></trkpt><trkpt lat="46.572690442204475" lon="7.968540356028825"><ele>2174.2899780273438</ele></trkpt><trkpt lat="46.572670442052186" lon="7.968490356113762"><ele>2173.72998046875</ele></trkpt><trkpt lat="46.57266044197604" lon="7.968440355733037"><ele>2172.769989013672</ele></trkpt><trkpt lat="46.57264044182375" lon="7.968390355817974"><ele>2171.7999877929688</ele></trkpt><trkpt lat="46.572590440977365" lon="7.968240355141461"><ele>2168.439971923828</ele></trkpt><trkpt lat="46.57254044013098" lon="7.968020354397595"><ele>2163.22998046875</ele></trkpt><trkpt lat="46.572460438124835" lon="7.967580352444202"><ele>2152.3999938964844</ele></trkpt><trkpt lat="46.572420437354594" lon="7.967470352072269"><ele>2149.9099731445312</ele></trkpt><trkpt lat="46.57241043727845" lon="7.967460351996124"><ele>2149.449981689453</ele></trkpt><trkpt lat="46.57241043727845" lon="7.967450351919979"><ele>2149.2999877929688</ele></trkpt><trkpt lat="46.572420437354594" lon="7.967440352309495"><ele>2149.2899780273438</ele></trkpt><trkpt lat="46.57246043719351" lon="7.967460351996124"><ele>2148.3899841308594</ele></trkpt><trkpt lat="46.57247043726966" lon="7.967450351919979"><ele>2148.219970703125</ele></trkpt><trkpt lat="46.5724804373458" lon="7.967440351843834"><ele>2148.1599731445312</ele></trkpt><trkpt lat="46.57250043703243" lon="7.967300352174789"><ele>2148.5799865722656</ele></trkpt><trkpt lat="46.57250043703243" lon="7.967270351946354"><ele>2148.279998779297</ele></trkpt><trkpt lat="46.57250043703243" lon="7.967240351717919"><ele>2147.6399841308594</ele></trkpt><trkpt lat="46.572490436956286" lon="7.967210351489484"><ele>2146.7999877929688</ele></trkpt><trkpt lat="46.572490436956286" lon="7.967190351802856"><ele>2146.3799743652344</ele></trkpt><trkpt lat="46.57250043656677" lon="7.967170351650566"><ele>2145.8999938964844</ele></trkpt><trkpt lat="46.57250043656677" lon="7.967160351574421"><ele>2145.6099853515625</ele></trkpt><trkpt lat="46.57248043641448" lon="7.967140351422131"><ele>2144.5</ele></trkpt><trkpt lat="46.572470436338335" lon="7.967130351345986"><ele>2144.029998779297</ele></trkpt><trkpt lat="46.57246043626219" lon="7.967120351269841"><ele>2143.7999877929688</ele></trkpt><trkpt lat="46.57246043626219" lon="7.967100351117551"><ele>2143.4199829101562</ele></trkpt><trkpt lat="46.572470436338335" lon="7.967090351041406"><ele>2143.1099853515625</ele></trkpt><trkpt lat="46.57248043594882" lon="7.967090351041406"><ele>2142.739990234375</ele></trkpt><trkpt lat="46.57251043571159" lon="7.967050350736827"><ele>2141.6199951171875</ele></trkpt><trkpt lat="46.57253043539822" lon="7.967010350432247"><ele>2139.709991455078</ele></trkpt><trkpt lat="46.572540435474366" lon="7.967000350356102"><ele>2139.0399780273438</ele></trkpt><trkpt lat="46.572560435160995" lon="7.966980350203812"><ele>2138.5899963378906</ele></trkpt><trkpt lat="46.57257043523714" lon="7.966950350441039"><ele>2138.0</ele></trkpt><trkpt lat="46.57257043523714" lon="7.966940350364894"><ele>2137.439971923828</ele></trkpt><trkpt lat="46.57259043445811" lon="7.966900350060314"><ele>2135.709991455078</ele></trkpt><trkpt lat="46.5726104346104" lon="7.966870349831879"><ele>2134.8299865722656</ele></trkpt><trkpt lat="46.57262043422088" lon="7.966850349679589"><ele>2134.509979248047</ele></trkpt><trkpt lat="46.57262043422088" lon="7.966830349527299"><ele>2134.1499938964844</ele></trkpt><trkpt lat="46.572610434144735" lon="7.966750349383801"><ele>2133.5999755859375</ele></trkpt><trkpt lat="46.572610434144735" lon="7.966720349621028"><ele>2133.269989013672</ele></trkpt><trkpt lat="46.57260043406859" lon="7.966680349316448"><ele>2132.6599731445312</ele></trkpt><trkpt lat="46.572590433992445" lon="7.9666503495536745"><ele>2132.1099853515625</ele></trkpt><trkpt lat="46.572590433992445" lon="7.966630349401385"><ele>2131.8399963378906</ele></trkpt><trkpt lat="46.572590433992445" lon="7.96660034917295"><ele>2131.47998046875</ele></trkpt><trkpt lat="46.57260043360293" lon="7.96658034902066"><ele>2131.3599853515625</ele></trkpt><trkpt lat="46.57260043360293" lon="7.966560349334031"><ele>2130.969970703125</ele></trkpt><trkpt lat="46.572590433526784" lon="7.9665403491817415"><ele>2130.4299926757812</ele></trkpt><trkpt lat="46.57260043360293" lon="7.966490348801017"><ele>2129.6399841308594</ele></trkpt><trkpt lat="46.57262043328956" lon="7.966390348505229"><ele>2127.5799865722656</ele></trkpt><trkpt lat="46.57263043290004" lon="7.966360348276794"><ele>2127.029998779297</ele></trkpt><trkpt lat="46.57263043290004" lon="7.966340348590165"><ele>2126.3899841308594</ele></trkpt><trkpt lat="46.57263043290004" lon="7.966300348285586"><ele>2125.6399841308594</ele></trkpt><trkpt lat="46.572640432510525" lon="7.966280348133296"><ele>2125.189971923828</ele></trkpt><trkpt lat="46.57265043212101" lon="7.966190347913653"><ele>2123.6699829101562</ele></trkpt><trkpt lat="46.57265043212101" lon="7.966160347685218"><ele>2123.199981689453</ele></trkpt><trkpt lat="46.5726704322733" lon="7.9661103477701545"><ele>2122.6799926757812</ele></trkpt><trkpt lat="46.57268043188378" lon="7.966070347931236"><ele>2122.2999877929688</ele></trkpt><trkpt lat="46.57270043203607" lon="7.966040347702801"><ele>2121.7899780273438</ele></trkpt><trkpt lat="46.572710431646556" lon="7.966010347474366"><ele>2121.1199951171875</ele></trkpt><trkpt lat="46.57274043140933" lon="7.965990347322077"><ele>2120.1299743652344</ele></trkpt><trkpt lat="46.57279043132439" lon="7.965970347169787"><ele>2119.1499938964844</ele></trkpt><trkpt lat="46.57280043140054" lon="7.965950347017497"><ele>2118.759979248047</ele></trkpt><trkpt lat="46.57281043101102" lon="7.965940346941352"><ele>2118.3599853515625</ele></trkpt><trkpt lat="46.57281043101102" lon="7.965910347178578"><ele>2118.029998779297</ele></trkpt><trkpt lat="46.57281043101102" lon="7.965870346873999"><ele>2117.3099975585938</ele></trkpt><trkpt lat="46.572800430934876" lon="7.965840346645564"><ele>2116.72998046875</ele></trkpt><trkpt lat="46.57279043085873" lon="7.96581034688279"><ele>2115.8299865722656</ele></trkpt><trkpt lat="46.57279043039307" lon="7.9657803466543555"><ele>2115.269989013672</ele></trkpt><trkpt lat="46.57279043039307" lon="7.965750346425921"><ele>2114.8899841308594</ele></trkpt><trkpt lat="46.572800430469215" lon="7.965710346587002"><ele>2114.259979248047</ele></trkpt><trkpt lat="46.572800430003554" lon="7.965650346130133"><ele>2113.1599731445312</ele></trkpt><trkpt lat="46.57279042992741" lon="7.965600345749408"><ele>2111.459991455078</ele></trkpt><trkpt lat="46.5727804293856" lon="7.9655403457582"><ele>2109.8899841308594</ele></trkpt><trkpt lat="46.5727804293856" lon="7.96550034545362"><ele>2108.8999938964844</ele></trkpt><trkpt lat="46.5727804293856" lon="7.965470345225185"><ele>2108.219970703125</ele></trkpt><trkpt lat="46.57278042891994" lon="7.965450345538557"><ele>2107.769989013672</ele></trkpt><trkpt lat="46.57278042891994" lon="7.965420345310122"><ele>2107.199981689453</ele></trkpt><trkpt lat="46.572790428996086" lon="7.965400345157832"><ele>2106.97998046875</ele></trkpt><trkpt lat="46.572770428843796" lon="7.965360344853252"><ele>2105.3099975585938</ele></trkpt><trkpt lat="46.572750428225845" lon="7.965280344709754"><ele>2103.529998779297</ele></trkpt><trkpt lat="46.572750428225845" lon="7.965240344405174"><ele>2102.5799865722656</ele></trkpt><trkpt lat="46.572750428225845" lon="7.965220344718546"><ele>2102.3299865722656</ele></trkpt><trkpt lat="46.57276042783633" lon="7.965210344642401"><ele>2102.019989013672</ele></trkpt><trkpt lat="46.57276042783633" lon="7.965190344490111"><ele>2101.739990234375</ele></trkpt><trkpt lat="46.57276042783633" lon="7.965170344337821"><ele>2101.47998046875</ele></trkpt><trkpt lat="46.572750427760184" lon="7.965150344185531"><ele>2101.189971923828</ele></trkpt><trkpt lat="46.57274042768404" lon="7.965120344422758"><ele>2101.029998779297</ele></trkpt><trkpt lat="46.572730427607894" lon="7.965060343965888"><ele>2100.3999938964844</ele></trkpt><trkpt lat="46.57270042737946" lon="7.964950344059616"><ele>2099.269989013672</ele></trkpt><trkpt lat="46.572690427303314" lon="7.964910343755037"><ele>2098.6099853515625</ele></trkpt><trkpt lat="46.57268042722717" lon="7.964880343992263"><ele>2097.989990234375</ele></trkpt><trkpt lat="46.57268042722717" lon="7.964850343763828"><ele>2097.6699829101562</ele></trkpt><trkpt lat="46.57268042722717" lon="7.964830343611538"><ele>2097.519989013672</ele></trkpt><trkpt lat="46.57268042676151" lon="7.9648103434592485"><ele>2097.019989013672</ele></trkpt><trkpt lat="46.57267042668536" lon="7.964780343696475"><ele>2096.529998779297</ele></trkpt><trkpt lat="46.57266042660922" lon="7.96477034362033"><ele>2095.9199829101562</ele></trkpt><trkpt lat="46.57266042660922" lon="7.96475034346804"><ele>2095.6599731445312</ele></trkpt><trkpt lat="46.57267042668536" lon="7.96473034331575"><ele>2094.989990234375</ele></trkpt><trkpt lat="46.5726704262197" lon="7.9647103431634605"><ele>2094.3399963378906</ele></trkpt><trkpt lat="46.57265042606741" lon="7.964680342935026"><ele>2093.47998046875</ele></trkpt><trkpt lat="46.57264042599127" lon="7.964660342782736"><ele>2092.719970703125</ele></trkpt><trkpt lat="46.57264042599127" lon="7.964650342706591"><ele>2092.3799743652344</ele></trkpt><trkpt lat="46.57265042606741" lon="7.964640342630446"><ele>2092.219970703125</ele></trkpt><trkpt lat="46.57267042575404" lon="7.964630342554301"><ele>2091.3799743652344</ele></trkpt><trkpt lat="46.57267042575404" lon="7.964620342478156"><ele>2091.219970703125</ele></trkpt><trkpt lat="46.57265042560175" lon="7.9646003427915275"><ele>2090.8299865722656</ele></trkpt><trkpt lat="46.572620425373316" lon="7.964590342715383"><ele>2090.1399841308594</ele></trkpt><trkpt lat="46.57260042568669" lon="7.964590342249721"><ele>2089.759979248047</ele></trkpt><trkpt lat="46.57257042545825" lon="7.964590342249721"><ele>2088.72998046875</ele></trkpt><trkpt lat="46.57257042545825" lon="7.964590342249721"><ele>2088.5399780273438</ele></trkpt><trkpt lat="46.57257042499259" lon="7.964570342097431"><ele>2088.25</ele></trkpt><trkpt lat="46.572580425068736" lon="7.964540342334658"><ele>2087.6699829101562</ele></trkpt><trkpt lat="46.57259042514488" lon="7.964520342182368"><ele>2087.189971923828</ele></trkpt><trkpt lat="46.57264042459428" lon="7.964480341877788"><ele>2085.519989013672</ele></trkpt><trkpt lat="46.57264042459428" lon="7.9644503416493535"><ele>2085.1299743652344</ele></trkpt><trkpt lat="46.57261042436585" lon="7.964430341497064"><ele>2083.8699951171875</ele></trkpt><trkpt lat="46.57261042436585" lon="7.964400341268629"><ele>2082.8999938964844</ele></trkpt><trkpt lat="46.57260042382404" lon="7.964370341040194"><ele>2082.1499938964844</ele></trkpt><trkpt lat="46.5725904237479" lon="7.964320341125131"><ele>2081.3099975585938</ele></trkpt><trkpt lat="46.57260042382404" lon="7.964290340896696"><ele>2080.739990234375</ele></trkpt><trkpt lat="46.5725904237479" lon="7.964250341057777"><ele>2079.9099731445312</ele></trkpt><trkpt lat="46.57258042320609" lon="7.964200340677053"><ele>2079.1699829101562</ele></trkpt><trkpt lat="46.572570423129946" lon="7.964160340372473"><ele>2078.3699951171875</ele></trkpt><trkpt lat="46.5725604230538" lon="7.9641203405335546"><ele>2077.779998779297</ele></trkpt><trkpt lat="46.5725604230538" lon="7.96409034030512"><ele>2077.4299926757812</ele></trkpt><trkpt lat="46.572570423129946" lon="7.964070340618491"><ele>2077.0899963378906</ele></trkpt><trkpt lat="46.57260042289272" lon="7.964030340313911"><ele>2076.939971923828</ele></trkpt><trkpt lat="46.57264042273164" lon="7.963980340398848"><ele>2076.509979248047</ele></trkpt><trkpt lat="46.572680422570556" lon="7.9639203399419785"><ele>2074.8899841308594</ele></trkpt><trkpt lat="46.57271042233333" lon="7.9639103398658335"><ele>2074.2999877929688</ele></trkpt><trkpt lat="46.572720422409475" lon="7.963880339637399"><ele>2073.4199829101562</ele></trkpt><trkpt lat="46.572720421943814" lon="7.963860339485109"><ele>2072.939971923828</ele></trkpt><trkpt lat="46.572720421943814" lon="7.963830339722335"><ele>2071.989990234375</ele></trkpt><trkpt lat="46.5727304215543" lon="7.963730338960886"><ele>2069.3599853515625</ele></trkpt><trkpt lat="46.57274042116478" lon="7.963680339045823"><ele>2068.0899963378906</ele></trkpt><trkpt lat="46.57274042069912" lon="7.963580338284373"><ele>2065.3799743652344</ele></trkpt><trkpt lat="46.57274042023346" lon="7.963520338293165"><ele>2064.0499877929688</ele></trkpt><trkpt lat="46.57274042023346" lon="7.96347033791244"><ele>2062.5899963378906</ele></trkpt><trkpt lat="46.57273041969165" lon="7.9634403376840055"><ele>2061.5</ele></trkpt><trkpt lat="46.57273041969165" lon="7.963370337616652"><ele>2059.5</ele></trkpt><trkpt lat="46.57273041922599" lon="7.963310337159783"><ele>2058.279998779297</ele></trkpt><trkpt lat="46.572740418836474" lon="7.963270337320864"><ele>2057.2999877929688</ele></trkpt><trkpt lat="46.57273041876033" lon="7.963210336863995"><ele>2055.739990234375</ele></trkpt><trkpt lat="46.57274041837081" lon="7.96318033663556"><ele>2054.9299926757812</ele></trkpt><trkpt lat="46.57274041837081" lon="7.963140336796641"><ele>2053.9099731445312</ele></trkpt><trkpt lat="46.57273041829467" lon="7.9631203366443515"><ele>2053.0399780273438</ele></trkpt><trkpt lat="46.57274041790515" lon="7.963100336492062"><ele>2052.5</ele></trkpt><trkpt lat="46.57273041782901" lon="7.963060336187482"><ele>2051.22998046875</ele></trkpt><trkpt lat="46.57272041775286" lon="7.963030335959047"><ele>2050.3999938964844</ele></trkpt><trkpt lat="46.5727204172872" lon="7.963000335730612"><ele>2049.489990234375</ele></trkpt><trkpt lat="46.57274041697383" lon="7.962940335739404"><ele>2047.9599914550781</ele></trkpt><trkpt lat="46.57276041712612" lon="7.962930335663259"><ele>2047.4399719238281</ele></trkpt><trkpt lat="46.5727704167366" lon="7.962910335510969"><ele>2046.7899780273438</ele></trkpt><trkpt lat="46.57278041681275" lon="7.962900335434824"><ele>2046.4299926757812</ele></trkpt><trkpt lat="46.57281041657552" lon="7.962890335358679"><ele>2045.5699768066406</ele></trkpt><trkpt lat="46.57283041672781" lon="7.962880335282534"><ele>2045.22998046875</ele></trkpt><trkpt lat="46.57283041626215" lon="7.9628603351302445"><ele>2044.219970703125</ele></trkpt><trkpt lat="46.572820416186005" lon="7.96283033490181"><ele>2043.5399780273438</ele></trkpt><trkpt lat="46.572820416186005" lon="7.96281033474952"><ele>2042.7599792480469</ele></trkpt><trkpt lat="46.572820416186005" lon="7.962780334521085"><ele>2042.0699768066406</ele></trkpt><trkpt lat="46.57283041579649" lon="7.9627503347583115"><ele>2041.0499877929688</ele></trkpt><trkpt lat="46.57284041540697" lon="7.962720334529877"><ele>2040.1299743652344</ele></trkpt><trkpt lat="46.57284041540697" lon="7.962700334377587"><ele>2039.6099853515625</ele></trkpt><trkpt lat="46.57284041540697" lon="7.962670334149152"><ele>2038.9099731445312</ele></trkpt><trkpt lat="46.57280041510239" lon="7.962660334073007"><ele>2037.6299743652344</ele></trkpt><trkpt lat="46.57280041510239" lon="7.962630333844572"><ele>2037.0399780273438</ele></trkpt><trkpt lat="46.57282041478902" lon="7.962610333692282"><ele>2036.2699890136719</ele></trkpt><trkpt lat="46.572830414399505" lon="7.962530333548784"><ele>2034.489990234375</ele></trkpt><trkpt lat="46.572810414247215" lon="7.9624903332442045"><ele>2033.1399841308594</ele></trkpt><trkpt lat="46.57282041432336" lon="7.962450333405286"><ele>2032.5299987792969</ele></trkpt><trkpt lat="46.57283041393384" lon="7.962400333024561"><ele>2031.3899841308594</ele></trkpt><trkpt lat="46.57283041346818" lon="7.962350332643837"><ele>2029.7899780273438</ele></trkpt><trkpt lat="46.57283041346818" lon="7.962320332415402"><ele>2028.8099975585938</ele></trkpt><trkpt lat="46.57281041331589" lon="7.962290332186967"><ele>2027.719970703125</ele></trkpt><trkpt lat="46.57281041285023" lon="7.962260332424194"><ele>2026.8799743652344</ele></trkpt><trkpt lat="46.572800412774086" lon="7.962230332195759"><ele>2025.8099975585938</ele></trkpt><trkpt lat="46.57279041269794" lon="7.962200331967324"><ele>2025.3299865722656</ele></trkpt><trkpt lat="46.572800412774086" lon="7.962180331815034"><ele>2024.7599792480469</ele></trkpt><trkpt lat="46.572800412308425" lon="7.962150332052261"><ele>2024.2899780273438</ele></trkpt><trkpt lat="46.57281041238457" lon="7.962120331823826"><ele>2023.75</ele></trkpt><trkpt lat="46.572820412460715" lon="7.962090331595391"><ele>2023.0999755859375</ele></trkpt><trkpt lat="46.57280041184276" lon="7.962060331366956"><ele>2022.2599792480469</ele></trkpt><trkpt lat="46.57280041184276" lon="7.962010331451893"><ele>2021.5099792480469</ele></trkpt><trkpt lat="46.57280041184276" lon="7.961970331147313"><ele>2020.6799926757812</ele></trkpt><trkpt lat="46.57280041184276" lon="7.961930331308395"><ele>2020.1199951171875</ele></trkpt><trkpt lat="46.57282041152939" lon="7.961890331003815"><ele>2019.5899963378906</ele></trkpt><trkpt lat="46.57284041121602" lon="7.96186033077538"><ele>2018.7799987792969</ele></trkpt><trkpt lat="46.57284041121602" lon="7.961820330936462"><ele>2017.989990234375</ele></trkpt><trkpt lat="46.572830411139876" lon="7.961790330708027"><ele>2017.1899719238281</ele></trkpt><trkpt lat="46.57282041106373" lon="7.961760330479592"><ele>2016.4299926757812</ele></trkpt><trkpt lat="46.57284041075036" lon="7.961730330251157"><ele>2015.8599853515625</ele></trkpt><trkpt lat="46.572830410674214" lon="7.961690330412239"><ele>2015.1599731445312</ele></trkpt><trkpt lat="46.5728404102847" lon="7.961630329955369"><ele>2013.7099914550781</ele></trkpt><trkpt lat="46.57283041020855" lon="7.961600330192596"><ele>2012.97998046875</ele></trkpt><trkpt lat="46.5728404102847" lon="7.961570329964161"><ele>2012.5499877929688</ele></trkpt><trkpt lat="46.57284040981904" lon="7.961540329735726"><ele>2011.969970703125</ele></trkpt><trkpt lat="46.57284040981904" lon="7.961500329896808"><ele>2011.47998046875</ele></trkpt><trkpt lat="46.57283040974289" lon="7.961470329668373"><ele>2010.6599731445312</ele></trkpt><trkpt lat="46.57283040974289" lon="7.961440329439938"><ele>2010.1799926757812</ele></trkpt><trkpt lat="46.57283040974289" lon="7.96140032960102"><ele>2009.5399780273438</ele></trkpt><trkpt lat="46.57285040942952" lon="7.96136032929644"><ele>2009.1699829101562</ele></trkpt><trkpt lat="46.57285040942952" lon="7.961320329457521"><ele>2008.5999755859375</ele></trkpt><trkpt lat="46.57285040942952" lon="7.961290329229087"><ele>2008.3299865722656</ele></trkpt><trkpt lat="46.57287040911615" lon="7.961260329000652"><ele>2008.1599731445312</ele></trkpt><trkpt lat="46.572900409344584" lon="7.9612103290855885"><ele>2007.6399841308594</ele></trkpt><trkpt lat="46.57290040887892" lon="7.9612003290094435"><ele>2007.3899841308594</ele></trkpt><trkpt lat="46.57289040880278" lon="7.961170328781009"><ele>2006.25</ele></trkpt><trkpt lat="46.572890408337116" lon="7.9611003287136555"><ele>2004.4599914550781</ele></trkpt><trkpt lat="46.572910408489406" lon="7.961050328332931"><ele>2003.72998046875</ele></trkpt><trkpt lat="46.57292040809989" lon="7.961010328494012"><ele>2003.0199890136719</ele></trkpt><trkpt lat="46.572930408176035" lon="7.9609803282655776"><ele>2002.6399841308594</ele></trkpt><trkpt lat="46.57294040825218" lon="7.960960328113288"><ele>2002.3399963378906</ele></trkpt><trkpt lat="46.57295040786266" lon="7.960920328274369"><ele>2001.8799743652344</ele></trkpt><trkpt lat="46.57297040801495" lon="7.960850328207016"><ele>2001.489990234375</ele></trkpt><trkpt lat="46.57297040754929" lon="7.960820327978581"><ele>2000.7099914550781</ele></trkpt><trkpt lat="46.57297040754929" lon="7.960790327750146"><ele>2000.1499938964844</ele></trkpt><trkpt lat="46.57297040754929" lon="7.960760327987373"><ele>1999.739990234375</ele></trkpt><trkpt lat="46.57298040762544" lon="7.960740327835083"><ele>1999.2699890136719</ele></trkpt><trkpt lat="46.57299040723592" lon="7.960710327606648"><ele>1999.0799865722656</ele></trkpt><trkpt lat="46.57299040723592" lon="7.960660327691585"><ele>1998.22998046875</ele></trkpt><trkpt lat="46.57299040723592" lon="7.960620327387005"><ele>1997.5999755859375</ele></trkpt><trkpt lat="46.57299040723592" lon="7.960590327624232"><ele>1997.1199951171875</ele></trkpt><trkpt lat="46.573000406846404" lon="7.960550327319652"><ele>1996.3999938964844</ele></trkpt><trkpt lat="46.57300040638074" lon="7.960430326871574"><ele>1994.3899841308594</ele></trkpt><trkpt lat="46.573030405677855" lon="7.9601803263649344"><ele>1991.1799926757812</ele></trkpt><trkpt lat="46.573050405830145" lon="7.960010326467454"><ele>1990.25</ele></trkpt><trkpt lat="46.57306040544063" lon="7.95996032608673"><ele>1989.72998046875</ele></trkpt><trkpt lat="46.57307040551677" lon="7.959920326247811"><ele>1989.3999938964844</ele></trkpt><trkpt lat="46.57307040551677" lon="7.95979032618925"><ele>1989.6099853515625</ele></trkpt><trkpt lat="46.57308040559292" lon="7.959580326452851"><ele>1990.5399780273438</ele></trkpt><trkpt lat="46.57308040559292" lon="7.959490326233208"><ele>1990.6799926757812</ele></trkpt><trkpt lat="46.57307040551677" lon="7.959440326318145"><ele>1990.1499938964844</ele></trkpt><trkpt lat="46.57306040544063" lon="7.959360326174647"><ele>1989.4199829101562</ele></trkpt><trkpt lat="46.57306040544063" lon="7.959280326031148"><ele>1988.4299926757812</ele></trkpt><trkpt lat="46.57306040544063" lon="7.959250325802714"><ele>1988.0</ele></trkpt><trkpt lat="46.57307040505111" lon="7.959230325650424"><ele>1987.489990234375</ele></trkpt><trkpt lat="46.57307040505111" lon="7.959190325811505"><ele>1986.7599792480469</ele></trkpt><trkpt lat="46.57306040497497" lon="7.9591703256592155"><ele>1986.1999816894531</ele></trkpt><trkpt lat="46.57307040458545" lon="7.959110325202346"><ele>1984.75</ele></trkpt><trkpt lat="46.57307040458545" lon="7.959090325050056"><ele>1984.0999755859375</ele></trkpt><trkpt lat="46.57307040411979" lon="7.9590603252872825"><ele>1983.4299926757812</ele></trkpt><trkpt lat="46.573060404043645" lon="7.959020324982703"><ele>1982.4299926757812</ele></trkpt><trkpt lat="46.5730504039675" lon="7.9589403248392045"><ele>1981.0899963378906</ele></trkpt><trkpt lat="46.573000403586775" lon="7.958820324391127"><ele>1979.3299865722656</ele></trkpt><trkpt lat="46.57299040351063" lon="7.958760324399918"><ele>1978.6299743652344</ele></trkpt><trkpt lat="46.572960403282195" lon="7.958650324027985"><ele>1977.5</ele></trkpt><trkpt lat="46.572960402816534" lon="7.958570323884487"><ele>1976.8699951171875</ele></trkpt><trkpt lat="46.572960402816534" lon="7.958540324121714"><ele>1976.6199951171875</ele></trkpt><trkpt lat="46.57297040289268" lon="7.95847032405436"><ele>1976.8699951171875</ele></trkpt><trkpt lat="46.572960403282195" lon="7.958410324063152"><ele>1977.0199890136719</ele></trkpt><trkpt lat="46.572960403282195" lon="7.958370324224234"><ele>1977.0399780273438</ele></trkpt><trkpt lat="46.572960402816534" lon="7.958320323843509"><ele>1976.8499755859375</ele></trkpt><trkpt lat="46.57297040289268" lon="7.9582803240045905"><ele>1976.6499938964844</ele></trkpt><trkpt lat="46.57297040289268" lon="7.958210323937237"><ele>1976.3699951171875</ele></trkpt><trkpt lat="46.572960402816534" lon="7.958100324030966"><ele>1975.4099731445312</ele></trkpt><trkpt lat="46.57295040274039" lon="7.958040323574096"><ele>1974.5599975585938</ele></trkpt><trkpt lat="46.57294040219858" lon="7.957980323582888"><ele>1973.75</ele></trkpt><trkpt lat="46.57294040173292" lon="7.957830323372036"><ele>1971.22998046875</ele></trkpt><trkpt lat="46.57292040158063" lon="7.9577903230674565"><ele>1969.9599914550781</ele></trkpt><trkpt lat="46.57293040165678" lon="7.957760322839022"><ele>1969.2699890136719</ele></trkpt><trkpt lat="46.57292040158063" lon="7.957720322534442"><ele>1968.5899963378906</ele></trkpt><trkpt lat="46.57290040096268" lon="7.957650322467089"><ele>1967.6999816894531</ele></trkpt><trkpt lat="46.5728904013522" lon="7.95763032278046"><ele>1967.6099853515625</ele></trkpt><trkpt lat="46.57287040119991" lon="7.95761032262817"><ele>1967.0599975585938</ele></trkpt><trkpt lat="46.57288040081039" lon="7.957550322171301"><ele>1966.6299743652344</ele></trkpt><trkpt lat="46.572870400734246" lon="7.957500322256237"><ele>1966.0399780273438</ele></trkpt><trkpt lat="46.5728604006581" lon="7.957430322188884"><ele>1965.1499938964844</ele></trkpt><trkpt lat="46.57284040050581" lon="7.957390321884304"><ele>1964.7999877929688</ele></trkpt><trkpt lat="46.57279040059075" lon="7.957310322206467"><ele>1964.22998046875</ele></trkpt><trkpt lat="46.5727804005146" lon="7.957280321978033"><ele>1964.219970703125</ele></trkpt><trkpt lat="46.57277040043846" lon="7.957240322139114"><ele>1964.1899719238281</ele></trkpt><trkpt lat="46.57277040043846" lon="7.957210321910679"><ele>1964.0799865722656</ele></trkpt><trkpt lat="46.57276040036231" lon="7.957120321691036"><ele>1963.219970703125</ele></trkpt><trkpt lat="46.57275040028617" lon="7.957070321775973"><ele>1962.7899780273438</ele></trkpt><trkpt lat="46.57273040013388" lon="7.957030321471393"><ele>1962.4499816894531</ele></trkpt><trkpt lat="46.57272040005773" lon="7.9570103217847645"><ele>1962.1799926757812</ele></trkpt><trkpt lat="46.57272040005773" lon="7.95698032155633"><ele>1961.9499816894531</ele></trkpt><trkpt lat="46.57271039998159" lon="7.956950321327895"><ele>1961.2999877929688</ele></trkpt><trkpt lat="46.5726903998293" lon="7.9569003214128315"><ele>1960.1199951171875</ele></trkpt><trkpt lat="46.57267039967701" lon="7.956840320955962"><ele>1959.0699768066406</ele></trkpt><trkpt lat="46.57263039937243" lon="7.9568003211170435"><ele>1957.7599792480469</ele></trkpt><trkpt lat="46.57261039922014" lon="7.956740320660174"><ele>1956.9599914550781</ele></trkpt><trkpt lat="46.57258039852604" lon="7.956680320668966"><ele>1955.4599914550781</ele></trkpt><trkpt lat="46.5725703984499" lon="7.956620320212096"><ele>1953.97998046875</ele></trkpt><trkpt lat="46.57256039837375" lon="7.9565803203731775"><ele>1953.3399963378906</ele></trkpt><trkpt lat="46.57256039790809" lon="7.956530319992453"><ele>1952.3799743652344</ele></trkpt><trkpt lat="46.57256039790809" lon="7.956450319848955"><ele>1950.5599975585938</ele></trkpt><trkpt lat="46.57254039729014" lon="7.9563703197054565"><ele>1948.9099731445312</ele></trkpt><trkpt lat="46.57252039713785" lon="7.956350319553167"><ele>1948.1699829101562</ele></trkpt><trkpt lat="46.57250039698556" lon="7.956320319324732"><ele>1947.1999816894531</ele></trkpt><trkpt lat="46.572490396909416" lon="7.956280319020152"><ele>1946.1999816894531</ele></trkpt><trkpt lat="46.572470396757126" lon="7.956190318800509"><ele>1945.4199829101562</ele></trkpt><trkpt lat="46.572450396604836" lon="7.956140318885446"><ele>1944.989990234375</ele></trkpt><trkpt lat="46.57244039652869" lon="7.956090318970382"><ele>1944.6899719238281</ele></trkpt><trkpt lat="46.572430396452546" lon="7.956030318979174"><ele>1944.3099975585938</ele></trkpt><trkpt lat="46.5724203963764" lon="7.955980318598449"><ele>1943.7899780273438</ele></trkpt><trkpt lat="46.57240039622411" lon="7.955880318302661"><ele>1942.8899841308594</ele></trkpt><trkpt lat="46.572390396147966" lon="7.955830318387598"><ele>1942.489990234375</ele></trkpt><trkpt lat="46.57237039599568" lon="7.9557703183963895"><ele>1941.6799926757812</ele></trkpt><trkpt lat="46.57231039553881" lon="7.955670318100601"><ele>1939.3999938964844</ele></trkpt><trkpt lat="46.57231039553881" lon="7.955650317948312"><ele>1939.0799865722656</ele></trkpt><trkpt lat="46.57231039553881" lon="7.955610317643732"><ele>1938.6799926757812</ele></trkpt><trkpt lat="46.572310395073146" lon="7.9555603177286685"><ele>1938.0299987792969</ele></trkpt><trkpt lat="46.572290394920856" lon="7.955520317424089"><ele>1937.0</ele></trkpt><trkpt lat="46.572270394768566" lon="7.955490317195654"><ele>1936.1799926757812</ele></trkpt><trkpt lat="46.572250394616276" lon="7.955360317137092"><ele>1934.0799865722656</ele></trkpt><trkpt lat="46.57224039407447" lon="7.955310316756368"><ele>1933.1799926757812</ele></trkpt><trkpt lat="46.572230393998325" lon="7.955270316917449"><ele>1931.9399719238281</ele></trkpt><trkpt lat="46.57220039376989" lon="7.95519031630829"><ele>1929.8299865722656</ele></trkpt><trkpt lat="46.57218039315194" lon="7.9551303163170815"><ele>1928.2999877929688</ele></trkpt><trkpt lat="46.572170393075794" lon="7.955070315860212"><ele>1926.9199829101562</ele></trkpt><trkpt lat="46.572170393075794" lon="7.955050315707922"><ele>1926.5999755859375</ele></trkpt><trkpt lat="46.57219039276242" lon="7.9550203159451485"><ele>1925.719970703125</ele></trkpt><trkpt lat="46.57220039283857" lon="7.954980315640569"><ele>1925.1199951171875</ele></trkpt><trkpt lat="46.57218039268628" lon="7.954950315412134"><ele>1924.4499816894531</ele></trkpt><trkpt lat="46.57216039253399" lon="7.954890315420926"><ele>1923.3099975585938</ele></trkpt><trkpt lat="46.57215039152652" lon="7.954770314972848"><ele>1919.8099975585938</ele></trkpt><trkpt lat="46.572140391450375" lon="7.954700314439833"><ele>1918.239990234375</ele></trkpt><trkpt lat="46.57213039137423" lon="7.954680314287543"><ele>1917.5099792480469</ele></trkpt><trkpt lat="46.572100390680134" lon="7.954660314135253"><ele>1916.2799987792969</ele></trkpt><trkpt lat="46.57209039106965" lon="7.954640313982964"><ele>1915.9499816894531</ele></trkpt><trkpt lat="46.57209039060399" lon="7.954620314296335"><ele>1915.719970703125</ele></trkpt><trkpt lat="46.572100390680134" lon="7.9545903140679"><ele>1915.2799987792969</ele></trkpt><trkpt lat="46.57209039060399" lon="7.95457031391561"><ele>1915.0699768066406</ele></trkpt><trkpt lat="46.572020390536636" lon="7.954500313848257"><ele>1914.6199951171875</ele></trkpt><trkpt lat="46.572000390384346" lon="7.954430313780904"><ele>1914.1499938964844</ele></trkpt><trkpt lat="46.571980390232056" lon="7.954320313874632"><ele>1913.5099792480469</ele></trkpt><trkpt lat="46.57196039007977" lon="7.954240313731134"><ele>1912.1399841308594</ele></trkpt><trkpt lat="46.57194038992748" lon="7.954150313511491"><ele>1911.1099853515625</ele></trkpt><trkpt lat="46.57193038985133" lon="7.954120313283056"><ele>1910.5499877929688</ele></trkpt><trkpt lat="46.57191038969904" lon="7.954070312902331"><ele>1909.7599792480469</ele></trkpt><trkpt lat="46.57188038947061" lon="7.954030313063413"><ele>1909.5199890136719</ele></trkpt><trkpt lat="46.57186038931832" lon="7.9539903132244945"><ele>1909.0099792480469</ele></trkpt><trkpt lat="46.57180038932711" lon="7.953860312700272"><ele>1907.8499755859375</ele></trkpt><trkpt lat="46.57178038917482" lon="7.953760312870145"><ele>1907.1699829101562</ele></trkpt><trkpt lat="46.571750388946384" lon="7.953670312650502"><ele>1907.3799743652344</ele></trkpt><trkpt lat="46.5717403893359" lon="7.95358031289652"><ele>1907.5699768066406</ele></trkpt><trkpt lat="46.571730389259756" lon="7.953480312600732"><ele>1907.969970703125</ele></trkpt><trkpt lat="46.571730389259756" lon="7.95341031299904"><ele>1908.3599853515625</ele></trkpt><trkpt lat="46.571730389259756" lon="7.953350313007832"><ele>1908.3799743652344</ele></trkpt><trkpt lat="46.57170038949698" lon="7.9532503127120435"><ele>1908.3199768066406</ele></trkpt><trkpt lat="46.57170038949698" lon="7.95318031264469"><ele>1908.4099731445312</ele></trkpt><trkpt lat="46.57170038949698" lon="7.953130312729627"><ele>1908.3999938964844</ele></trkpt><trkpt lat="46.57169038942084" lon="7.9530803128145635"><ele>1908.219970703125</ele></trkpt><trkpt lat="46.57169038942084" lon="7.953060312662274"><ele>1907.969970703125</ele></trkpt><trkpt lat="46.57169038942084" lon="7.9530303128995"><ele>1907.72998046875</ele></trkpt><trkpt lat="46.571690388955176" lon="7.95299031259492"><ele>1907.1899719238281</ele></trkpt><trkpt lat="46.57168038887903" lon="7.9529703124426305"><ele>1906.8599853515625</ele></trkpt><trkpt lat="46.571670388802886" lon="7.952940312679857"><ele>1906.6199951171875</ele></trkpt><trkpt lat="46.571670388802886" lon="7.952910312451422"><ele>1906.22998046875</ele></trkpt><trkpt lat="46.571670388802886" lon="7.952860312536359"><ele>1905.739990234375</ele></trkpt><trkpt lat="46.57166038872674" lon="7.952840312384069"><ele>1905.3499755859375</ele></trkpt><trkpt lat="46.57166038872674" lon="7.952820312231779"><ele>1905.1499938964844</ele></trkpt><trkpt lat="46.57166038872674" lon="7.952790312469006"><ele>1904.8599853515625</ele></trkpt><trkpt lat="46.57168038794771" lon="7.952610311564058"><ele>1901.2799987792969</ele></trkpt><trkpt lat="46.57166038779542" lon="7.9525803118012846"><ele>1900.5999755859375</ele></trkpt><trkpt lat="46.571650387719274" lon="7.95257031172514"><ele>1900.3999938964844</ele></trkpt><trkpt lat="46.571650387719274" lon="7.95255031157285"><ele>1900.2899780273438</ele></trkpt><trkpt lat="46.571650387719274" lon="7.95251031126827"><ele>1899.8399963378906</ele></trkpt><trkpt lat="46.571650387719274" lon="7.9524803115054965"><ele>1899.22998046875</ele></trkpt><trkpt lat="46.57164038717747" lon="7.952440311200917"><ele>1898.6999816894531</ele></trkpt><trkpt lat="46.57164038717747" lon="7.952390311285853"><ele>1898.4499816894531</ele></trkpt><trkpt lat="46.57163038710132" lon="7.9523203112185"><ele>1897.9599914550781</ele></trkpt><trkpt lat="46.57162038702518" lon="7.95228031091392"><ele>1897.6099853515625</ele></trkpt><trkpt lat="46.57162038702518" lon="7.952250311151147"><ele>1897.5499877929688</ele></trkpt><trkpt lat="46.57162038702518" lon="7.9522003112360835"><ele>1897.7799987792969</ele></trkpt><trkpt lat="46.57161038694903" lon="7.952160310931504"><ele>1897.6099853515625</ele></trkpt><trkpt lat="46.57162038702518" lon="7.952060311101377"><ele>1897.3999938964844</ele></trkpt><trkpt lat="46.57164038717747" lon="7.951990311034024"><ele>1897.0299987792969</ele></trkpt><trkpt lat="46.57164038717747" lon="7.951960310805589"><ele>1896.72998046875</ele></trkpt><trkpt lat="46.57165038678795" lon="7.95194031111896"><ele>1896.3399963378906</ele></trkpt><trkpt lat="46.571640386711806" lon="7.951900310814381"><ele>1895.8299865722656</ele></trkpt><trkpt lat="46.57165038678795" lon="7.951880310662091"><ele>1895.6099853515625</ele></trkpt><trkpt lat="46.57165038678795" lon="7.951860310509801"><ele>1895.0</ele></trkpt><trkpt lat="46.57165038632229" lon="7.951780310366303"><ele>1892.8999938964844</ele></trkpt><trkpt lat="46.57166038593277" lon="7.951750310137868"><ele>1892.1999816894531</ele></trkpt><trkpt lat="46.5716803856194" lon="7.951700309757143"><ele>1890.4199829101562</ele></trkpt><trkpt lat="46.57169038569555" lon="7.95167030999437"><ele>1889.6399841308594</ele></trkpt><trkpt lat="46.571690385229886" lon="7.951640309765935"><ele>1888.8599853515625</ele></trkpt><trkpt lat="46.57170038530603" lon="7.951620309613645"><ele>1888.2999877929688</ele></trkpt><trkpt lat="46.57172038499266" lon="7.951600309461355"><ele>1887.6699829101562</ele></trkpt><trkpt lat="46.571710384916514" lon="7.951580309309065"><ele>1887.3799743652344</ele></trkpt><trkpt lat="46.571670385077596" lon="7.9515503090806305"><ele>1886.3999938964844</ele></trkpt><trkpt lat="46.571670385077596" lon="7.951540309004486"><ele>1886.0399780273438</ele></trkpt><trkpt lat="46.57168038468808" lon="7.951520309317857"><ele>1885.6499938964844</ele></trkpt><trkpt lat="46.57170038484037" lon="7.951500309165567"><ele>1884.7699890136719</ele></trkpt><trkpt lat="46.57170038437471" lon="7.951470308937132"><ele>1883.989990234375</ele></trkpt><trkpt lat="46.57170038437471" lon="7.951430308632553"><ele>1882.97998046875</ele></trkpt><trkpt lat="46.57170038390905" lon="7.951390308793634"><ele>1881.9599914550781</ele></trkpt><trkpt lat="46.5716903838329" lon="7.9513403084129095"><ele>1881.0399780273438</ele></trkpt><trkpt lat="46.57167038368061" lon="7.951290308032185"><ele>1879.8999938964844</ele></trkpt><trkpt lat="46.57166038360447" lon="7.951220307964832"><ele>1878.7699890136719</ele></trkpt><trkpt lat="46.57165038306266" lon="7.951160307973623"><ele>1877.7799987792969</ele></trkpt><trkpt lat="46.57165038306266" lon="7.951110307592899"><ele>1877.0499877929688</ele></trkpt><trkpt lat="46.571660382673144" lon="7.951040307525545"><ele>1875.6399841308594</ele></trkpt><trkpt lat="46.571660382673144" lon="7.951010307297111"><ele>1875.1599731445312</ele></trkpt><trkpt lat="46.571660382673144" lon="7.950970307458192"><ele>1874.2599792480469</ele></trkpt><trkpt lat="46.571650382597" lon="7.950960307382047"><ele>1873.6399841308594</ele></trkpt><trkpt lat="46.57163038244471" lon="7.950940307229757"><ele>1873.5</ele></trkpt><trkpt lat="46.57163038244471" lon="7.950920307077467"><ele>1873.0199890136719</ele></trkpt><trkpt lat="46.57163038197905" lon="7.950870306696743"><ele>1871.4499816894531</ele></trkpt><trkpt lat="46.57162038143724" lon="7.950820306781679"><ele>1870.0</ele></trkpt><trkpt lat="46.57162038143724" lon="7.9507803064771"><ele>1869.1699829101562</ele></trkpt><trkpt lat="46.5716103813611" lon="7.950750306248665"><ele>1868.75</ele></trkpt><trkpt lat="46.57159038120881" lon="7.950720306485891"><ele>1868.1399841308594</ele></trkpt><trkpt lat="46.57157038105652" lon="7.950670306105167"><ele>1867.25</ele></trkpt><trkpt lat="46.57156038098037" lon="7.950630306266248"><ele>1866.75</ele></trkpt><trkpt lat="46.57154038082808" lon="7.95055030612275"><ele>1866.0</ele></trkpt><trkpt lat="46.57152038067579" lon="7.950460305903107"><ele>1865.3299865722656</ele></trkpt><trkpt lat="46.57153038075194" lon="7.950370305683464"><ele>1864.8799743652344</ele></trkpt><trkpt lat="46.57149038044736" lon="7.950200305785984"><ele>1864.5999755859375</ele></trkpt><trkpt lat="46.57147038076073" lon="7.950120305642486"><ele>1864.9199829101562</ele></trkpt><trkpt lat="46.57143038045615" lon="7.950100305955857"><ele>1865.0599975585938</ele></trkpt><trkpt lat="46.5713703809306" lon="7.950080305803567"><ele>1865.5299987792969</ele></trkpt><trkpt lat="46.57135038077831" lon="7.950050306040794"><ele>1865.3599853515625</ele></trkpt><trkpt lat="46.57131038047373" lon="7.950050305575132"><ele>1863.9299926757812</ele></trkpt><trkpt lat="46.5712803802453" lon="7.950080305337906"><ele>1862.6999816894531</ele></trkpt><trkpt lat="46.57126037962735" lon="7.950170305091888"><ele>1860.5799865722656</ele></trkpt><trkpt lat="46.571240379009396" lon="7.950280304532498"><ele>1857.1999816894531</ele></trkpt><trkpt lat="46.571220378391445" lon="7.950370303820819"><ele>1853.6799926757812</ele></trkpt><trkpt lat="46.5712103783153" lon="7.950460304040462"><ele>1852.5399780273438</ele></trkpt><trkpt lat="46.571180378086865" lon="7.950590303633362"><ele>1851.0499877929688</ele></trkpt><trkpt lat="46.57115037739277" lon="7.950650303158909"><ele>1848.6699829101562</ele></trkpt><trkpt lat="46.571120377164334" lon="7.950730302836746"><ele>1847.75</ele></trkpt><trkpt lat="46.5710903769359" lon="7.950790302827954"><ele>1845.8599853515625</ele></trkpt><trkpt lat="46.57105037663132" lon="7.950840302277356"><ele>1843.6899719238281</ele></trkpt><trkpt lat="46.57103037601337" lon="7.95089030219242"><ele>1842.3199768066406</ele></trkpt><trkpt lat="46.57099037570879" lon="7.951010301709175"><ele>1840.4099731445312</ele></trkpt><trkpt lat="46.570980375632644" lon="7.951030301861465"><ele>1839.9299926757812</ele></trkpt><trkpt lat="46.570960375480354" lon="7.951030301861465"><ele>1839.3099975585938</ele></trkpt><trkpt lat="46.57095037540421" lon="7.95102030178532"><ele>1839.0499877929688</ele></trkpt><trkpt lat="46.57093037525192" lon="7.95100030163303"><ele>1838.5899963378906</ele></trkpt><trkpt lat="46.570900375023484" lon="7.950890301261097"><ele>1837.4199829101562</ele></trkpt><trkpt lat="46.570880374871194" lon="7.950800301507115"><ele>1836.5999755859375</ele></trkpt><trkpt lat="46.570880374871194" lon="7.950710301287472"><ele>1836.0799865722656</ele></trkpt><trkpt lat="46.570900375023484" lon="7.9506003013812006"><ele>1836.1799926757812</ele></trkpt><trkpt lat="46.570900375023484" lon="7.950520301237702"><ele>1836.0899963378906</ele></trkpt><trkpt lat="46.570880374871194" lon="7.950410301331431"><ele>1836.0499877929688</ele></trkpt><trkpt lat="46.57083037495613" lon="7.950300300959498"><ele>1835.9299926757812</ele></trkpt><trkpt lat="46.57081037480384" lon="7.950170300900936"><ele>1835.6799926757812</ele></trkpt><trkpt lat="46.570800374727696" lon="7.950010301079601"><ele>1835.6699829101562</ele></trkpt><trkpt lat="46.570800374727696" lon="7.949630300980061"><ele>1836.3399963378906</ele></trkpt><trkpt lat="46.57081037480384" lon="7.949570301454514"><ele>1836.6899719238281</ele></trkpt><trkpt lat="46.570840375032276" lon="7.949500301387161"><ele>1837.47998046875</ele></trkpt><trkpt lat="46.57085037510842" lon="7.949420301243663"><ele>1837.4299926757812</ele></trkpt><trkpt lat="46.57089037494734" lon="7.949260301422328"><ele>1837.4499816894531</ele></trkpt><trkpt lat="46.570920375175774" lon="7.949200301431119"><ele>1837.4299926757812</ele></trkpt><trkpt lat="46.57099037524313" lon="7.949130301363766"><ele>1838.3799743652344</ele></trkpt><trkpt lat="46.57108037546277" lon="7.949070301838219"><ele>1839.7999877929688</ele></trkpt><trkpt lat="46.57112037576735" lon="7.949050301685929"><ele>1840.2599792480469</ele></trkpt><trkpt lat="46.57114037591964" lon="7.949040302075446"><ele>1840.6499938964844</ele></trkpt><trkpt lat="46.57123037567362" lon="7.949090301524848"><ele>1839.219970703125</ele></trkpt><trkpt lat="46.571320375427604" lon="7.949050301220268"><ele>1837.6699829101562</ele></trkpt><trkpt lat="46.57138037495315" lon="7.94901030138135"><ele>1836.6399841308594</ele></trkpt><trkpt lat="46.57146037463099" lon="7.948930301237851"><ele>1835.469970703125</ele></trkpt><trkpt lat="46.57153037469834" lon="7.948860300704837"><ele>1834.6599731445312</ele></trkpt><trkpt lat="46.57160037430003" lon="7.94876030087471"><ele>1834.1899719238281</ele></trkpt><trkpt lat="46.571670374367386" lon="7.948680300731212"><ele>1834.0999755859375</ele></trkpt><trkpt lat="46.57174037443474" lon="7.948600300587714"><ele>1834.0199890136719</ele></trkpt><trkpt lat="46.571670374367386" lon="7.948610300663859"><ele>1833.0099792480469</ele></trkpt><trkpt lat="46.57153037376702" lon="7.9486903003416955"><ele>1831.3499755859375</ele></trkpt><trkpt lat="46.57145037362352" lon="7.948700299952179"><ele>1829.6199951171875</ele></trkpt><trkpt lat="46.57137037348002" lon="7.948680299799889"><ele>1828.1599731445312</ele></trkpt><trkpt lat="46.57130037294701" lon="7.9486502995714545"><ele>1826.47998046875</ele></trkpt><trkpt lat="46.571230372879654" lon="7.94864029949531"><ele>1825.2899780273438</ele></trkpt><trkpt lat="46.57116037234664" lon="7.94860029919073"><ele>1823.47998046875</ele></trkpt><trkpt lat="46.57110037235543" lon="7.94858029903844"><ele>1822.3899841308594</ele></trkpt><trkpt lat="46.57104037189856" lon="7.948580298572779"><ele>1821.1099853515625</ele></trkpt><trkpt lat="46.57099037151784" lon="7.948590298648924"><ele>1819.7799987792969</ele></trkpt><trkpt lat="46.570940371602774" lon="7.948620298411697"><ele>1819.0399780273438</ele></trkpt><trkpt lat="46.57091037137434" lon="7.948620298411697"><ele>1818.4199829101562</ele></trkpt><trkpt lat="46.570840370841324" lon="7.948620297946036"><ele>1816.8299865722656</ele></trkpt><trkpt lat="46.570800371002406" lon="7.948650298174471"><ele>1816.3299865722656</ele></trkpt><trkpt lat="46.570760370697826" lon="7.948690298013389"><ele>1815.6699829101562</ele></trkpt><trkpt lat="46.57068037008867" lon="7.9488102975301445"><ele>1812.2599792480469</ele></trkpt><trkpt lat="46.57064036978409" lon="7.948850296903402"><ele>1810.0599975585938</ele></trkpt><trkpt lat="46.57059036940336" lon="7.94887029659003"><ele>1808.1999816894531</ele></trkpt><trkpt lat="46.5705103687942" lon="7.94902029633522"><ele>1805.4299926757812</ele></trkpt><trkpt lat="46.57048036856577" lon="7.949080295860767"><ele>1804.0399780273438</ele></trkpt><trkpt lat="46.57047036802396" lon="7.948970295488834"><ele>1801.6599731445312</ele></trkpt><trkpt lat="46.57042036764324" lon="7.949080295395106"><ele>1800.0799865722656</ele></trkpt><trkpt lat="46.57036036718637" lon="7.949200294911861"><ele>1797.469970703125</ele></trkpt><trkpt lat="46.57032036688179" lon="7.94926029490307"><ele>1795.8699951171875</ele></trkpt><trkpt lat="46.57026036642492" lon="7.949320294428617"><ele>1792.739990234375</ele></trkpt><trkpt lat="46.57019036542624" lon="7.949400293640792"><ele>1789.3099975585938</ele></trkpt><trkpt lat="46.57016036519781" lon="7.949460293166339"><ele>1787.4199829101562</ele></trkpt><trkpt lat="46.57007036404684" lon="7.949630292598158"><ele>1783.0799865722656</ele></trkpt><trkpt lat="46.57004036381841" lon="7.949710292275995"><ele>1781.8299865722656</ele></trkpt><trkpt lat="46.57002036413178" lon="7.949830292258412"><ele>1781.2999877929688</ele></trkpt><trkpt lat="46.57000036397949" lon="7.949900292325765"><ele>1781.0099792480469</ele></trkpt><trkpt lat="46.569970363751054" lon="7.949980292003602"><ele>1779.5299987792969</ele></trkpt><trkpt lat="46.56994036305696" lon="7.9500902919098735"><ele>1777.969970703125</ele></trkpt><trkpt lat="46.56992036290467" lon="7.95017029158771"><ele>1777.0799865722656</ele></trkpt><trkpt lat="46.5698603624478" lon="7.950300291180611"><ele>1774.5599975585938</ele></trkpt><trkpt lat="46.56982036214322" lon="7.950450290925801"><ele>1772.7999877929688</ele></trkpt><trkpt lat="46.569750361610204" lon="7.950630290899426"><ele>1770.8999938964844</ele></trkpt><trkpt lat="46.56972036184743" lon="7.950710290577263"><ele>1770.0199890136719</ele></trkpt><trkpt lat="46.56970036122948" lon="7.950760290492326"><ele>1768.8899841308594</ele></trkpt><trkpt lat="46.56970036122948" lon="7.950810290407389"><ele>1768.8299865722656</ele></trkpt><trkpt lat="46.569690361153334" lon="7.950890290550888"><ele>1768.6499938964844</ele></trkpt><trkpt lat="46.56968036154285" lon="7.950990290381014"><ele>1768.6099853515625</ele></trkpt><trkpt lat="46.5696603609249" lon="7.95113029005006"><ele>1767.1799926757812</ele></trkpt><trkpt lat="46.569630360696465" lon="7.951210290193558"><ele>1766.2999877929688</ele></trkpt><trkpt lat="46.569590360857546" lon="7.951380290091038"><ele>1765.739990234375</ele></trkpt><trkpt lat="46.5695803607814" lon="7.951500289607793"><ele>1764.7899780273438</ele></trkpt><trkpt lat="46.569530359935015" lon="7.951670289505273"><ele>1762.2599792480469</ele></trkpt><trkpt lat="46.56950035970658" lon="7.951810289174318"><ele>1760.6699829101562</ele></trkpt><trkpt lat="46.569470359478146" lon="7.95192028908059"><ele>1759.5799865722656</ele></trkpt><trkpt lat="46.569430359173566" lon="7.952010288834572"><ele>1758.25</ele></trkpt><trkpt lat="46.56940035894513" lon="7.952190288808197"><ele>1756.8799743652344</ele></trkpt><trkpt lat="46.5693703587167" lon="7.95237028831616"><ele>1755.8299865722656</ele></trkpt><trkpt lat="46.56934035848826" lon="7.952520288061351"><ele>1754.8399963378906</ele></trkpt><trkpt lat="46.56927035795525" lon="7.9527102881111205"><ele>1752.4099731445312</ele></trkpt><trkpt lat="46.56927035795525" lon="7.952810287941247"><ele>1751.9099731445312</ele></trkpt><trkpt lat="46.56925035780296" lon="7.9529402875341475"><ele>1750.969970703125</ele></trkpt><trkpt lat="46.56925035780296" lon="7.953030287753791"><ele>1751.0299987792969</ele></trkpt><trkpt lat="46.56925035780296" lon="7.953150287736207"><ele>1751.989990234375</ele></trkpt><trkpt lat="46.56923035811633" lon="7.953560288064182"><ele>1752.3999938964844</ele></trkpt><trkpt lat="46.56923035811633" lon="7.953610287979245"><ele>1752.5399780273438</ele></trkpt><trkpt lat="46.569220358040184" lon="7.953630288131535"><ele>1752.3999938964844</ele></trkpt><trkpt lat="46.569200357887894" lon="7.953660287894309"><ele>1751.7899780273438</ele></trkpt><trkpt lat="46.56919035781175" lon="7.953700287733227"><ele>1751.2899780273438</ele></trkpt><trkpt lat="46.56919035781175" lon="7.9537302874960005"><ele>1750.9099731445312</ele></trkpt><trkpt lat="46.569200357887894" lon="7.9538402878679335"><ele>1750.47998046875</ele></trkpt><trkpt lat="46.56921035749838" lon="7.95392028754577"><ele>1750.4199829101562</ele></trkpt><trkpt lat="46.56920035742223" lon="7.954000287689269"><ele>1749.6199951171875</ele></trkpt><trkpt lat="46.56918035726994" lon="7.95409028744325"><ele>1749.1099853515625</ele></trkpt><trkpt lat="46.56919035734609" lon="7.954160287510604"><ele>1748.4199829101562</ele></trkpt><trkpt lat="46.5691703571938" lon="7.954220287036151"><ele>1747.6099853515625</ele></trkpt><trkpt lat="46.56916035711765" lon="7.954330286942422"><ele>1747.2799987792969</ele></trkpt><trkpt lat="46.56912035681307" lon="7.95443028723821"><ele>1746.7599792480469</ele></trkpt><trkpt lat="46.5690903570503" lon="7.954500286839902"><ele>1746.6499938964844</ele></trkpt><trkpt lat="46.569060356821865" lon="7.954530287068337"><ele>1747.0699768066406</ele></trkpt><trkpt lat="46.56905035721138" lon="7.954570286907256"><ele>1746.969970703125</ele></trkpt><trkpt lat="46.56903035705909" lon="7.9546002871356905"><ele>1747.0399780273438</ele></trkpt><trkpt lat="46.56896035699174" lon="7.954640286974609"><ele>1746.9099731445312</ele></trkpt><trkpt lat="46.568910357076675" lon="7.954690286889672"><ele>1746.8999938964844</ele></trkpt><trkpt lat="46.56886035669595" lon="7.954740287270397"><ele>1746.5099792480469</ele></trkpt><trkpt lat="46.56884035700932" lon="7.954800286795944"><ele>1745.7799987792969</ele></trkpt><trkpt lat="46.56878035655245" lon="7.954850286711007"><ele>1744.72998046875</ele></trkpt><trkpt lat="46.56874035671353" lon="7.954910286702216"><ele>1744.8099975585938</ele></trkpt><trkpt lat="46.568700356408954" lon="7.954990286845714"><ele>1744.3199768066406</ele></trkpt><trkpt lat="46.568680356256664" lon="7.955020286608487"><ele>1743.6699829101562</ele></trkpt><trkpt lat="46.56865035602823" lon="7.955050286371261"><ele>1742.8099975585938</ele></trkpt><trkpt lat="46.568620356265455" lon="7.955050286371261"><ele>1742.3799743652344</ele></trkpt><trkpt lat="46.56859035603702" lon="7.955040286295116"><ele>1741.9299926757812</ele></trkpt><trkpt lat="46.56857035588473" lon="7.955030286218971"><ele>1741.25</ele></trkpt><trkpt lat="46.568540355656296" lon="7.954990285914391"><ele>1740.1099853515625</ele></trkpt><trkpt lat="46.56855035573244" lon="7.954930285923183"><ele>1740.7099914550781</ele></trkpt><trkpt lat="46.568580355495214" lon="7.9549002861604095"><ele>1740.1999816894531</ele></trkpt><trkpt lat="46.568580355495214" lon="7.95488028600812"><ele>1740.0299987792969</ele></trkpt><trkpt lat="46.56857035541907" lon="7.95486028585583"><ele>1739.6799926757812</ele></trkpt><trkpt lat="46.56855035526678" lon="7.95484028570354"><ele>1739.239990234375</ele></trkpt><trkpt lat="46.568540355190635" lon="7.954820286016911"><ele>1738.8699951171875</ele></trkpt><trkpt lat="46.56853035511449" lon="7.954700285568833"><ele>1737.4599914550781</ele></trkpt><trkpt lat="46.56853035511449" lon="7.954640285577625"><ele>1736.6999816894531</ele></trkpt><trkpt lat="46.568520354572684" lon="7.9545902851969"><ele>1735.9199829101562</ele></trkpt><trkpt lat="46.568500354886055" lon="7.954530285205692"><ele>1735.2899780273438</ele></trkpt><trkpt lat="46.568480354268104" lon="7.954480285290629"><ele>1734.3699951171875</ele></trkpt><trkpt lat="46.56847035419196" lon="7.954410284757614"><ele>1733.1599731445312</ele></trkpt><trkpt lat="46.568460354115814" lon="7.954350284766406"><ele>1732.0399780273438</ele></trkpt><trkpt lat="46.56845035403967" lon="7.954280284699053"><ele>1730.9599914550781</ele></trkpt><trkpt lat="46.56845035357401" lon="7.954210284166038"><ele>1729.8499755859375</ele></trkpt><trkpt lat="46.56843035342172" lon="7.954160284250975"><ele>1728.7699890136719</ele></trkpt><trkpt lat="46.56841035326943" lon="7.95411028387025"><ele>1728.0299987792969</ele></trkpt><trkpt lat="46.56839035311714" lon="7.9540802841074765"><ele>1727.5299987792969</ele></trkpt><trkpt lat="46.56837035296485" lon="7.954050283879042"><ele>1726.8699951171875</ele></trkpt><trkpt lat="46.56835035281256" lon="7.954010283574462"><ele>1726.1099853515625</ele></trkpt><trkpt lat="46.56833035266027" lon="7.9539702837355435"><ele>1725.3699951171875</ele></trkpt><trkpt lat="46.568320352584124" lon="7.953930283430964"><ele>1725.0199890136719</ele></trkpt><trkpt lat="46.568320352584124" lon="7.9538802835159"><ele>1724.5299987792969</ele></trkpt><trkpt lat="46.568320352584124" lon="7.953820283524692"><ele>1723.9299926757812</ele></trkpt><trkpt lat="46.56831035250798" lon="7.953760283533484"><ele>1723.489990234375</ele></trkpt><trkpt lat="46.568280352279544" lon="7.953660283237696"><ele>1722.75</ele></trkpt><trkpt lat="46.568260352127254" lon="7.953600283246487"><ele>1722.3699951171875</ele></trkpt><trkpt lat="46.568220351822674" lon="7.953560282941908"><ele>1721.0999755859375</ele></trkpt><trkpt lat="46.568200351670384" lon="7.9534802827984095"><ele>1720.5099792480469</ele></trkpt><trkpt lat="46.56817035144195" lon="7.95344028249383"><ele>1719.719970703125</ele></trkpt><trkpt lat="46.56817035144195" lon="7.953420282807201"><ele>1719.5599975585938</ele></trkpt><trkpt lat="46.568160351365805" lon="7.953380282502621"><ele>1719.3299865722656</ele></trkpt><trkpt lat="46.56813035113737" lon="7.953290282282978"><ele>1718.4099731445312</ele></trkpt><trkpt lat="46.568120351061225" lon="7.95325028244406"><ele>1717.7099914550781</ele></trkpt><trkpt lat="46.56813035113737" lon="7.9532002825289965"><ele>1718.0099792480469</ele></trkpt><trkpt lat="46.568140351213515" lon="7.953070282470435"><ele>1716.9199829101562</ele></trkpt><trkpt lat="46.568140351213515" lon="7.95302028208971"><ele>1717.0699768066406</ele></trkpt><trkpt lat="46.56819035112858" lon="7.952730282209814"><ele>1716.8099975585938</ele></trkpt><trkpt lat="46.56820035073906" lon="7.952540282160044"><ele>1716.75</ele></trkpt><trkpt lat="46.56821035081521" lon="7.952350282110274"><ele>1715.4099731445312</ele></trkpt><trkpt lat="46.56822035042569" lon="7.952240281738341"><ele>1714.5</ele></trkpt><trkpt lat="46.56822035042569" lon="7.952150281518698"><ele>1713.9499816894531</ele></trkpt><trkpt lat="46.568230350501835" lon="7.952070281840861"><ele>1713.47998046875</ele></trkpt><trkpt lat="46.568250350188464" lon="7.951990281697363"><ele>1713.0499877929688</ele></trkpt><trkpt lat="46.56824035011232" lon="7.951890281401575"><ele>1712.4599914550781</ele></trkpt><trkpt lat="46.56824035011232" lon="7.951800281647593"><ele>1712.219970703125</ele></trkpt><trkpt lat="46.56826034979895" lon="7.95169028127566"><ele>1711.3099975585938</ele></trkpt><trkpt lat="46.56827034987509" lon="7.9516302812844515"><ele>1710.97998046875</ele></trkpt><trkpt lat="46.568280349485576" lon="7.951550281140953"><ele>1710.4199829101562</ele></trkpt><trkpt lat="46.568320349324495" lon="7.951440281234682"><ele>1709.5499877929688</ele></trkpt><trkpt lat="46.568340349476784" lon="7.951320280786604"><ele>1708.5099792480469</ele></trkpt><trkpt lat="46.56837034923956" lon="7.951230280566961"><ele>1707.6299743652344</ele></trkpt><trkpt lat="46.56838034885004" lon="7.951160280499607"><ele>1706.8999938964844</ele></trkpt><trkpt lat="46.568410349078476" lon="7.951100280508399"><ele>1706.8999938964844</ele></trkpt><trkpt lat="46.568470349069685" lon="7.9508902807720006"><ele>1707.1899719238281</ele></trkpt><trkpt lat="46.568490349221975" lon="7.950820280704647"><ele>1707.4299926757812</ele></trkpt><trkpt lat="46.568510349374264" lon="7.950770280789584"><ele>1708.1099853515625</ele></trkpt><trkpt lat="46.56855034921318" lon="7.950660280883312"><ele>1707.7099914550781</ele></trkpt><trkpt lat="46.568580348975956" lon="7.950520280748606"><ele>1706.9599914550781</ele></trkpt><trkpt lat="46.56861034920439" lon="7.950400280766189"><ele>1707.3599853515625</ele></trkpt><trkpt lat="46.568640349432826" lon="7.950300280936062"><ele>1708.1799926757812</ele></trkpt><trkpt lat="46.56865034950897" lon="7.950180280953646"><ele>1708.2599792480469</ele></trkpt><trkpt lat="46.568640349432826" lon="7.950010280590504"><ele>1708.0799865722656</ele></trkpt><trkpt lat="46.56863034935668" lon="7.949890280608088"><ele>1707.4599914550781</ele></trkpt><trkpt lat="46.568640348967165" lon="7.949790280777961"><ele>1707.7599792480469</ele></trkpt><trkpt lat="46.568620349280536" lon="7.949680280406028"><ele>1707.25</ele></trkpt><trkpt lat="46.568620349280536" lon="7.949600280728191"><ele>1707.4199829101562</ele></trkpt><trkpt lat="46.56863034935668" lon="7.949510280508548"><ele>1708.2599792480469</ele></trkpt><trkpt lat="46.56861034920439" lon="7.949390280526131"><ele>1708.3299865722656</ele></trkpt><trkpt lat="46.56863034935668" lon="7.949330281000584"><ele>1709.0399780273438</ele></trkpt><trkpt lat="46.56863034935668" lon="7.949260280933231"><ele>1708.9099731445312</ele></trkpt><trkpt lat="46.568640349432826" lon="7.949210281018168"><ele>1709.1299743652344</ele></trkpt><trkpt lat="46.56865034950897" lon="7.9491302808746696"><ele>1709.469970703125</ele></trkpt><trkpt lat="46.568660349585116" lon="7.949050281196833"><ele>1710.3499755859375</ele></trkpt><trkpt lat="46.56865034997463" lon="7.948990281205624"><ele>1710.6299743652344</ele></trkpt><trkpt lat="46.56867035012692" lon="7.948920281138271"><ele>1711.3299865722656</ele></trkpt><trkpt lat="46.56866035005078" lon="7.948880281299353"><ele>1711.5399780273438</ele></trkpt><trkpt lat="46.56865034997463" lon="7.948830281384289"><ele>1711.8699951171875</ele></trkpt><trkpt lat="46.56866035005078" lon="7.948750281240791"><ele>1712.2699890136719</ele></trkpt><trkpt lat="46.56868035020307" lon="7.948650281410664"><ele>1712.1699829101562</ele></trkpt><trkpt lat="46.568720350041986" lon="7.948570281267166"><ele>1712.72998046875</ele></trkpt><trkpt lat="46.568780350498855" lon="7.948510281741619"><ele>1713.8099975585938</ele></trkpt><trkpt lat="46.56884035049006" lon="7.9484502812847495"><ele>1713.2799987792969</ele></trkpt><trkpt lat="46.56888035032898" lon="7.948420281521976"><ele>1712.6999816894531</ele></trkpt><trkpt lat="46.568910350091755" lon="7.948320281226188"><ele>1711.5599975585938</ele></trkpt><trkpt lat="46.568910350091755" lon="7.948210281319916"><ele>1711.6799926757812</ele></trkpt><trkpt lat="46.568910350091755" lon="7.94807028118521"><ele>1711.469970703125</ele></trkpt><trkpt lat="46.56888034986332" lon="7.947890281211585"><ele>1710.4599914550781</ele></trkpt><trkpt lat="46.568850349634886" lon="7.947770280763507"><ele>1709.1799926757812</ele></trkpt><trkpt lat="46.568810349330306" lon="7.947610280942172"><ele>1709.219970703125</ele></trkpt><trkpt lat="46.568810349330306" lon="7.947440281044692"><ele>1709.3899841308594</ele></trkpt><trkpt lat="46.568830349482596" lon="7.9472702806815505"><ele>1708.739990234375</ele></trkpt><trkpt lat="46.568850349169225" lon="7.947140280622989"><ele>1708.0299987792969</ele></trkpt><trkpt lat="46.568880348932" lon="7.947050280403346"><ele>1707.0199890136719</ele></trkpt><trkpt lat="46.568940348923206" lon="7.946920280344784"><ele>1705.969970703125</ele></trkpt><trkpt lat="46.56901034899056" lon="7.946840280201286"><ele>1705.5199890136719</ele></trkpt><trkpt lat="46.56907034898177" lon="7.946800280362368"><ele>1705.47998046875</ele></trkpt><trkpt lat="46.569110348820686" lon="7.946780280210078"><ele>1705.0399780273438</ele></trkpt><trkpt lat="46.56914034858346" lon="7.946740279905498"><ele>1704.8499755859375</ele></trkpt><trkpt lat="46.56918034842238" lon="7.946660279762"><ele>1704.3999938964844</ele></trkpt><trkpt lat="46.56921034865081" lon="7.946590279694647"><ele>1703.989990234375</ele></trkpt><trkpt lat="46.5692203482613" lon="7.94651028001681"><ele>1703.9299926757812</ele></trkpt><trkpt lat="46.56925034848973" lon="7.9464302798733115"><ele>1703.7799987792969</ele></trkpt><trkpt lat="46.56940034823492" lon="7.946230279747397"><ele>1702.0599975585938</ele></trkpt><trkpt lat="46.56946034776047" lon="7.946160279214382"><ele>1701.1099853515625</ele></trkpt><trkpt lat="46.5694903479889" lon="7.946120279375464"><ele>1700.6999816894531</ele></trkpt><trkpt lat="46.56953034782782" lon="7.9460502793081105"><ele>1700.739990234375</ele></trkpt><trkpt lat="46.569560347590595" lon="7.945970279164612"><ele>1699.989990234375</ele></trkpt><trkpt lat="46.56966034695506" lon="7.945820278953761"><ele>1696.9199829101562</ele></trkpt><trkpt lat="46.56968034664169" lon="7.945760278496891"><ele>1695.5099792480469</ele></trkpt><trkpt lat="46.569690346717834" lon="7.945680278353393"><ele>1694.0199890136719</ele></trkpt><trkpt lat="46.56970034632832" lon="7.94559027813375"><ele>1692.0099792480469</ele></trkpt><trkpt lat="46.569720345549285" lon="7.9455102775245905"><ele>1690.0599975585938</ele></trkpt><trkpt lat="46.569810344837606" lon="7.945220276713371"><ele>1685.5099792480469</ele></trkpt><trkpt lat="46.56986034475267" lon="7.945160276722163"><ele>1684.3399963378906</ele></trkpt><trkpt lat="46.569920344278216" lon="7.945110276341438"><ele>1682.8399963378906</ele></trkpt><trkpt lat="46.56999034387991" lon="7.9450802761130035"><ele>1681.8299865722656</ele></trkpt><trkpt lat="46.57006034394726" lon="7.945040276274085"><ele>1681.4299926757812</ele></trkpt><trkpt lat="46.57010034425184" lon="7.945020276121795"><ele>1681.5399780273438</ele></trkpt><trkpt lat="46.570130344014615" lon="7.945000276435167"><ele>1681.5299987792969</ele></trkpt><trkpt lat="46.570150344166905" lon="7.944960276130587"><ele>1681.3399963378906</ele></trkpt><trkpt lat="46.57017034385353" lon="7.944950276054442"><ele>1681.22998046875</ele></trkpt><trkpt lat="46.57017034385353" lon="7.9449102762155235"><ele>1681.219970703125</ele></trkpt><trkpt lat="46.570150344166905" lon="7.94488027645275"><ele>1681.6399841308594</ele></trkpt><trkpt lat="46.57012034393847" lon="7.94486027630046"><ele>1681.7699890136719</ele></trkpt><trkpt lat="46.570110344327986" lon="7.944850276224315"><ele>1681.9099731445312</ele></trkpt><trkpt lat="46.570090344175696" lon="7.944820276461542"><ele>1682.3399963378906</ele></trkpt><trkpt lat="46.57004034426063" lon="7.94469027640298"><ele>1682.9399719238281</ele></trkpt><trkpt lat="46.57003034418449" lon="7.944660276640207"><ele>1682.8099975585938</ele></trkpt><trkpt lat="46.57004034426063" lon="7.944600276183337"><ele>1682.22998046875</ele></trkpt><trkpt lat="46.57004034426063" lon="7.944450276438147"><ele>1681.5899963378906</ele></trkpt><trkpt lat="46.57005034387112" lon="7.944300276227295"><ele>1681.3799743652344</ele></trkpt><trkpt lat="46.57006034394726" lon="7.944160276092589"><ele>1680.9399719238281</ele></trkpt><trkpt lat="46.57006034394726" lon="7.944030276034027"><ele>1680.6899719238281</ele></trkpt><trkpt lat="46.57008034363389" lon="7.943920276127756"><ele>1680.2699890136719</ele></trkpt><trkpt lat="46.570090343710035" lon="7.943750275764614"><ele>1679.0899963378906</ele></trkpt><trkpt lat="46.57012034347281" lon="7.943640275858343"><ele>1678.25</ele></trkpt><trkpt lat="46.57018034346402" lon="7.943500275723636"><ele>1677.7699890136719</ele></trkpt><trkpt lat="46.57023034291342" lon="7.94334027543664"><ele>1677.0</ele></trkpt><trkpt lat="46.570260343141854" lon="7.943240275140852"><ele>1676.2799987792969</ele></trkpt><trkpt lat="46.57029034290463" lon="7.943120275158435"><ele>1675.97998046875</ele></trkpt><trkpt lat="46.57032034313306" lon="7.942870275117457"><ele>1675.8799743652344</ele></trkpt><trkpt lat="46.57033034320921" lon="7.94277027528733"><ele>1676.3199768066406</ele></trkpt><trkpt lat="46.57034034281969" lon="7.942630275152624"><ele>1676.1599731445312</ele></trkpt><trkpt lat="46.570350342895836" lon="7.942500275094062"><ele>1676.2099914550781</ele></trkpt><trkpt lat="46.57036034297198" lon="7.942440275568515"><ele>1676.3899841308594</ele></trkpt><trkpt lat="46.570370343048126" lon="7.942400275263935"><ele>1676.7699890136719</ele></trkpt><trkpt lat="46.57040034327656" lon="7.942360275425017"><ele>1677.719970703125</ele></trkpt><trkpt lat="46.570410343352705" lon="7.942340275738388"><ele>1678.1599731445312</ele></trkpt><trkpt lat="46.570410343352705" lon="7.942300275433809"><ele>1677.8099975585938</ele></trkpt><trkpt lat="46.57040034327656" lon="7.94226027559489"><ele>1677.2599792480469</ele></trkpt><trkpt lat="46.57040034327656" lon="7.942180275451392"><ele>1676.8199768066406</ele></trkpt><trkpt lat="46.57044034311548" lon="7.942060275468975"><ele>1677.8099975585938</ele></trkpt><trkpt lat="46.570470343343914" lon="7.941950275562704"><ele>1678.72998046875</ele></trkpt><trkpt lat="46.57048034342006" lon="7.941880275961012"><ele>1679.5499877929688</ele></trkpt><trkpt lat="46.570530344266444" lon="7.941740276291966"><ele>1682.219970703125</ele></trkpt><trkpt lat="46.57054034434259" lon="7.94164027646184"><ele>1684.1299743652344</ele></trkpt><trkpt lat="46.570530344732106" lon="7.941550276707858"><ele>1685.1799926757812</ele></trkpt><trkpt lat="46.570530344732106" lon="7.9415002767927945"><ele>1685.8899841308594</ele></trkpt><trkpt lat="46.570550344884396" lon="7.941450276877731"><ele>1686.3899841308594</ele></trkpt><trkpt lat="46.570630345493555" lon="7.941230277065188"><ele>1688.5399780273438</ele></trkpt><trkpt lat="46.57072034617886" lon="7.940930277574807"><ele>1691.5099792480469</ele></trkpt><trkpt lat="46.57076034601778" lon="7.940820277668536"><ele>1692.25</ele></trkpt><trkpt lat="46.57079034624621" lon="7.940750278066844"><ele>1692.7599792480469</ele></trkpt><trkpt lat="46.57084034662694" lon="7.94070027815178"><ele>1694.3099975585938</ele></trkpt><trkpt lat="46.57086034677923" lon="7.940640278160572"><ele>1694.989990234375</ele></trkpt><trkpt lat="46.57087034685537" lon="7.940560278482735"><ele>1695.5499877929688</ele></trkpt><trkpt lat="46.57090034708381" lon="7.940460278652608"><ele>1696.6299743652344</ele></trkpt><trkpt lat="46.57094034738839" lon="7.940390278585255"><ele>1698.0599975585938</ele></trkpt><trkpt lat="46.57095034746453" lon="7.940310278907418"><ele>1698.3299865722656</ele></trkpt><trkpt lat="46.57094034738839" lon="7.9402802786789834"><ele>1698.0499877929688</ele></trkpt><trkpt lat="46.57095034746453" lon="7.940140278544277"><ele>1697.8999938964844</ele></trkpt><trkpt lat="46.57096034754068" lon="7.940010278485715"><ele>1697.7899780273438</ele></trkpt><trkpt lat="46.57097034715116" lon="7.939960278570652"><ele>1697.7599792480469</ele></trkpt><trkpt lat="46.57097034761682" lon="7.939900278579444"><ele>1698.5</ele></trkpt><trkpt lat="46.57097034761682" lon="7.939820278901607"><ele>1698.4299926757812</ele></trkpt><trkpt lat="46.57097034761682" lon="7.939740278758109"><ele>1698.8099975585938</ele></trkpt><trkpt lat="46.57099034776911" lon="7.939660279080272"><ele>1699.8199768066406</ele></trkpt><trkpt lat="46.5710103479214" lon="7.93957027932629"><ele>1701.1299743652344</ele></trkpt><trkpt lat="46.57103034807369" lon="7.939460279420018"><ele>1701.7099914550781</ele></trkpt><trkpt lat="46.571020347997546" lon="7.939370279200375"><ele>1701.1499938964844</ele></trkpt><trkpt lat="46.571020347997546" lon="7.9392502792179585"><ele>1700.739990234375</ele></trkpt><trkpt lat="46.571020347997546" lon="7.939110279083252"><ele>1701.1399841308594</ele></trkpt><trkpt lat="46.57103034807369" lon="7.938930279109627"><ele>1701.6699829101562</ele></trkpt><trkpt lat="46.57105034822598" lon="7.938760279212147"><ele>1702.4099731445312</ele></trkpt><trkpt lat="46.571060348302126" lon="7.938610279466957"><ele>1703.239990234375</ele></trkpt><trkpt lat="46.57107034837827" lon="7.938410279806703"><ele>1704.1399841308594</ele></trkpt><trkpt lat="46.57110034953803" lon="7.937990280333906"><ele>1708.0999755859375</ele></trkpt><trkpt lat="46.57111034961417" lon="7.93787028035149"><ele>1708.7799987792969</ele></trkpt><trkpt lat="46.57112034969032" lon="7.9378102803602815"><ele>1709.3399963378906</ele></trkpt><trkpt lat="46.57113034976646" lon="7.937710280530155"><ele>1709.1899719238281</ele></trkpt><trkpt lat="46.57114034984261" lon="7.937600280623883"><ele>1709.5899963378906</ele></trkpt><trkpt lat="46.57114034984261" lon="7.9374602804891765"><ele>1710.1299743652344</ele></trkpt><trkpt lat="46.57113034976646" lon="7.937380280345678"><ele>1709.8399963378906</ele></trkpt><trkpt lat="46.57113034976646" lon="7.937310280278325"><ele>1709.7099914550781</ele></trkpt><trkpt lat="46.57113034976646" lon="7.937240280676633"><ele>1709.8599853515625</ele></trkpt><trkpt lat="46.57113034976646" lon="7.93717028060928"><ele>1710.2899780273438</ele></trkpt><trkpt lat="46.57118035061285" lon="7.93702028086409"><ele>1713.47998046875</ele></trkpt><trkpt lat="46.57118035061285" lon="7.936910280957818"><ele>1713.8399963378906</ele></trkpt><trkpt lat="46.57116035046056" lon="7.936810281127691"><ele>1714.47998046875</ele></trkpt><trkpt lat="46.57116035092622" lon="7.936760281212628"><ele>1714.6699829101562</ele></trkpt><trkpt lat="46.57118035107851" lon="7.9366402816958725"><ele>1716.3499755859375</ele></trkpt><trkpt lat="46.57119035162032" lon="7.936530281789601"><ele>1719.1199951171875</ele></trkpt><trkpt lat="46.571210351772606" lon="7.936450282111764"><ele>1720.5199890136719</ele></trkpt><trkpt lat="46.571230351924896" lon="7.936400282196701"><ele>1721.3999938964844</ele></trkpt><trkpt lat="46.571250352077186" lon="7.936260282527655"><ele>1722.5499877929688</ele></trkpt><trkpt lat="46.571270352229476" lon="7.936150282621384"><ele>1722.9399719238281</ele></trkpt><trkpt lat="46.57130035245791" lon="7.93608028255403"><ele>1723.0699768066406</ele></trkpt><trkpt lat="46.571330352220684" lon="7.936000282410532"><ele>1723.4199829101562</ele></trkpt><trkpt lat="46.571350352372974" lon="7.9359002825804055"><ele>1723.7099914550781</ele></trkpt><trkpt lat="46.571370352525264" lon="7.935830282513052"><ele>1723.9599914550781</ele></trkpt><trkpt lat="46.571390352677554" lon="7.935750282835215"><ele>1724.0599975585938</ele></trkpt><trkpt lat="46.57142035290599" lon="7.935680282767862"><ele>1724.6299743652344</ele></trkpt><trkpt lat="46.57144035259262" lon="7.935530283022672"><ele>1725.219970703125</ele></trkpt><trkpt lat="46.57145035266876" lon="7.935460282955319"><ele>1725.5399780273438</ele></trkpt><trkpt lat="46.57146035274491" lon="7.935290283057839"><ele>1725.3799743652344</ele></trkpt><trkpt lat="46.57147035282105" lon="7.935260282829404"><ele>1725.3999938964844</ele></trkpt><trkpt lat="46.57149035297334" lon="7.935200282838196"><ele>1725.739990234375</ele></trkpt><trkpt lat="46.57151035312563" lon="7.935160282999277"><ele>1726.1899719238281</ele></trkpt><trkpt lat="46.57153035327792" lon="7.935120283160359"><ele>1726.4399719238281</ele></trkpt><trkpt lat="46.57155035296455" lon="7.935090282931924"><ele>1726.5699768066406</ele></trkpt><trkpt lat="46.57157035311684" lon="7.93506028316915"><ele>1726.8699951171875</ele></trkpt><trkpt lat="46.571580353192985" lon="7.935020283330232"><ele>1727.0399780273438</ele></trkpt><trkpt lat="46.57159035326913" lon="7.934910282958299"><ele>1726.75</ele></trkpt><trkpt lat="46.571600353345275" lon="7.9348602830432355"><ele>1726.6999816894531</ele></trkpt><trkpt lat="46.57165035326034" lon="7.934730282984674"><ele>1726.6899719238281</ele></trkpt><trkpt lat="46.57167035294697" lon="7.934660282917321"><ele>1726.5899963378906</ele></trkpt><trkpt lat="46.57168035302311" lon="7.934540282934904"><ele>1726.3499755859375</ele></trkpt><trkpt lat="46.571710352785885" lon="7.934380283113569"><ele>1725.9499816894531</ele></trkpt><trkpt lat="46.57178035285324" lon="7.934080282691866"><ele>1725.3599853515625</ele></trkpt><trkpt lat="46.571770352777094" lon="7.933870282955468"><ele>1725.489990234375</ele></trkpt><trkpt lat="46.57178035285324" lon="7.933740282896906"><ele>1725.219970703125</ele></trkpt><trkpt lat="46.57179035292938" lon="7.933650282677263"><ele>1725.22998046875</ele></trkpt><trkpt lat="46.57180035300553" lon="7.933530282694846"><ele>1725.1599731445312</ele></trkpt><trkpt lat="46.57182035269216" lon="7.933420282788575"><ele>1724.8199768066406</ele></trkpt><trkpt lat="46.5719603523612" lon="7.932840282097459"><ele>1722.2599792480469</ele></trkpt><trkpt lat="46.57197035243735" lon="7.932760282419622"><ele>1722.0799865722656</ele></trkpt><trkpt lat="46.57198035204783" lon="7.932680282276124"><ele>1721.9599914550781</ele></trkpt><trkpt lat="46.571970351971686" lon="7.932600282132626"><ele>1721.9599914550781</ele></trkpt><trkpt lat="46.57194035220891" lon="7.932390282396227"><ele>1722.2699890136719</ele></trkpt><trkpt lat="46.571920352522284" lon="7.932290282100439"><ele>1722.5699768066406</ele></trkpt><trkpt lat="46.57189035229385" lon="7.932170282583684"><ele>1723.1099853515625</ele></trkpt><trkpt lat="46.571880352683365" lon="7.9320902824401855"><ele>1723.5599975585938</ele></trkpt><trkpt lat="46.571880352683365" lon="7.932030282448977"><ele>1723.7999877929688</ele></trkpt><trkpt lat="46.571900352369994" lon="7.931970282457769"><ele>1723.6099853515625</ele></trkpt><trkpt lat="46.57189035229385" lon="7.931970282457769"><ele>1723.5599975585938</ele></trkpt><trkpt lat="46.57189035229385" lon="7.931940282229334"><ele>1723.3699951171875</ele></trkpt><trkpt lat="46.57189035229385" lon="7.931880282238126"><ele>1723.1999816894531</ele></trkpt><trkpt lat="46.57189035229385" lon="7.931840282399207"><ele>1723.0099792480469</ele></trkpt><trkpt lat="46.57189035229385" lon="7.931790282484144"><ele>1722.7599792480469</ele></trkpt><trkpt lat="46.571900352369994" lon="7.931700282264501"><ele>1722.3199768066406</ele></trkpt><trkpt lat="46.57193035213277" lon="7.931550282053649"><ele>1721.5599975585938</ele></trkpt><trkpt lat="46.57205035164952" lon="7.931010281667113"><ele>1718.4099731445312</ele></trkpt><trkpt lat="46.572060351260006" lon="7.93094028159976"><ele>1718.2099914550781</ele></trkpt><trkpt lat="46.572120351251215" lon="7.930640281178057"><ele>1717.2099914550781</ele></trkpt><trkpt lat="46.57218035124242" lon="7.930340281222016"><ele>1716.4099731445312</ele></trkpt><trkpt lat="46.57219035085291" lon="7.930220281239599"><ele>1716.0699768066406</ele></trkpt><trkpt lat="46.57218035077676" lon="7.930110281333327"><ele>1715.7599792480469</ele></trkpt><trkpt lat="46.57218035077676" lon="7.929980281274766"><ele>1715.3299865722656</ele></trkpt><trkpt lat="46.57217035070062" lon="7.929880280978978"><ele>1714.9599914550781</ele></trkpt><trkpt lat="46.57219035085291" lon="7.929770281072706"><ele>1714.5999755859375</ele></trkpt><trkpt lat="46.572210350539535" lon="7.929640281014144"><ele>1714.1399841308594</ele></trkpt><trkpt lat="46.572270350530744" lon="7.929390280973166"><ele>1713.7999877929688</ele></trkpt><trkpt lat="46.57230035029352" lon="7.92919028038159"><ele>1712.719970703125</ele></trkpt><trkpt lat="46.57233035005629" lon="7.929090280551463"><ele>1712.3499755859375</ele></trkpt><trkpt lat="46.57235035020858" lon="7.92900028033182"><ele>1712.0699768066406</ele></trkpt><trkpt lat="46.572360350284725" lon="7.928980280645192"><ele>1712.0</ele></trkpt><trkpt lat="46.57245035003871" lon="7.928780280519277"><ele>1711.6999816894531</ele></trkpt><trkpt lat="46.572530350182205" lon="7.928630280308425"><ele>1711.0</ele></trkpt><trkpt lat="46.57263035001233" lon="7.9284402802586555"><ele>1710.5999755859375</ele></trkpt><trkpt lat="46.57263035001233" lon="7.928430280182511"><ele>1710.5899963378906</ele></trkpt><trkpt lat="46.572700350079685" lon="7.928240280132741"><ele>1710.2999877929688</ele></trkpt><trkpt lat="46.57278034975752" lon="7.9280002801679075"><ele>1709.5999755859375</ele></trkpt><trkpt lat="46.57284034974873" lon="7.927820279728621"><ele>1709.0099792480469</ele></trkpt><trkpt lat="46.57290034927428" lon="7.927600279916078"><ele>1708.2899780273438</ele></trkpt><trkpt lat="46.57294034957886" lon="7.927450279705226"><ele>1707.8299865722656</ele></trkpt><trkpt lat="46.572960349265486" lon="7.9272702797316015"><ele>1707.3199768066406</ele></trkpt><trkpt lat="46.573000349104404" lon="7.927030279301107"><ele>1706.47998046875</ele></trkpt><trkpt lat="46.57301034918055" lon="7.9269902794621885"><ele>1706.3199768066406</ele></trkpt><trkpt lat="46.57301034918055" lon="7.9269802793860435"><ele>1706.3999938964844</ele></trkpt><trkpt lat="46.57304034894332" lon="7.926850279327482"><ele>1706.0999755859375</ele></trkpt><trkpt lat="46.57306034909561" lon="7.9268102794885635"><ele>1705.7999877929688</ele></trkpt><trkpt lat="46.57307034917176" lon="7.926800279412419"><ele>1705.6699829101562</ele></trkpt><trkpt lat="46.57308034878224" lon="7.926770279183984"><ele>1705.6199951171875</ele></trkpt><trkpt lat="46.573110349010676" lon="7.92674027942121"><ele>1705.469970703125</ele></trkpt><trkpt lat="46.573150348849595" lon="7.9267102791927755"><ele>1705.1999816894531</ele></trkpt><trkpt lat="46.57320034876466" lon="7.926690279040486"><ele>1704.7899780273438</ele></trkpt><trkpt lat="46.573260348755866" lon="7.926650279201567"><ele>1704.3199768066406</ele></trkpt><trkpt lat="46.573300348594785" lon="7.926610278896987"><ele>1703.9399719238281</ele></trkpt><trkpt lat="46.573300348594785" lon="7.926610278896987"><ele>1703.8999938964844</ele></trkpt><trkpt lat="46.57333034835756" lon="7.926560278981924"><ele>1703.5299987792969</ele></trkpt><trkpt lat="46.57336034858599" lon="7.926500278990716"><ele>1702.9399719238281</ele></trkpt><trkpt lat="46.57336034858599" lon="7.926470278762281"><ele>1702.7699890136719</ele></trkpt><trkpt lat="46.57338034827262" lon="7.926420278847218"><ele>1702.8999938964844</ele></trkpt><trkpt lat="46.57340034795925" lon="7.926280278712511"><ele>1701.6199951171875</ele></trkpt><trkpt lat="46.57342034811154" lon="7.926200278569013"><ele>1701.0699768066406</ele></trkpt><trkpt lat="46.573430348187685" lon="7.92611027834937"><ele>1700.47998046875</ele></trkpt><trkpt lat="46.57344034779817" lon="7.926000278443098"><ele>1699.7999877929688</ele></trkpt><trkpt lat="46.57347034756094" lon="7.925790278241038"><ele>1698.5499877929688</ele></trkpt><trkpt lat="46.573520347476006" lon="7.925460278056562"><ele>1697.8699951171875</ele></trkpt><trkpt lat="46.57353034755215" lon="7.925330277998"><ele>1697.6599731445312</ele></trkpt><trkpt lat="46.573540347162634" lon="7.925280278082937"><ele>1697.5099792480469</ele></trkpt><trkpt lat="46.57355034723878" lon="7.925200277939439"><ele>1697.3299865722656</ele></trkpt><trkpt lat="46.57357034739107" lon="7.925070277880877"><ele>1696.9399719238281</ele></trkpt><trkpt lat="46.57362034684047" lon="7.924780277535319"><ele>1695.5499877929688</ele></trkpt><trkpt lat="46.573630346916616" lon="7.924670277629048"><ele>1694.9599914550781</ele></trkpt><trkpt lat="46.573630346916616" lon="7.92457027733326"><ele>1694.3399963378906</ele></trkpt><trkpt lat="46.57362034684047" lon="7.924460277426988"><ele>1693.7999877929688</ele></trkpt><trkpt lat="46.573610346764326" lon="7.924320277292281"><ele>1693.6699829101562</ele></trkpt><trkpt lat="46.57360034668818" lon="7.924250277224928"><ele>1693.3499755859375</ele></trkpt><trkpt lat="46.573590346612036" lon="7.924080277327448"><ele>1692.5199890136719</ele></trkpt><trkpt lat="46.573570345994085" lon="7.923930277116597"><ele>1691.5499877929688</ele></trkpt><trkpt lat="46.573570345994085" lon="7.923900276888162"><ele>1691.5499877929688</ele></trkpt><trkpt lat="46.573570345994085" lon="7.923870277125388"><ele>1691.5399780273438</ele></trkpt><trkpt lat="46.57358034607023" lon="7.9238502769730985"><ele>1691.5199890136719</ele></trkpt><trkpt lat="46.57358034607023" lon="7.923820277210325"><ele>1691.489990234375</ele></trkpt><trkpt lat="46.573590346146375" lon="7.92379027698189"><ele>1691.4499816894531</ele></trkpt><trkpt lat="46.57364034606144" lon="7.923690277151763"><ele>1691.3199768066406</ele></trkpt><trkpt lat="46.57366034621373" lon="7.923640276771039"><ele>1691.1499938964844</ele></trkpt><trkpt lat="46.57368034590036" lon="7.92360027693212"><ele>1690.9299926757812</ele></trkpt><trkpt lat="46.57373034581542" lon="7.923510276712477"><ele>1690.4499816894531</ele></trkpt><trkpt lat="46.57378034573048" lon="7.923420276958495"><ele>1690.1699829101562</ele></trkpt><trkpt lat="46.57381034595892" lon="7.923370276577771"><ele>1690.0199890136719</ele></trkpt><trkpt lat="46.57383034611121" lon="7.923340276814997"><ele>1689.9399719238281</ele></trkpt><trkpt lat="46.57385034579784" lon="7.923260276671499"><ele>1689.97998046875</ele></trkpt><trkpt lat="46.573950346093625" lon="7.922940277028829"><ele>1690.8499755859375</ele></trkpt><trkpt lat="46.57407034607604" lon="7.922540276776999"><ele>1690.3299865722656</ele></trkpt><trkpt lat="46.57407034607604" lon="7.922520276624709"><ele>1690.3099975585938</ele></trkpt><trkpt lat="46.574120345991105" lon="7.922420276794583"><ele>1690.1899719238281</ele></trkpt><trkpt lat="46.57415034575388" lon="7.922340276651084"><ele>1690.1799926757812</ele></trkpt><trkpt lat="46.57418034598231" lon="7.922300276812166"><ele>1690.1299743652344</ele></trkpt><trkpt lat="46.5742003461346" lon="7.922260276507586"><ele>1690.0199890136719</ele></trkpt><trkpt lat="46.574250346049666" lon="7.922200276516378"><ele>1689.719970703125</ele></trkpt><trkpt lat="46.574440345633775" lon="7.922000276856124"><ele>1689.719970703125</ele></trkpt><trkpt lat="46.574440345633775" lon="7.922000276856124"><ele>1689.75</ele></trkpt><trkpt lat="46.574650345835835" lon="7.921770276501775"><ele>1689.7799987792969</ele></trkpt><trkpt lat="46.57487034564838" lon="7.921560276765376"><ele>1689.5999755859375</ele></trkpt><trkpt lat="46.57491034595296" lon="7.9215302765369415"><ele>1689.2999877929688</ele></trkpt><trkpt lat="46.574950345791876" lon="7.921490276698023"><ele>1689.2999877929688</ele></trkpt><trkpt lat="46.57500034570694" lon="7.921470276545733"><ele>1689.4099731445312</ele></trkpt><trkpt lat="46.575030345935374" lon="7.921450276859105"><ele>1689.8999938964844</ele></trkpt><trkpt lat="46.57519034575671" lon="7.921460276469588"><ele>1688.1999816894531</ele></trkpt><trkpt lat="46.57519034575671" lon="7.921460276469588"><ele>1688.1999816894531</ele></trkpt><trkpt lat="46.57520034536719" lon="7.9214202761650085"><ele>1687.6999816894531</ele></trkpt><trkpt lat="46.57532034488395" lon="7.921350275631994"><ele>1683.739990234375</ele></trkpt><trkpt lat="46.57537034433335" lon="7.921300275251269"><ele>1681.6999816894531</ele></trkpt><trkpt lat="46.575380343943834" lon="7.9212702750228345"><ele>1680.219970703125</ele></trkpt><trkpt lat="46.57540034363046" lon="7.9212402747944"><ele>1679.1799926757812</ele></trkpt><trkpt lat="46.57542034378275" lon="7.921210274565965"><ele>1678.0099792480469</ele></trkpt><trkpt lat="46.575430343393236" lon="7.921180274803191"><ele>1677.1499938964844</ele></trkpt><trkpt lat="46.57544034346938" lon="7.921160274650902"><ele>1676.4499816894531</ele></trkpt><trkpt lat="46.57546034315601" lon="7.92116027418524"><ele>1675.6099853515625</ele></trkpt><trkpt lat="46.575470342766494" lon="7.921140274498612"><ele>1675.1899719238281</ele></trkpt><trkpt lat="46.57548034284264" lon="7.921130274422467"><ele>1674.8199768066406</ele></trkpt><trkpt lat="46.57549034291878" lon="7.921100274194032"><ele>1673.7099914550781</ele></trkpt><trkpt lat="46.57551034260541" lon="7.921070273965597"><ele>1672.25</ele></trkpt><trkpt lat="46.57553034182638" lon="7.920990273356438"><ele>1670.2899780273438</ele></trkpt><trkpt lat="46.5755703416653" lon="7.920940273441374"><ele>1668.5499877929688</ele></trkpt><trkpt lat="46.5755703416653" lon="7.920900273136795"><ele>1667.8699951171875</ele></trkpt><trkpt lat="46.57556034158915" lon="7.92087027290836"><ele>1667.2899780273438</ele></trkpt><trkpt lat="46.57558034127578" lon="7.920770272612572"><ele>1665.5199890136719</ele></trkpt><trkpt lat="46.575570340733975" lon="7.9206902724690735"><ele>1664.47998046875</ele></trkpt><trkpt lat="46.575610341038555" lon="7.920720272697508"><ele>1664.6399841308594</ele></trkpt><trkpt lat="46.57563034072518" lon="7.920740272849798"><ele>1664.7999877929688</ele></trkpt><trkpt lat="46.57568034110591" lon="7.920780272688717"><ele>1665.0399780273438</ele></trkpt><trkpt lat="46.57572034094483" lon="7.92083027260378"><ele>1665.0099792480469</ele></trkpt><trkpt lat="46.575760340783745" lon="7.920860272832215"><ele>1665.239990234375</ele></trkpt><trkpt lat="46.57579034101218" lon="7.920880272518843"><ele>1665.3899841308594</ele></trkpt><trkpt lat="46.57584034092724" lon="7.920890272594988"><ele>1665.5799865722656</ele></trkpt><trkpt lat="46.57596034137532" lon="7.920900272671133"><ele>1666.22998046875</ele></trkpt><trkpt lat="46.57604034151882" lon="7.9209102732129395"><ele>1667.489990234375</ele></trkpt><trkpt lat="46.576070341747254" lon="7.920930273365229"><ele>1668.3499755859375</ele></trkpt><trkpt lat="46.576110342051834" lon="7.920970273204148"><ele>1669.4499816894531</ele></trkpt><trkpt lat="46.57618034211919" lon="7.921000273432583"><ele>1670.1899719238281</ele></trkpt><trkpt lat="46.57625034218654" lon="7.921040273737162"><ele>1670.5299987792969</ele></trkpt><trkpt lat="46.576300342101604" lon="7.921070273499936"><ele>1671.1099853515625</ele></trkpt><trkpt lat="46.57634034240618" lon="7.921110273804516"><ele>1671.8399963378906</ele></trkpt><trkpt lat="46.57641034247354" lon="7.921170273795724"><ele>1673.2899780273438</ele></trkpt><trkpt lat="46.57645034277812" lon="7.921210274100304"><ele>1674.2599792480469</ele></trkpt><trkpt lat="46.57646034285426" lon="7.9212402743287385"><ele>1674.9199829101562</ele></trkpt><trkpt lat="46.576470342930406" lon="7.921280274167657"><ele>1675.6299743652344</ele></trkpt><trkpt lat="46.576490343082696" lon="7.921330274548382"><ele>1676.6099853515625</ele></trkpt><trkpt lat="46.57652034331113" lon="7.921380274463445"><ele>1677.5099792480469</ele></trkpt><trkpt lat="46.57660034392029" lon="7.921480274759233"><ele>1678.7799987792969</ele></trkpt><trkpt lat="46.576650343835354" lon="7.921560274902731"><ele>1679.4199829101562</ele></trkpt><trkpt lat="46.57671034429222" lon="7.921680275350809"><ele>1680.4599914550781</ele></trkpt><trkpt lat="46.576740344055" lon="7.921760275494307"><ele>1681.3699951171875</ele></trkpt><trkpt lat="46.57674034452066" lon="7.921810275409371"><ele>1681.969970703125</ele></trkpt><trkpt lat="46.57674034452066" lon="7.9218402756378055"><ele>1682.0199890136719</ele></trkpt><trkpt lat="46.57685034442693" lon="7.922040275298059"><ele>1681.5099792480469</ele></trkpt><trkpt lat="46.57693034410477" lon="7.922210275195539"><ele>1681.6899719238281</ele></trkpt><trkpt lat="46.57698034448549" lon="7.922310275491327"><ele>1682.3299865722656</ele></trkpt><trkpt lat="46.57698034448549" lon="7.922310275491327"><ele>1682.3999938964844</ele></trkpt><trkpt lat="46.577050344552845" lon="7.9224502756260335"><ele>1683.5</ele></trkpt><trkpt lat="46.57710034493357" lon="7.92259027576074"><ele>1684.1299743652344</ele></trkpt><trkpt lat="46.57713034469634" lon="7.922670275904238"><ele>1683.8599853515625</ele></trkpt><trkpt lat="46.57716034445912" lon="7.9228002754971385"><ele>1683.2699890136719</ele></trkpt><trkpt lat="46.57716034445912" lon="7.922810275573283"><ele>1683.219970703125</ele></trkpt><trkpt lat="46.57719034468755" lon="7.92295027570799"><ele>1682.3999938964844</ele></trkpt><trkpt lat="46.57721034437418" lon="7.9231402752920985"><ele>1681.6999816894531</ele></trkpt><trkpt lat="46.57726034428924" lon="7.923390275333077"><ele>1680.8999938964844</ele></trkpt><trkpt lat="46.577330343890935" lon="7.923710274975747"><ele>1679.0</ele></trkpt><trkpt lat="46.57740034349263" lon="7.924020275007933"><ele>1677.4599914550781</ele></trkpt><trkpt lat="46.577420343179256" lon="7.924110274761915"><ele>1676.8299865722656</ele></trkpt><trkpt lat="46.5774303432554" lon="7.924160274676979"><ele>1676.6499938964844</ele></trkpt><trkpt lat="46.577480343170464" lon="7.9243402746506035"><ele>1676.1099853515625</ele></trkpt><trkpt lat="46.577500343322754" lon="7.924390274565667"><ele>1676.0799865722656</ele></trkpt><trkpt lat="46.57756034331396" lon="7.924530274700373"><ele>1675.7599792480469</ele></trkpt><trkpt lat="46.577590343076736" lon="7.924590274691582"><ele>1675.6899719238281</ele></trkpt><trkpt lat="46.577630342915654" lon="7.92465027468279"><ele>1675.5999755859375</ele></trkpt><trkpt lat="46.57768034329638" lon="7.924710274673998"><ele>1675.6499938964844</ele></trkpt><trkpt lat="46.57774034328759" lon="7.9247902748174965"><ele>1676.0699768066406</ele></trkpt><trkpt lat="46.57777034351602" lon="7.92484027473256"><ele>1676.3299865722656</ele></trkpt><trkpt lat="46.57783034350723" lon="7.924910274799913"><ele>1676.8699951171875</ele></trkpt><trkpt lat="46.57787034334615" lon="7.924980274867266"><ele>1677.239990234375</ele></trkpt><trkpt lat="46.57789034349844" lon="7.92501027463004"><ele>1677.3499755859375</ele></trkpt><trkpt lat="46.57791034365073" lon="7.925040274858475"><ele>1677.47998046875</ele></trkpt><trkpt lat="46.5779403434135" lon="7.925110274925828"><ele>1677.6799926757812</ele></trkpt><trkpt lat="46.57798034371808" lon="7.9252202748321"><ele>1677.7099914550781</ele></trkpt><trkpt lat="46.578030343167484" lon="7.925350274890661"><ele>1676.75</ele></trkpt><trkpt lat="46.578050343319774" lon="7.925440274644643"><ele>1675.9199829101562</ele></trkpt><trkpt lat="46.578050343319774" lon="7.925450274720788"><ele>1675.8299865722656</ele></trkpt><trkpt lat="46.57806034293026" lon="7.925530274398625"><ele>1675.2599792480469</ele></trkpt><trkpt lat="46.57808034308255" lon="7.925680274609476"><ele>1674.489990234375</ele></trkpt><trkpt lat="46.57808034308255" lon="7.925750274211168"><ele>1674.1899719238281</ele></trkpt><trkpt lat="46.57809034269303" lon="7.925810274202377"><ele>1674.0099792480469</ele></trkpt><trkpt lat="46.578120342921466" lon="7.92590027442202"><ele>1673.5999755859375</ele></trkpt><trkpt lat="46.578140342608094" lon="7.925970274023712"><ele>1673.2999877929688</ele></trkpt><trkpt lat="46.57820034213364" lon="7.926130273845047"><ele>1671.6299743652344</ele></trkpt><trkpt lat="46.57834034180269" lon="7.92648027325049"><ele>1668.1899719238281</ele></trkpt><trkpt lat="46.57841034140438" lon="7.926620273385197"><ele>1667.8099975585938</ele></trkpt><trkpt lat="46.57847034139559" lon="7.926760273054242"><ele>1667.0999755859375</ele></trkpt><trkpt lat="46.57850034162402" lon="7.9268202730454504"><ele>1666.8999938964844</ele></trkpt><trkpt lat="46.57854034146294" lon="7.926870273426175"><ele>1667.2999877929688</ele></trkpt><trkpt lat="46.57857034122571" lon="7.926910273265094"><ele>1666.7999877929688</ele></trkpt><trkpt lat="46.578590341378" lon="7.926930272951722"><ele>1666.2899780273438</ele></trkpt><trkpt lat="46.57863034121692" lon="7.926960273180157"><ele>1666.0499877929688</ele></trkpt><trkpt lat="46.57867034105584" lon="7.926970273256302"><ele>1665.969970703125</ele></trkpt><trkpt lat="46.57869034120813" lon="7.926970273256302"><ele>1665.9299926757812</ele></trkpt><trkpt lat="46.578700341284275" lon="7.926970273256302"><ele>1665.5999755859375</ele></trkpt><trkpt lat="46.57874034112319" lon="7.926940273027867"><ele>1665.6999816894531</ele></trkpt><trkpt lat="46.57876034127548" lon="7.926920272875577"><ele>1665.8299865722656</ele></trkpt><trkpt lat="46.57876034127548" lon="7.926910273265094"><ele>1665.8399963378906</ele></trkpt><trkpt lat="46.57881034119055" lon="7.926830273121595"><ele>1665.9399719238281</ele></trkpt><trkpt lat="46.57883034134284" lon="7.926770273130387"><ele>1665.9199829101562</ele></trkpt><trkpt lat="46.578870341181755" lon="7.926710273139179"><ele>1665.8899841308594</ele></trkpt><trkpt lat="46.5788803412579" lon="7.926680272910744"><ele>1665.8799743652344</ele></trkpt><trkpt lat="46.57892034109682" lon="7.926630272995681"><ele>1665.9499816894531</ele></trkpt><trkpt lat="46.5789603414014" lon="7.926580273080617"><ele>1665.8099975585938</ele></trkpt><trkpt lat="46.579020340926945" lon="7.926530273165554"><ele>1665.5199890136719</ele></trkpt><trkpt lat="46.57910034107044" lon="7.926460272632539"><ele>1664.1799926757812</ele></trkpt><trkpt lat="46.57916034059599" lon="7.926420272793621"><ele>1662.9399719238281</ele></trkpt><trkpt lat="46.57920034043491" lon="7.926380272489041"><ele>1662.219970703125</ele></trkpt><trkpt lat="46.57925034034997" lon="7.926290272269398"><ele>1661.0</ele></trkpt><trkpt lat="46.579300339799374" lon="7.926180271897465"><ele>1659.6499938964844</ele></trkpt><trkpt lat="46.57933033956215" lon="7.926100271753967"><ele>1658.6299743652344</ele></trkpt><trkpt lat="46.57936033979058" lon="7.9260402717627585"><ele>1657.6799926757812</ele></trkpt><trkpt lat="46.57940033916384" lon="7.925990271382034"><ele>1656.6199951171875</ele></trkpt><trkpt lat="46.57944033946842" lon="7.92596027161926"><ele>1655.8199768066406</ele></trkpt><trkpt lat="46.57949033891782" lon="7.92594027146697"><ele>1655.0899963378906</ele></trkpt><trkpt lat="46.5795803386718" lon="7.925900271162391"><ele>1653.9399719238281</ele></trkpt><trkpt lat="46.57964033866301" lon="7.925870270933956"><ele>1653.0999755859375</ele></trkpt><trkpt lat="46.57970033865422" lon="7.925810270942748"><ele>1652.8399963378906</ele></trkpt><trkpt lat="46.579860338475555" lon="7.925660270731896"><ele>1651.3699951171875</ele></trkpt><trkpt lat="46.57992033846676" lon="7.925610270816833"><ele>1650.8399963378906</ele></trkpt><trkpt lat="46.580050338059664" lon="7.925530270207673"><ele>1649.6399841308594</ele></trkpt><trkpt lat="46.58019033772871" lon="7.92544026998803"><ele>1647.8099975585938</ele></trkpt><trkpt lat="46.58025033771992" lon="7.925410270225257"><ele>1647.0299987792969</ele></trkpt><trkpt lat="46.5803403374739" lon="7.925370269920677"><ele>1645.8699951171875</ele></trkpt><trkpt lat="46.580460336990654" lon="7.925330269616097"><ele>1644.0299987792969</ele></trkpt><trkpt lat="46.580570336431265" lon="7.9252902693115175"><ele>1642.4399719238281</ele></trkpt><trkpt lat="46.58069033594802" lon="7.925280268769711"><ele>1640.1699829101562</ele></trkpt><trkpt lat="46.58075033593923" lon="7.925280268769711"><ele>1639.1199951171875</ele></trkpt><trkpt lat="46.58079033577815" lon="7.925290268845856"><ele>1638.2999877929688</ele></trkpt><trkpt lat="46.5809103352949" lon="7.925320268142968"><ele>1636.3999938964844</ele></trkpt><trkpt lat="46.581000335048884" lon="7.925330268219113"><ele>1635.5999755859375</ele></trkpt><trkpt lat="46.58105033496395" lon="7.925350267905742"><ele>1634.8699951171875</ele></trkpt><trkpt lat="46.58120033470914" lon="7.925400267820805"><ele>1632.989990234375</ele></trkpt><trkpt lat="46.5813803342171" lon="7.925490267574787"><ele>1630.75</ele></trkpt><trkpt lat="46.58164033386856" lon="7.9256102670915425"><ele>1628.5999755859375</ele></trkpt><trkpt lat="46.581710333935916" lon="7.925630266778171"><ele>1627.7899780273438</ele></trkpt><trkpt lat="46.58184033352882" lon="7.925650266930461"><ele>1626.3299865722656</ele></trkpt><trkpt lat="46.581880333367735" lon="7.925660266540945"><ele>1625.75</ele></trkpt><trkpt lat="46.58198033319786" lon="7.925680266227573"><ele>1624.25</ele></trkpt><trkpt lat="46.58210033271462" lon="7.9257302661426365"><ele>1622.4499816894531</ele></trkpt><trkpt lat="46.582240331918" lon="7.925770265515894"><ele>1619.8999938964844</ele></trkpt><trkpt lat="46.582310331985354" lon="7.9258002657443285"><ele>1619.219970703125</ele></trkpt><trkpt lat="46.5823203320615" lon="7.925810265820473"><ele>1619.0699768066406</ele></trkpt><trkpt lat="46.582440331578255" lon="7.925900265108794"><ele>1617.2999877929688</ele></trkpt><trkpt lat="46.5824503316544" lon="7.925920265261084"><ele>1617.0099792480469</ele></trkpt><trkpt lat="46.58250033156946" lon="7.925980265252292"><ele>1615.9599914550781</ele></trkpt><trkpt lat="46.582550331018865" lon="7.926060264930129"><ele>1614.8899841308594</ele></trkpt><trkpt lat="46.582570331171155" lon="7.926090264692903"><ele>1614.47998046875</ele></trkpt><trkpt lat="46.582590330857784" lon="7.926140265073627"><ele>1614.3999938964844</ele></trkpt><trkpt lat="46.58262033062056" lon="7.926210264675319"><ele>1613.1999816894531</ele></trkpt><trkpt lat="46.5826303306967" lon="7.926280264277011"><ele>1612.0999755859375</ele></trkpt><trkpt lat="46.582660330459476" lon="7.926420264411718"><ele>1610.7699890136719</ele></trkpt><trkpt lat="46.582680330146104" lon="7.926550264004618"><ele>1609.5</ele></trkpt><trkpt lat="46.58269033022225" lon="7.926580264233053"><ele>1609.1999816894531</ele></trkpt><trkpt lat="46.58271032990888" lon="7.926600263919681"><ele>1609.2099914550781</ele></trkpt><trkpt lat="46.58272032998502" lon="7.926620264071971"><ele>1609.0099792480469</ele></trkpt><trkpt lat="46.582750329747796" lon="7.926630264148116"><ele>1608.72998046875</ele></trkpt><trkpt lat="46.58287032973021" lon="7.92666026391089"><ele>1607.6299743652344</ele></trkpt><trkpt lat="46.5828903298825" lon="7.92666026391089"><ele>1607.4299926757812</ele></trkpt><trkpt lat="46.58306032931432" lon="7.926650263369083"><ele>1606.0799865722656</ele></trkpt><trkpt lat="46.583070329390466" lon="7.926650263369083"><ele>1605.969970703125</ele></trkpt><trkpt lat="46.58308032946661" lon="7.926650263369083"><ele>1605.9299926757812</ele></trkpt><trkpt lat="46.58320032898337" lon="7.9266302632167935"><ele>1604.989990234375</ele></trkpt><trkpt lat="46.58327032905072" lon="7.9266302632167935"><ele>1604.2999877929688</ele></trkpt><trkpt lat="46.58331032888964" lon="7.9266302632167935"><ele>1603.5999755859375</ele></trkpt><trkpt lat="46.58342032879591" lon="7.926650262903422"><ele>1602.7599792480469</ele></trkpt><trkpt lat="46.58345032855868" lon="7.926660262979567"><ele>1602.6899719238281</ele></trkpt><trkpt lat="46.58353032870218" lon="7.926680263131857"><ele>1601.97998046875</ele></trkpt><trkpt lat="46.58362032845616" lon="7.92671026289463"><ele>1601.0199890136719</ele></trkpt><trkpt lat="46.58364032814279" lon="7.926720262505114"><ele>1600.739990234375</ele></trkpt><trkpt lat="46.583690328057855" lon="7.926740262657404"><ele>1600.1899719238281</ele></trkpt><trkpt lat="46.58377032820135" lon="7.926780262496322"><ele>1599.47998046875</ele></trkpt><trkpt lat="46.58385032787919" lon="7.926840262487531"><ele>1598.7699890136719</ele></trkpt><trkpt lat="46.58393032802269" lon="7.926900262478739"><ele>1597.9399719238281</ele></trkpt><trkpt lat="46.584010327700526" lon="7.926950261928141"><ele>1596.969970703125</ele></trkpt><trkpt lat="46.584140327293426" lon="7.927040261682123"><ele>1594.8399963378906</ele></trkpt><trkpt lat="46.584140327293426" lon="7.927040261682123"><ele>1594.3999938964844</ele></trkpt><trkpt lat="46.584160326980054" lon="7.927050261758268"><ele>1594.4199829101562</ele></trkpt><trkpt lat="46.58422032697126" lon="7.927080261521041"><ele>1593.2999877929688</ele></trkpt><trkpt lat="46.58433032641187" lon="7.927170261275023"><ele>1591.8499755859375</ele></trkpt><trkpt lat="46.58436032664031" lon="7.927200261037797"><ele>1591.3699951171875</ele></trkpt><trkpt lat="46.584400326479226" lon="7.9272302612662315"><ele>1590.5999755859375</ele></trkpt><trkpt lat="46.58445032592863" lon="7.927280261181295"><ele>1589.5999755859375</ele></trkpt><trkpt lat="46.58446032600477" lon="7.927290260791779"><ele>1589.489990234375</ele></trkpt><trkpt lat="46.58452032553032" lon="7.92740026069805"><ele>1587.5</ele></trkpt><trkpt lat="46.58454032568261" lon="7.927450260613114"><ele>1586.72998046875</ele></trkpt><trkpt lat="46.58456032536924" lon="7.927520260214806"><ele>1585.2999877929688</ele></trkpt><trkpt lat="46.58459032513201" lon="7.927630260121077"><ele>1583.5999755859375</ele></trkpt><trkpt lat="46.58461032481864" lon="7.927700259722769"><ele>1583.0899963378906</ele></trkpt><trkpt lat="46.584620324894786" lon="7.927720259875059"><ele>1582.6999816894531</ele></trkpt><trkpt lat="46.584660324733704" lon="7.927800260018557"><ele>1582.5</ele></trkpt><trkpt lat="46.58472032472491" lon="7.927880259696394"><ele>1582.5</ele></trkpt><trkpt lat="46.58476032456383" lon="7.9279502597637475"><ele>1582.0199890136719</ele></trkpt><trkpt lat="46.58480032440275" lon="7.928050259593874"><ele>1581.239990234375</ele></trkpt><trkpt lat="46.58482032455504" lon="7.928100259508938"><ele>1580.7699890136719</ele></trkpt><trkpt lat="46.58484032424167" lon="7.928180259652436"><ele>1579.8999938964844</ele></trkpt><trkpt lat="46.58484032424167" lon="7.928210259415209"><ele>1579.7599792480469</ele></trkpt><trkpt lat="46.5848603239283" lon="7.928260259330273"><ele>1579.5</ele></trkpt><trkpt lat="46.5848603239283" lon="7.928310259245336"><ele>1578.7699890136719</ele></trkpt><trkpt lat="46.5848603239283" lon="7.92834025900811"><ele>1578.2999877929688</ele></trkpt><trkpt lat="46.5848603239283" lon="7.928390259388834"><ele>1577.97998046875</ele></trkpt><trkpt lat="46.5848603239283" lon="7.928470259066671"><ele>1577.3999938964844</ele></trkpt><trkpt lat="46.584860323462635" lon="7.928560258820653"><ele>1576.5</ele></trkpt><trkpt lat="46.58485032338649" lon="7.928610258735716"><ele>1576.0</ele></trkpt><trkpt lat="46.584860322996974" lon="7.928780258633196"><ele>1574.7999877929688</ele></trkpt><trkpt lat="46.584880323149264" lon="7.928900258615613"><ele>1573.8999938964844</ele></trkpt><trkpt lat="46.58489032275975" lon="7.928940258454531"><ele>1573.4599914550781</ele></trkpt><trkpt lat="46.58491032291204" lon="7.928990258369595"><ele>1573.0</ele></trkpt><trkpt lat="46.58494032267481" lon="7.929060258436948"><ele>1572.5</ele></trkpt><trkpt lat="46.58503032242879" lon="7.929140258114785"><ele>1571.6099853515625</ele></trkpt><trkpt lat="46.58511032257229" lon="7.929220258258283"><ele>1570.8999938964844</ele></trkpt><trkpt lat="46.585160322487354" lon="7.929260258097202"><ele>1570.5999755859375</ele></trkpt><trkpt lat="46.58518032217398" lon="7.92930025793612"><ele>1570.3999938964844</ele></trkpt><trkpt lat="46.585230322089046" lon="7.929370258003473"><ele>1569.6399841308594</ele></trkpt><trkpt lat="46.58534032199532" lon="7.929520257748663"><ele>1568.2999877929688</ele></trkpt><trkpt lat="46.58541032159701" lon="7.929610257502645"><ele>1567.1999816894531</ele></trkpt><trkpt lat="46.58548032166436" lon="7.929680257104337"><ele>1566.0</ele></trkpt><trkpt lat="46.58554032118991" lon="7.929730257019401"><ele>1565.0999755859375</ele></trkpt><trkpt lat="46.585680320858955" lon="7.929830256849527"><ele>1561.7999877929688</ele></trkpt><trkpt lat="46.58580032037571" lon="7.929970256052911"><ele>1559.5</ele></trkpt><trkpt lat="46.585810319986194" lon="7.929970256052911"><ele>1559.3799743652344</ele></trkpt><trkpt lat="46.58586031990126" lon="7.930010256357491"><ele>1558.5999755859375</ele></trkpt><trkpt lat="46.58589032012969" lon="7.93003025604412"><ele>1558.3399963378906</ele></trkpt><trkpt lat="46.585940320044756" lon="7.930070255883038"><ele>1557.8999938964844</ele></trkpt><trkpt lat="46.585980319883674" lon="7.930100256111473"><ele>1557.469970703125</ele></trkpt><trkpt lat="46.58603031979874" lon="7.930120255798101"><ele>1556.8999938964844</ele></trkpt><trkpt lat="46.58612031955272" lon="7.93018025578931"><ele>1556.8999938964844</ele></trkpt><trkpt lat="46.586220319382846" lon="7.930220255628228"><ele>1556.4399719238281</ele></trkpt><trkpt lat="46.586280319374055" lon="7.930240255780518"><ele>1555.5999755859375</ele></trkpt><trkpt lat="46.58633031928912" lon="7.930260255467147"><ele>1555.3999938964844</ele></trkpt><trkpt lat="46.586410318966955" lon="7.930280255153775"><ele>1553.6999816894531</ele></trkpt><trkpt lat="46.58644031919539" lon="7.93029025522992"><ele>1553.3999938964844</ele></trkpt><trkpt lat="46.58666031854227" lon="7.93029025522992"><ele>1551.3599853515625</ele></trkpt><trkpt lat="46.58668031869456" lon="7.930290254764259"><ele>1551.0999755859375</ele></trkpt><trkpt lat="46.58691031811759" lon="7.930330254603177"><ele>1550.1199951171875</ele></trkpt><trkpt lat="46.587090318091214" lon="7.930370254442096"><ele>1549.0999755859375</ele></trkpt><trkpt lat="46.58715031808242" lon="7.930390254594386"><ele>1548.1799926757812</ele></trkpt><trkpt lat="46.58719031792134" lon="7.930410254281014"><ele>1547.1999816894531</ele></trkpt><trkpt lat="46.587310317438096" lon="7.930490253958851"><ele>1544.8999938964844</ele></trkpt><trkpt lat="46.5873603168875" lon="7.9305302537977695"><ele>1543.8099975585938</ele></trkpt><trkpt lat="46.587440317030996" lon="7.930590253788978"><ele>1542.8999938964844</ele></trkpt><trkpt lat="46.58749031694606" lon="7.930630253627896"><ele>1542.3999938964844</ele></trkpt><trkpt lat="46.58754031686112" lon="7.930650253314525"><ele>1542.0999755859375</ele></trkpt><trkpt lat="46.587570316623896" lon="7.930650253314525"><ele>1541.5999755859375</ele></trkpt><trkpt lat="46.58764031669125" lon="7.930620253551751"><ele>1541.0</ele></trkpt><trkpt lat="46.5877003162168" lon="7.93062025308609"><ele>1540.2899780273438</ele></trkpt><trkpt lat="46.58781031612307" lon="7.93062025308609"><ele>1538.8999938964844</ele></trkpt><trkpt lat="46.58788031572476" lon="7.93062025308609"><ele>1538.0999755859375</ele></trkpt><trkpt lat="46.588060315698385" lon="7.930660252459347"><ele>1536.7099914550781</ele></trkpt><trkpt lat="46.58809031592682" lon="7.930670252535492"><ele>1537.0</ele></trkpt><trkpt lat="46.588250315748155" lon="7.930670252535492"><ele>1536.1999816894531</ele></trkpt><trkpt lat="46.588400315027684" lon="7.930640252307057"><ele>1534.2099914550781</ele></trkpt><trkpt lat="46.588440315332264" lon="7.9306302522309124"><ele>1534.3999938964844</ele></trkpt><trkpt lat="46.588530315086246" lon="7.930590251926333"><ele>1532.5</ele></trkpt><trkpt lat="46.58869031444192" lon="7.930510251317173"><ele>1529.3999938964844</ele></trkpt><trkpt lat="46.58873031381518" lon="7.930490251164883"><ele>1528.1899719238281</ele></trkpt><trkpt lat="46.58891031332314" lon="7.930360251106322"><ele>1525.7999877929688</ele></trkpt><trkpt lat="46.58902031322941" lon="7.930290250573307"><ele>1523.1399841308594</ele></trkpt><trkpt lat="46.58910031290725" lon="7.930240250192583"><ele>1522.3999938964844</ele></trkpt><trkpt lat="46.58924031211063" lon="7.930190249811858"><ele>1519.6999816894531</ele></trkpt><trkpt lat="46.589310312177986" lon="7.930180249735713"><ele>1518.7699890136719</ele></trkpt><trkpt lat="46.58934031194076" lon="7.930170249659568"><ele>1518.5999755859375</ele></trkpt><trkpt lat="46.58949031168595" lon="7.930140249431133"><ele>1517.0999755859375</ele></trkpt><trkpt lat="46.58962031174451" lon="7.930140249431133"><ele>1517.0</ele></trkpt><trkpt lat="46.58974031172693" lon="7.930160249583423"><ele>1516.3999938964844</ele></trkpt><trkpt lat="46.589780311565846" lon="7.930170249659568"><ele>1516.3499755859375</ele></trkpt><trkpt lat="46.58987031178549" lon="7.930190249346197"><ele>1516.0</ele></trkpt><trkpt lat="46.59009031066671" lon="7.930270248558372"><ele>1512.0999755859375</ele></trkpt><trkpt lat="46.590230310335755" lon="7.930330248549581"><ele>1509.6899719238281</ele></trkpt><trkpt lat="46.5902403104119" lon="7.930330248549581"><ele>1509.5999755859375</ele></trkpt><trkpt lat="46.59030031040311" lon="7.930390248075128"><ele>1508.8999938964844</ele></trkpt><trkpt lat="46.59035030985251" lon="7.930450248066336"><ele>1508.1799926757812</ele></trkpt><trkpt lat="46.590360309928656" lon="7.930470248218626"><ele>1508.0199890136719</ele></trkpt><trkpt lat="46.590420309919864" lon="7.930530248209834"><ele>1507.3999938964844</ele></trkpt><trkpt lat="46.59044030960649" lon="7.930560247972608"><ele>1507.0799865722656</ele></trkpt><trkpt lat="46.59045030968264" lon="7.9305702480487525"><ele>1507.0</ele></trkpt><trkpt lat="46.59049030998722" lon="7.930600247811526"><ele>1506.6999816894531</ele></trkpt><trkpt lat="46.59061030950397" lon="7.930600247811526"><ele>1505.8999938964844</ele></trkpt><trkpt lat="46.590660309419036" lon="7.930560247506946"><ele>1505.5999755859375</ele></trkpt><trkpt lat="46.590700309257954" lon="7.930490247439593"><ele>1505.1999816894531</ele></trkpt><trkpt lat="46.5907103093341" lon="7.930480247829109"><ele>1505.1999816894531</ele></trkpt><trkpt lat="46.59076030924916" lon="7.930430247448385"><ele>1504.8899841308594</ele></trkpt><trkpt lat="46.59077030932531" lon="7.930420247837901"><ele>1504.8299865722656</ele></trkpt><trkpt lat="46.590810309164226" lon="7.930390247609466"><ele>1504.8299865722656</ele></trkpt><trkpt lat="46.59086030954495" lon="7.9303602473810315"><ele>1504.8299865722656</ele></trkpt><trkpt lat="46.590930309612304" lon="7.930310247465968"><ele>1504.7999877929688</ele></trkpt><trkpt lat="46.59098030952737" lon="7.9303002478554845"><ele>1504.9599914550781</ele></trkpt><trkpt lat="46.59107030928135" lon="7.930280247703195"><ele>1505.0699768066406</ele></trkpt><trkpt lat="46.5911403093487" lon="7.930260247550905"><ele>1505.0999755859375</ele></trkpt><trkpt lat="46.591270309407264" lon="7.930260247550905"><ele>1504.6999816894531</ele></trkpt><trkpt lat="46.59134030947462" lon="7.93027024762705"><ele>1504.8199768066406</ele></trkpt><trkpt lat="46.591400309465826" lon="7.930280247703195"><ele>1504.8999938964844</ele></trkpt><trkpt lat="46.59153030952439" lon="7.930310247465968"><ele>1504.8999938964844</ele></trkpt><trkpt lat="46.591630309354514" lon="7.930330247618258"><ele>1505.0999755859375</ele></trkpt><trkpt lat="46.5917303096503" lon="7.930350247770548"><ele>1505.4599914550781</ele></trkpt><trkpt lat="46.59175030933693" lon="7.930360247846693"><ele>1505.5</ele></trkpt><trkpt lat="46.59183030948043" lon="7.930390247609466"><ele>1506.0</ele></trkpt><trkpt lat="46.59189030947164" lon="7.930440247990191"><ele>1506.0</ele></trkpt><trkpt lat="46.59196030953899" lon="7.930520247668028"><ele>1505.7999877929688</ele></trkpt><trkpt lat="46.5920203095302" lon="7.930610247887671"><ele>1505.5599975585938</ele></trkpt><trkpt lat="46.5920203095302" lon="7.930620247498155"><ele>1505.5</ele></trkpt><trkpt lat="46.59209030959755" lon="7.930700247641653"><ele>1505.0999755859375</ele></trkpt><trkpt lat="46.59213030943647" lon="7.930740247480571"><ele>1505.0999755859375</ele></trkpt><trkpt lat="46.592140309512615" lon="7.930740247480571"><ele>1505.0299987792969</ele></trkpt><trkpt lat="46.59219030942768" lon="7.930750247556716"><ele>1504.5999755859375</ele></trkpt><trkpt lat="46.59224030934274" lon="7.930760247632861"><ele>1504.2999877929688</ele></trkpt><trkpt lat="46.59228030918166" lon="7.930740247480571"><ele>1504.3999938964844</ele></trkpt><trkpt lat="46.592310309410095" lon="7.930720247328281"><ele>1504.3999938964844</ele></trkpt><trkpt lat="46.59236030932516" lon="7.930680247489363"><ele>1504.0999755859375</ele></trkpt><trkpt lat="46.59240030916408" lon="7.930650247260928"><ele>1503.97998046875</ele></trkpt><trkpt lat="46.59243030939251" lon="7.9306302475743"><ele>1503.8999938964844</ele></trkpt><trkpt lat="46.59255030937493" lon="7.93059024726972"><ele>1503.3999938964844</ele></trkpt><trkpt lat="46.59273030888289" lon="7.930560247041285"><ele>1502.1999816894531</ele></trkpt><trkpt lat="46.592860308941454" lon="7.930580247193575"><ele>1501.4099731445312</ele></trkpt><trkpt lat="46.59290030878037" lon="7.930580247193575"><ele>1501.5</ele></trkpt><trkpt lat="46.5930003086105" lon="7.930610246956348"><ele>1500.7999877929688</ele></trkpt><trkpt lat="46.59307030867785" lon="7.930630247108638"><ele>1500.3999938964844</ele></trkpt><trkpt lat="46.59311030851677" lon="7.930670246947557"><ele>1500.3099975585938</ele></trkpt><trkpt lat="46.593140308279544" lon="7.930690247099847"><ele>1500.0999755859375</ele></trkpt><trkpt lat="46.59317030850798" lon="7.930710246786475"><ele>1500.0999755859375</ele></trkpt><trkpt lat="46.59317030850798" lon="7.93072024686262"><ele>1500.0899963378906</ele></trkpt><trkpt lat="46.5932103083469" lon="7.930780246853828"><ele>1500.0999755859375</ele></trkpt><trkpt lat="46.59326030826196" lon="7.930840246845037"><ele>1499.6999816894531</ele></trkpt><trkpt lat="46.593290308490396" lon="7.930880246683955"><ele>1499.6999816894531</ele></trkpt><trkpt lat="46.59332030825317" lon="7.930900246836245"><ele>1499.219970703125</ele></trkpt><trkpt lat="46.59334030840546" lon="7.93091024691239"><ele>1499.0</ele></trkpt><trkpt lat="46.59336030809209" lon="7.930930246599019"><ele>1498.22998046875</ele></trkpt><trkpt lat="46.593400307931006" lon="7.930950246285647"><ele>1497.2999877929688</ele></trkpt><trkpt lat="46.593510307371616" lon="7.930960246361792"><ele>1495.3999938964844</ele></trkpt><trkpt lat="46.59358030743897" lon="7.930950245819986"><ele>1494.1299743652344</ele></trkpt><trkpt lat="46.59361030720174" lon="7.930950245819986"><ele>1493.5</ele></trkpt><trkpt lat="46.59371030703187" lon="7.930940245743841"><ele>1491.6999816894531</ele></trkpt><trkpt lat="46.59384030662477" lon="7.930970245040953"><ele>1489.5999755859375</ele></trkpt><trkpt lat="46.59402030566707" lon="7.93105024471879"><ele>1485.8999938964844</ele></trkpt><trkpt lat="46.59408030565828" lon="7.931080244481564"><ele>1484.97998046875</ele></trkpt><trkpt lat="46.59414030518383" lon="7.931110244244337"><ele>1483.2999877929688</ele></trkpt><trkpt lat="46.59419030509889" lon="7.931130244396627"><ele>1483.0399780273438</ele></trkpt><trkpt lat="46.5942503050901" lon="7.931170243769884"><ele>1481.6999816894531</ele></trkpt><trkpt lat="46.59432030469179" lon="7.9312202436849475"><ele>1480.0999755859375</ele></trkpt><trkpt lat="46.59439030429348" lon="7.931280243676156"><ele>1479.0</ele></trkpt><trkpt lat="46.59447030397132" lon="7.931380243040621"><ele>1477.0999755859375</ele></trkpt><trkpt lat="46.59449030365795" lon="7.931400243192911"><ele>1476.72998046875</ele></trkpt><trkpt lat="46.59454030357301" lon="7.9314502431079745"><ele>1475.6999816894531</ele></trkpt><trkpt lat="46.59467030316591" lon="7.93155024247244"><ele>1473.2099914550781</ele></trkpt><trkpt lat="46.594720303080976" lon="7.9315902423113585"><ele>1472.1999816894531</ele></trkpt><trkpt lat="46.59489030204713" lon="7.931730241980404"><ele>1468.6999816894531</ele></trkpt><trkpt lat="46.59492030227557" lon="7.931760241743177"><ele>1468.0199890136719</ele></trkpt><trkpt lat="46.59496030211449" lon="7.931800241582096"><ele>1467.2999877929688</ele></trkpt><trkpt lat="46.595000301953405" lon="7.931850241497159"><ele>1466.489990234375</ele></trkpt><trkpt lat="46.59503030171618" lon="7.9318802412599325"><ele>1465.8499755859375</ele></trkpt><trkpt lat="46.595040301792324" lon="7.9318902413360775"><ele>1465.4199829101562</ele></trkpt><trkpt lat="46.59508030163124" lon="7.931930241174996"><ele>1464.8999938964844</ele></trkpt><trkpt lat="46.59516030130908" lon="7.931970241013914"><ele>1463.5</ele></trkpt><trkpt lat="46.59534030081704" lon="7.932040240615606"><ele>1460.7799987792969</ele></trkpt><trkpt lat="46.59548030002043" lon="7.932100240141153"><ele>1458.2999877929688</ele></trkpt><trkpt lat="46.59564029984176" lon="7.9321602396667"><ele>1455.9199829101562</ele></trkpt><trkpt lat="46.59566029952839" lon="7.93218023981899"><ele>1455.5499877929688</ele></trkpt><trkpt lat="46.595820299349725" lon="7.932260239496827"><ele>1453.2799987792969</ele></trkpt><trkpt lat="46.59583029942587" lon="7.932270239572972"><ele>1453.2799987792969</ele></trkpt><trkpt lat="46.595950298942626" lon="7.932330239098519"><ele>1451.5</ele></trkpt><trkpt lat="46.59615029813722" lon="7.932460238691419"><ele>1448.3499755859375</ele></trkpt><trkpt lat="46.59615029813722" lon="7.932460238691419"><ele>1448.5</ele></trkpt><trkpt lat="46.59620029805228" lon="7.932490238454193"><ele>1448.0199890136719</ele></trkpt><trkpt lat="46.596230298280716" lon="7.932510238606483"><ele>1447.6999816894531</ele></trkpt><trkpt lat="46.596250297967345" lon="7.932520238682628"><ele>1447.2999877929688</ele></trkpt><trkpt lat="46.596250297967345" lon="7.932530238758773"><ele>1447.489990234375</ele></trkpt><trkpt lat="46.5963202980347" lon="7.93259023828432"><ele>1446.6999816894531</ele></trkpt><trkpt lat="46.5964502976276" lon="7.932710238266736"><ele>1444.8199768066406</ele></trkpt><trkpt lat="46.59659029729664" lon="7.9328402378596365"><ele>1443.1999816894531</ele></trkpt><trkpt lat="46.596640296746045" lon="7.9329102374613285"><ele>1441.5899963378906</ele></trkpt><trkpt lat="46.596700296737254" lon="7.932980237528682"><ele>1440.5999755859375</ele></trkpt><trkpt lat="46.59675029665232" lon="7.9330202373676"><ele>1439.7799987792969</ele></trkpt><trkpt lat="46.596790296491235" lon="7.933050237130374"><ele>1439.469970703125</ele></trkpt><trkpt lat="46.596810296177864" lon="7.933070237282664"><ele>1438.9299926757812</ele></trkpt><trkpt lat="46.5968402964063" lon="7.9330902374349535"><ele>1439.0</ele></trkpt><trkpt lat="46.59686029609293" lon="7.933110237121582"><ele>1438.4499816894531</ele></trkpt><trkpt lat="46.59689029632136" lon="7.933120237197727"><ele>1437.8999938964844</ele></trkpt><trkpt lat="46.59693029616028" lon="7.933130236808211"><ele>1437.25</ele></trkpt><trkpt lat="46.59695029584691" lon="7.933130236808211"><ele>1436.8999938964844</ele></trkpt><trkpt lat="46.596980296075344" lon="7.933130236808211"><ele>1436.3299865722656</ele></trkpt><trkpt lat="46.59698029560968" lon="7.933130236808211"><ele>1435.9599914550781</ele></trkpt><trkpt lat="46.5970202954486" lon="7.933120236732066"><ele>1435.1999816894531</ele></trkpt><trkpt lat="46.59706029575318" lon="7.933110236655921"><ele>1434.6699829101562</ele></trkpt><trkpt lat="46.597090295515954" lon="7.933100236579776"><ele>1434.2999877929688</ele></trkpt><trkpt lat="46.5971002955921" lon="7.933090236503631"><ele>1434.0799865722656</ele></trkpt><trkpt lat="46.59712029527873" lon="7.933070236351341"><ele>1433.2899780273438</ele></trkpt><trkpt lat="46.59716029511765" lon="7.933040236122906"><ele>1432.5</ele></trkpt><trkpt lat="46.59722029464319" lon="7.932980236131698"><ele>1431.1799926757812</ele></trkpt><trkpt lat="46.597310294397175" lon="7.93288023583591"><ele>1429.219970703125</ele></trkpt><trkpt lat="46.597310294397175" lon="7.93288023583591"><ele>1429.1999816894531</ele></trkpt><trkpt lat="46.597310294397175" lon="7.93288023583591"><ele>1429.1999816894531</ele></trkpt><trkpt lat="46.597330294549465" lon="7.93286023568362"><ele>1428.8399963378906</ele></trkpt><trkpt lat="46.597370294388384" lon="7.93282023537904"><ele>1428.1799926757812</ele></trkpt><trkpt lat="46.5974102942273" lon="7.93280023522675"><ele>1427.8299865722656</ele></trkpt><trkpt lat="46.597460294142365" lon="7.932770235463977"><ele>1427.2999877929688</ele></trkpt><trkpt lat="46.59753029374406" lon="7.932750235311687"><ele>1426.4499816894531</ele></trkpt><trkpt lat="46.59769029356539" lon="7.9326802347786725"><ele>1424.3399963378906</ele></trkpt><trkpt lat="46.59769029356539" lon="7.9326802347786725"><ele>1424.3299865722656</ele></trkpt><trkpt lat="46.59770029364154" lon="7.9326802347786725"><ele>1424.6499938964844</ele></trkpt><trkpt lat="46.597740293480456" lon="7.932660235092044"><ele>1424.1999816894531</ele></trkpt><trkpt lat="46.5977502935566" lon="7.932640234939754"><ele>1424.1299743652344</ele></trkpt><trkpt lat="46.59777029324323" lon="7.932620234787464"><ele>1424.0</ele></trkpt><trkpt lat="46.59781029354781" lon="7.932570234872401"><ele>1423.5999755859375</ele></trkpt><trkpt lat="46.59782029315829" lon="7.932540234643966"><ele>1423.3599853515625</ele></trkpt><trkpt lat="46.59783029323444" lon="7.932530234567821"><ele>1423.1999816894531</ele></trkpt><trkpt lat="46.59785029338673" lon="7.9325002348050475"><ele>1422.7999877929688</ele></trkpt><trkpt lat="46.5979302925989" lon="7.932350234128535"><ele>1420.9299926757812</ele></trkpt><trkpt lat="46.59799029259011" lon="7.932260233908892"><ele>1419.6999816894531</ele></trkpt><trkpt lat="46.59812029171735" lon="7.931980233639479"><ele>1416.5999755859375</ele></trkpt><trkpt lat="46.59823029162362" lon="7.9317902331240475"><ele>1414.0999755859375</ele></trkpt><trkpt lat="46.59825029131025" lon="7.931740233208984"><ele>1413.5999755859375</ele></trkpt><trkpt lat="46.598280291073024" lon="7.931680233217776"><ele>1413.0</ele></trkpt><trkpt lat="46.59838029090315" lon="7.931470233015716"><ele>1411.7899780273438</ele></trkpt><trkpt lat="46.59849029080942" lon="7.931220232509077"><ele>1411.0499877929688</ele></trkpt><trkpt lat="46.59849029080942" lon="7.931220232974738"><ele>1411.5999755859375</ele></trkpt><trkpt lat="46.59855029033497" lon="7.931000232230872"><ele>1408.8999938964844</ele></trkpt><trkpt lat="46.59856028994545" lon="7.930880232248455"><ele>1407.5999755859375</ele></trkpt><trkpt lat="46.59856028994545" lon="7.93087023217231"><ele>1407.2599792480469</ele></trkpt><trkpt lat="46.59855028986931" lon="7.930760231800377"><ele>1406.5999755859375</ele></trkpt><trkpt lat="46.59854028979316" lon="7.930620231665671"><ele>1404.6599731445312</ele></trkpt><trkpt lat="46.59852028917521" lon="7.930490231607109"><ele>1403.5</ele></trkpt><trkpt lat="46.59852028917521" lon="7.930420231539756"><ele>1402.4099731445312</ele></trkpt><trkpt lat="46.59852028917521" lon="7.930390231311321"><ele>1402.5999755859375</ele></trkpt><trkpt lat="46.598550288472325" lon="7.930160230956972"><ele>1399.7999877929688</ele></trkpt><trkpt lat="46.598550288472325" lon="7.930150230880827"><ele>1399.6399841308594</ele></trkpt><trkpt lat="46.59857028815895" lon="7.9300802308134735"><ele>1398.5</ele></trkpt><trkpt lat="46.5986302876845" lon="7.929770230315626"><ele>1395.219970703125</ele></trkpt><trkpt lat="46.5986802871339" lon="7.929540229495615"><ele>1392.47998046875</ele></trkpt><trkpt lat="46.59869028721005" lon="7.929520229808986"><ele>1392.2999877929688</ele></trkpt><trkpt lat="46.598750286735594" lon="7.929290228988975"><ele>1389.3399963378906</ele></trkpt><trkpt lat="46.598820285871625" lon="7.929050229024142"><ele>1387.0</ele></trkpt><trkpt lat="46.59883028594777" lon="7.929020228795707"><ele>1386.2099914550781</ele></trkpt><trkpt lat="46.59888028586283" lon="7.928910228423774"><ele>1385.0999755859375</ele></trkpt><trkpt lat="46.59890028554946" lon="7.928830228280276"><ele>1384.239990234375</ele></trkpt><trkpt lat="46.598910285159945" lon="7.928780228365213"><ele>1383.6999816894531</ele></trkpt><trkpt lat="46.598930285312235" lon="7.9287002282217145"><ele>1382.8299865722656</ele></trkpt><trkpt lat="46.598930285312235" lon="7.92869022814557"><ele>1382.219970703125</ele></trkpt><trkpt lat="46.598950284998864" lon="7.928620228078216"><ele>1381.9599914550781</ele></trkpt><trkpt lat="46.59896028507501" lon="7.928560228087008"><ele>1381.3999938964844</ele></trkpt><trkpt lat="46.59897028468549" lon="7.928500227630138"><ele>1380.1199951171875</ele></trkpt><trkpt lat="46.599000284448266" lon="7.9283102275803685"><ele>1378.3999938964844</ele></trkpt><trkpt lat="46.59901028405875" lon="7.928190227132291"><ele>1376.7999877929688</ele></trkpt><trkpt lat="46.59902028366923" lon="7.9281002269126475"><ele>1375.5599975585938</ele></trkpt><trkpt lat="46.59902028366923" lon="7.928060227073729"><ele>1375.6999816894531</ele></trkpt><trkpt lat="46.59904028335586" lon="7.927990227006376"><ele>1374.6899719238281</ele></trkpt><trkpt lat="46.59906028350815" lon="7.927890226710588"><ele>1373.1799926757812</ele></trkpt><trkpt lat="46.599070283118635" lon="7.927830226253718"><ele>1372.3999938964844</ele></trkpt><trkpt lat="46.59913028264418" lon="7.927530225832015"><ele>1368.8999938964844</ele></trkpt><trkpt lat="46.599140282254666" lon="7.927490225993097"><ele>1368.5599975585938</ele></trkpt><trkpt lat="46.59915028233081" lon="7.927440225612372"><ele>1367.8999938964844</ele></trkpt><trkpt lat="46.59923028200865" lon="7.927290225401521"><ele>1366.25</ele></trkpt><trkpt lat="46.599270281847566" lon="7.9272202253341675"><ele>1365.2999877929688</ele></trkpt><trkpt lat="46.599270281847566" lon="7.9272202253341675"><ele>1365.2999877929688</ele></trkpt><trkpt lat="46.59930028161034" lon="7.927150225266814"><ele>1364.3999938964844</ele></trkpt><trkpt lat="46.59932028129697" lon="7.92710022488609"><ele>1363.7999877929688</ele></trkpt><trkpt lat="46.59935028105974" lon="7.926860224455595"><ele>1361.3699951171875</ele></trkpt><trkpt lat="46.599360280670226" lon="7.926790224388242"><ele>1360.6499938964844</ele></trkpt><trkpt lat="46.599360280670226" lon="7.926770224701613"><ele>1360.4099731445312</ele></trkpt><trkpt lat="46.599360280670226" lon="7.926760224625468"><ele>1360.3999938964844</ele></trkpt><trkpt lat="46.599360280670226" lon="7.926750224549323"><ele>1360.2799987792969</ele></trkpt><trkpt lat="46.599380280356854" lon="7.92668022448197"><ele>1359.2999877929688</ele></trkpt><trkpt lat="46.599390280433" lon="7.926630224101245"><ele>1359.0</ele></trkpt><trkpt lat="46.59941028011963" lon="7.926580224186182"><ele>1358.4499816894531</ele></trkpt><trkpt lat="46.59942028019577" lon="7.926540224347264"><ele>1358.0999755859375</ele></trkpt><trkpt lat="46.59943028027192" lon="7.926500224042684"><ele>1357.5599975585938</ele></trkpt><trkpt lat="46.599450279958546" lon="7.9264502241276205"><ele>1356.8999938964844</ele></trkpt><trkpt lat="46.59950027987361" lon="7.926360223907977"><ele>1355.72998046875</ele></trkpt><trkpt lat="46.599510279949754" lon="7.9263402237556875"><ele>1355.469970703125</ele></trkpt><trkpt lat="46.59955027978867" lon="7.926290223374963"><ele>1354.6099853515625</ele></trkpt><trkpt lat="46.599580279551446" lon="7.926250223536044"><ele>1354.1699829101562</ele></trkpt><trkpt lat="46.59961027931422" lon="7.92620022315532"><ele>1353.5</ele></trkpt><trkpt lat="46.59963027946651" lon="7.926180223468691"><ele>1353.0099792480469</ele></trkpt><trkpt lat="46.59965027915314" lon="7.926170223392546"><ele>1353.0</ele></trkpt><trkpt lat="46.5997002790682" lon="7.926140223164111"><ele>1352.219970703125</ele></trkpt><trkpt lat="46.59971027914435" lon="7.926130223087966"><ele>1352.0799865722656</ele></trkpt><trkpt lat="46.599730278830975" lon="7.926110222935677"><ele>1351.8999938964844</ele></trkpt><trkpt lat="46.59982027858496" lon="7.926070223096758"><ele>1350.3999938964844</ele></trkpt><trkpt lat="46.600070278160274" lon="7.925940222106874"><ele>1346.6799926757812</ele></trkpt><trkpt lat="46.600120277609676" lon="7.925920221954584"><ele>1345.7899780273438</ele></trkpt><trkpt lat="46.60013027768582" lon="7.925920221954584"><ele>1345.5999755859375</ele></trkpt><trkpt lat="46.600140277761966" lon="7.925920221954584"><ele>1345.4099731445312</ele></trkpt><trkpt lat="46.60017027752474" lon="7.925920221954584"><ele>1345.1999816894531</ele></trkpt><trkpt lat="46.600200277753174" lon="7.925920221954584"><ele>1344.6999816894531</ele></trkpt><trkpt lat="46.6002202774398" lon="7.925930222030729"><ele>1344.4299926757812</ele></trkpt><trkpt lat="46.60026027727872" lon="7.925930222030729"><ele>1344.0</ele></trkpt><trkpt lat="46.60045027686283" lon="7.926010221242905"><ele>1341.0999755859375</ele></trkpt><trkpt lat="46.600460276938975" lon="7.9260302213951945"><ele>1340.7799987792969</ele></trkpt><trkpt lat="46.60049027670175" lon="7.9260402214713395"><ele>1340.6999816894531</ele></trkpt><trkpt lat="46.60053027654067" lon="7.926040221005678"><ele>1339.7899780273438</ele></trkpt><trkpt lat="46.60058027645573" lon="7.926040221005678"><ele>1339.1899719238281</ele></trkpt><trkpt lat="46.600590276531875" lon="7.926040221005678"><ele>1339.1799926757812</ele></trkpt><trkpt lat="46.600610276684165" lon="7.926040221005678"><ele>1338.8999938964844</ele></trkpt><trkpt lat="46.600630276370794" lon="7.926030220929533"><ele>1338.5</ele></trkpt><trkpt lat="46.600630276370794" lon="7.926030220929533"><ele>1338.739990234375</ele></trkpt><trkpt lat="46.60075027588755" lon="7.925970220938325"><ele>1337.0999755859375</ele></trkpt><trkpt lat="46.60086027579382" lon="7.925910220481455"><ele>1335.5</ele></trkpt><trkpt lat="46.600910275708884" lon="7.9258902203291655"><ele>1334.6099853515625</ele></trkpt><trkpt lat="46.60101027553901" lon="7.925860220100731"><ele>1333.0999755859375</ele></trkpt><trkpt lat="46.60107027506456" lon="7.925850220024586"><ele>1332.3999938964844</ele></trkpt><trkpt lat="46.60110027529299" lon="7.925850220024586"><ele>1332.0</ele></trkpt><trkpt lat="46.60116027481854" lon="7.925850220024586"><ele>1331.1699829101562</ele></trkpt><trkpt lat="46.60118027497083" lon="7.925850219558924"><ele>1330.8999938964844</ele></trkpt><trkpt lat="46.6013402743265" lon="7.925870219245553"><ele>1328.7899780273438</ele></trkpt><trkpt lat="46.60135027440265" lon="7.925870219245553"><ele>1328.6999816894531</ele></trkpt><trkpt lat="46.60141027439386" lon="7.925880219321698"><ele>1327.8799743652344</ele></trkpt><trkpt lat="46.60144027415663" lon="7.925880219321698"><ele>1327.5</ele></trkpt><trkpt lat="46.60169027373195" lon="7.925890218932182"><ele>1324.5</ele></trkpt><trkpt lat="46.601730273570865" lon="7.925890218932182"><ele>1324.1299743652344</ele></trkpt><trkpt lat="46.60178027348593" lon="7.925880218856037"><ele>1323.7999877929688</ele></trkpt><trkpt lat="46.60178027348593" lon="7.925880218390375"><ele>1323.5499877929688</ele></trkpt><trkpt lat="46.601790273562074" lon="7.925870218779892"><ele>1323.6399841308594</ele></trkpt><trkpt lat="46.6018902733922" lon="7.9257902186363935"><ele>1322.6999816894531</ele></trkpt><trkpt lat="46.60217027273029" lon="7.925570217892528"><ele>1320.1499938964844</ele></trkpt><trkpt lat="46.60217027273029" lon="7.925560217816383"><ele>1320.0</ele></trkpt><trkpt lat="46.602180272806436" lon="7.925560218282044"><ele>1320.0699768066406</ele></trkpt><trkpt lat="46.602180272806436" lon="7.925560217816383"><ele>1320.0399780273438</ele></trkpt><trkpt lat="46.60219027288258" lon="7.925550218205899"><ele>1319.9099731445312</ele></trkpt><trkpt lat="46.6022302727215" lon="7.925510217901319"><ele>1319.5999755859375</ele></trkpt><trkpt lat="46.60228027263656" lon="7.925470218062401"><ele>1319.1599731445312</ele></trkpt><trkpt lat="46.60229027271271" lon="7.925460217986256"><ele>1319.1599731445312</ele></trkpt><trkpt lat="46.6023602723144" lon="7.925420217681676"><ele>1318.6999816894531</ele></trkpt><trkpt lat="46.602370272390544" lon="7.925400217995048"><ele>1318.489990234375</ele></trkpt><trkpt lat="46.60241027222946" lon="7.925360217690468"><ele>1317.9499816894531</ele></trkpt><trkpt lat="46.60247027222067" lon="7.92528021754697"><ele>1317.4599914550781</ele></trkpt><trkpt lat="46.602480272296816" lon="7.92528021754697"><ele>1317.22998046875</ele></trkpt><trkpt lat="46.602500271983445" lon="7.925250217784196"><ele>1317.0199890136719</ele></trkpt><trkpt lat="46.6025702720508" lon="7.925170217640698"><ele>1316.5199890136719</ele></trkpt><trkpt lat="46.6025702720508" lon="7.925170217640698"><ele>1316.5</ele></trkpt><trkpt lat="46.60258027212694" lon="7.925150217488408"><ele>1316.1999816894531</ele></trkpt><trkpt lat="46.60260027181357" lon="7.925110217183828"><ele>1316.0499877929688</ele></trkpt><trkpt lat="46.60264027165249" lon="7.925040217116475"><ele>1315.5999755859375</ele></trkpt><trkpt lat="46.602650271728635" lon="7.9250302175059915"><ele>1315.5999755859375</ele></trkpt><trkpt lat="46.602670271880925" lon="7.925000217277557"><ele>1315.5999755859375</ele></trkpt><trkpt lat="46.60272027179599" lon="7.924930217210203"><ele>1314.4599914550781</ele></trkpt><trkpt lat="46.60274027148262" lon="7.924900216981769"><ele>1314.2999877929688</ele></trkpt><trkpt lat="46.60277027171105" lon="7.92486021714285"><ele>1313.8999938964844</ele></trkpt><trkpt lat="46.602820271626115" lon="7.924830216914415"><ele>1313.3999938964844</ele></trkpt><trkpt lat="46.60284027131274" lon="7.92482021683827"><ele>1313.0399780273438</ele></trkpt><trkpt lat="46.60287027107552" lon="7.9248102167621255"><ele>1312.5999755859375</ele></trkpt><trkpt lat="46.6029102713801" lon="7.924800216685981"><ele>1312.1799926757812</ele></trkpt><trkpt lat="46.602950271219015" lon="7.924780216533691"><ele>1311.6999816894531</ele></trkpt><trkpt lat="46.60315027041361" lon="7.924750216305256"><ele>1309.22998046875</ele></trkpt><trkpt lat="46.60329027008265" lon="7.924720216076821"><ele>1307.2599792480469</ele></trkpt><trkpt lat="46.60329027008265" lon="7.924720216076821"><ele>1307.3999938964844</ele></trkpt><trkpt lat="46.60339026991278" lon="7.924710216000676"><ele>1306.0999755859375</ele></trkpt><trkpt lat="46.6034302697517" lon="7.924710215535015"><ele>1305.5</ele></trkpt><trkpt lat="46.60346026998013" lon="7.92472021561116"><ele>1305.0099792480469</ele></trkpt><trkpt lat="46.603470269590616" lon="7.92472021561116"><ele>1304.7899780273438</ele></trkpt><trkpt lat="46.60348026966676" lon="7.924730215687305"><ele>1304.5499877929688</ele></trkpt><trkpt lat="46.603530269581825" lon="7.924740215297788"><ele>1303.8999938964844</ele></trkpt><trkpt lat="46.60380026884377" lon="7.924830214586109"><ele>1299.7099914550781</ele></trkpt><trkpt lat="46.603810268919915" lon="7.92483021505177"><ele>1299.8999938964844</ele></trkpt><trkpt lat="46.603810268454254" lon="7.924830214586109"><ele>1299.5899963378906</ele></trkpt><trkpt lat="46.60384026868269" lon="7.924820214975625"><ele>1299.5</ele></trkpt><trkpt lat="46.60384026868269" lon="7.924820214975625"><ele>1299.6399841308594</ele></trkpt><trkpt lat="46.60385026875883" lon="7.924820214975625"><ele>1299.5999755859375</ele></trkpt><trkpt lat="46.60388026852161" lon="7.924800214823335"><ele>1299.5199890136719</ele></trkpt><trkpt lat="46.60389026859775" lon="7.9247902147471905"><ele>1299.5</ele></trkpt><trkpt lat="46.60393026843667" lon="7.924750214442611"><ele>1299.0</ele></trkpt><trkpt lat="46.60395026858896" lon="7.924730214755982"><ele>1299.0999755859375</ele></trkpt><trkpt lat="46.60397026874125" lon="7.924710214603692"><ele>1299.0</ele></trkpt><trkpt lat="46.60402026865631" lon="7.9246802143752575"><ele>1298.5299987792969</ele></trkpt><trkpt lat="46.60402026865631" lon="7.924680214840919"><ele>1298.6999816894531</ele></trkpt><trkpt lat="46.60404026834294" lon="7.924670214764774"><ele>1298.489990234375</ele></trkpt><trkpt lat="46.60408026864752" lon="7.924670214764774"><ele>1298.5299987792969</ele></trkpt><trkpt lat="46.60410026833415" lon="7.924660214688629"><ele>1298.3099975585938</ele></trkpt><trkpt lat="46.604130268562585" lon="7.924650214612484"><ele>1298.1799926757812</ele></trkpt><trkpt lat="46.604130268562585" lon="7.924650214612484"><ele>1298.1699829101562</ele></trkpt><trkpt lat="46.60414026817307" lon="7.924650214612484"><ele>1298.1399841308594</ele></trkpt><trkpt lat="46.604170268401504" lon="7.924650214612484"><ele>1297.5</ele></trkpt><trkpt lat="46.604320268146694" lon="7.924690214451402"><ele>1296.5</ele></trkpt><trkpt lat="46.604320268146694" lon="7.924690214451402"><ele>1296.489990234375</ele></trkpt><trkpt lat="46.60433026822284" lon="7.924700214527547"><ele>1297.219970703125</ele></trkpt><trkpt lat="46.60439026821405" lon="7.924740214366466"><ele>1296.3999938964844</ele></trkpt><trkpt lat="46.604450268205255" lon="7.924790214281529"><ele>1296.5199890136719</ele></trkpt><trkpt lat="46.604490268044174" lon="7.924820214044303"><ele>1295.7999877929688</ele></trkpt><trkpt lat="46.60454026795924" lon="7.924840214196593"><ele>1296.0199890136719</ele></trkpt><trkpt lat="46.604580267798156" lon="7.924860214348882"><ele>1296.1999816894531</ele></trkpt><trkpt lat="46.60469026817009" lon="7.924890214111656"><ele>1296.5999755859375</ele></trkpt><trkpt lat="46.60471026832238" lon="7.924890214111656"><ele>1296.6799926757812</ele></trkpt><trkpt lat="46.60471026832238" lon="7.924890214111656"><ele>1296.5199890136719</ele></trkpt><trkpt lat="46.60474026808515" lon="7.924890214111656"><ele>1296.7999877929688</ele></trkpt><trkpt lat="46.60478026838973" lon="7.924900214187801"><ele>1297.0799865722656</ele></trkpt><trkpt lat="46.60480026807636" lon="7.924900214187801"><ele>1297.1799926757812</ele></trkpt><trkpt lat="46.604810268152505" lon="7.924900214187801"><ele>1297.2999877929688</ele></trkpt><trkpt lat="46.604850268457085" lon="7.924890214577317"><ele>1297.6799926757812</ele></trkpt><trkpt lat="46.604850268457085" lon="7.924890214577317"><ele>1297.72998046875</ele></trkpt><trkpt lat="46.60486026853323" lon="7.924890214577317"><ele>1297.6899719238281</ele></trkpt><trkpt lat="46.60487026814371" lon="7.924880214501172"><ele>1297.8999938964844</ele></trkpt><trkpt lat="46.604890268296" lon="7.924850214738399"><ele>1298.0999755859375</ele></trkpt><trkpt lat="46.604890268296" lon="7.924840214662254"><ele>1298.2099914550781</ele></trkpt><trkpt lat="46.604870268609375" lon="7.924760214518756"><ele>1298.6999816894531</ele></trkpt><trkpt lat="46.60480026854202" lon="7.924500214867294"><ele>1299.0399780273438</ele></trkpt><trkpt lat="46.60476026823744" lon="7.9243402145802975"><ele>1298.1999816894531</ele></trkpt><trkpt lat="46.60476026823744" lon="7.9243402145802975"><ele>1298.2999877929688</ele></trkpt><trkpt lat="46.60471026832238" lon="7.924200214445591"><ele>1296.9399719238281</ele></trkpt><trkpt lat="46.604680268093944" lon="7.924110214225948"><ele>1297.0</ele></trkpt><trkpt lat="46.604680268093944" lon="7.924100214149803"><ele>1296.969970703125</ele></trkpt><trkpt lat="46.60465026786551" lon="7.92401021393016"><ele>1295.2699890136719</ele></trkpt><trkpt lat="46.60463026771322" lon="7.9239502139389515"><ele>1294.6899719238281</ele></trkpt><trkpt lat="46.60463026771322" lon="7.923920214176178"><ele>1294.989990234375</ele></trkpt><trkpt lat="46.60461026756093" lon="7.923870213795453"><ele>1294.1999816894531</ele></trkpt><trkpt lat="46.60459026740864" lon="7.923750213813037"><ele>1293.0299987792969</ele></trkpt><trkpt lat="46.604580267332494" lon="7.923710213508457"><ele>1293.1999816894531</ele></trkpt><trkpt lat="46.60451026679948" lon="7.923340213019401"><ele>1289.1899719238281</ele></trkpt><trkpt lat="46.604460266418755" lon="7.923130212817341"><ele>1287.5999755859375</ele></trkpt><trkpt lat="46.60443026572466" lon="7.92292021214962"><ele>1284.8999938964844</ele></trkpt><trkpt lat="46.604420265648514" lon="7.922840212006122"><ele>1283.8499755859375</ele></trkpt><trkpt lat="46.604420265648514" lon="7.922810212243348"><ele>1284.5999755859375</ele></trkpt><trkpt lat="46.604420265648514" lon="7.922780212014914"><ele>1284.0799865722656</ele></trkpt><trkpt lat="46.60442026518285" lon="7.922760211862624"><ele>1283.0</ele></trkpt><trkpt lat="46.604430265259" lon="7.9226802117191255"><ele>1282.1599731445312</ele></trkpt><trkpt lat="46.604430265259" lon="7.922660212032497"><ele>1282.2599792480469</ele></trkpt><trkpt lat="46.60444026486948" lon="7.922600212041289"><ele>1281.5999755859375</ele></trkpt><trkpt lat="46.60444026486948" lon="7.922590211965144"><ele>1281.219970703125</ele></trkpt><trkpt lat="46.60444026486948" lon="7.922580211888999"><ele>1281.1899719238281</ele></trkpt><trkpt lat="46.604450264945626" lon="7.922570211812854"><ele>1281.2999877929688</ele></trkpt><trkpt lat="46.60446026502177" lon="7.922530211508274"><ele>1280.8999938964844</ele></trkpt><trkpt lat="46.60457026446238" lon="7.922250211238861"><ele>1279.3199768066406</ele></trkpt><trkpt lat="46.60457026446238" lon="7.922250211238861"><ele>1279.22998046875</ele></trkpt><trkpt lat="46.60465026414022" lon="7.922030210960656"><ele>1276.6999816894531</ele></trkpt><trkpt lat="46.60471026413143" lon="7.921980211045593"><ele>1277.3599853515625</ele></trkpt><trkpt lat="46.604730263818055" lon="7.921970210969448"><ele>1276.0</ele></trkpt><trkpt lat="46.60484026418999" lon="7.921900210902095"><ele>1276.5</ele></trkpt><trkpt lat="46.60487026395276" lon="7.92189021082595"><ele>1276.4499816894531</ele></trkpt><trkpt lat="46.604940264020115" lon="7.9218502109870315"><ele>1276.239990234375</ele></trkpt><trkpt lat="46.60503026423976" lon="7.921820210758597"><ele>1276.2599792480469</ele></trkpt><trkpt lat="46.60504026385024" lon="7.921800211071968"><ele>1276.2699890136719</ele></trkpt></trkseg></trk></gpx>